date,region,channel,spend_usd
2023-01-01,US,paid_search,183.01
2023-01-01,US,organic,22.58
2023-01-01,US,social,54.84
2023-01-01,US,email,13.02
2023-01-01,US,referral,29.96
2023-01-02,US,paid_search,123.56
2023-01-02,US,organic,21.47
2023-01-02,US,social,59.48
2023-01-02,US,email,16.75
2023-01-02,US,referral,24.78
2023-01-03,US,paid_search,107.32
2023-01-03,US,organic,25.82
2023-01-03,US,social,73.47
2023-01-03,US,email,11.96
2023-01-03,US,referral,26.25
2023-01-04,US,paid_search,231.69
2023-01-04,US,organic,14.92
2023-01-04,US,social,91.39
2023-01-04,US,email,16.61
2023-01-04,US,referral,29.33
2023-01-05,US,paid_search,187.94
2023-01-05,US,organic,18.16
2023-01-05,US,social,71.38
2023-01-05,US,email,15.32
2023-01-05,US,referral,18.3
2023-01-06,US,paid_search,48.54
2023-01-06,US,organic,22.18
2023-01-06,US,social,110.34
2023-01-06,US,email,6.14
2023-01-06,US,referral,18.69
2023-01-07,US,paid_search,207.86
2023-01-07,US,organic,30.29
2023-01-07,US,social,90.47
2023-01-07,US,email,12.27
2023-01-07,US,referral,23.86
2023-01-08,US,paid_search,241.87
2023-01-08,US,organic,16.77
2023-01-08,US,social,72.02
2023-01-08,US,email,13.19
2023-01-08,US,referral,19.04
2023-01-09,US,paid_search,185.52
2023-01-09,US,organic,28.12
2023-01-09,US,social,97.27
2023-01-09,US,email,14.05
2023-01-09,US,referral,23.18
2023-01-10,US,paid_search,109.66
2023-01-10,US,organic,24.42
2023-01-10,US,social,88.25
2023-01-10,US,email,14.32
2023-01-10,US,referral,44.96
2023-01-11,US,paid_search,193.44
2023-01-11,US,organic,16.24
2023-01-11,US,social,80.41
2023-01-11,US,email,19.31
2023-01-11,US,referral,25.71
2023-01-12,US,paid_search,115.28
2023-01-12,US,organic,24.6
2023-01-12,US,social,74.97
2023-01-12,US,email,22.02
2023-01-12,US,referral,31.75
2023-01-13,US,paid_search,159.87
2023-01-13,US,organic,26.41
2023-01-13,US,social,91.53
2023-01-13,US,email,18.2
2023-01-13,US,referral,28.03
2023-01-14,US,paid_search,141.91
2023-01-14,US,organic,16.78
2023-01-14,US,social,113.17
2023-01-14,US,email,13.74
2023-01-14,US,referral,22.48
2023-01-15,US,paid_search,137.02
2023-01-15,US,organic,22.12
2023-01-15,US,social,136.41
2023-01-15,US,email,11.0
2023-01-15,US,referral,25.15
2023-01-16,US,paid_search,243.55
2023-01-16,US,organic,19.6
2023-01-16,US,social,100.18
2023-01-16,US,email,11.02
2023-01-16,US,referral,27.68
2023-01-17,US,paid_search,171.58
2023-01-17,US,organic,24.93
2023-01-17,US,social,116.72
2023-01-17,US,email,24.71
2023-01-17,US,referral,28.62
2023-01-18,US,paid_search,194.66
2023-01-18,US,organic,20.97
2023-01-18,US,social,82.05
2023-01-18,US,email,16.27
2023-01-18,US,referral,23.15
2023-01-19,US,paid_search,187.58
2023-01-19,US,organic,26.59
2023-01-19,US,social,67.35
2023-01-19,US,email,19.27
2023-01-19,US,referral,33.23
2023-01-20,US,paid_search,174.69
2023-01-20,US,organic,9.39
2023-01-20,US,social,76.32
2023-01-20,US,email,19.86
2023-01-20,US,referral,24.86
2023-01-21,US,paid_search,135.03
2023-01-21,US,organic,17.48
2023-01-21,US,social,108.91
2023-01-21,US,email,17.05
2023-01-21,US,referral,23.51
2023-01-22,US,paid_search,163.49
2023-01-22,US,organic,18.04
2023-01-22,US,social,69.25
2023-01-22,US,email,21.06
2023-01-22,US,referral,22.99
2023-01-23,US,paid_search,234.77
2023-01-23,US,organic,27.61
2023-01-23,US,social,112.46
2023-01-23,US,email,13.38
2023-01-23,US,referral,27.52
2023-01-24,US,paid_search,178.91
2023-01-24,US,organic,15.48
2023-01-24,US,social,97.3
2023-01-24,US,email,10.58
2023-01-24,US,referral,32.42
2023-01-25,US,paid_search,159.09
2023-01-25,US,organic,21.01
2023-01-25,US,social,96.37
2023-01-25,US,email,14.03
2023-01-25,US,referral,28.67
2023-01-26,US,paid_search,158.63
2023-01-26,US,organic,24.36
2023-01-26,US,social,59.72
2023-01-26,US,email,15.47
2023-01-26,US,referral,37.12
2023-01-27,US,paid_search,134.99
2023-01-27,US,organic,16.61
2023-01-27,US,social,101.56
2023-01-27,US,email,15.67
2023-01-27,US,referral,27.19
2023-01-28,US,paid_search,202.01
2023-01-28,US,organic,23.17
2023-01-28,US,social,114.97
2023-01-28,US,email,16.54
2023-01-28,US,referral,23.49
2023-01-29,US,paid_search,210.27
2023-01-29,US,organic,29.5
2023-01-29,US,social,87.02
2023-01-29,US,email,11.35
2023-01-29,US,referral,31.92
2023-01-30,US,paid_search,174.58
2023-01-30,US,organic,9.14
2023-01-30,US,social,109.07
2023-01-30,US,email,12.99
2023-01-30,US,referral,24.43
2023-01-31,US,paid_search,194.94
2023-01-31,US,organic,20.95
2023-01-31,US,social,105.96
2023-01-31,US,email,13.37
2023-01-31,US,referral,28.21
2023-02-01,US,paid_search,168.32
2023-02-01,US,organic,23.69
2023-02-01,US,social,103.85
2023-02-01,US,email,11.49
2023-02-01,US,referral,31.79
2023-02-02,US,paid_search,155.88
2023-02-02,US,organic,24.04
2023-02-02,US,social,98.26
2023-02-02,US,email,21.89
2023-02-02,US,referral,23.6
2023-02-03,US,paid_search,164.28
2023-02-03,US,organic,19.9
2023-02-03,US,social,83.18
2023-02-03,US,email,18.0
2023-02-03,US,referral,14.9
2023-02-04,US,paid_search,132.58
2023-02-04,US,organic,14.66
2023-02-04,US,social,111.38
2023-02-04,US,email,21.41
2023-02-04,US,referral,24.35
2023-02-05,US,paid_search,172.4
2023-02-05,US,organic,20.35
2023-02-05,US,social,116.14
2023-02-05,US,email,11.52
2023-02-05,US,referral,26.49
2023-02-06,US,paid_search,223.88
2023-02-06,US,organic,22.51
2023-02-06,US,social,94.27
2023-02-06,US,email,18.75
2023-02-06,US,referral,8.1
2023-02-07,US,paid_search,210.5
2023-02-07,US,organic,16.73
2023-02-07,US,social,48.81
2023-02-07,US,email,16.92
2023-02-07,US,referral,33.59
2023-02-08,US,paid_search,173.81
2023-02-08,US,organic,24.76
2023-02-08,US,social,126.28
2023-02-08,US,email,19.93
2023-02-08,US,referral,35.25
2023-02-09,US,paid_search,213.4
2023-02-09,US,organic,20.38
2023-02-09,US,social,53.96
2023-02-09,US,email,14.08
2023-02-09,US,referral,19.73
2023-02-10,US,paid_search,277.69
2023-02-10,US,organic,19.12
2023-02-10,US,social,92.77
2023-02-10,US,email,17.07
2023-02-10,US,referral,25.27
2023-02-11,US,paid_search,256.28
2023-02-11,US,organic,16.89
2023-02-11,US,social,94.38
2023-02-11,US,email,12.22
2023-02-11,US,referral,16.75
2023-02-12,US,paid_search,152.47
2023-02-12,US,organic,19.81
2023-02-12,US,social,80.34
2023-02-12,US,email,12.4
2023-02-12,US,referral,16.21
2023-02-13,US,paid_search,176.26
2023-02-13,US,organic,12.48
2023-02-13,US,social,107.1
2023-02-13,US,email,15.31
2023-02-13,US,referral,15.89
2023-02-14,US,paid_search,166.09
2023-02-14,US,organic,16.24
2023-02-14,US,social,97.18
2023-02-14,US,email,20.03
2023-02-14,US,referral,13.28
2023-02-15,US,paid_search,185.18
2023-02-15,US,organic,19.2
2023-02-15,US,social,105.11
2023-02-15,US,email,15.8
2023-02-15,US,referral,20.3
2023-02-16,US,paid_search,165.64
2023-02-16,US,organic,16.02
2023-02-16,US,social,114.21
2023-02-16,US,email,15.08
2023-02-16,US,referral,36.88
2023-02-17,US,paid_search,177.27
2023-02-17,US,organic,16.46
2023-02-17,US,social,55.94
2023-02-17,US,email,8.24
2023-02-17,US,referral,15.1
2023-02-18,US,paid_search,192.02
2023-02-18,US,organic,22.54
2023-02-18,US,social,54.42
2023-02-18,US,email,18.36
2023-02-18,US,referral,21.98
2023-02-19,US,paid_search,186.61
2023-02-19,US,organic,28.06
2023-02-19,US,social,110.18
2023-02-19,US,email,13.99
2023-02-19,US,referral,19.43
2023-02-20,US,paid_search,83.17
2023-02-20,US,organic,16.4
2023-02-20,US,social,85.25
2023-02-20,US,email,11.3
2023-02-20,US,referral,24.18
2023-02-21,US,paid_search,183.46
2023-02-21,US,organic,18.88
2023-02-21,US,social,75.37
2023-02-21,US,email,15.63
2023-02-21,US,referral,27.76
2023-02-22,US,paid_search,130.93
2023-02-22,US,organic,27.05
2023-02-22,US,social,87.78
2023-02-22,US,email,15.07
2023-02-22,US,referral,29.43
2023-02-23,US,paid_search,190.49
2023-02-23,US,organic,24.77
2023-02-23,US,social,96.46
2023-02-23,US,email,12.7
2023-02-23,US,referral,27.26
2023-02-24,US,paid_search,128.53
2023-02-24,US,organic,20.54
2023-02-24,US,social,89.25
2023-02-24,US,email,14.22
2023-02-24,US,referral,24.2
2023-02-25,US,paid_search,95.32
2023-02-25,US,organic,17.26
2023-02-25,US,social,92.09
2023-02-25,US,email,15.6
2023-02-25,US,referral,18.58
2023-02-26,US,paid_search,236.96
2023-02-26,US,organic,15.67
2023-02-26,US,social,111.81
2023-02-26,US,email,16.6
2023-02-26,US,referral,20.96
2023-02-27,US,paid_search,259.89
2023-02-27,US,organic,14.03
2023-02-27,US,social,110.68
2023-02-27,US,email,18.75
2023-02-27,US,referral,20.81
2023-02-28,US,paid_search,242.66
2023-02-28,US,organic,18.75
2023-02-28,US,social,96.5
2023-02-28,US,email,15.98
2023-02-28,US,referral,24.16
2023-03-01,US,paid_search,216.49
2023-03-01,US,organic,23.97
2023-03-01,US,social,50.66
2023-03-01,US,email,19.89
2023-03-01,US,referral,14.61
2023-03-02,US,paid_search,226.46
2023-03-02,US,organic,25.63
2023-03-02,US,social,65.45
2023-03-02,US,email,13.46
2023-03-02,US,referral,18.09
2023-03-03,US,paid_search,170.33
2023-03-03,US,organic,18.46
2023-03-03,US,social,107.54
2023-03-03,US,email,19.91
2023-03-03,US,referral,33.72
2023-03-04,US,paid_search,154.7
2023-03-04,US,organic,18.95
2023-03-04,US,social,52.12
2023-03-04,US,email,11.98
2023-03-04,US,referral,31.03
2023-03-05,US,paid_search,252.7
2023-03-05,US,organic,13.83
2023-03-05,US,social,76.67
2023-03-05,US,email,14.9
2023-03-05,US,referral,26.75
2023-03-06,US,paid_search,143.57
2023-03-06,US,organic,22.12
2023-03-06,US,social,79.34
2023-03-06,US,email,14.95
2023-03-06,US,referral,28.41
2023-03-07,US,paid_search,180.29
2023-03-07,US,organic,17.82
2023-03-07,US,social,87.53
2023-03-07,US,email,14.67
2023-03-07,US,referral,22.69
2023-03-08,US,paid_search,168.35
2023-03-08,US,organic,27.99
2023-03-08,US,social,102.62
2023-03-08,US,email,13.89
2023-03-08,US,referral,29.36
2023-03-09,US,paid_search,164.98
2023-03-09,US,organic,25.87
2023-03-09,US,social,98.32
2023-03-09,US,email,14.6
2023-03-09,US,referral,27.8
2023-03-10,US,paid_search,109.31
2023-03-10,US,organic,14.37
2023-03-10,US,social,63.14
2023-03-10,US,email,15.54
2023-03-10,US,referral,35.83
2023-03-11,US,paid_search,280.41
2023-03-11,US,organic,23.19
2023-03-11,US,social,101.27
2023-03-11,US,email,8.25
2023-03-11,US,referral,21.61
2023-03-12,US,paid_search,144.55
2023-03-12,US,organic,16.9
2023-03-12,US,social,86.22
2023-03-12,US,email,13.23
2023-03-12,US,referral,12.63
2023-03-13,US,paid_search,213.66
2023-03-13,US,organic,14.64
2023-03-13,US,social,95.38
2023-03-13,US,email,22.78
2023-03-13,US,referral,19.25
2023-03-14,US,paid_search,66.14
2023-03-14,US,organic,18.57
2023-03-14,US,social,114.77
2023-03-14,US,email,22.34
2023-03-14,US,referral,17.32
2023-03-15,US,paid_search,202.35
2023-03-15,US,organic,17.67
2023-03-15,US,social,87.62
2023-03-15,US,email,24.92
2023-03-15,US,referral,15.61
2023-03-16,US,paid_search,191.42
2023-03-16,US,organic,22.34
2023-03-16,US,social,114.43
2023-03-16,US,email,15.37
2023-03-16,US,referral,26.93
2023-03-17,US,paid_search,162.38
2023-03-17,US,organic,21.35
2023-03-17,US,social,82.28
2023-03-17,US,email,17.33
2023-03-17,US,referral,22.69
2023-03-18,US,paid_search,196.97
2023-03-18,US,organic,19.85
2023-03-18,US,social,115.34
2023-03-18,US,email,14.81
2023-03-18,US,referral,13.92
2023-03-19,US,paid_search,236.79
2023-03-19,US,organic,15.47
2023-03-19,US,social,75.29
2023-03-19,US,email,12.77
2023-03-19,US,referral,33.59
2023-03-20,US,paid_search,83.89
2023-03-20,US,organic,35.69
2023-03-20,US,social,113.76
2023-03-20,US,email,15.84
2023-03-20,US,referral,24.66
2023-03-21,US,paid_search,192.85
2023-03-21,US,organic,22.61
2023-03-21,US,social,104.52
2023-03-21,US,email,17.08
2023-03-21,US,referral,25.56
2023-03-22,US,paid_search,171.12
2023-03-22,US,organic,19.24
2023-03-22,US,social,85.61
2023-03-22,US,email,19.25
2023-03-22,US,referral,28.71
2023-03-23,US,paid_search,47.68
2023-03-23,US,organic,23.28
2023-03-23,US,social,94.38
2023-03-23,US,email,14.93
2023-03-23,US,referral,22.57
2023-03-24,US,paid_search,230.59
2023-03-24,US,organic,24.74
2023-03-24,US,social,72.61
2023-03-24,US,email,16.53
2023-03-24,US,referral,18.93
2023-03-25,US,paid_search,117.92
2023-03-25,US,organic,16.87
2023-03-25,US,social,109.4
2023-03-25,US,email,18.57
2023-03-25,US,referral,28.21
2023-03-26,US,paid_search,212.63
2023-03-26,US,organic,22.58
2023-03-26,US,social,75.57
2023-03-26,US,email,16.62
2023-03-26,US,referral,30.0
2023-03-27,US,paid_search,213.94
2023-03-27,US,organic,25.94
2023-03-27,US,social,105.94
2023-03-27,US,email,16.32
2023-03-27,US,referral,31.69
2023-03-28,US,paid_search,178.81
2023-03-28,US,organic,15.59
2023-03-28,US,social,86.33
2023-03-28,US,email,12.21
2023-03-28,US,referral,20.78
2023-03-29,US,paid_search,173.5
2023-03-29,US,organic,16.04
2023-03-29,US,social,83.07
2023-03-29,US,email,7.9
2023-03-29,US,referral,26.33
2023-03-30,US,paid_search,180.05
2023-03-30,US,organic,15.91
2023-03-30,US,social,104.83
2023-03-30,US,email,18.52
2023-03-30,US,referral,14.95
2023-03-31,US,paid_search,145.68
2023-03-31,US,organic,16.15
2023-03-31,US,social,68.85
2023-03-31,US,email,18.11
2023-03-31,US,referral,23.79
2023-04-01,US,paid_search,168.1
2023-04-01,US,organic,9.98
2023-04-01,US,social,104.3
2023-04-01,US,email,10.35
2023-04-01,US,referral,25.37
2023-04-02,US,paid_search,192.48
2023-04-02,US,organic,26.8
2023-04-02,US,social,60.55
2023-04-02,US,email,3.68
2023-04-02,US,referral,26.15
2023-04-03,US,paid_search,261.02
2023-04-03,US,organic,26.19
2023-04-03,US,social,94.72
2023-04-03,US,email,13.16
2023-04-03,US,referral,30.04
2023-04-04,US,paid_search,136.19
2023-04-04,US,organic,22.38
2023-04-04,US,social,101.37
2023-04-04,US,email,18.98
2023-04-04,US,referral,42.25
2023-04-05,US,paid_search,197.66
2023-04-05,US,organic,17.46
2023-04-05,US,social,89.42
2023-04-05,US,email,8.37
2023-04-05,US,referral,20.66
2023-04-06,US,paid_search,161.58
2023-04-06,US,organic,17.38
2023-04-06,US,social,93.43
2023-04-06,US,email,11.92
2023-04-06,US,referral,32.01
2023-04-07,US,paid_search,180.01
2023-04-07,US,organic,19.95
2023-04-07,US,social,82.62
2023-04-07,US,email,15.58
2023-04-07,US,referral,30.16
2023-04-08,US,paid_search,140.98
2023-04-08,US,organic,16.71
2023-04-08,US,social,83.17
2023-04-08,US,email,9.95
2023-04-08,US,referral,19.88
2023-04-09,US,paid_search,158.57
2023-04-09,US,organic,24.37
2023-04-09,US,social,95.91
2023-04-09,US,email,15.73
2023-04-09,US,referral,30.32
2023-04-10,US,paid_search,173.82
2023-04-10,US,organic,21.95
2023-04-10,US,social,87.68
2023-04-10,US,email,16.0
2023-04-10,US,referral,21.36
2023-04-11,US,paid_search,70.25
2023-04-11,US,organic,19.33
2023-04-11,US,social,122.01
2023-04-11,US,email,18.47
2023-04-11,US,referral,31.03
2023-04-12,US,paid_search,235.63
2023-04-12,US,organic,20.44
2023-04-12,US,social,94.44
2023-04-12,US,email,12.68
2023-04-12,US,referral,23.02
2023-04-13,US,paid_search,207.71
2023-04-13,US,organic,26.02
2023-04-13,US,social,86.86
2023-04-13,US,email,13.31
2023-04-13,US,referral,25.0
2023-04-14,US,paid_search,207.05
2023-04-14,US,organic,12.78
2023-04-14,US,social,38.34
2023-04-14,US,email,12.94
2023-04-14,US,referral,17.37
2023-04-15,US,paid_search,157.13
2023-04-15,US,organic,19.26
2023-04-15,US,social,79.8
2023-04-15,US,email,20.45
2023-04-15,US,referral,27.04
2023-04-16,US,paid_search,193.52
2023-04-16,US,organic,23.11
2023-04-16,US,social,64.38
2023-04-16,US,email,18.9
2023-04-16,US,referral,24.53
2023-04-17,US,paid_search,210.17
2023-04-17,US,organic,14.64
2023-04-17,US,social,55.04
2023-04-17,US,email,18.07
2023-04-17,US,referral,27.35
2023-04-18,US,paid_search,139.41
2023-04-18,US,organic,15.65
2023-04-18,US,social,115.32
2023-04-18,US,email,10.54
2023-04-18,US,referral,35.27
2023-04-19,US,paid_search,139.47
2023-04-19,US,organic,23.19
2023-04-19,US,social,82.61
2023-04-19,US,email,17.26
2023-04-19,US,referral,21.6
2023-04-20,US,paid_search,172.67
2023-04-20,US,organic,20.2
2023-04-20,US,social,67.45
2023-04-20,US,email,17.78
2023-04-20,US,referral,21.79
2023-04-21,US,paid_search,169.71
2023-04-21,US,organic,15.03
2023-04-21,US,social,32.35
2023-04-21,US,email,14.28
2023-04-21,US,referral,40.08
2023-04-22,US,paid_search,215.31
2023-04-22,US,organic,19.9
2023-04-22,US,social,84.08
2023-04-22,US,email,15.08
2023-04-22,US,referral,28.42
2023-04-23,US,paid_search,126.86
2023-04-23,US,organic,25.57
2023-04-23,US,social,106.1
2023-04-23,US,email,17.69
2023-04-23,US,referral,27.74
2023-04-24,US,paid_search,180.88
2023-04-24,US,organic,23.36
2023-04-24,US,social,103.32
2023-04-24,US,email,13.67
2023-04-24,US,referral,21.41
2023-04-25,US,paid_search,184.58
2023-04-25,US,organic,27.75
2023-04-25,US,social,62.12
2023-04-25,US,email,9.5
2023-04-25,US,referral,26.03
2023-04-26,US,paid_search,182.29
2023-04-26,US,organic,20.87
2023-04-26,US,social,95.49
2023-04-26,US,email,14.16
2023-04-26,US,referral,34.31
2023-04-27,US,paid_search,107.96
2023-04-27,US,organic,15.86
2023-04-27,US,social,87.68
2023-04-27,US,email,8.84
2023-04-27,US,referral,23.9
2023-04-28,US,paid_search,254.77
2023-04-28,US,organic,20.1
2023-04-28,US,social,95.19
2023-04-28,US,email,10.27
2023-04-28,US,referral,21.15
2023-04-29,US,paid_search,163.12
2023-04-29,US,organic,18.41
2023-04-29,US,social,118.84
2023-04-29,US,email,17.09
2023-04-29,US,referral,18.05
2023-04-30,US,paid_search,191.09
2023-04-30,US,organic,22.49
2023-04-30,US,social,115.65
2023-04-30,US,email,20.93
2023-04-30,US,referral,18.66
2023-05-01,US,paid_search,143.51
2023-05-01,US,organic,13.71
2023-05-01,US,social,84.73
2023-05-01,US,email,16.75
2023-05-01,US,referral,31.17
2023-05-02,US,paid_search,176.58
2023-05-02,US,organic,18.4
2023-05-02,US,social,93.41
2023-05-02,US,email,11.87
2023-05-02,US,referral,38.06
2023-05-03,US,paid_search,107.66
2023-05-03,US,organic,20.92
2023-05-03,US,social,135.53
2023-05-03,US,email,15.03
2023-05-03,US,referral,23.81
2023-05-04,US,paid_search,163.91
2023-05-04,US,organic,19.1
2023-05-04,US,social,120.89
2023-05-04,US,email,6.71
2023-05-04,US,referral,34.58
2023-05-05,US,paid_search,115.92
2023-05-05,US,organic,18.67
2023-05-05,US,social,80.34
2023-05-05,US,email,17.21
2023-05-05,US,referral,15.01
2023-05-06,US,paid_search,200.8
2023-05-06,US,organic,30.12
2023-05-06,US,social,59.33
2023-05-06,US,email,15.71
2023-05-06,US,referral,20.86
2023-05-07,US,paid_search,199.16
2023-05-07,US,organic,20.1
2023-05-07,US,social,75.57
2023-05-07,US,email,16.83
2023-05-07,US,referral,36.28
2023-05-08,US,paid_search,171.41
2023-05-08,US,organic,23.6
2023-05-08,US,social,60.9
2023-05-08,US,email,11.41
2023-05-08,US,referral,27.95
2023-05-09,US,paid_search,246.79
2023-05-09,US,organic,21.78
2023-05-09,US,social,82.96
2023-05-09,US,email,15.0
2023-05-09,US,referral,17.18
2023-05-10,US,paid_search,207.2
2023-05-10,US,organic,24.41
2023-05-10,US,social,79.83
2023-05-10,US,email,13.24
2023-05-10,US,referral,26.66
2023-05-11,US,paid_search,160.35
2023-05-11,US,organic,19.67
2023-05-11,US,social,137.24
2023-05-11,US,email,14.07
2023-05-11,US,referral,22.76
2023-05-12,US,paid_search,150.86
2023-05-12,US,organic,23.72
2023-05-12,US,social,85.92
2023-05-12,US,email,12.56
2023-05-12,US,referral,33.26
2023-05-13,US,paid_search,243.88
2023-05-13,US,organic,17.0
2023-05-13,US,social,48.0
2023-05-13,US,email,18.78
2023-05-13,US,referral,20.72
2023-05-14,US,paid_search,215.58
2023-05-14,US,organic,10.15
2023-05-14,US,social,110.08
2023-05-14,US,email,10.46
2023-05-14,US,referral,29.57
2023-05-15,US,paid_search,180.64
2023-05-15,US,organic,15.23
2023-05-15,US,social,80.84
2023-05-15,US,email,17.57
2023-05-15,US,referral,25.66
2023-05-16,US,paid_search,206.3
2023-05-16,US,organic,29.88
2023-05-16,US,social,54.8
2023-05-16,US,email,21.06
2023-05-16,US,referral,25.65
2023-05-17,US,paid_search,139.55
2023-05-17,US,organic,13.35
2023-05-17,US,social,85.74
2023-05-17,US,email,18.46
2023-05-17,US,referral,24.2
2023-05-18,US,paid_search,248.0
2023-05-18,US,organic,12.74
2023-05-18,US,social,89.73
2023-05-18,US,email,10.3
2023-05-18,US,referral,27.27
2023-05-19,US,paid_search,219.91
2023-05-19,US,organic,17.9
2023-05-19,US,social,31.41
2023-05-19,US,email,15.75
2023-05-19,US,referral,27.73
2023-05-20,US,paid_search,198.19
2023-05-20,US,organic,26.18
2023-05-20,US,social,65.9
2023-05-20,US,email,17.55
2023-05-20,US,referral,32.45
2023-05-21,US,paid_search,99.96
2023-05-21,US,organic,21.6
2023-05-21,US,social,78.66
2023-05-21,US,email,14.69
2023-05-21,US,referral,27.17
2023-05-22,US,paid_search,158.07
2023-05-22,US,organic,16.62
2023-05-22,US,social,90.77
2023-05-22,US,email,10.92
2023-05-22,US,referral,18.21
2023-05-23,US,paid_search,210.57
2023-05-23,US,organic,14.26
2023-05-23,US,social,104.99
2023-05-23,US,email,16.73
2023-05-23,US,referral,14.21
2023-05-24,US,paid_search,149.51
2023-05-24,US,organic,25.97
2023-05-24,US,social,67.92
2023-05-24,US,email,13.26
2023-05-24,US,referral,27.89
2023-05-25,US,paid_search,215.25
2023-05-25,US,organic,18.74
2023-05-25,US,social,76.56
2023-05-25,US,email,20.33
2023-05-25,US,referral,35.87
2023-05-26,US,paid_search,224.05
2023-05-26,US,organic,20.43
2023-05-26,US,social,71.81
2023-05-26,US,email,11.89
2023-05-26,US,referral,28.27
2023-05-27,US,paid_search,198.83
2023-05-27,US,organic,27.01
2023-05-27,US,social,104.64
2023-05-27,US,email,9.36
2023-05-27,US,referral,31.57
2023-05-28,US,paid_search,135.09
2023-05-28,US,organic,18.08
2023-05-28,US,social,95.63
2023-05-28,US,email,22.48
2023-05-28,US,referral,44.44
2023-05-29,US,paid_search,207.3
2023-05-29,US,organic,19.08
2023-05-29,US,social,102.03
2023-05-29,US,email,18.33
2023-05-29,US,referral,23.0
2023-05-30,US,paid_search,260.78
2023-05-30,US,organic,21.15
2023-05-30,US,social,101.2
2023-05-30,US,email,17.5
2023-05-30,US,referral,27.63
2023-05-31,US,paid_search,217.75
2023-05-31,US,organic,16.91
2023-05-31,US,social,77.44
2023-05-31,US,email,10.87
2023-05-31,US,referral,27.75
2023-06-01,US,paid_search,215.05
2023-06-01,US,organic,22.29
2023-06-01,US,social,127.68
2023-06-01,US,email,14.98
2023-06-01,US,referral,29.18
2023-06-02,US,paid_search,130.87
2023-06-02,US,organic,18.06
2023-06-02,US,social,105.65
2023-06-02,US,email,18.18
2023-06-02,US,referral,23.16
2023-06-03,US,paid_search,176.78
2023-06-03,US,organic,12.41
2023-06-03,US,social,81.97
2023-06-03,US,email,18.34
2023-06-03,US,referral,28.6
2023-06-04,US,paid_search,202.53
2023-06-04,US,organic,20.25
2023-06-04,US,social,90.16
2023-06-04,US,email,12.52
2023-06-04,US,referral,29.37
2023-06-05,US,paid_search,198.94
2023-06-05,US,organic,22.46
2023-06-05,US,social,78.16
2023-06-05,US,email,6.92
2023-06-05,US,referral,31.86
2023-06-06,US,paid_search,158.45
2023-06-06,US,organic,15.69
2023-06-06,US,social,105.6
2023-06-06,US,email,13.53
2023-06-06,US,referral,31.62
2023-06-07,US,paid_search,207.77
2023-06-07,US,organic,23.42
2023-06-07,US,social,59.27
2023-06-07,US,email,19.54
2023-06-07,US,referral,26.63
2023-06-08,US,paid_search,163.38
2023-06-08,US,organic,20.72
2023-06-08,US,social,50.03
2023-06-08,US,email,16.53
2023-06-08,US,referral,18.57
2023-06-09,US,paid_search,119.13
2023-06-09,US,organic,12.39
2023-06-09,US,social,115.04
2023-06-09,US,email,12.64
2023-06-09,US,referral,34.59
2023-06-10,US,paid_search,155.89
2023-06-10,US,organic,11.46
2023-06-10,US,social,64.88
2023-06-10,US,email,19.63
2023-06-10,US,referral,24.03
2023-06-11,US,paid_search,155.33
2023-06-11,US,organic,20.8
2023-06-11,US,social,101.29
2023-06-11,US,email,19.19
2023-06-11,US,referral,34.05
2023-06-12,US,paid_search,163.81
2023-06-12,US,organic,13.37
2023-06-12,US,social,80.7
2023-06-12,US,email,15.98
2023-06-12,US,referral,18.98
2023-06-13,US,paid_search,136.93
2023-06-13,US,organic,21.72
2023-06-13,US,social,88.91
2023-06-13,US,email,15.12
2023-06-13,US,referral,20.26
2023-06-14,US,paid_search,169.63
2023-06-14,US,organic,15.38
2023-06-14,US,social,110.03
2023-06-14,US,email,18.88
2023-06-14,US,referral,13.46
2023-06-15,US,paid_search,138.17
2023-06-15,US,organic,12.52
2023-06-15,US,social,75.37
2023-06-15,US,email,14.69
2023-06-15,US,referral,15.94
2023-06-16,US,paid_search,138.52
2023-06-16,US,organic,14.98
2023-06-16,US,social,94.66
2023-06-16,US,email,15.26
2023-06-16,US,referral,20.49
2023-06-17,US,paid_search,187.96
2023-06-17,US,organic,17.27
2023-06-17,US,social,83.89
2023-06-17,US,email,21.28
2023-06-17,US,referral,33.38
2023-06-18,US,paid_search,121.52
2023-06-18,US,organic,24.15
2023-06-18,US,social,108.26
2023-06-18,US,email,10.69
2023-06-18,US,referral,30.12
2023-06-19,US,paid_search,249.21
2023-06-19,US,organic,14.39
2023-06-19,US,social,69.36
2023-06-19,US,email,18.82
2023-06-19,US,referral,26.7
2023-06-20,US,paid_search,204.82
2023-06-20,US,organic,21.7
2023-06-20,US,social,98.79
2023-06-20,US,email,10.03
2023-06-20,US,referral,31.55
2023-06-21,US,paid_search,232.63
2023-06-21,US,organic,18.85
2023-06-21,US,social,89.02
2023-06-21,US,email,9.26
2023-06-21,US,referral,28.21
2023-06-22,US,paid_search,205.74
2023-06-22,US,organic,19.69
2023-06-22,US,social,115.3
2023-06-22,US,email,13.75
2023-06-22,US,referral,28.53
2023-06-23,US,paid_search,134.12
2023-06-23,US,organic,19.88
2023-06-23,US,social,86.08
2023-06-23,US,email,15.84
2023-06-23,US,referral,22.69
2023-06-24,US,paid_search,174.08
2023-06-24,US,organic,24.13
2023-06-24,US,social,80.17
2023-06-24,US,email,8.98
2023-06-24,US,referral,35.93
2023-06-25,US,paid_search,242.17
2023-06-25,US,organic,13.54
2023-06-25,US,social,105.52
2023-06-25,US,email,13.11
2023-06-25,US,referral,26.65
2023-06-26,US,paid_search,193.24
2023-06-26,US,organic,18.83
2023-06-26,US,social,72.37
2023-06-26,US,email,12.41
2023-06-26,US,referral,19.27
2023-06-27,US,paid_search,142.57
2023-06-27,US,organic,19.66
2023-06-27,US,social,73.9
2023-06-27,US,email,17.56
2023-06-27,US,referral,34.3
2023-06-28,US,paid_search,153.9
2023-06-28,US,organic,21.2
2023-06-28,US,social,101.24
2023-06-28,US,email,16.77
2023-06-28,US,referral,25.47
2023-06-29,US,paid_search,213.42
2023-06-29,US,organic,22.41
2023-06-29,US,social,62.15
2023-06-29,US,email,18.26
2023-06-29,US,referral,30.55
2023-06-30,US,paid_search,145.65
2023-06-30,US,organic,20.19
2023-06-30,US,social,105.37
2023-06-30,US,email,14.22
2023-06-30,US,referral,31.71
2023-07-01,US,paid_search,286.37
2023-07-01,US,organic,16.07
2023-07-01,US,social,58.93
2023-07-01,US,email,16.14
2023-07-01,US,referral,29.51
2023-07-02,US,paid_search,169.61
2023-07-02,US,organic,27.27
2023-07-02,US,social,59.88
2023-07-02,US,email,17.6
2023-07-02,US,referral,21.21
2023-07-03,US,paid_search,257.37
2023-07-03,US,organic,29.96
2023-07-03,US,social,72.75
2023-07-03,US,email,12.94
2023-07-03,US,referral,30.37
2023-07-04,US,paid_search,162.58
2023-07-04,US,organic,19.77
2023-07-04,US,social,90.57
2023-07-04,US,email,7.8
2023-07-04,US,referral,24.91
2023-07-05,US,paid_search,148.96
2023-07-05,US,organic,17.53
2023-07-05,US,social,122.48
2023-07-05,US,email,10.29
2023-07-05,US,referral,30.08
2023-07-06,US,paid_search,167.45
2023-07-06,US,organic,18.6
2023-07-06,US,social,107.78
2023-07-06,US,email,16.28
2023-07-06,US,referral,28.57
2023-07-07,US,paid_search,223.57
2023-07-07,US,organic,18.34
2023-07-07,US,social,76.22
2023-07-07,US,email,10.93
2023-07-07,US,referral,19.84
2023-07-08,US,paid_search,312.71
2023-07-08,US,organic,26.22
2023-07-08,US,social,59.6
2023-07-08,US,email,10.04
2023-07-08,US,referral,28.01
2023-07-09,US,paid_search,204.63
2023-07-09,US,organic,22.74
2023-07-09,US,social,84.26
2023-07-09,US,email,14.53
2023-07-09,US,referral,27.05
2023-07-10,US,paid_search,183.87
2023-07-10,US,organic,8.9
2023-07-10,US,social,84.83
2023-07-10,US,email,11.81
2023-07-10,US,referral,26.1
2023-07-11,US,paid_search,314.34
2023-07-11,US,organic,21.84
2023-07-11,US,social,82.95
2023-07-11,US,email,18.46
2023-07-11,US,referral,28.02
2023-07-12,US,paid_search,198.9
2023-07-12,US,organic,23.03
2023-07-12,US,social,136.27
2023-07-12,US,email,10.76
2023-07-12,US,referral,27.96
2023-07-13,US,paid_search,138.31
2023-07-13,US,organic,22.78
2023-07-13,US,social,69.33
2023-07-13,US,email,13.43
2023-07-13,US,referral,23.16
2023-07-14,US,paid_search,223.91
2023-07-14,US,organic,24.59
2023-07-14,US,social,61.97
2023-07-14,US,email,15.21
2023-07-14,US,referral,20.57
2023-07-15,US,paid_search,123.37
2023-07-15,US,organic,18.91
2023-07-15,US,social,83.06
2023-07-15,US,email,24.1
2023-07-15,US,referral,27.71
2023-07-16,US,paid_search,118.01
2023-07-16,US,organic,17.18
2023-07-16,US,social,112.98
2023-07-16,US,email,22.83
2023-07-16,US,referral,15.09
2023-07-17,US,paid_search,95.4
2023-07-17,US,organic,29.35
2023-07-17,US,social,98.77
2023-07-17,US,email,11.74
2023-07-17,US,referral,28.34
2023-07-18,US,paid_search,61.39
2023-07-18,US,organic,20.02
2023-07-18,US,social,97.38
2023-07-18,US,email,18.47
2023-07-18,US,referral,18.66
2023-07-19,US,paid_search,183.86
2023-07-19,US,organic,15.37
2023-07-19,US,social,95.75
2023-07-19,US,email,11.64
2023-07-19,US,referral,22.45
2023-07-20,US,paid_search,135.19
2023-07-20,US,organic,23.26
2023-07-20,US,social,109.32
2023-07-20,US,email,14.12
2023-07-20,US,referral,25.24
2023-07-21,US,paid_search,114.81
2023-07-21,US,organic,18.5
2023-07-21,US,social,88.87
2023-07-21,US,email,24.83
2023-07-21,US,referral,18.05
2023-07-22,US,paid_search,245.89
2023-07-22,US,organic,24.98
2023-07-22,US,social,96.31
2023-07-22,US,email,21.59
2023-07-22,US,referral,27.33
2023-07-23,US,paid_search,197.51
2023-07-23,US,organic,19.73
2023-07-23,US,social,117.53
2023-07-23,US,email,19.11
2023-07-23,US,referral,21.09
2023-07-24,US,paid_search,120.63
2023-07-24,US,organic,18.99
2023-07-24,US,social,72.0
2023-07-24,US,email,14.76
2023-07-24,US,referral,32.73
2023-07-25,US,paid_search,159.42
2023-07-25,US,organic,19.79
2023-07-25,US,social,91.31
2023-07-25,US,email,18.18
2023-07-25,US,referral,10.96
2023-07-26,US,paid_search,152.7
2023-07-26,US,organic,21.06
2023-07-26,US,social,117.0
2023-07-26,US,email,13.16
2023-07-26,US,referral,13.27
2023-07-27,US,paid_search,207.89
2023-07-27,US,organic,16.82
2023-07-27,US,social,63.23
2023-07-27,US,email,12.66
2023-07-27,US,referral,23.85
2023-07-28,US,paid_search,152.79
2023-07-28,US,organic,8.97
2023-07-28,US,social,110.18
2023-07-28,US,email,19.78
2023-07-28,US,referral,29.07
2023-07-29,US,paid_search,128.8
2023-07-29,US,organic,18.99
2023-07-29,US,social,89.85
2023-07-29,US,email,17.25
2023-07-29,US,referral,29.18
2023-07-30,US,paid_search,146.96
2023-07-30,US,organic,20.41
2023-07-30,US,social,100.29
2023-07-30,US,email,20.46
2023-07-30,US,referral,29.4
2023-07-31,US,paid_search,215.51
2023-07-31,US,organic,20.42
2023-07-31,US,social,121.74
2023-07-31,US,email,16.54
2023-07-31,US,referral,19.62
2023-08-01,US,paid_search,243.15
2023-08-01,US,organic,23.49
2023-08-01,US,social,80.03
2023-08-01,US,email,13.2
2023-08-01,US,referral,26.85
2023-08-02,US,paid_search,200.84
2023-08-02,US,organic,20.99
2023-08-02,US,social,97.0
2023-08-02,US,email,21.37
2023-08-02,US,referral,31.7
2023-08-03,US,paid_search,188.58
2023-08-03,US,organic,24.71
2023-08-03,US,social,66.77
2023-08-03,US,email,16.49
2023-08-03,US,referral,36.31
2023-08-04,US,paid_search,170.19
2023-08-04,US,organic,15.76
2023-08-04,US,social,75.33
2023-08-04,US,email,10.91
2023-08-04,US,referral,20.1
2023-08-05,US,paid_search,163.33
2023-08-05,US,organic,12.97
2023-08-05,US,social,90.35
2023-08-05,US,email,18.38
2023-08-05,US,referral,19.33
2023-08-06,US,paid_search,248.37
2023-08-06,US,organic,22.55
2023-08-06,US,social,113.19
2023-08-06,US,email,12.53
2023-08-06,US,referral,30.34
2023-08-07,US,paid_search,130.86
2023-08-07,US,organic,24.45
2023-08-07,US,social,93.87
2023-08-07,US,email,17.07
2023-08-07,US,referral,17.65
2023-08-08,US,paid_search,139.72
2023-08-08,US,organic,22.99
2023-08-08,US,social,68.66
2023-08-08,US,email,16.74
2023-08-08,US,referral,16.46
2023-08-09,US,paid_search,218.17
2023-08-09,US,organic,13.84
2023-08-09,US,social,102.43
2023-08-09,US,email,17.35
2023-08-09,US,referral,20.65
2023-08-10,US,paid_search,206.19
2023-08-10,US,organic,21.3
2023-08-10,US,social,77.88
2023-08-10,US,email,11.22
2023-08-10,US,referral,12.73
2023-08-11,US,paid_search,195.73
2023-08-11,US,organic,12.18
2023-08-11,US,social,92.15
2023-08-11,US,email,14.01
2023-08-11,US,referral,29.24
2023-08-12,US,paid_search,166.41
2023-08-12,US,organic,18.35
2023-08-12,US,social,106.47
2023-08-12,US,email,16.26
2023-08-12,US,referral,26.98
2023-08-13,US,paid_search,201.12
2023-08-13,US,organic,12.32
2023-08-13,US,social,107.03
2023-08-13,US,email,17.3
2023-08-13,US,referral,18.65
2023-08-14,US,paid_search,169.02
2023-08-14,US,organic,19.8
2023-08-14,US,social,86.97
2023-08-14,US,email,16.25
2023-08-14,US,referral,33.95
2023-08-15,US,paid_search,228.68
2023-08-15,US,organic,13.44
2023-08-15,US,social,104.0
2023-08-15,US,email,19.98
2023-08-15,US,referral,27.42
2023-08-16,US,paid_search,229.09
2023-08-16,US,organic,30.06
2023-08-16,US,social,113.03
2023-08-16,US,email,15.93
2023-08-16,US,referral,31.53
2023-08-17,US,paid_search,186.52
2023-08-17,US,organic,20.12
2023-08-17,US,social,82.09
2023-08-17,US,email,20.86
2023-08-17,US,referral,19.88
2023-08-18,US,paid_search,248.96
2023-08-18,US,organic,22.5
2023-08-18,US,social,58.52
2023-08-18,US,email,16.38
2023-08-18,US,referral,11.87
2023-08-19,US,paid_search,208.15
2023-08-19,US,organic,24.43
2023-08-19,US,social,76.67
2023-08-19,US,email,15.46
2023-08-19,US,referral,37.21
2023-08-20,US,paid_search,157.24
2023-08-20,US,organic,14.71
2023-08-20,US,social,123.34
2023-08-20,US,email,22.36
2023-08-20,US,referral,25.02
2023-08-21,US,paid_search,225.52
2023-08-21,US,organic,26.71
2023-08-21,US,social,73.29
2023-08-21,US,email,13.18
2023-08-21,US,referral,32.69
2023-08-22,US,paid_search,255.83
2023-08-22,US,organic,22.81
2023-08-22,US,social,70.2
2023-08-22,US,email,22.45
2023-08-22,US,referral,21.68
2023-08-23,US,paid_search,164.92
2023-08-23,US,organic,21.71
2023-08-23,US,social,124.97
2023-08-23,US,email,18.2
2023-08-23,US,referral,27.59
2023-08-24,US,paid_search,200.85
2023-08-24,US,organic,20.22
2023-08-24,US,social,102.56
2023-08-24,US,email,5.51
2023-08-24,US,referral,23.15
2023-08-25,US,paid_search,190.86
2023-08-25,US,organic,14.24
2023-08-25,US,social,98.69
2023-08-25,US,email,14.23
2023-08-25,US,referral,35.97
2023-08-26,US,paid_search,250.79
2023-08-26,US,organic,17.67
2023-08-26,US,social,86.61
2023-08-26,US,email,14.72
2023-08-26,US,referral,22.18
2023-08-27,US,paid_search,188.78
2023-08-27,US,organic,16.21
2023-08-27,US,social,64.56
2023-08-27,US,email,17.34
2023-08-27,US,referral,28.93
2023-08-28,US,paid_search,143.81
2023-08-28,US,organic,24.48
2023-08-28,US,social,75.79
2023-08-28,US,email,15.95
2023-08-28,US,referral,30.13
2023-08-29,US,paid_search,178.49
2023-08-29,US,organic,22.27
2023-08-29,US,social,78.38
2023-08-29,US,email,14.26
2023-08-29,US,referral,23.71
2023-08-30,US,paid_search,146.4
2023-08-30,US,organic,19.12
2023-08-30,US,social,55.16
2023-08-30,US,email,13.16
2023-08-30,US,referral,23.22
2023-08-31,US,paid_search,168.47
2023-08-31,US,organic,18.79
2023-08-31,US,social,88.61
2023-08-31,US,email,16.8
2023-08-31,US,referral,30.47
2023-09-01,US,paid_search,150.76
2023-09-01,US,organic,13.98
2023-09-01,US,social,66.55
2023-09-01,US,email,13.17
2023-09-01,US,referral,22.8
2023-09-02,US,paid_search,145.35
2023-09-02,US,organic,13.52
2023-09-02,US,social,79.74
2023-09-02,US,email,15.68
2023-09-02,US,referral,28.72
2023-09-03,US,paid_search,154.92
2023-09-03,US,organic,17.94
2023-09-03,US,social,69.15
2023-09-03,US,email,14.88
2023-09-03,US,referral,19.7
2023-09-04,US,paid_search,205.79
2023-09-04,US,organic,11.07
2023-09-04,US,social,81.91
2023-09-04,US,email,16.13
2023-09-04,US,referral,26.15
2023-09-05,US,paid_search,301.19
2023-09-05,US,organic,21.75
2023-09-05,US,social,67.41
2023-09-05,US,email,14.64
2023-09-05,US,referral,13.9
2023-09-06,US,paid_search,176.37
2023-09-06,US,organic,15.83
2023-09-06,US,social,110.6
2023-09-06,US,email,12.94
2023-09-06,US,referral,24.27
2023-09-07,US,paid_search,151.4
2023-09-07,US,organic,28.69
2023-09-07,US,social,82.77
2023-09-07,US,email,21.87
2023-09-07,US,referral,30.09
2023-09-08,US,paid_search,201.69
2023-09-08,US,organic,21.84
2023-09-08,US,social,98.86
2023-09-08,US,email,7.77
2023-09-08,US,referral,23.26
2023-09-09,US,paid_search,218.03
2023-09-09,US,organic,19.76
2023-09-09,US,social,58.38
2023-09-09,US,email,14.8
2023-09-09,US,referral,35.65
2023-09-10,US,paid_search,236.11
2023-09-10,US,organic,19.69
2023-09-10,US,social,111.41
2023-09-10,US,email,13.63
2023-09-10,US,referral,14.35
2023-09-11,US,paid_search,138.4
2023-09-11,US,organic,27.81
2023-09-11,US,social,83.84
2023-09-11,US,email,14.09
2023-09-11,US,referral,23.13
2023-09-12,US,paid_search,265.69
2023-09-12,US,organic,28.13
2023-09-12,US,social,139.92
2023-09-12,US,email,14.4
2023-09-12,US,referral,26.85
2023-09-13,US,paid_search,111.75
2023-09-13,US,organic,27.38
2023-09-13,US,social,63.72
2023-09-13,US,email,15.81
2023-09-13,US,referral,18.14
2023-09-14,US,paid_search,153.5
2023-09-14,US,organic,15.81
2023-09-14,US,social,76.32
2023-09-14,US,email,12.98
2023-09-14,US,referral,21.57
2023-09-15,US,paid_search,217.5
2023-09-15,US,organic,14.48
2023-09-15,US,social,94.96
2023-09-15,US,email,19.57
2023-09-15,US,referral,21.79
2023-09-16,US,paid_search,147.69
2023-09-16,US,organic,18.85
2023-09-16,US,social,116.54
2023-09-16,US,email,15.73
2023-09-16,US,referral,21.68
2023-09-17,US,paid_search,201.77
2023-09-17,US,organic,14.49
2023-09-17,US,social,105.33
2023-09-17,US,email,16.53
2023-09-17,US,referral,23.08
2023-09-18,US,paid_search,142.26
2023-09-18,US,organic,15.57
2023-09-18,US,social,102.03
2023-09-18,US,email,19.61
2023-09-18,US,referral,21.02
2023-09-19,US,paid_search,200.63
2023-09-19,US,organic,9.56
2023-09-19,US,social,76.85
2023-09-19,US,email,14.88
2023-09-19,US,referral,19.31
2023-09-20,US,paid_search,137.86
2023-09-20,US,organic,16.66
2023-09-20,US,social,96.57
2023-09-20,US,email,14.3
2023-09-20,US,referral,11.01
2023-09-21,US,paid_search,84.57
2023-09-21,US,organic,16.97
2023-09-21,US,social,100.3
2023-09-21,US,email,4.7
2023-09-21,US,referral,21.88
2023-09-22,US,paid_search,156.32
2023-09-22,US,organic,26.94
2023-09-22,US,social,81.34
2023-09-22,US,email,16.44
2023-09-22,US,referral,25.88
2023-09-23,US,paid_search,84.12
2023-09-23,US,organic,23.84
2023-09-23,US,social,94.85
2023-09-23,US,email,16.91
2023-09-23,US,referral,49.54
2023-09-24,US,paid_search,86.21
2023-09-24,US,organic,28.62
2023-09-24,US,social,83.53
2023-09-24,US,email,16.08
2023-09-24,US,referral,24.72
2023-09-25,US,paid_search,160.91
2023-09-25,US,organic,17.15
2023-09-25,US,social,97.41
2023-09-25,US,email,9.31
2023-09-25,US,referral,29.69
2023-09-26,US,paid_search,161.27
2023-09-26,US,organic,14.35
2023-09-26,US,social,79.87
2023-09-26,US,email,19.71
2023-09-26,US,referral,21.65
2023-09-27,US,paid_search,196.13
2023-09-27,US,organic,16.35
2023-09-27,US,social,107.05
2023-09-27,US,email,17.57
2023-09-27,US,referral,36.55
2023-09-28,US,paid_search,172.1
2023-09-28,US,organic,23.34
2023-09-28,US,social,92.21
2023-09-28,US,email,19.86
2023-09-28,US,referral,20.51
2023-09-29,US,paid_search,213.53
2023-09-29,US,organic,19.03
2023-09-29,US,social,88.56
2023-09-29,US,email,15.34
2023-09-29,US,referral,26.58
2023-09-30,US,paid_search,174.77
2023-09-30,US,organic,21.07
2023-09-30,US,social,125.51
2023-09-30,US,email,18.7
2023-09-30,US,referral,30.43
2023-10-01,US,paid_search,159.5
2023-10-01,US,organic,15.55
2023-10-01,US,social,111.49
2023-10-01,US,email,18.29
2023-10-01,US,referral,34.2
2023-10-02,US,paid_search,152.82
2023-10-02,US,organic,18.85
2023-10-02,US,social,53.11
2023-10-02,US,email,13.53
2023-10-02,US,referral,31.23
2023-10-03,US,paid_search,159.01
2023-10-03,US,organic,23.2
2023-10-03,US,social,85.71
2023-10-03,US,email,16.22
2023-10-03,US,referral,17.83
2023-10-04,US,paid_search,183.83
2023-10-04,US,organic,5.04
2023-10-04,US,social,85.79
2023-10-04,US,email,8.89
2023-10-04,US,referral,32.54
2023-10-05,US,paid_search,214.98
2023-10-05,US,organic,22.33
2023-10-05,US,social,124.22
2023-10-05,US,email,11.44
2023-10-05,US,referral,35.92
2023-10-06,US,paid_search,221.95
2023-10-06,US,organic,18.82
2023-10-06,US,social,115.55
2023-10-06,US,email,10.85
2023-10-06,US,referral,19.85
2023-10-07,US,paid_search,152.61
2023-10-07,US,organic,17.36
2023-10-07,US,social,66.23
2023-10-07,US,email,19.59
2023-10-07,US,referral,23.38
2023-10-08,US,paid_search,195.86
2023-10-08,US,organic,17.15
2023-10-08,US,social,49.04
2023-10-08,US,email,16.01
2023-10-08,US,referral,13.05
2023-10-09,US,paid_search,176.91
2023-10-09,US,organic,13.16
2023-10-09,US,social,134.71
2023-10-09,US,email,18.42
2023-10-09,US,referral,25.66
2023-10-10,US,paid_search,236.87
2023-10-10,US,organic,15.77
2023-10-10,US,social,102.23
2023-10-10,US,email,15.75
2023-10-10,US,referral,26.65
2023-10-11,US,paid_search,237.26
2023-10-11,US,organic,23.66
2023-10-11,US,social,96.5
2023-10-11,US,email,8.79
2023-10-11,US,referral,19.0
2023-10-12,US,paid_search,174.48
2023-10-12,US,organic,20.47
2023-10-12,US,social,64.57
2023-10-12,US,email,24.04
2023-10-12,US,referral,34.48
2023-10-13,US,paid_search,207.1
2023-10-13,US,organic,20.36
2023-10-13,US,social,85.23
2023-10-13,US,email,11.43
2023-10-13,US,referral,25.48
2023-10-14,US,paid_search,191.6
2023-10-14,US,organic,13.79
2023-10-14,US,social,97.52
2023-10-14,US,email,14.42
2023-10-14,US,referral,13.08
2023-10-15,US,paid_search,141.28
2023-10-15,US,organic,17.93
2023-10-15,US,social,132.47
2023-10-15,US,email,17.09
2023-10-15,US,referral,16.65
2023-10-16,US,paid_search,201.87
2023-10-16,US,organic,12.26
2023-10-16,US,social,114.36
2023-10-16,US,email,13.23
2023-10-16,US,referral,24.41
2023-10-17,US,paid_search,239.66
2023-10-17,US,organic,13.56
2023-10-17,US,social,58.56
2023-10-17,US,email,12.81
2023-10-17,US,referral,31.49
2023-10-18,US,paid_search,111.63
2023-10-18,US,organic,5.84
2023-10-18,US,social,79.85
2023-10-18,US,email,17.07
2023-10-18,US,referral,32.5
2023-10-19,US,paid_search,159.16
2023-10-19,US,organic,17.94
2023-10-19,US,social,115.96
2023-10-19,US,email,7.99
2023-10-19,US,referral,22.57
2023-10-20,US,paid_search,188.57
2023-10-20,US,organic,22.25
2023-10-20,US,social,78.53
2023-10-20,US,email,15.13
2023-10-20,US,referral,9.45
2023-10-21,US,paid_search,150.38
2023-10-21,US,organic,22.27
2023-10-21,US,social,67.9
2023-10-21,US,email,15.22
2023-10-21,US,referral,27.79
2023-10-22,US,paid_search,164.59
2023-10-22,US,organic,20.85
2023-10-22,US,social,68.34
2023-10-22,US,email,14.23
2023-10-22,US,referral,28.81
2023-10-23,US,paid_search,187.06
2023-10-23,US,organic,17.07
2023-10-23,US,social,95.04
2023-10-23,US,email,17.68
2023-10-23,US,referral,12.19
2023-10-24,US,paid_search,232.16
2023-10-24,US,organic,18.32
2023-10-24,US,social,99.57
2023-10-24,US,email,19.49
2023-10-24,US,referral,16.43
2023-10-25,US,paid_search,148.08
2023-10-25,US,organic,18.56
2023-10-25,US,social,72.37
2023-10-25,US,email,21.51
2023-10-25,US,referral,19.65
2023-10-26,US,paid_search,155.0
2023-10-26,US,organic,21.02
2023-10-26,US,social,62.95
2023-10-26,US,email,13.52
2023-10-26,US,referral,26.98
2023-10-27,US,paid_search,165.02
2023-10-27,US,organic,19.53
2023-10-27,US,social,78.09
2023-10-27,US,email,9.32
2023-10-27,US,referral,27.01
2023-10-28,US,paid_search,258.97
2023-10-28,US,organic,20.09
2023-10-28,US,social,95.07
2023-10-28,US,email,17.6
2023-10-28,US,referral,17.07
2023-10-29,US,paid_search,256.61
2023-10-29,US,organic,21.01
2023-10-29,US,social,126.72
2023-10-29,US,email,12.25
2023-10-29,US,referral,36.36
2023-10-30,US,paid_search,214.88
2023-10-30,US,organic,22.77
2023-10-30,US,social,95.27
2023-10-30,US,email,14.07
2023-10-30,US,referral,32.5
2023-10-31,US,paid_search,186.32
2023-10-31,US,organic,10.16
2023-10-31,US,social,64.86
2023-10-31,US,email,14.3
2023-10-31,US,referral,26.94
2023-11-01,US,paid_search,177.45
2023-11-01,US,organic,26.09
2023-11-01,US,social,46.1
2023-11-01,US,email,15.54
2023-11-01,US,referral,13.64
2023-11-02,US,paid_search,214.19
2023-11-02,US,organic,19.53
2023-11-02,US,social,99.44
2023-11-02,US,email,11.76
2023-11-02,US,referral,33.0
2023-11-03,US,paid_search,226.88
2023-11-03,US,organic,22.92
2023-11-03,US,social,87.09
2023-11-03,US,email,17.17
2023-11-03,US,referral,20.58
2023-11-04,US,paid_search,218.5
2023-11-04,US,organic,28.25
2023-11-04,US,social,114.09
2023-11-04,US,email,12.26
2023-11-04,US,referral,27.26
2023-11-05,US,paid_search,121.81
2023-11-05,US,organic,22.86
2023-11-05,US,social,100.14
2023-11-05,US,email,7.99
2023-11-05,US,referral,17.74
2023-11-06,US,paid_search,167.26
2023-11-06,US,organic,18.5
2023-11-06,US,social,62.79
2023-11-06,US,email,16.46
2023-11-06,US,referral,26.57
2023-11-07,US,paid_search,171.26
2023-11-07,US,organic,16.22
2023-11-07,US,social,113.6
2023-11-07,US,email,21.21
2023-11-07,US,referral,21.98
2023-11-08,US,paid_search,152.45
2023-11-08,US,organic,22.46
2023-11-08,US,social,81.94
2023-11-08,US,email,14.48
2023-11-08,US,referral,29.62
2023-11-09,US,paid_search,94.08
2023-11-09,US,organic,26.59
2023-11-09,US,social,91.64
2023-11-09,US,email,13.46
2023-11-09,US,referral,24.44
2023-11-10,US,paid_search,178.31
2023-11-10,US,organic,11.34
2023-11-10,US,social,123.64
2023-11-10,US,email,15.15
2023-11-10,US,referral,27.77
2023-11-11,US,paid_search,222.82
2023-11-11,US,organic,14.89
2023-11-11,US,social,100.65
2023-11-11,US,email,14.0
2023-11-11,US,referral,30.29
2023-11-12,US,paid_search,84.27
2023-11-12,US,organic,19.5
2023-11-12,US,social,76.44
2023-11-12,US,email,16.62
2023-11-12,US,referral,27.94
2023-11-13,US,paid_search,148.16
2023-11-13,US,organic,16.44
2023-11-13,US,social,87.51
2023-11-13,US,email,11.64
2023-11-13,US,referral,30.26
2023-11-14,US,paid_search,163.39
2023-11-14,US,organic,5.47
2023-11-14,US,social,81.57
2023-11-14,US,email,11.11
2023-11-14,US,referral,14.8
2023-11-15,US,paid_search,124.32
2023-11-15,US,organic,20.55
2023-11-15,US,social,119.89
2023-11-15,US,email,16.17
2023-11-15,US,referral,21.21
2023-11-16,US,paid_search,200.52
2023-11-16,US,organic,17.7
2023-11-16,US,social,74.37
2023-11-16,US,email,10.67
2023-11-16,US,referral,14.05
2023-11-17,US,paid_search,162.45
2023-11-17,US,organic,20.79
2023-11-17,US,social,87.83
2023-11-17,US,email,13.44
2023-11-17,US,referral,19.09
2023-11-18,US,paid_search,207.37
2023-11-18,US,organic,13.41
2023-11-18,US,social,107.46
2023-11-18,US,email,11.24
2023-11-18,US,referral,20.3
2023-11-19,US,paid_search,113.99
2023-11-19,US,organic,17.49
2023-11-19,US,social,111.94
2023-11-19,US,email,16.93
2023-11-19,US,referral,31.12
2023-11-20,US,paid_search,203.5
2023-11-20,US,organic,14.48
2023-11-20,US,social,82.56
2023-11-20,US,email,12.07
2023-11-20,US,referral,33.32
2023-11-21,US,paid_search,126.14
2023-11-21,US,organic,24.47
2023-11-21,US,social,110.09
2023-11-21,US,email,21.86
2023-11-21,US,referral,22.44
2023-11-22,US,paid_search,212.05
2023-11-22,US,organic,31.41
2023-11-22,US,social,76.1
2023-11-22,US,email,9.24
2023-11-22,US,referral,13.25
2023-11-23,US,paid_search,212.07
2023-11-23,US,organic,10.58
2023-11-23,US,social,81.62
2023-11-23,US,email,16.64
2023-11-23,US,referral,26.16
2023-11-24,US,paid_search,199.15
2023-11-24,US,organic,21.11
2023-11-24,US,social,118.77
2023-11-24,US,email,11.43
2023-11-24,US,referral,20.77
2023-11-25,US,paid_search,145.23
2023-11-25,US,organic,24.15
2023-11-25,US,social,110.26
2023-11-25,US,email,16.69
2023-11-25,US,referral,32.4
2023-11-26,US,paid_search,126.99
2023-11-26,US,organic,28.34
2023-11-26,US,social,124.27
2023-11-26,US,email,17.76
2023-11-26,US,referral,36.14
2023-11-27,US,paid_search,105.45
2023-11-27,US,organic,17.38
2023-11-27,US,social,73.46
2023-11-27,US,email,17.71
2023-11-27,US,referral,18.44
2023-11-28,US,paid_search,214.09
2023-11-28,US,organic,26.85
2023-11-28,US,social,105.64
2023-11-28,US,email,16.06
2023-11-28,US,referral,18.83
2023-11-29,US,paid_search,141.89
2023-11-29,US,organic,26.25
2023-11-29,US,social,107.54
2023-11-29,US,email,14.85
2023-11-29,US,referral,22.39
2023-11-30,US,paid_search,88.84
2023-11-30,US,organic,14.65
2023-11-30,US,social,133.01
2023-11-30,US,email,10.2
2023-11-30,US,referral,26.18
2023-12-01,US,paid_search,225.33
2023-12-01,US,organic,13.73
2023-12-01,US,social,94.16
2023-12-01,US,email,18.52
2023-12-01,US,referral,25.08
2023-12-02,US,paid_search,309.08
2023-12-02,US,organic,11.66
2023-12-02,US,social,113.82
2023-12-02,US,email,14.35
2023-12-02,US,referral,29.82
2023-12-03,US,paid_search,199.86
2023-12-03,US,organic,16.33
2023-12-03,US,social,95.15
2023-12-03,US,email,8.03
2023-12-03,US,referral,28.77
2023-12-04,US,paid_search,193.42
2023-12-04,US,organic,23.19
2023-12-04,US,social,113.81
2023-12-04,US,email,16.38
2023-12-04,US,referral,25.93
2023-12-05,US,paid_search,140.35
2023-12-05,US,organic,16.44
2023-12-05,US,social,116.7
2023-12-05,US,email,20.39
2023-12-05,US,referral,23.51
2023-12-06,US,paid_search,182.07
2023-12-06,US,organic,15.48
2023-12-06,US,social,116.39
2023-12-06,US,email,17.5
2023-12-06,US,referral,37.13
2023-12-07,US,paid_search,140.48
2023-12-07,US,organic,18.11
2023-12-07,US,social,95.21
2023-12-07,US,email,17.42
2023-12-07,US,referral,23.65
2023-12-08,US,paid_search,140.72
2023-12-08,US,organic,24.41
2023-12-08,US,social,106.23
2023-12-08,US,email,11.56
2023-12-08,US,referral,33.47
2023-12-09,US,paid_search,232.66
2023-12-09,US,organic,20.67
2023-12-09,US,social,91.79
2023-12-09,US,email,17.08
2023-12-09,US,referral,19.61
2023-12-10,US,paid_search,181.35
2023-12-10,US,organic,9.24
2023-12-10,US,social,109.72
2023-12-10,US,email,9.14
2023-12-10,US,referral,34.4
2023-12-11,US,paid_search,165.14
2023-12-11,US,organic,18.94
2023-12-11,US,social,75.88
2023-12-11,US,email,13.92
2023-12-11,US,referral,33.87
2023-12-12,US,paid_search,68.05
2023-12-12,US,organic,26.38
2023-12-12,US,social,97.61
2023-12-12,US,email,10.47
2023-12-12,US,referral,18.28
2023-12-13,US,paid_search,255.44
2023-12-13,US,organic,15.27
2023-12-13,US,social,64.05
2023-12-13,US,email,19.26
2023-12-13,US,referral,27.12
2023-12-14,US,paid_search,137.79
2023-12-14,US,organic,21.08
2023-12-14,US,social,66.92
2023-12-14,US,email,19.13
2023-12-14,US,referral,31.63
2023-12-15,US,paid_search,203.94
2023-12-15,US,organic,21.81
2023-12-15,US,social,129.63
2023-12-15,US,email,15.0
2023-12-15,US,referral,17.61
2023-12-16,US,paid_search,200.23
2023-12-16,US,organic,30.43
2023-12-16,US,social,67.17
2023-12-16,US,email,13.64
2023-12-16,US,referral,27.6
2023-12-17,US,paid_search,177.57
2023-12-17,US,organic,15.09
2023-12-17,US,social,115.24
2023-12-17,US,email,23.7
2023-12-17,US,referral,26.23
2023-12-18,US,paid_search,139.32
2023-12-18,US,organic,12.26
2023-12-18,US,social,95.8
2023-12-18,US,email,19.14
2023-12-18,US,referral,27.97
2023-12-19,US,paid_search,179.89
2023-12-19,US,organic,17.05
2023-12-19,US,social,65.43
2023-12-19,US,email,18.13
2023-12-19,US,referral,30.71
2023-12-20,US,paid_search,110.44
2023-12-20,US,organic,27.95
2023-12-20,US,social,102.92
2023-12-20,US,email,20.25
2023-12-20,US,referral,16.61
2023-12-21,US,paid_search,118.54
2023-12-21,US,organic,19.26
2023-12-21,US,social,101.31
2023-12-21,US,email,21.74
2023-12-21,US,referral,29.41
2023-12-22,US,paid_search,169.08
2023-12-22,US,organic,14.87
2023-12-22,US,social,117.68
2023-12-22,US,email,11.38
2023-12-22,US,referral,35.18
2023-12-23,US,paid_search,167.2
2023-12-23,US,organic,27.95
2023-12-23,US,social,105.28
2023-12-23,US,email,14.49
2023-12-23,US,referral,21.75
2023-12-24,US,paid_search,164.66
2023-12-24,US,organic,22.14
2023-12-24,US,social,91.74
2023-12-24,US,email,12.77
2023-12-24,US,referral,23.96
2023-12-25,US,paid_search,183.54
2023-12-25,US,organic,9.36
2023-12-25,US,social,100.31
2023-12-25,US,email,11.33
2023-12-25,US,referral,17.79
2023-12-26,US,paid_search,104.07
2023-12-26,US,organic,11.03
2023-12-26,US,social,59.5
2023-12-26,US,email,12.34
2023-12-26,US,referral,37.21
2023-12-27,US,paid_search,156.34
2023-12-27,US,organic,20.89
2023-12-27,US,social,99.01
2023-12-27,US,email,15.49
2023-12-27,US,referral,24.52
2023-12-28,US,paid_search,126.21
2023-12-28,US,organic,27.25
2023-12-28,US,social,130.66
2023-12-28,US,email,8.69
2023-12-28,US,referral,18.6
2023-12-29,US,paid_search,167.41
2023-12-29,US,organic,15.18
2023-12-29,US,social,101.38
2023-12-29,US,email,12.27
2023-12-29,US,referral,38.53
2023-12-30,US,paid_search,233.57
2023-12-30,US,organic,21.06
2023-12-30,US,social,113.11
2023-12-30,US,email,19.15
2023-12-30,US,referral,21.48
2023-12-31,US,paid_search,143.27
2023-12-31,US,organic,20.39
2023-12-31,US,social,109.39
2023-12-31,US,email,15.52
2023-12-31,US,referral,15.14
2024-01-01,US,paid_search,143.87
2024-01-01,US,organic,19.63
2024-01-01,US,social,88.3
2024-01-01,US,email,22.4
2024-01-01,US,referral,16.34
2024-01-02,US,paid_search,202.75
2024-01-02,US,organic,27.45
2024-01-02,US,social,141.11
2024-01-02,US,email,13.48
2024-01-02,US,referral,28.07
2024-01-03,US,paid_search,205.64
2024-01-03,US,organic,20.98
2024-01-03,US,social,87.78
2024-01-03,US,email,16.63
2024-01-03,US,referral,9.17
2024-01-04,US,paid_search,210.69
2024-01-04,US,organic,20.63
2024-01-04,US,social,84.99
2024-01-04,US,email,22.68
2024-01-04,US,referral,20.78
2024-01-05,US,paid_search,161.86
2024-01-05,US,organic,29.96
2024-01-05,US,social,71.28
2024-01-05,US,email,12.94
2024-01-05,US,referral,24.08
2024-01-06,US,paid_search,217.83
2024-01-06,US,organic,21.04
2024-01-06,US,social,60.92
2024-01-06,US,email,13.0
2024-01-06,US,referral,21.2
2024-01-07,US,paid_search,176.53
2024-01-07,US,organic,22.13
2024-01-07,US,social,99.41
2024-01-07,US,email,8.34
2024-01-07,US,referral,31.65
2024-01-08,US,paid_search,191.37
2024-01-08,US,organic,26.92
2024-01-08,US,social,99.99
2024-01-08,US,email,19.13
2024-01-08,US,referral,27.92
2024-01-09,US,paid_search,240.58
2024-01-09,US,organic,22.61
2024-01-09,US,social,87.8
2024-01-09,US,email,23.52
2024-01-09,US,referral,30.56
2024-01-10,US,paid_search,205.82
2024-01-10,US,organic,13.62
2024-01-10,US,social,61.01
2024-01-10,US,email,16.1
2024-01-10,US,referral,25.91
2024-01-11,US,paid_search,152.36
2024-01-11,US,organic,20.7
2024-01-11,US,social,125.74
2024-01-11,US,email,17.61
2024-01-11,US,referral,17.87
2024-01-12,US,paid_search,174.98
2024-01-12,US,organic,15.98
2024-01-12,US,social,81.28
2024-01-12,US,email,13.45
2024-01-12,US,referral,22.01
2024-01-13,US,paid_search,123.52
2024-01-13,US,organic,19.36
2024-01-13,US,social,77.39
2024-01-13,US,email,4.01
2024-01-13,US,referral,37.83
2024-01-14,US,paid_search,228.99
2024-01-14,US,organic,18.12
2024-01-14,US,social,90.42
2024-01-14,US,email,10.61
2024-01-14,US,referral,35.6
2024-01-15,US,paid_search,265.38
2024-01-15,US,organic,20.78
2024-01-15,US,social,113.03
2024-01-15,US,email,15.66
2024-01-15,US,referral,16.65
2024-01-16,US,paid_search,161.47
2024-01-16,US,organic,20.66
2024-01-16,US,social,79.77
2024-01-16,US,email,14.18
2024-01-16,US,referral,24.43
2024-01-17,US,paid_search,176.36
2024-01-17,US,organic,20.26
2024-01-17,US,social,66.14
2024-01-17,US,email,12.31
2024-01-17,US,referral,16.97
2024-01-18,US,paid_search,224.0
2024-01-18,US,organic,9.47
2024-01-18,US,social,115.96
2024-01-18,US,email,20.2
2024-01-18,US,referral,23.11
2024-01-19,US,paid_search,62.86
2024-01-19,US,organic,18.19
2024-01-19,US,social,88.56
2024-01-19,US,email,11.21
2024-01-19,US,referral,21.78
2024-01-20,US,paid_search,248.86
2024-01-20,US,organic,23.32
2024-01-20,US,social,69.2
2024-01-20,US,email,9.01
2024-01-20,US,referral,22.96
2024-01-21,US,paid_search,170.39
2024-01-21,US,organic,22.48
2024-01-21,US,social,77.96
2024-01-21,US,email,16.92
2024-01-21,US,referral,37.09
2024-01-22,US,paid_search,216.7
2024-01-22,US,organic,19.76
2024-01-22,US,social,85.88
2024-01-22,US,email,13.66
2024-01-22,US,referral,32.38
2024-01-23,US,paid_search,151.77
2024-01-23,US,organic,20.23
2024-01-23,US,social,91.15
2024-01-23,US,email,13.12
2024-01-23,US,referral,16.42
2024-01-24,US,paid_search,194.53
2024-01-24,US,organic,19.69
2024-01-24,US,social,101.26
2024-01-24,US,email,13.0
2024-01-24,US,referral,32.63
2024-01-25,US,paid_search,140.55
2024-01-25,US,organic,28.56
2024-01-25,US,social,50.68
2024-01-25,US,email,16.63
2024-01-25,US,referral,27.97
2024-01-26,US,paid_search,144.2
2024-01-26,US,organic,22.12
2024-01-26,US,social,118.79
2024-01-26,US,email,6.69
2024-01-26,US,referral,28.14
2024-01-27,US,paid_search,67.8
2024-01-27,US,organic,15.17
2024-01-27,US,social,126.66
2024-01-27,US,email,12.82
2024-01-27,US,referral,17.66
2024-01-28,US,paid_search,171.09
2024-01-28,US,organic,30.34
2024-01-28,US,social,48.79
2024-01-28,US,email,11.06
2024-01-28,US,referral,34.36
2024-01-29,US,paid_search,263.6
2024-01-29,US,organic,19.48
2024-01-29,US,social,62.12
2024-01-29,US,email,22.86
2024-01-29,US,referral,34.97
2024-01-30,US,paid_search,210.55
2024-01-30,US,organic,15.94
2024-01-30,US,social,88.9
2024-01-30,US,email,14.4
2024-01-30,US,referral,27.07
2024-01-31,US,paid_search,245.3
2024-01-31,US,organic,24.4
2024-01-31,US,social,65.76
2024-01-31,US,email,20.16
2024-01-31,US,referral,26.96
2024-02-01,US,paid_search,210.92
2024-02-01,US,organic,27.33
2024-02-01,US,social,64.99
2024-02-01,US,email,14.87
2024-02-01,US,referral,21.68
2024-02-02,US,paid_search,109.45
2024-02-02,US,organic,21.73
2024-02-02,US,social,146.51
2024-02-02,US,email,8.1
2024-02-02,US,referral,24.8
2024-02-03,US,paid_search,208.82
2024-02-03,US,organic,20.62
2024-02-03,US,social,87.45
2024-02-03,US,email,10.13
2024-02-03,US,referral,26.45
2024-02-04,US,paid_search,145.95
2024-02-04,US,organic,9.05
2024-02-04,US,social,116.88
2024-02-04,US,email,18.59
2024-02-04,US,referral,25.32
2024-02-05,US,paid_search,190.31
2024-02-05,US,organic,25.37
2024-02-05,US,social,95.05
2024-02-05,US,email,18.39
2024-02-05,US,referral,23.14
2024-02-06,US,paid_search,239.04
2024-02-06,US,organic,21.6
2024-02-06,US,social,94.37
2024-02-06,US,email,10.24
2024-02-06,US,referral,26.79
2024-02-07,US,paid_search,142.56
2024-02-07,US,organic,16.81
2024-02-07,US,social,71.65
2024-02-07,US,email,11.0
2024-02-07,US,referral,38.28
2024-02-08,US,paid_search,239.91
2024-02-08,US,organic,29.6
2024-02-08,US,social,62.48
2024-02-08,US,email,15.27
2024-02-08,US,referral,16.92
2024-02-09,US,paid_search,148.69
2024-02-09,US,organic,15.41
2024-02-09,US,social,117.89
2024-02-09,US,email,13.51
2024-02-09,US,referral,31.68
2024-02-10,US,paid_search,207.19
2024-02-10,US,organic,31.52
2024-02-10,US,social,56.71
2024-02-10,US,email,19.72
2024-02-10,US,referral,32.17
2024-02-11,US,paid_search,136.2
2024-02-11,US,organic,25.04
2024-02-11,US,social,97.56
2024-02-11,US,email,14.15
2024-02-11,US,referral,19.85
2024-02-12,US,paid_search,147.64
2024-02-12,US,organic,30.25
2024-02-12,US,social,90.02
2024-02-12,US,email,17.93
2024-02-12,US,referral,20.06
2024-02-13,US,paid_search,144.91
2024-02-13,US,organic,25.41
2024-02-13,US,social,59.63
2024-02-13,US,email,13.44
2024-02-13,US,referral,25.21
2024-02-14,US,paid_search,185.01
2024-02-14,US,organic,19.1
2024-02-14,US,social,98.91
2024-02-14,US,email,17.6
2024-02-14,US,referral,29.59
2024-02-15,US,paid_search,135.64
2024-02-15,US,organic,18.58
2024-02-15,US,social,116.88
2024-02-15,US,email,18.35
2024-02-15,US,referral,16.42
2024-02-16,US,paid_search,195.82
2024-02-16,US,organic,10.11
2024-02-16,US,social,91.06
2024-02-16,US,email,22.12
2024-02-16,US,referral,19.08
2024-02-17,US,paid_search,142.46
2024-02-17,US,organic,23.82
2024-02-17,US,social,55.29
2024-02-17,US,email,12.63
2024-02-17,US,referral,28.73
2024-02-18,US,paid_search,151.46
2024-02-18,US,organic,18.82
2024-02-18,US,social,106.74
2024-02-18,US,email,16.58
2024-02-18,US,referral,26.67
2024-02-19,US,paid_search,164.74
2024-02-19,US,organic,21.85
2024-02-19,US,social,87.22
2024-02-19,US,email,16.72
2024-02-19,US,referral,21.89
2024-02-20,US,paid_search,171.78
2024-02-20,US,organic,15.05
2024-02-20,US,social,89.21
2024-02-20,US,email,11.96
2024-02-20,US,referral,18.04
2024-02-21,US,paid_search,191.64
2024-02-21,US,organic,21.06
2024-02-21,US,social,107.61
2024-02-21,US,email,13.38
2024-02-21,US,referral,27.55
2024-02-22,US,paid_search,204.79
2024-02-22,US,organic,22.22
2024-02-22,US,social,71.42
2024-02-22,US,email,15.56
2024-02-22,US,referral,27.28
2024-02-23,US,paid_search,180.32
2024-02-23,US,organic,9.57
2024-02-23,US,social,93.61
2024-02-23,US,email,23.3
2024-02-23,US,referral,22.75
2024-02-24,US,paid_search,147.24
2024-02-24,US,organic,21.87
2024-02-24,US,social,97.03
2024-02-24,US,email,19.47
2024-02-24,US,referral,17.14
2024-02-25,US,paid_search,212.91
2024-02-25,US,organic,22.95
2024-02-25,US,social,86.8
2024-02-25,US,email,16.27
2024-02-25,US,referral,31.43
2024-02-26,US,paid_search,219.25
2024-02-26,US,organic,14.28
2024-02-26,US,social,108.45
2024-02-26,US,email,14.76
2024-02-26,US,referral,25.46
2024-02-27,US,paid_search,183.29
2024-02-27,US,organic,19.25
2024-02-27,US,social,116.81
2024-02-27,US,email,14.69
2024-02-27,US,referral,18.0
2024-02-28,US,paid_search,162.29
2024-02-28,US,organic,20.89
2024-02-28,US,social,117.66
2024-02-28,US,email,17.26
2024-02-28,US,referral,19.68
2024-02-29,US,paid_search,291.83
2024-02-29,US,organic,21.32
2024-02-29,US,social,118.7
2024-02-29,US,email,14.43
2024-02-29,US,referral,28.33
2024-03-01,US,paid_search,217.78
2024-03-01,US,organic,26.09
2024-03-01,US,social,113.79
2024-03-01,US,email,18.27
2024-03-01,US,referral,23.03
2024-03-02,US,paid_search,154.27
2024-03-02,US,organic,21.66
2024-03-02,US,social,111.0
2024-03-02,US,email,14.16
2024-03-02,US,referral,31.66
2024-03-03,US,paid_search,245.37
2024-03-03,US,organic,15.42
2024-03-03,US,social,71.17
2024-03-03,US,email,14.47
2024-03-03,US,referral,26.92
2024-03-04,US,paid_search,156.39
2024-03-04,US,organic,26.76
2024-03-04,US,social,99.54
2024-03-04,US,email,15.15
2024-03-04,US,referral,16.03
2024-03-05,US,paid_search,120.79
2024-03-05,US,organic,21.41
2024-03-05,US,social,42.02
2024-03-05,US,email,18.8
2024-03-05,US,referral,24.01
2024-03-06,US,paid_search,325.94
2024-03-06,US,organic,31.54
2024-03-06,US,social,85.92
2024-03-06,US,email,14.6
2024-03-06,US,referral,31.22
2024-03-07,US,paid_search,256.64
2024-03-07,US,organic,11.81
2024-03-07,US,social,49.81
2024-03-07,US,email,12.67
2024-03-07,US,referral,28.64
2024-03-08,US,paid_search,202.36
2024-03-08,US,organic,25.35
2024-03-08,US,social,63.01
2024-03-08,US,email,6.31
2024-03-08,US,referral,30.36
2024-03-09,US,paid_search,142.73
2024-03-09,US,organic,9.91
2024-03-09,US,social,93.26
2024-03-09,US,email,17.97
2024-03-09,US,referral,24.24
2024-03-10,US,paid_search,159.4
2024-03-10,US,organic,19.2
2024-03-10,US,social,81.66
2024-03-10,US,email,9.94
2024-03-10,US,referral,20.53
2024-03-11,US,paid_search,203.46
2024-03-11,US,organic,21.61
2024-03-11,US,social,93.78
2024-03-11,US,email,11.27
2024-03-11,US,referral,23.87
2024-03-12,US,paid_search,82.03
2024-03-12,US,organic,20.89
2024-03-12,US,social,122.15
2024-03-12,US,email,9.47
2024-03-12,US,referral,21.34
2024-03-13,US,paid_search,194.81
2024-03-13,US,organic,26.26
2024-03-13,US,social,79.91
2024-03-13,US,email,12.4
2024-03-13,US,referral,12.69
2024-03-14,US,paid_search,184.65
2024-03-14,US,organic,30.21
2024-03-14,US,social,96.24
2024-03-14,US,email,14.92
2024-03-14,US,referral,27.01
2024-03-15,US,paid_search,179.5
2024-03-15,US,organic,15.93
2024-03-15,US,social,108.52
2024-03-15,US,email,15.85
2024-03-15,US,referral,25.11
2024-03-16,US,paid_search,136.11
2024-03-16,US,organic,26.52
2024-03-16,US,social,104.96
2024-03-16,US,email,12.93
2024-03-16,US,referral,31.26
2024-03-17,US,paid_search,157.61
2024-03-17,US,organic,16.09
2024-03-17,US,social,72.91
2024-03-17,US,email,8.36
2024-03-17,US,referral,27.95
2024-03-18,US,paid_search,97.6
2024-03-18,US,organic,13.86
2024-03-18,US,social,43.3
2024-03-18,US,email,14.68
2024-03-18,US,referral,24.06
2024-03-19,US,paid_search,165.3
2024-03-19,US,organic,14.79
2024-03-19,US,social,63.62
2024-03-19,US,email,16.74
2024-03-19,US,referral,21.56
2024-03-20,US,paid_search,194.24
2024-03-20,US,organic,15.57
2024-03-20,US,social,94.07
2024-03-20,US,email,19.89
2024-03-20,US,referral,28.66
2024-03-21,US,paid_search,161.44
2024-03-21,US,organic,21.29
2024-03-21,US,social,84.59
2024-03-21,US,email,15.03
2024-03-21,US,referral,22.96
2024-03-22,US,paid_search,172.6
2024-03-22,US,organic,21.06
2024-03-22,US,social,67.65
2024-03-22,US,email,11.19
2024-03-22,US,referral,16.32
2024-03-23,US,paid_search,107.99
2024-03-23,US,organic,13.91
2024-03-23,US,social,93.59
2024-03-23,US,email,11.65
2024-03-23,US,referral,28.21
2024-03-24,US,paid_search,181.56
2024-03-24,US,organic,10.16
2024-03-24,US,social,104.74
2024-03-24,US,email,18.04
2024-03-24,US,referral,18.79
2024-03-25,US,paid_search,198.91
2024-03-25,US,organic,15.72
2024-03-25,US,social,92.2
2024-03-25,US,email,10.26
2024-03-25,US,referral,13.79
2024-03-26,US,paid_search,162.77
2024-03-26,US,organic,19.38
2024-03-26,US,social,81.05
2024-03-26,US,email,10.56
2024-03-26,US,referral,22.5
2024-03-27,US,paid_search,192.12
2024-03-27,US,organic,19.78
2024-03-27,US,social,94.11
2024-03-27,US,email,12.49
2024-03-27,US,referral,32.32
2024-03-28,US,paid_search,127.07
2024-03-28,US,organic,22.44
2024-03-28,US,social,116.59
2024-03-28,US,email,16.8
2024-03-28,US,referral,23.73
2024-03-29,US,paid_search,156.23
2024-03-29,US,organic,25.18
2024-03-29,US,social,57.98
2024-03-29,US,email,11.36
2024-03-29,US,referral,22.52
2024-03-30,US,paid_search,235.69
2024-03-30,US,organic,21.9
2024-03-30,US,social,68.22
2024-03-30,US,email,13.84
2024-03-30,US,referral,21.16
2024-03-31,US,paid_search,148.06
2024-03-31,US,organic,24.89
2024-03-31,US,social,59.14
2024-03-31,US,email,21.03
2024-03-31,US,referral,30.18
2024-04-01,US,paid_search,229.09
2024-04-01,US,organic,17.69
2024-04-01,US,social,86.63
2024-04-01,US,email,9.63
2024-04-01,US,referral,21.72
2024-04-02,US,paid_search,202.21
2024-04-02,US,organic,26.48
2024-04-02,US,social,65.09
2024-04-02,US,email,13.63
2024-04-02,US,referral,24.05
2024-04-03,US,paid_search,117.19
2024-04-03,US,organic,22.96
2024-04-03,US,social,73.71
2024-04-03,US,email,14.27
2024-04-03,US,referral,22.18
2024-04-04,US,paid_search,144.48
2024-04-04,US,organic,19.96
2024-04-04,US,social,85.15
2024-04-04,US,email,13.61
2024-04-04,US,referral,20.45
2024-04-05,US,paid_search,194.38
2024-04-05,US,organic,28.27
2024-04-05,US,social,93.15
2024-04-05,US,email,18.74
2024-04-05,US,referral,16.31
2024-04-06,US,paid_search,187.1
2024-04-06,US,organic,14.51
2024-04-06,US,social,56.77
2024-04-06,US,email,12.23
2024-04-06,US,referral,32.45
2024-04-07,US,paid_search,222.75
2024-04-07,US,organic,21.22
2024-04-07,US,social,55.51
2024-04-07,US,email,14.26
2024-04-07,US,referral,26.89
2024-04-08,US,paid_search,187.9
2024-04-08,US,organic,10.78
2024-04-08,US,social,69.97
2024-04-08,US,email,14.76
2024-04-08,US,referral,28.35
2024-04-09,US,paid_search,81.17
2024-04-09,US,organic,19.19
2024-04-09,US,social,93.22
2024-04-09,US,email,18.19
2024-04-09,US,referral,29.33
2024-04-10,US,paid_search,206.22
2024-04-10,US,organic,16.0
2024-04-10,US,social,47.07
2024-04-10,US,email,13.53
2024-04-10,US,referral,31.26
2024-04-11,US,paid_search,242.71
2024-04-11,US,organic,23.55
2024-04-11,US,social,99.66
2024-04-11,US,email,16.42
2024-04-11,US,referral,21.52
2024-04-12,US,paid_search,174.15
2024-04-12,US,organic,28.35
2024-04-12,US,social,68.79
2024-04-12,US,email,21.06
2024-04-12,US,referral,22.99
2024-04-13,US,paid_search,239.64
2024-04-13,US,organic,12.97
2024-04-13,US,social,103.18
2024-04-13,US,email,12.24
2024-04-13,US,referral,16.15
2024-04-14,US,paid_search,189.83
2024-04-14,US,organic,25.05
2024-04-14,US,social,70.99
2024-04-14,US,email,9.38
2024-04-14,US,referral,24.43
2024-04-15,US,paid_search,176.07
2024-04-15,US,organic,22.74
2024-04-15,US,social,111.37
2024-04-15,US,email,14.78
2024-04-15,US,referral,36.6
2024-04-16,US,paid_search,190.09
2024-04-16,US,organic,18.27
2024-04-16,US,social,53.74
2024-04-16,US,email,14.02
2024-04-16,US,referral,22.9
2024-04-17,US,paid_search,223.21
2024-04-17,US,organic,22.31
2024-04-17,US,social,63.46
2024-04-17,US,email,15.65
2024-04-17,US,referral,29.2
2024-04-18,US,paid_search,248.76
2024-04-18,US,organic,24.44
2024-04-18,US,social,107.12
2024-04-18,US,email,15.23
2024-04-18,US,referral,27.43
2024-04-19,US,paid_search,236.23
2024-04-19,US,organic,13.34
2024-04-19,US,social,82.14
2024-04-19,US,email,12.1
2024-04-19,US,referral,27.37
2024-04-20,US,paid_search,235.36
2024-04-20,US,organic,17.02
2024-04-20,US,social,36.22
2024-04-20,US,email,13.45
2024-04-20,US,referral,30.71
2024-04-21,US,paid_search,204.19
2024-04-21,US,organic,22.14
2024-04-21,US,social,83.7
2024-04-21,US,email,10.2
2024-04-21,US,referral,28.22
2024-04-22,US,paid_search,142.46
2024-04-22,US,organic,30.92
2024-04-22,US,social,102.84
2024-04-22,US,email,12.82
2024-04-22,US,referral,21.18
2024-04-23,US,paid_search,175.82
2024-04-23,US,organic,18.8
2024-04-23,US,social,115.13
2024-04-23,US,email,15.7
2024-04-23,US,referral,20.43
2024-04-24,US,paid_search,265.07
2024-04-24,US,organic,20.25
2024-04-24,US,social,107.3
2024-04-24,US,email,12.72
2024-04-24,US,referral,27.27
2024-04-25,US,paid_search,194.0
2024-04-25,US,organic,10.55
2024-04-25,US,social,135.34
2024-04-25,US,email,19.84
2024-04-25,US,referral,22.52
2024-04-26,US,paid_search,130.4
2024-04-26,US,organic,21.74
2024-04-26,US,social,91.95
2024-04-26,US,email,16.33
2024-04-26,US,referral,26.2
2024-04-27,US,paid_search,202.78
2024-04-27,US,organic,27.24
2024-04-27,US,social,102.78
2024-04-27,US,email,11.06
2024-04-27,US,referral,33.52
2024-04-28,US,paid_search,253.83
2024-04-28,US,organic,35.76
2024-04-28,US,social,64.72
2024-04-28,US,email,15.91
2024-04-28,US,referral,11.99
2024-04-29,US,paid_search,204.89
2024-04-29,US,organic,17.26
2024-04-29,US,social,133.28
2024-04-29,US,email,12.1
2024-04-29,US,referral,14.44
2024-04-30,US,paid_search,158.79
2024-04-30,US,organic,10.12
2024-04-30,US,social,106.9
2024-04-30,US,email,7.26
2024-04-30,US,referral,25.18
2024-05-01,US,paid_search,86.5
2024-05-01,US,organic,18.4
2024-05-01,US,social,126.98
2024-05-01,US,email,16.35
2024-05-01,US,referral,19.6
2024-05-02,US,paid_search,178.6
2024-05-02,US,organic,20.09
2024-05-02,US,social,100.63
2024-05-02,US,email,9.87
2024-05-02,US,referral,28.7
2024-05-03,US,paid_search,58.3
2024-05-03,US,organic,16.85
2024-05-03,US,social,79.01
2024-05-03,US,email,17.37
2024-05-03,US,referral,25.14
2024-05-04,US,paid_search,116.75
2024-05-04,US,organic,15.08
2024-05-04,US,social,94.47
2024-05-04,US,email,14.7
2024-05-04,US,referral,21.38
2024-05-05,US,paid_search,158.36
2024-05-05,US,organic,23.48
2024-05-05,US,social,78.35
2024-05-05,US,email,14.67
2024-05-05,US,referral,38.56
2024-05-06,US,paid_search,115.93
2024-05-06,US,organic,10.74
2024-05-06,US,social,107.63
2024-05-06,US,email,12.46
2024-05-06,US,referral,23.01
2024-05-07,US,paid_search,144.85
2024-05-07,US,organic,18.7
2024-05-07,US,social,125.97
2024-05-07,US,email,18.01
2024-05-07,US,referral,30.39
2024-05-08,US,paid_search,116.27
2024-05-08,US,organic,14.24
2024-05-08,US,social,26.12
2024-05-08,US,email,11.96
2024-05-08,US,referral,30.98
2024-05-09,US,paid_search,203.26
2024-05-09,US,organic,18.89
2024-05-09,US,social,89.5
2024-05-09,US,email,12.42
2024-05-09,US,referral,26.28
2024-05-10,US,paid_search,214.46
2024-05-10,US,organic,11.92
2024-05-10,US,social,96.74
2024-05-10,US,email,18.5
2024-05-10,US,referral,22.41
2024-05-11,US,paid_search,211.53
2024-05-11,US,organic,34.07
2024-05-11,US,social,87.65
2024-05-11,US,email,16.47
2024-05-11,US,referral,20.39
2024-05-12,US,paid_search,188.16
2024-05-12,US,organic,22.3
2024-05-12,US,social,94.38
2024-05-12,US,email,11.18
2024-05-12,US,referral,26.29
2024-05-13,US,paid_search,245.8
2024-05-13,US,organic,22.24
2024-05-13,US,social,111.64
2024-05-13,US,email,14.11
2024-05-13,US,referral,29.69
2024-05-14,US,paid_search,192.57
2024-05-14,US,organic,15.25
2024-05-14,US,social,97.17
2024-05-14,US,email,11.28
2024-05-14,US,referral,21.04
2024-05-15,US,paid_search,188.52
2024-05-15,US,organic,21.49
2024-05-15,US,social,63.24
2024-05-15,US,email,18.95
2024-05-15,US,referral,28.58
2024-05-16,US,paid_search,148.29
2024-05-16,US,organic,12.31
2024-05-16,US,social,86.74
2024-05-16,US,email,13.33
2024-05-16,US,referral,25.71
2024-05-17,US,paid_search,163.66
2024-05-17,US,organic,9.96
2024-05-17,US,social,81.26
2024-05-17,US,email,13.85
2024-05-17,US,referral,28.96
2024-05-18,US,paid_search,148.58
2024-05-18,US,organic,28.39
2024-05-18,US,social,46.99
2024-05-18,US,email,19.92
2024-05-18,US,referral,23.6
2024-05-19,US,paid_search,218.68
2024-05-19,US,organic,20.4
2024-05-19,US,social,115.64
2024-05-19,US,email,13.55
2024-05-19,US,referral,18.13
2024-05-20,US,paid_search,243.92
2024-05-20,US,organic,19.43
2024-05-20,US,social,94.99
2024-05-20,US,email,19.63
2024-05-20,US,referral,18.55
2024-05-21,US,paid_search,206.8
2024-05-21,US,organic,17.05
2024-05-21,US,social,87.03
2024-05-21,US,email,15.27
2024-05-21,US,referral,15.62
2024-05-22,US,paid_search,144.95
2024-05-22,US,organic,26.76
2024-05-22,US,social,109.94
2024-05-22,US,email,14.77
2024-05-22,US,referral,26.52
2024-05-23,US,paid_search,166.76
2024-05-23,US,organic,26.78
2024-05-23,US,social,85.49
2024-05-23,US,email,15.87
2024-05-23,US,referral,32.16
2024-05-24,US,paid_search,145.02
2024-05-24,US,organic,27.79
2024-05-24,US,social,55.56
2024-05-24,US,email,21.11
2024-05-24,US,referral,22.67
2024-05-25,US,paid_search,169.08
2024-05-25,US,organic,10.55
2024-05-25,US,social,79.77
2024-05-25,US,email,11.1
2024-05-25,US,referral,21.2
2024-05-26,US,paid_search,173.82
2024-05-26,US,organic,24.79
2024-05-26,US,social,94.67
2024-05-26,US,email,16.15
2024-05-26,US,referral,18.15
2024-05-27,US,paid_search,140.37
2024-05-27,US,organic,28.99
2024-05-27,US,social,73.46
2024-05-27,US,email,21.21
2024-05-27,US,referral,23.48
2024-05-28,US,paid_search,180.1
2024-05-28,US,organic,25.35
2024-05-28,US,social,118.62
2024-05-28,US,email,14.58
2024-05-28,US,referral,22.57
2024-05-29,US,paid_search,177.48
2024-05-29,US,organic,21.69
2024-05-29,US,social,110.05
2024-05-29,US,email,15.02
2024-05-29,US,referral,28.87
2024-05-30,US,paid_search,253.73
2024-05-30,US,organic,21.91
2024-05-30,US,social,97.01
2024-05-30,US,email,9.3
2024-05-30,US,referral,8.56
2024-05-31,US,paid_search,197.48
2024-05-31,US,organic,19.53
2024-05-31,US,social,78.42
2024-05-31,US,email,15.91
2024-05-31,US,referral,24.62
2024-06-01,US,paid_search,230.75
2024-06-01,US,organic,20.43
2024-06-01,US,social,73.19
2024-06-01,US,email,18.71
2024-06-01,US,referral,23.64
2024-06-02,US,paid_search,203.69
2024-06-02,US,organic,17.61
2024-06-02,US,social,75.38
2024-06-02,US,email,15.32
2024-06-02,US,referral,25.08
2024-06-03,US,paid_search,201.59
2024-06-03,US,organic,18.66
2024-06-03,US,social,48.68
2024-06-03,US,email,13.38
2024-06-03,US,referral,29.96
2024-06-04,US,paid_search,166.62
2024-06-04,US,organic,18.77
2024-06-04,US,social,112.19
2024-06-04,US,email,12.33
2024-06-04,US,referral,15.36
2024-06-05,US,paid_search,172.77
2024-06-05,US,organic,17.58
2024-06-05,US,social,68.26
2024-06-05,US,email,14.34
2024-06-05,US,referral,28.07
2024-06-06,US,paid_search,179.58
2024-06-06,US,organic,21.53
2024-06-06,US,social,130.8
2024-06-06,US,email,13.71
2024-06-06,US,referral,26.74
2024-06-07,US,paid_search,157.09
2024-06-07,US,organic,15.77
2024-06-07,US,social,76.84
2024-06-07,US,email,13.2
2024-06-07,US,referral,27.25
2024-06-08,US,paid_search,285.71
2024-06-08,US,organic,16.42
2024-06-08,US,social,80.63
2024-06-08,US,email,14.76
2024-06-08,US,referral,27.47
2024-06-09,US,paid_search,191.86
2024-06-09,US,organic,26.42
2024-06-09,US,social,35.41
2024-06-09,US,email,6.05
2024-06-09,US,referral,21.9
2024-06-10,US,paid_search,229.38
2024-06-10,US,organic,12.17
2024-06-10,US,social,22.33
2024-06-10,US,email,17.14
2024-06-10,US,referral,26.52
2024-06-11,US,paid_search,130.94
2024-06-11,US,organic,15.07
2024-06-11,US,social,68.18
2024-06-11,US,email,15.41
2024-06-11,US,referral,21.09
2024-06-12,US,paid_search,202.23
2024-06-12,US,organic,5.73
2024-06-12,US,social,70.72
2024-06-12,US,email,10.78
2024-06-12,US,referral,23.4
2024-06-13,US,paid_search,155.79
2024-06-13,US,organic,23.99
2024-06-13,US,social,48.16
2024-06-13,US,email,15.17
2024-06-13,US,referral,28.49
2024-06-14,US,paid_search,263.55
2024-06-14,US,organic,17.59
2024-06-14,US,social,97.3
2024-06-14,US,email,8.24
2024-06-14,US,referral,10.05
2024-06-15,US,paid_search,218.01
2024-06-15,US,organic,19.97
2024-06-15,US,social,116.52
2024-06-15,US,email,9.85
2024-06-15,US,referral,28.25
2024-06-16,US,paid_search,264.1
2024-06-16,US,organic,22.1
2024-06-16,US,social,96.22
2024-06-16,US,email,15.03
2024-06-16,US,referral,15.18
2024-06-17,US,paid_search,241.0
2024-06-17,US,organic,16.95
2024-06-17,US,social,101.35
2024-06-17,US,email,9.14
2024-06-17,US,referral,17.63
2024-06-18,US,paid_search,244.58
2024-06-18,US,organic,18.26
2024-06-18,US,social,122.7
2024-06-18,US,email,14.71
2024-06-18,US,referral,13.49
2024-06-19,US,paid_search,220.14
2024-06-19,US,organic,17.05
2024-06-19,US,social,105.72
2024-06-19,US,email,15.09
2024-06-19,US,referral,15.36
2024-06-20,US,paid_search,187.39
2024-06-20,US,organic,30.98
2024-06-20,US,social,101.09
2024-06-20,US,email,14.78
2024-06-20,US,referral,31.72
2024-06-21,US,paid_search,189.48
2024-06-21,US,organic,21.05
2024-06-21,US,social,65.44
2024-06-21,US,email,15.88
2024-06-21,US,referral,31.47
2024-06-22,US,paid_search,142.38
2024-06-22,US,organic,27.12
2024-06-22,US,social,87.94
2024-06-22,US,email,11.67
2024-06-22,US,referral,31.24
2024-06-23,US,paid_search,167.09
2024-06-23,US,organic,23.8
2024-06-23,US,social,83.44
2024-06-23,US,email,14.78
2024-06-23,US,referral,28.08
2024-06-24,US,paid_search,193.09
2024-06-24,US,organic,10.02
2024-06-24,US,social,64.77
2024-06-24,US,email,18.49
2024-06-24,US,referral,24.17
2024-06-25,US,paid_search,156.43
2024-06-25,US,organic,13.21
2024-06-25,US,social,65.71
2024-06-25,US,email,7.42
2024-06-25,US,referral,24.37
2024-06-26,US,paid_search,153.07
2024-06-26,US,organic,15.17
2024-06-26,US,social,88.47
2024-06-26,US,email,16.36
2024-06-26,US,referral,38.08
2024-06-27,US,paid_search,111.97
2024-06-27,US,organic,25.8
2024-06-27,US,social,111.89
2024-06-27,US,email,12.08
2024-06-27,US,referral,26.27
2024-06-28,US,paid_search,159.41
2024-06-28,US,organic,20.93
2024-06-28,US,social,123.96
2024-06-28,US,email,17.27
2024-06-28,US,referral,28.18
2024-06-29,US,paid_search,160.64
2024-06-29,US,organic,12.58
2024-06-29,US,social,85.31
2024-06-29,US,email,19.52
2024-06-29,US,referral,15.46
2024-06-30,US,paid_search,132.52
2024-06-30,US,organic,20.63
2024-06-30,US,social,67.85
2024-06-30,US,email,12.03
2024-06-30,US,referral,22.35
2024-07-01,US,paid_search,118.55
2024-07-01,US,organic,15.13
2024-07-01,US,social,105.83
2024-07-01,US,email,10.1
2024-07-01,US,referral,15.01
2024-07-02,US,paid_search,151.65
2024-07-02,US,organic,23.66
2024-07-02,US,social,85.57
2024-07-02,US,email,13.26
2024-07-02,US,referral,25.28
2024-07-03,US,paid_search,101.44
2024-07-03,US,organic,22.47
2024-07-03,US,social,98.63
2024-07-03,US,email,13.47
2024-07-03,US,referral,31.29
2024-07-04,US,paid_search,129.26
2024-07-04,US,organic,25.64
2024-07-04,US,social,93.48
2024-07-04,US,email,13.74
2024-07-04,US,referral,24.88
2024-07-05,US,paid_search,175.17
2024-07-05,US,organic,26.1
2024-07-05,US,social,65.77
2024-07-05,US,email,12.14
2024-07-05,US,referral,31.48
2024-07-06,US,paid_search,153.2
2024-07-06,US,organic,24.5
2024-07-06,US,social,128.24
2024-07-06,US,email,13.49
2024-07-06,US,referral,29.26
2024-07-07,US,paid_search,128.08
2024-07-07,US,organic,23.77
2024-07-07,US,social,94.49
2024-07-07,US,email,16.77
2024-07-07,US,referral,20.97
2024-07-08,US,paid_search,105.25
2024-07-08,US,organic,22.52
2024-07-08,US,social,43.57
2024-07-08,US,email,13.81
2024-07-08,US,referral,30.88
2024-07-09,US,paid_search,188.64
2024-07-09,US,organic,29.74
2024-07-09,US,social,113.06
2024-07-09,US,email,12.55
2024-07-09,US,referral,25.17
2024-07-10,US,paid_search,177.87
2024-07-10,US,organic,12.09
2024-07-10,US,social,68.84
2024-07-10,US,email,12.9
2024-07-10,US,referral,12.27
2024-07-11,US,paid_search,182.14
2024-07-11,US,organic,18.75
2024-07-11,US,social,52.36
2024-07-11,US,email,16.52
2024-07-11,US,referral,29.47
2024-07-12,US,paid_search,190.22
2024-07-12,US,organic,18.38
2024-07-12,US,social,103.31
2024-07-12,US,email,17.55
2024-07-12,US,referral,26.92
2024-07-13,US,paid_search,142.89
2024-07-13,US,organic,21.38
2024-07-13,US,social,116.9
2024-07-13,US,email,12.76
2024-07-13,US,referral,38.11
2024-07-14,US,paid_search,156.35
2024-07-14,US,organic,20.16
2024-07-14,US,social,74.87
2024-07-14,US,email,15.84
2024-07-14,US,referral,14.11
2024-07-15,US,paid_search,155.43
2024-07-15,US,organic,14.54
2024-07-15,US,social,93.05
2024-07-15,US,email,18.73
2024-07-15,US,referral,29.04
2024-07-16,US,paid_search,73.28
2024-07-16,US,organic,30.21
2024-07-16,US,social,96.64
2024-07-16,US,email,12.09
2024-07-16,US,referral,25.98
2024-07-17,US,paid_search,187.93
2024-07-17,US,organic,16.67
2024-07-17,US,social,94.45
2024-07-17,US,email,12.72
2024-07-17,US,referral,22.47
2024-07-18,US,paid_search,149.12
2024-07-18,US,organic,12.84
2024-07-18,US,social,93.28
2024-07-18,US,email,17.19
2024-07-18,US,referral,28.22
2024-07-19,US,paid_search,216.9
2024-07-19,US,organic,21.62
2024-07-19,US,social,78.01
2024-07-19,US,email,18.15
2024-07-19,US,referral,16.52
2024-07-20,US,paid_search,139.47
2024-07-20,US,organic,15.18
2024-07-20,US,social,114.3
2024-07-20,US,email,18.54
2024-07-20,US,referral,28.05
2024-07-21,US,paid_search,228.24
2024-07-21,US,organic,15.6
2024-07-21,US,social,97.84
2024-07-21,US,email,14.53
2024-07-21,US,referral,30.29
2024-07-22,US,paid_search,174.81
2024-07-22,US,organic,18.08
2024-07-22,US,social,102.17
2024-07-22,US,email,18.29
2024-07-22,US,referral,20.82
2024-07-23,US,paid_search,177.25
2024-07-23,US,organic,14.71
2024-07-23,US,social,33.79
2024-07-23,US,email,15.75
2024-07-23,US,referral,28.81
2024-07-24,US,paid_search,191.79
2024-07-24,US,organic,10.25
2024-07-24,US,social,82.11
2024-07-24,US,email,6.68
2024-07-24,US,referral,33.56
2024-07-25,US,paid_search,131.13
2024-07-25,US,organic,26.28
2024-07-25,US,social,111.28
2024-07-25,US,email,11.62
2024-07-25,US,referral,17.92
2024-07-26,US,paid_search,195.77
2024-07-26,US,organic,15.78
2024-07-26,US,social,92.31
2024-07-26,US,email,13.19
2024-07-26,US,referral,13.87
2024-07-27,US,paid_search,79.63
2024-07-27,US,organic,21.13
2024-07-27,US,social,77.36
2024-07-27,US,email,12.93
2024-07-27,US,referral,29.35
2024-07-28,US,paid_search,232.8
2024-07-28,US,organic,18.64
2024-07-28,US,social,82.34
2024-07-28,US,email,16.88
2024-07-28,US,referral,16.52
2024-07-29,US,paid_search,190.04
2024-07-29,US,organic,22.76
2024-07-29,US,social,105.31
2024-07-29,US,email,7.74
2024-07-29,US,referral,20.24
2024-07-30,US,paid_search,140.48
2024-07-30,US,organic,20.5
2024-07-30,US,social,100.82
2024-07-30,US,email,20.61
2024-07-30,US,referral,21.91
2024-07-31,US,paid_search,157.61
2024-07-31,US,organic,25.75
2024-07-31,US,social,96.67
2024-07-31,US,email,19.75
2024-07-31,US,referral,26.8
2024-08-01,US,paid_search,127.93
2024-08-01,US,organic,13.33
2024-08-01,US,social,55.09
2024-08-01,US,email,17.48
2024-08-01,US,referral,32.43
2024-08-02,US,paid_search,263.22
2024-08-02,US,organic,24.22
2024-08-02,US,social,116.16
2024-08-02,US,email,12.82
2024-08-02,US,referral,17.77
2024-08-03,US,paid_search,218.25
2024-08-03,US,organic,22.09
2024-08-03,US,social,92.42
2024-08-03,US,email,16.45
2024-08-03,US,referral,27.02
2024-08-04,US,paid_search,237.77
2024-08-04,US,organic,26.47
2024-08-04,US,social,102.24
2024-08-04,US,email,18.17
2024-08-04,US,referral,28.21
2024-08-05,US,paid_search,159.25
2024-08-05,US,organic,23.78
2024-08-05,US,social,58.62
2024-08-05,US,email,18.95
2024-08-05,US,referral,17.53
2024-08-06,US,paid_search,192.86
2024-08-06,US,organic,15.77
2024-08-06,US,social,102.45
2024-08-06,US,email,14.87
2024-08-06,US,referral,15.03
2024-08-07,US,paid_search,198.93
2024-08-07,US,organic,17.11
2024-08-07,US,social,109.83
2024-08-07,US,email,15.0
2024-08-07,US,referral,27.47
2024-08-08,US,paid_search,136.91
2024-08-08,US,organic,17.05
2024-08-08,US,social,79.68
2024-08-08,US,email,18.21
2024-08-08,US,referral,35.48
2024-08-09,US,paid_search,143.77
2024-08-09,US,organic,25.38
2024-08-09,US,social,41.18
2024-08-09,US,email,10.52
2024-08-09,US,referral,19.01
2024-08-10,US,paid_search,119.14
2024-08-10,US,organic,12.08
2024-08-10,US,social,99.29
2024-08-10,US,email,14.2
2024-08-10,US,referral,27.37
2024-08-11,US,paid_search,211.07
2024-08-11,US,organic,21.33
2024-08-11,US,social,104.8
2024-08-11,US,email,14.74
2024-08-11,US,referral,17.58
2024-08-12,US,paid_search,227.6
2024-08-12,US,organic,17.05
2024-08-12,US,social,68.95
2024-08-12,US,email,14.33
2024-08-12,US,referral,19.29
2024-08-13,US,paid_search,161.22
2024-08-13,US,organic,21.72
2024-08-13,US,social,97.84
2024-08-13,US,email,11.63
2024-08-13,US,referral,21.95
2024-08-14,US,paid_search,228.34
2024-08-14,US,organic,22.48
2024-08-14,US,social,136.69
2024-08-14,US,email,19.43
2024-08-14,US,referral,32.15
2024-08-15,US,paid_search,117.55
2024-08-15,US,organic,23.82
2024-08-15,US,social,88.81
2024-08-15,US,email,12.93
2024-08-15,US,referral,26.05
2024-08-16,US,paid_search,222.53
2024-08-16,US,organic,22.5
2024-08-16,US,social,70.23
2024-08-16,US,email,17.78
2024-08-16,US,referral,21.02
2024-08-17,US,paid_search,189.75
2024-08-17,US,organic,18.48
2024-08-17,US,social,85.08
2024-08-17,US,email,17.87
2024-08-17,US,referral,18.5
2024-08-18,US,paid_search,267.53
2024-08-18,US,organic,10.89
2024-08-18,US,social,76.55
2024-08-18,US,email,16.39
2024-08-18,US,referral,28.65
2024-08-19,US,paid_search,175.48
2024-08-19,US,organic,19.71
2024-08-19,US,social,99.24
2024-08-19,US,email,14.13
2024-08-19,US,referral,33.71
2024-08-20,US,paid_search,217.77
2024-08-20,US,organic,24.36
2024-08-20,US,social,68.26
2024-08-20,US,email,14.7
2024-08-20,US,referral,23.12
2024-08-21,US,paid_search,134.75
2024-08-21,US,organic,21.8
2024-08-21,US,social,77.9
2024-08-21,US,email,17.46
2024-08-21,US,referral,18.31
2024-08-22,US,paid_search,257.36
2024-08-22,US,organic,15.52
2024-08-22,US,social,94.93
2024-08-22,US,email,17.97
2024-08-22,US,referral,21.43
2024-08-23,US,paid_search,218.36
2024-08-23,US,organic,13.85
2024-08-23,US,social,122.67
2024-08-23,US,email,15.05
2024-08-23,US,referral,21.27
2024-08-24,US,paid_search,166.54
2024-08-24,US,organic,24.04
2024-08-24,US,social,76.85
2024-08-24,US,email,12.19
2024-08-24,US,referral,23.62
2024-08-25,US,paid_search,127.04
2024-08-25,US,organic,29.1
2024-08-25,US,social,77.26
2024-08-25,US,email,18.12
2024-08-25,US,referral,26.31
2024-08-26,US,paid_search,135.7
2024-08-26,US,organic,19.97
2024-08-26,US,social,107.64
2024-08-26,US,email,14.29
2024-08-26,US,referral,32.46
2024-08-27,US,paid_search,225.97
2024-08-27,US,organic,24.59
2024-08-27,US,social,79.66
2024-08-27,US,email,10.95
2024-08-27,US,referral,21.17
2024-08-28,US,paid_search,188.83
2024-08-28,US,organic,22.73
2024-08-28,US,social,41.14
2024-08-28,US,email,14.97
2024-08-28,US,referral,25.99
2024-08-29,US,paid_search,167.51
2024-08-29,US,organic,26.46
2024-08-29,US,social,99.49
2024-08-29,US,email,19.91
2024-08-29,US,referral,23.65
2024-08-30,US,paid_search,222.19
2024-08-30,US,organic,28.18
2024-08-30,US,social,119.51
2024-08-30,US,email,10.9
2024-08-30,US,referral,23.41
2024-08-31,US,paid_search,164.47
2024-08-31,US,organic,22.45
2024-08-31,US,social,105.44
2024-08-31,US,email,11.85
2024-08-31,US,referral,25.42
2024-09-01,US,paid_search,89.1
2024-09-01,US,organic,27.21
2024-09-01,US,social,78.47
2024-09-01,US,email,15.21
2024-09-01,US,referral,23.06
2024-09-02,US,paid_search,231.57
2024-09-02,US,organic,5.81
2024-09-02,US,social,89.63
2024-09-02,US,email,14.6
2024-09-02,US,referral,22.16
2024-09-03,US,paid_search,257.68
2024-09-03,US,organic,15.56
2024-09-03,US,social,107.37
2024-09-03,US,email,16.34
2024-09-03,US,referral,32.88
2024-09-04,US,paid_search,149.98
2024-09-04,US,organic,16.34
2024-09-04,US,social,114.66
2024-09-04,US,email,16.59
2024-09-04,US,referral,15.34
2024-09-05,US,paid_search,155.73
2024-09-05,US,organic,21.93
2024-09-05,US,social,108.85
2024-09-05,US,email,12.45
2024-09-05,US,referral,6.79
2024-09-06,US,paid_search,203.55
2024-09-06,US,organic,13.9
2024-09-06,US,social,44.61
2024-09-06,US,email,4.38
2024-09-06,US,referral,30.09
2024-09-07,US,paid_search,185.79
2024-09-07,US,organic,18.87
2024-09-07,US,social,121.25
2024-09-07,US,email,17.39
2024-09-07,US,referral,35.1
2024-09-08,US,paid_search,117.33
2024-09-08,US,organic,19.83
2024-09-08,US,social,53.62
2024-09-08,US,email,14.14
2024-09-08,US,referral,23.45
2024-09-09,US,paid_search,208.2
2024-09-09,US,organic,20.23
2024-09-09,US,social,104.03
2024-09-09,US,email,17.64
2024-09-09,US,referral,38.47
2024-09-10,US,paid_search,165.81
2024-09-10,US,organic,15.29
2024-09-10,US,social,95.54
2024-09-10,US,email,11.99
2024-09-10,US,referral,34.26
2024-09-11,US,paid_search,167.26
2024-09-11,US,organic,17.17
2024-09-11,US,social,79.4
2024-09-11,US,email,17.69
2024-09-11,US,referral,24.01
2024-09-12,US,paid_search,151.12
2024-09-12,US,organic,28.33
2024-09-12,US,social,70.74
2024-09-12,US,email,15.13
2024-09-12,US,referral,29.08
2024-09-13,US,paid_search,106.59
2024-09-13,US,organic,22.4
2024-09-13,US,social,66.26
2024-09-13,US,email,18.09
2024-09-13,US,referral,18.98
2024-09-14,US,paid_search,211.17
2024-09-14,US,organic,25.53
2024-09-14,US,social,109.38
2024-09-14,US,email,15.94
2024-09-14,US,referral,23.55
2024-09-15,US,paid_search,154.06
2024-09-15,US,organic,27.36
2024-09-15,US,social,74.26
2024-09-15,US,email,11.11
2024-09-15,US,referral,29.16
2024-09-16,US,paid_search,144.17
2024-09-16,US,organic,15.25
2024-09-16,US,social,57.52
2024-09-16,US,email,13.19
2024-09-16,US,referral,24.48
2024-09-17,US,paid_search,190.94
2024-09-17,US,organic,24.76
2024-09-17,US,social,101.86
2024-09-17,US,email,14.28
2024-09-17,US,referral,23.76
2024-09-18,US,paid_search,202.96
2024-09-18,US,organic,26.36
2024-09-18,US,social,92.84
2024-09-18,US,email,13.24
2024-09-18,US,referral,18.79
2024-09-19,US,paid_search,114.97
2024-09-19,US,organic,23.33
2024-09-19,US,social,103.0
2024-09-19,US,email,17.17
2024-09-19,US,referral,24.2
2024-09-20,US,paid_search,243.31
2024-09-20,US,organic,17.58
2024-09-20,US,social,111.49
2024-09-20,US,email,14.85
2024-09-20,US,referral,21.2
2024-09-21,US,paid_search,206.66
2024-09-21,US,organic,22.05
2024-09-21,US,social,98.03
2024-09-21,US,email,15.3
2024-09-21,US,referral,24.76
2024-09-22,US,paid_search,287.48
2024-09-22,US,organic,25.92
2024-09-22,US,social,106.26
2024-09-22,US,email,15.42
2024-09-22,US,referral,31.29
2024-09-23,US,paid_search,203.31
2024-09-23,US,organic,20.13
2024-09-23,US,social,83.17
2024-09-23,US,email,14.7
2024-09-23,US,referral,5.18
2024-09-24,US,paid_search,189.48
2024-09-24,US,organic,17.56
2024-09-24,US,social,125.84
2024-09-24,US,email,15.07
2024-09-24,US,referral,17.57
2024-09-25,US,paid_search,177.76
2024-09-25,US,organic,14.77
2024-09-25,US,social,100.65
2024-09-25,US,email,16.09
2024-09-25,US,referral,30.99
2024-09-26,US,paid_search,144.41
2024-09-26,US,organic,20.17
2024-09-26,US,social,59.29
2024-09-26,US,email,17.63
2024-09-26,US,referral,28.24
2024-09-27,US,paid_search,202.31
2024-09-27,US,organic,20.01
2024-09-27,US,social,99.33
2024-09-27,US,email,21.02
2024-09-27,US,referral,23.22
2024-09-28,US,paid_search,186.24
2024-09-28,US,organic,14.57
2024-09-28,US,social,70.46
2024-09-28,US,email,15.37
2024-09-28,US,referral,31.9
2024-09-29,US,paid_search,168.47
2024-09-29,US,organic,18.82
2024-09-29,US,social,80.85
2024-09-29,US,email,12.99
2024-09-29,US,referral,26.84
2024-09-30,US,paid_search,112.62
2024-09-30,US,organic,26.4
2024-09-30,US,social,75.03
2024-09-30,US,email,17.71
2024-09-30,US,referral,17.06
2024-10-01,US,paid_search,210.1
2024-10-01,US,organic,23.36
2024-10-01,US,social,98.64
2024-10-01,US,email,11.27
2024-10-01,US,referral,26.56
2024-10-02,US,paid_search,126.76
2024-10-02,US,organic,18.74
2024-10-02,US,social,113.16
2024-10-02,US,email,17.99
2024-10-02,US,referral,25.09
2024-10-03,US,paid_search,136.13
2024-10-03,US,organic,23.23
2024-10-03,US,social,90.44
2024-10-03,US,email,6.3
2024-10-03,US,referral,29.89
2024-10-04,US,paid_search,178.91
2024-10-04,US,organic,26.01
2024-10-04,US,social,65.36
2024-10-04,US,email,3.09
2024-10-04,US,referral,26.74
2024-10-05,US,paid_search,193.12
2024-10-05,US,organic,11.55
2024-10-05,US,social,67.98
2024-10-05,US,email,25.33
2024-10-05,US,referral,23.09
2024-10-06,US,paid_search,212.89
2024-10-06,US,organic,16.75
2024-10-06,US,social,42.97
2024-10-06,US,email,14.36
2024-10-06,US,referral,23.34
2024-10-07,US,paid_search,162.01
2024-10-07,US,organic,19.43
2024-10-07,US,social,95.95
2024-10-07,US,email,14.44
2024-10-07,US,referral,17.1
2024-10-08,US,paid_search,201.88
2024-10-08,US,organic,10.25
2024-10-08,US,social,43.87
2024-10-08,US,email,17.77
2024-10-08,US,referral,28.17
2024-10-09,US,paid_search,177.42
2024-10-09,US,organic,13.02
2024-10-09,US,social,74.07
2024-10-09,US,email,14.01
2024-10-09,US,referral,15.03
2024-10-10,US,paid_search,146.74
2024-10-10,US,organic,23.26
2024-10-10,US,social,122.11
2024-10-10,US,email,13.43
2024-10-10,US,referral,29.73
2024-10-11,US,paid_search,93.87
2024-10-11,US,organic,23.3
2024-10-11,US,social,71.91
2024-10-11,US,email,16.15
2024-10-11,US,referral,23.45
2024-10-12,US,paid_search,239.42
2024-10-12,US,organic,15.63
2024-10-12,US,social,104.12
2024-10-12,US,email,13.95
2024-10-12,US,referral,24.01
2024-10-13,US,paid_search,171.73
2024-10-13,US,organic,15.77
2024-10-13,US,social,89.68
2024-10-13,US,email,14.77
2024-10-13,US,referral,26.51
2024-10-14,US,paid_search,183.8
2024-10-14,US,organic,23.99
2024-10-14,US,social,110.78
2024-10-14,US,email,11.06
2024-10-14,US,referral,30.43
2024-10-15,US,paid_search,126.61
2024-10-15,US,organic,22.94
2024-10-15,US,social,103.94
2024-10-15,US,email,7.83
2024-10-15,US,referral,25.58
2024-10-16,US,paid_search,158.92
2024-10-16,US,organic,16.21
2024-10-16,US,social,120.39
2024-10-16,US,email,12.55
2024-10-16,US,referral,19.96
2024-10-17,US,paid_search,183.41
2024-10-17,US,organic,23.43
2024-10-17,US,social,86.81
2024-10-17,US,email,19.37
2024-10-17,US,referral,28.32
2024-10-18,US,paid_search,81.98
2024-10-18,US,organic,17.35
2024-10-18,US,social,77.36
2024-10-18,US,email,16.8
2024-10-18,US,referral,8.59
2024-10-19,US,paid_search,294.71
2024-10-19,US,organic,22.66
2024-10-19,US,social,93.35
2024-10-19,US,email,19.43
2024-10-19,US,referral,39.65
2024-10-20,US,paid_search,219.18
2024-10-20,US,organic,24.74
2024-10-20,US,social,92.94
2024-10-20,US,email,14.47
2024-10-20,US,referral,22.03
2024-10-21,US,paid_search,142.82
2024-10-21,US,organic,16.56
2024-10-21,US,social,59.61
2024-10-21,US,email,14.72
2024-10-21,US,referral,14.47
2024-10-22,US,paid_search,188.59
2024-10-22,US,organic,19.82
2024-10-22,US,social,93.31
2024-10-22,US,email,13.04
2024-10-22,US,referral,44.23
2024-10-23,US,paid_search,241.21
2024-10-23,US,organic,13.78
2024-10-23,US,social,95.24
2024-10-23,US,email,12.72
2024-10-23,US,referral,18.66
2024-10-24,US,paid_search,119.7
2024-10-24,US,organic,22.16
2024-10-24,US,social,74.67
2024-10-24,US,email,18.63
2024-10-24,US,referral,31.21
2024-10-25,US,paid_search,241.83
2024-10-25,US,organic,15.74
2024-10-25,US,social,100.7
2024-10-25,US,email,17.37
2024-10-25,US,referral,22.04
2024-10-26,US,paid_search,145.27
2024-10-26,US,organic,28.05
2024-10-26,US,social,95.12
2024-10-26,US,email,17.38
2024-10-26,US,referral,19.86
2024-10-27,US,paid_search,125.13
2024-10-27,US,organic,17.15
2024-10-27,US,social,87.21
2024-10-27,US,email,11.01
2024-10-27,US,referral,24.94
2024-10-28,US,paid_search,104.02
2024-10-28,US,organic,14.4
2024-10-28,US,social,105.1
2024-10-28,US,email,17.26
2024-10-28,US,referral,22.55
2024-10-29,US,paid_search,134.2
2024-10-29,US,organic,14.86
2024-10-29,US,social,81.6
2024-10-29,US,email,17.42
2024-10-29,US,referral,30.8
2024-10-30,US,paid_search,157.66
2024-10-30,US,organic,14.23
2024-10-30,US,social,96.03
2024-10-30,US,email,11.91
2024-10-30,US,referral,21.76
2024-10-31,US,paid_search,239.64
2024-10-31,US,organic,24.14
2024-10-31,US,social,93.55
2024-10-31,US,email,10.23
2024-10-31,US,referral,26.32
2024-11-01,US,paid_search,227.82
2024-11-01,US,organic,18.12
2024-11-01,US,social,120.4
2024-11-01,US,email,19.85
2024-11-01,US,referral,35.4
2024-11-02,US,paid_search,193.74
2024-11-02,US,organic,22.94
2024-11-02,US,social,121.82
2024-11-02,US,email,16.68
2024-11-02,US,referral,21.87
2024-11-03,US,paid_search,159.82
2024-11-03,US,organic,21.19
2024-11-03,US,social,60.96
2024-11-03,US,email,14.46
2024-11-03,US,referral,31.85
2024-11-04,US,paid_search,81.39
2024-11-04,US,organic,27.67
2024-11-04,US,social,115.25
2024-11-04,US,email,13.28
2024-11-04,US,referral,28.4
2024-11-05,US,paid_search,180.14
2024-11-05,US,organic,26.15
2024-11-05,US,social,112.11
2024-11-05,US,email,9.75
2024-11-05,US,referral,28.67
2024-11-06,US,paid_search,170.75
2024-11-06,US,organic,20.41
2024-11-06,US,social,73.62
2024-11-06,US,email,21.56
2024-11-06,US,referral,31.5
2024-11-07,US,paid_search,146.71
2024-11-07,US,organic,13.33
2024-11-07,US,social,81.32
2024-11-07,US,email,16.63
2024-11-07,US,referral,26.5
2024-11-08,US,paid_search,236.39
2024-11-08,US,organic,23.95
2024-11-08,US,social,111.82
2024-11-08,US,email,16.23
2024-11-08,US,referral,16.32
2024-11-09,US,paid_search,171.19
2024-11-09,US,organic,25.3
2024-11-09,US,social,88.84
2024-11-09,US,email,16.89
2024-11-09,US,referral,23.01
2024-11-10,US,paid_search,133.66
2024-11-10,US,organic,19.38
2024-11-10,US,social,96.95
2024-11-10,US,email,12.54
2024-11-10,US,referral,23.53
2024-11-11,US,paid_search,137.72
2024-11-11,US,organic,25.6
2024-11-11,US,social,83.37
2024-11-11,US,email,20.45
2024-11-11,US,referral,34.55
2024-11-12,US,paid_search,176.35
2024-11-12,US,organic,14.96
2024-11-12,US,social,43.07
2024-11-12,US,email,9.48
2024-11-12,US,referral,16.41
2024-11-13,US,paid_search,242.03
2024-11-13,US,organic,20.58
2024-11-13,US,social,98.77
2024-11-13,US,email,6.67
2024-11-13,US,referral,17.51
2024-11-14,US,paid_search,219.92
2024-11-14,US,organic,21.43
2024-11-14,US,social,86.69
2024-11-14,US,email,17.12
2024-11-14,US,referral,35.22
2024-11-15,US,paid_search,170.05
2024-11-15,US,organic,20.35
2024-11-15,US,social,94.33
2024-11-15,US,email,23.97
2024-11-15,US,referral,11.88
2024-11-16,US,paid_search,210.75
2024-11-16,US,organic,19.43
2024-11-16,US,social,102.75
2024-11-16,US,email,12.53
2024-11-16,US,referral,24.69
2024-11-17,US,paid_search,212.01
2024-11-17,US,organic,35.56
2024-11-17,US,social,108.18
2024-11-17,US,email,11.82
2024-11-17,US,referral,22.35
2024-11-18,US,paid_search,159.6
2024-11-18,US,organic,11.02
2024-11-18,US,social,82.57
2024-11-18,US,email,17.75
2024-11-18,US,referral,17.04
2024-11-19,US,paid_search,227.18
2024-11-19,US,organic,22.44
2024-11-19,US,social,73.48
2024-11-19,US,email,14.47
2024-11-19,US,referral,34.99
2024-11-20,US,paid_search,213.01
2024-11-20,US,organic,20.04
2024-11-20,US,social,84.65
2024-11-20,US,email,15.29
2024-11-20,US,referral,21.8
2024-11-21,US,paid_search,85.29
2024-11-21,US,organic,30.21
2024-11-21,US,social,93.49
2024-11-21,US,email,16.49
2024-11-21,US,referral,24.64
2024-11-22,US,paid_search,146.92
2024-11-22,US,organic,19.07
2024-11-22,US,social,54.01
2024-11-22,US,email,23.54
2024-11-22,US,referral,17.28
2024-11-23,US,paid_search,133.56
2024-11-23,US,organic,17.8
2024-11-23,US,social,118.98
2024-11-23,US,email,15.05
2024-11-23,US,referral,17.27
2024-11-24,US,paid_search,236.45
2024-11-24,US,organic,23.66
2024-11-24,US,social,102.11
2024-11-24,US,email,17.68
2024-11-24,US,referral,39.96
2024-11-25,US,paid_search,278.33
2024-11-25,US,organic,16.57
2024-11-25,US,social,126.54
2024-11-25,US,email,16.44
2024-11-25,US,referral,28.12
2024-11-26,US,paid_search,103.85
2024-11-26,US,organic,19.15
2024-11-26,US,social,71.71
2024-11-26,US,email,18.11
2024-11-26,US,referral,31.69
2024-11-27,US,paid_search,86.65
2024-11-27,US,organic,19.89
2024-11-27,US,social,115.24
2024-11-27,US,email,14.3
2024-11-27,US,referral,29.56
2024-11-28,US,paid_search,195.8
2024-11-28,US,organic,21.71
2024-11-28,US,social,83.9
2024-11-28,US,email,10.44
2024-11-28,US,referral,17.99
2024-11-29,US,paid_search,211.92
2024-11-29,US,organic,20.1
2024-11-29,US,social,86.88
2024-11-29,US,email,13.41
2024-11-29,US,referral,23.09
2024-11-30,US,paid_search,227.11
2024-11-30,US,organic,18.32
2024-11-30,US,social,59.83
2024-11-30,US,email,17.79
2024-11-30,US,referral,23.72
2024-12-01,US,paid_search,181.41
2024-12-01,US,organic,28.04
2024-12-01,US,social,89.54
2024-12-01,US,email,16.08
2024-12-01,US,referral,17.63
2024-12-02,US,paid_search,170.11
2024-12-02,US,organic,23.05
2024-12-02,US,social,55.0
2024-12-02,US,email,15.75
2024-12-02,US,referral,25.63
2024-12-03,US,paid_search,181.86
2024-12-03,US,organic,25.19
2024-12-03,US,social,97.52
2024-12-03,US,email,20.54
2024-12-03,US,referral,18.79
2024-12-04,US,paid_search,186.12
2024-12-04,US,organic,20.42
2024-12-04,US,social,65.94
2024-12-04,US,email,18.59
2024-12-04,US,referral,39.53
2024-12-05,US,paid_search,179.23
2024-12-05,US,organic,22.53
2024-12-05,US,social,91.9
2024-12-05,US,email,12.32
2024-12-05,US,referral,13.62
2024-12-06,US,paid_search,148.24
2024-12-06,US,organic,13.04
2024-12-06,US,social,128.34
2024-12-06,US,email,14.57
2024-12-06,US,referral,22.84
2024-12-07,US,paid_search,220.01
2024-12-07,US,organic,14.39
2024-12-07,US,social,72.75
2024-12-07,US,email,15.26
2024-12-07,US,referral,31.43
2024-12-08,US,paid_search,202.58
2024-12-08,US,organic,21.24
2024-12-08,US,social,91.76
2024-12-08,US,email,16.5
2024-12-08,US,referral,26.26
2024-12-09,US,paid_search,133.65
2024-12-09,US,organic,20.23
2024-12-09,US,social,65.84
2024-12-09,US,email,15.3
2024-12-09,US,referral,22.0
2024-12-10,US,paid_search,294.27
2024-12-10,US,organic,19.8
2024-12-10,US,social,58.4
2024-12-10,US,email,14.5
2024-12-10,US,referral,28.25
2024-12-11,US,paid_search,255.3
2024-12-11,US,organic,17.05
2024-12-11,US,social,54.4
2024-12-11,US,email,18.06
2024-12-11,US,referral,16.37
2024-12-12,US,paid_search,160.37
2024-12-12,US,organic,18.71
2024-12-12,US,social,88.43
2024-12-12,US,email,17.58
2024-12-12,US,referral,20.73
2024-12-13,US,paid_search,167.68
2024-12-13,US,organic,19.93
2024-12-13,US,social,93.37
2024-12-13,US,email,15.37
2024-12-13,US,referral,27.73
2024-12-14,US,paid_search,217.97
2024-12-14,US,organic,21.96
2024-12-14,US,social,100.21
2024-12-14,US,email,9.07
2024-12-14,US,referral,25.31
2024-12-15,US,paid_search,201.58
2024-12-15,US,organic,23.64
2024-12-15,US,social,74.42
2024-12-15,US,email,12.53
2024-12-15,US,referral,21.41
2024-12-16,US,paid_search,204.14
2024-12-16,US,organic,25.17
2024-12-16,US,social,80.83
2024-12-16,US,email,18.4
2024-12-16,US,referral,25.77
2024-12-17,US,paid_search,174.41
2024-12-17,US,organic,18.94
2024-12-17,US,social,106.8
2024-12-17,US,email,16.22
2024-12-17,US,referral,39.22
2024-12-18,US,paid_search,141.65
2024-12-18,US,organic,22.59
2024-12-18,US,social,78.09
2024-12-18,US,email,11.74
2024-12-18,US,referral,24.93
2024-12-19,US,paid_search,186.18
2024-12-19,US,organic,34.59
2024-12-19,US,social,85.86
2024-12-19,US,email,10.76
2024-12-19,US,referral,26.71
2024-12-20,US,paid_search,86.64
2024-12-20,US,organic,19.54
2024-12-20,US,social,90.36
2024-12-20,US,email,17.98
2024-12-20,US,referral,31.09
2024-12-21,US,paid_search,157.34
2024-12-21,US,organic,19.25
2024-12-21,US,social,72.76
2024-12-21,US,email,10.77
2024-12-21,US,referral,26.94
2024-12-22,US,paid_search,122.69
2024-12-22,US,organic,17.93
2024-12-22,US,social,67.61
2024-12-22,US,email,17.06
2024-12-22,US,referral,36.26
2024-12-23,US,paid_search,121.43
2024-12-23,US,organic,10.73
2024-12-23,US,social,87.19
2024-12-23,US,email,15.06
2024-12-23,US,referral,26.37
2024-12-24,US,paid_search,159.92
2024-12-24,US,organic,19.0
2024-12-24,US,social,98.27
2024-12-24,US,email,18.9
2024-12-24,US,referral,12.78
2024-12-25,US,paid_search,163.4
2024-12-25,US,organic,21.07
2024-12-25,US,social,69.35
2024-12-25,US,email,21.49
2024-12-25,US,referral,21.03
2024-12-26,US,paid_search,178.14
2024-12-26,US,organic,22.78
2024-12-26,US,social,76.7
2024-12-26,US,email,8.08
2024-12-26,US,referral,22.32
2024-12-27,US,paid_search,226.32
2024-12-27,US,organic,18.32
2024-12-27,US,social,70.96
2024-12-27,US,email,18.47
2024-12-27,US,referral,22.93
2024-12-28,US,paid_search,157.04
2024-12-28,US,organic,20.75
2024-12-28,US,social,107.34
2024-12-28,US,email,23.93
2024-12-28,US,referral,30.17
2024-12-29,US,paid_search,232.19
2024-12-29,US,organic,17.47
2024-12-29,US,social,66.92
2024-12-29,US,email,15.23
2024-12-29,US,referral,25.67
2024-12-30,US,paid_search,131.47
2024-12-30,US,organic,19.12
2024-12-30,US,social,98.98
2024-12-30,US,email,16.35
2024-12-30,US,referral,28.15
2024-12-31,US,paid_search,193.09
2024-12-31,US,organic,17.46
2024-12-31,US,social,78.44
2024-12-31,US,email,10.5
2024-12-31,US,referral,36.15
2025-01-01,US,paid_search,180.61
2025-01-01,US,organic,18.88
2025-01-01,US,social,69.1
2025-01-01,US,email,26.01
2025-01-01,US,referral,18.29
2025-01-02,US,paid_search,160.7
2025-01-02,US,organic,22.08
2025-01-02,US,social,103.5
2025-01-02,US,email,18.59
2025-01-02,US,referral,36.3
2025-01-03,US,paid_search,202.78
2025-01-03,US,organic,14.72
2025-01-03,US,social,84.22
2025-01-03,US,email,16.15
2025-01-03,US,referral,37.93
2025-01-04,US,paid_search,117.1
2025-01-04,US,organic,26.01
2025-01-04,US,social,94.05
2025-01-04,US,email,18.14
2025-01-04,US,referral,24.36
2025-01-05,US,paid_search,142.09
2025-01-05,US,organic,23.75
2025-01-05,US,social,104.72
2025-01-05,US,email,18.65
2025-01-05,US,referral,24.92
2025-01-06,US,paid_search,153.01
2025-01-06,US,organic,12.21
2025-01-06,US,social,108.44
2025-01-06,US,email,16.59
2025-01-06,US,referral,18.96
2025-01-07,US,paid_search,155.76
2025-01-07,US,organic,17.67
2025-01-07,US,social,56.63
2025-01-07,US,email,11.93
2025-01-07,US,referral,17.91
2025-01-08,US,paid_search,161.44
2025-01-08,US,organic,16.31
2025-01-08,US,social,53.39
2025-01-08,US,email,22.58
2025-01-08,US,referral,32.83
2025-01-09,US,paid_search,144.94
2025-01-09,US,organic,21.36
2025-01-09,US,social,99.39
2025-01-09,US,email,19.47
2025-01-09,US,referral,19.88
2025-01-10,US,paid_search,229.14
2025-01-10,US,organic,17.26
2025-01-10,US,social,59.94
2025-01-10,US,email,17.72
2025-01-10,US,referral,33.07
2025-01-11,US,paid_search,296.46
2025-01-11,US,organic,14.0
2025-01-11,US,social,105.73
2025-01-11,US,email,13.46
2025-01-11,US,referral,29.9
2025-01-12,US,paid_search,113.83
2025-01-12,US,organic,13.69
2025-01-12,US,social,72.54
2025-01-12,US,email,15.3
2025-01-12,US,referral,20.99
2025-01-13,US,paid_search,209.66
2025-01-13,US,organic,25.13
2025-01-13,US,social,103.49
2025-01-13,US,email,21.07
2025-01-13,US,referral,27.6
2025-01-14,US,paid_search,125.24
2025-01-14,US,organic,26.82
2025-01-14,US,social,76.38
2025-01-14,US,email,18.41
2025-01-14,US,referral,34.84
2025-01-15,US,paid_search,200.55
2025-01-15,US,organic,12.52
2025-01-15,US,social,69.34
2025-01-15,US,email,19.96
2025-01-15,US,referral,23.94
2025-01-16,US,paid_search,183.58
2025-01-16,US,organic,23.79
2025-01-16,US,social,105.67
2025-01-16,US,email,16.05
2025-01-16,US,referral,23.7
2025-01-17,US,paid_search,165.93
2025-01-17,US,organic,24.29
2025-01-17,US,social,102.46
2025-01-17,US,email,14.04
2025-01-17,US,referral,31.76
2025-01-18,US,paid_search,174.19
2025-01-18,US,organic,15.74
2025-01-18,US,social,72.92
2025-01-18,US,email,11.33
2025-01-18,US,referral,23.3
2025-01-19,US,paid_search,235.52
2025-01-19,US,organic,15.97
2025-01-19,US,social,94.24
2025-01-19,US,email,12.54
2025-01-19,US,referral,23.37
2025-01-20,US,paid_search,112.05
2025-01-20,US,organic,18.9
2025-01-20,US,social,85.64
2025-01-20,US,email,17.03
2025-01-20,US,referral,26.4
2025-01-21,US,paid_search,126.07
2025-01-21,US,organic,25.42
2025-01-21,US,social,94.73
2025-01-21,US,email,15.74
2025-01-21,US,referral,24.94
2025-01-22,US,paid_search,156.7
2025-01-22,US,organic,21.09
2025-01-22,US,social,100.7
2025-01-22,US,email,8.45
2025-01-22,US,referral,21.63
2025-01-23,US,paid_search,168.53
2025-01-23,US,organic,21.28
2025-01-23,US,social,116.85
2025-01-23,US,email,12.11
2025-01-23,US,referral,21.89
2025-01-24,US,paid_search,156.94
2025-01-24,US,organic,15.99
2025-01-24,US,social,82.19
2025-01-24,US,email,17.89
2025-01-24,US,referral,18.41
2025-01-25,US,paid_search,199.25
2025-01-25,US,organic,11.49
2025-01-25,US,social,77.37
2025-01-25,US,email,13.76
2025-01-25,US,referral,35.47
2025-01-26,US,paid_search,167.63
2025-01-26,US,organic,8.99
2025-01-26,US,social,45.02
2025-01-26,US,email,15.13
2025-01-26,US,referral,28.84
2025-01-27,US,paid_search,196.9
2025-01-27,US,organic,20.84
2025-01-27,US,social,116.15
2025-01-27,US,email,12.98
2025-01-27,US,referral,30.59
2025-01-28,US,paid_search,106.56
2025-01-28,US,organic,15.48
2025-01-28,US,social,49.34
2025-01-28,US,email,13.97
2025-01-28,US,referral,24.71
2025-01-29,US,paid_search,185.13
2025-01-29,US,organic,20.31
2025-01-29,US,social,69.13
2025-01-29,US,email,14.29
2025-01-29,US,referral,15.64
2025-01-30,US,paid_search,241.35
2025-01-30,US,organic,18.48
2025-01-30,US,social,79.0
2025-01-30,US,email,20.96
2025-01-30,US,referral,17.24
2025-01-31,US,paid_search,129.35
2025-01-31,US,organic,14.52
2025-01-31,US,social,88.47
2025-01-31,US,email,16.62
2025-01-31,US,referral,29.62
2025-02-01,US,paid_search,295.74
2025-02-01,US,organic,8.75
2025-02-01,US,social,103.7
2025-02-01,US,email,12.91
2025-02-01,US,referral,21.33
2025-02-02,US,paid_search,152.11
2025-02-02,US,organic,15.46
2025-02-02,US,social,127.9
2025-02-02,US,email,18.16
2025-02-02,US,referral,25.14
2025-02-03,US,paid_search,240.8
2025-02-03,US,organic,12.44
2025-02-03,US,social,60.06
2025-02-03,US,email,6.83
2025-02-03,US,referral,20.63
2025-02-04,US,paid_search,187.28
2025-02-04,US,organic,20.51
2025-02-04,US,social,93.36
2025-02-04,US,email,9.71
2025-02-04,US,referral,30.02
2025-02-05,US,paid_search,190.78
2025-02-05,US,organic,23.67
2025-02-05,US,social,47.41
2025-02-05,US,email,16.17
2025-02-05,US,referral,17.58
2025-02-06,US,paid_search,162.12
2025-02-06,US,organic,22.67
2025-02-06,US,social,92.05
2025-02-06,US,email,11.81
2025-02-06,US,referral,25.04
2025-02-07,US,paid_search,111.08
2025-02-07,US,organic,25.75
2025-02-07,US,social,85.38
2025-02-07,US,email,19.19
2025-02-07,US,referral,21.71
2025-02-08,US,paid_search,156.44
2025-02-08,US,organic,16.18
2025-02-08,US,social,109.71
2025-02-08,US,email,12.34
2025-02-08,US,referral,29.03
2025-02-09,US,paid_search,162.79
2025-02-09,US,organic,10.12
2025-02-09,US,social,77.17
2025-02-09,US,email,10.58
2025-02-09,US,referral,25.21
2025-02-10,US,paid_search,126.43
2025-02-10,US,organic,24.63
2025-02-10,US,social,87.95
2025-02-10,US,email,14.33
2025-02-10,US,referral,29.1
2025-02-11,US,paid_search,223.38
2025-02-11,US,organic,19.9
2025-02-11,US,social,72.65
2025-02-11,US,email,8.35
2025-02-11,US,referral,20.71
2025-02-12,US,paid_search,152.23
2025-02-12,US,organic,20.54
2025-02-12,US,social,82.23
2025-02-12,US,email,17.58
2025-02-12,US,referral,21.17
2025-02-13,US,paid_search,177.43
2025-02-13,US,organic,25.92
2025-02-13,US,social,97.69
2025-02-13,US,email,14.77
2025-02-13,US,referral,21.24
2025-02-14,US,paid_search,151.5
2025-02-14,US,organic,15.75
2025-02-14,US,social,77.83
2025-02-14,US,email,17.83
2025-02-14,US,referral,23.61
2025-02-15,US,paid_search,119.26
2025-02-15,US,organic,28.84
2025-02-15,US,social,97.2
2025-02-15,US,email,9.72
2025-02-15,US,referral,22.24
2025-02-16,US,paid_search,184.99
2025-02-16,US,organic,28.52
2025-02-16,US,social,65.07
2025-02-16,US,email,18.66
2025-02-16,US,referral,33.75
2025-02-17,US,paid_search,151.71
2025-02-17,US,organic,18.61
2025-02-17,US,social,66.68
2025-02-17,US,email,14.24
2025-02-17,US,referral,24.77
2025-02-18,US,paid_search,209.68
2025-02-18,US,organic,25.45
2025-02-18,US,social,73.17
2025-02-18,US,email,7.62
2025-02-18,US,referral,24.87
2025-02-19,US,paid_search,193.21
2025-02-19,US,organic,21.25
2025-02-19,US,social,82.65
2025-02-19,US,email,15.47
2025-02-19,US,referral,34.47
2025-02-20,US,paid_search,197.18
2025-02-20,US,organic,18.13
2025-02-20,US,social,78.75
2025-02-20,US,email,14.36
2025-02-20,US,referral,35.23
2025-02-21,US,paid_search,171.75
2025-02-21,US,organic,19.9
2025-02-21,US,social,79.15
2025-02-21,US,email,19.12
2025-02-21,US,referral,37.25
2025-02-22,US,paid_search,200.28
2025-02-22,US,organic,20.41
2025-02-22,US,social,90.83
2025-02-22,US,email,6.06
2025-02-22,US,referral,29.66
2025-02-23,US,paid_search,186.04
2025-02-23,US,organic,22.14
2025-02-23,US,social,73.99
2025-02-23,US,email,13.56
2025-02-23,US,referral,22.43
2025-02-24,US,paid_search,225.97
2025-02-24,US,organic,18.11
2025-02-24,US,social,136.86
2025-02-24,US,email,16.62
2025-02-24,US,referral,17.03
2025-02-25,US,paid_search,174.22
2025-02-25,US,organic,16.74
2025-02-25,US,social,40.63
2025-02-25,US,email,21.0
2025-02-25,US,referral,29.39
2025-02-26,US,paid_search,203.99
2025-02-26,US,organic,20.83
2025-02-26,US,social,58.9
2025-02-26,US,email,13.19
2025-02-26,US,referral,30.26
2025-02-27,US,paid_search,132.7
2025-02-27,US,organic,7.34
2025-02-27,US,social,84.89
2025-02-27,US,email,14.47
2025-02-27,US,referral,25.85
2025-02-28,US,paid_search,212.78
2025-02-28,US,organic,23.19
2025-02-28,US,social,95.82
2025-02-28,US,email,19.48
2025-02-28,US,referral,15.51
2025-03-01,US,paid_search,202.71
2025-03-01,US,organic,23.13
2025-03-01,US,social,62.11
2025-03-01,US,email,9.36
2025-03-01,US,referral,20.34
2025-03-02,US,paid_search,150.23
2025-03-02,US,organic,23.77
2025-03-02,US,social,76.17
2025-03-02,US,email,11.79
2025-03-02,US,referral,21.18
2025-03-03,US,paid_search,230.34
2025-03-03,US,organic,20.07
2025-03-03,US,social,85.97
2025-03-03,US,email,14.59
2025-03-03,US,referral,33.08
2025-03-04,US,paid_search,146.29
2025-03-04,US,organic,26.58
2025-03-04,US,social,94.74
2025-03-04,US,email,14.4
2025-03-04,US,referral,40.63
2025-03-05,US,paid_search,132.5
2025-03-05,US,organic,18.23
2025-03-05,US,social,62.27
2025-03-05,US,email,18.57
2025-03-05,US,referral,35.56
2025-03-06,US,paid_search,255.15
2025-03-06,US,organic,26.12
2025-03-06,US,social,85.55
2025-03-06,US,email,13.63
2025-03-06,US,referral,14.56
2025-03-07,US,paid_search,271.61
2025-03-07,US,organic,22.34
2025-03-07,US,social,78.93
2025-03-07,US,email,19.98
2025-03-07,US,referral,18.92
2025-03-08,US,paid_search,198.3
2025-03-08,US,organic,19.14
2025-03-08,US,social,104.37
2025-03-08,US,email,14.76
2025-03-08,US,referral,15.93
2025-03-09,US,paid_search,183.4
2025-03-09,US,organic,25.24
2025-03-09,US,social,89.34
2025-03-09,US,email,17.91
2025-03-09,US,referral,18.47
2025-03-10,US,paid_search,178.82
2025-03-10,US,organic,16.88
2025-03-10,US,social,106.81
2025-03-10,US,email,15.12
2025-03-10,US,referral,29.31
2025-03-11,US,paid_search,228.95
2025-03-11,US,organic,23.46
2025-03-11,US,social,96.15
2025-03-11,US,email,11.26
2025-03-11,US,referral,24.98
2025-03-12,US,paid_search,156.01
2025-03-12,US,organic,18.28
2025-03-12,US,social,81.57
2025-03-12,US,email,11.33
2025-03-12,US,referral,12.77
2025-03-13,US,paid_search,149.93
2025-03-13,US,organic,20.97
2025-03-13,US,social,59.67
2025-03-13,US,email,15.06
2025-03-13,US,referral,36.88
2025-03-14,US,paid_search,226.04
2025-03-14,US,organic,28.22
2025-03-14,US,social,98.8
2025-03-14,US,email,19.38
2025-03-14,US,referral,20.48
2025-03-15,US,paid_search,151.0
2025-03-15,US,organic,6.3
2025-03-15,US,social,116.69
2025-03-15,US,email,20.78
2025-03-15,US,referral,21.54
2025-03-16,US,paid_search,168.57
2025-03-16,US,organic,16.23
2025-03-16,US,social,98.61
2025-03-16,US,email,19.22
2025-03-16,US,referral,14.11
2025-03-17,US,paid_search,198.42
2025-03-17,US,organic,18.62
2025-03-17,US,social,92.55
2025-03-17,US,email,16.72
2025-03-17,US,referral,23.82
2025-03-18,US,paid_search,175.34
2025-03-18,US,organic,18.93
2025-03-18,US,social,111.83
2025-03-18,US,email,16.57
2025-03-18,US,referral,26.38
2025-03-19,US,paid_search,122.81
2025-03-19,US,organic,18.11
2025-03-19,US,social,110.22
2025-03-19,US,email,15.14
2025-03-19,US,referral,29.12
2025-03-20,US,paid_search,259.49
2025-03-20,US,organic,25.19
2025-03-20,US,social,92.1
2025-03-20,US,email,13.08
2025-03-20,US,referral,9.04
2025-03-21,US,paid_search,172.42
2025-03-21,US,organic,18.37
2025-03-21,US,social,98.78
2025-03-21,US,email,14.42
2025-03-21,US,referral,23.0
2025-03-22,US,paid_search,99.93
2025-03-22,US,organic,15.3
2025-03-22,US,social,100.72
2025-03-22,US,email,21.43
2025-03-22,US,referral,24.39
2025-03-23,US,paid_search,194.75
2025-03-23,US,organic,24.76
2025-03-23,US,social,71.75
2025-03-23,US,email,16.38
2025-03-23,US,referral,20.37
2025-03-24,US,paid_search,218.92
2025-03-24,US,organic,20.76
2025-03-24,US,social,96.72
2025-03-24,US,email,12.07
2025-03-24,US,referral,29.42
2025-03-25,US,paid_search,273.81
2025-03-25,US,organic,14.96
2025-03-25,US,social,82.36
2025-03-25,US,email,15.87
2025-03-25,US,referral,29.92
2025-03-26,US,paid_search,154.82
2025-03-26,US,organic,5.83
2025-03-26,US,social,120.58
2025-03-26,US,email,17.85
2025-03-26,US,referral,14.11
2025-03-27,US,paid_search,152.66
2025-03-27,US,organic,27.84
2025-03-27,US,social,122.58
2025-03-27,US,email,18.52
2025-03-27,US,referral,23.9
2025-03-28,US,paid_search,183.73
2025-03-28,US,organic,19.35
2025-03-28,US,social,115.39
2025-03-28,US,email,11.72
2025-03-28,US,referral,19.96
2025-03-29,US,paid_search,225.46
2025-03-29,US,organic,19.78
2025-03-29,US,social,121.02
2025-03-29,US,email,12.48
2025-03-29,US,referral,24.66
2025-03-30,US,paid_search,138.49
2025-03-30,US,organic,20.04
2025-03-30,US,social,56.73
2025-03-30,US,email,13.17
2025-03-30,US,referral,16.02
2025-03-31,US,paid_search,211.23
2025-03-31,US,organic,23.58
2025-03-31,US,social,51.07
2025-03-31,US,email,20.0
2025-03-31,US,referral,40.61
2025-04-01,US,paid_search,182.07
2025-04-01,US,organic,16.79
2025-04-01,US,social,153.55
2025-04-01,US,email,10.05
2025-04-01,US,referral,25.13
2025-04-02,US,paid_search,188.08
2025-04-02,US,organic,26.73
2025-04-02,US,social,98.09
2025-04-02,US,email,13.13
2025-04-02,US,referral,19.06
2025-04-03,US,paid_search,164.62
2025-04-03,US,organic,14.97
2025-04-03,US,social,91.08
2025-04-03,US,email,12.88
2025-04-03,US,referral,15.66
2025-04-04,US,paid_search,236.48
2025-04-04,US,organic,17.51
2025-04-04,US,social,61.47
2025-04-04,US,email,14.37
2025-04-04,US,referral,25.43
2025-04-05,US,paid_search,101.41
2025-04-05,US,organic,21.66
2025-04-05,US,social,66.44
2025-04-05,US,email,21.42
2025-04-05,US,referral,28.27
2025-04-06,US,paid_search,162.0
2025-04-06,US,organic,16.27
2025-04-06,US,social,87.64
2025-04-06,US,email,17.3
2025-04-06,US,referral,24.84
2025-04-07,US,paid_search,170.23
2025-04-07,US,organic,20.29
2025-04-07,US,social,76.41
2025-04-07,US,email,13.71
2025-04-07,US,referral,11.96
2025-04-08,US,paid_search,223.82
2025-04-08,US,organic,21.49
2025-04-08,US,social,72.6
2025-04-08,US,email,22.12
2025-04-08,US,referral,25.54
2025-04-09,US,paid_search,133.37
2025-04-09,US,organic,24.28
2025-04-09,US,social,98.96
2025-04-09,US,email,16.48
2025-04-09,US,referral,22.34
2025-04-10,US,paid_search,200.27
2025-04-10,US,organic,18.69
2025-04-10,US,social,102.51
2025-04-10,US,email,7.86
2025-04-10,US,referral,22.29
2025-04-11,US,paid_search,257.5
2025-04-11,US,organic,16.16
2025-04-11,US,social,76.41
2025-04-11,US,email,13.32
2025-04-11,US,referral,17.41
2025-04-12,US,paid_search,80.63
2025-04-12,US,organic,18.85
2025-04-12,US,social,93.06
2025-04-12,US,email,14.8
2025-04-12,US,referral,24.09
2025-04-13,US,paid_search,181.94
2025-04-13,US,organic,25.11
2025-04-13,US,social,85.71
2025-04-13,US,email,12.85
2025-04-13,US,referral,23.24
2025-04-14,US,paid_search,206.07
2025-04-14,US,organic,27.06
2025-04-14,US,social,75.87
2025-04-14,US,email,15.37
2025-04-14,US,referral,27.11
2025-04-15,US,paid_search,135.33
2025-04-15,US,organic,20.1
2025-04-15,US,social,57.02
2025-04-15,US,email,8.37
2025-04-15,US,referral,27.29
2025-04-16,US,paid_search,162.73
2025-04-16,US,organic,21.01
2025-04-16,US,social,89.6
2025-04-16,US,email,11.34
2025-04-16,US,referral,24.72
2025-04-17,US,paid_search,124.51
2025-04-17,US,organic,26.95
2025-04-17,US,social,59.49
2025-04-17,US,email,14.27
2025-04-17,US,referral,18.49
2025-04-18,US,paid_search,205.67
2025-04-18,US,organic,18.34
2025-04-18,US,social,78.33
2025-04-18,US,email,18.2
2025-04-18,US,referral,25.18
2025-04-19,US,paid_search,203.25
2025-04-19,US,organic,15.09
2025-04-19,US,social,58.39
2025-04-19,US,email,15.4
2025-04-19,US,referral,23.01
2025-04-20,US,paid_search,208.19
2025-04-20,US,organic,19.6
2025-04-20,US,social,94.61
2025-04-20,US,email,8.91
2025-04-20,US,referral,36.8
2025-04-21,US,paid_search,172.61
2025-04-21,US,organic,23.49
2025-04-21,US,social,71.19
2025-04-21,US,email,16.16
2025-04-21,US,referral,16.86
2025-04-22,US,paid_search,200.34
2025-04-22,US,organic,18.22
2025-04-22,US,social,90.66
2025-04-22,US,email,17.62
2025-04-22,US,referral,17.3
2025-04-23,US,paid_search,149.2
2025-04-23,US,organic,22.29
2025-04-23,US,social,137.21
2025-04-23,US,email,14.48
2025-04-23,US,referral,28.69
2025-04-24,US,paid_search,175.19
2025-04-24,US,organic,29.71
2025-04-24,US,social,50.69
2025-04-24,US,email,15.35
2025-04-24,US,referral,14.84
2025-04-25,US,paid_search,67.2
2025-04-25,US,organic,21.49
2025-04-25,US,social,93.14
2025-04-25,US,email,13.93
2025-04-25,US,referral,24.34
2025-04-26,US,paid_search,319.42
2025-04-26,US,organic,18.71
2025-04-26,US,social,101.48
2025-04-26,US,email,12.56
2025-04-26,US,referral,26.85
2025-04-27,US,paid_search,169.28
2025-04-27,US,organic,17.95
2025-04-27,US,social,130.93
2025-04-27,US,email,19.41
2025-04-27,US,referral,25.85
2025-04-28,US,paid_search,76.31
2025-04-28,US,organic,18.19
2025-04-28,US,social,150.82
2025-04-28,US,email,14.14
2025-04-28,US,referral,31.9
2025-04-29,US,paid_search,244.89
2025-04-29,US,organic,21.09
2025-04-29,US,social,71.06
2025-04-29,US,email,5.87
2025-04-29,US,referral,29.28
2025-04-30,US,paid_search,143.34
2025-04-30,US,organic,20.88
2025-04-30,US,social,61.88
2025-04-30,US,email,14.01
2025-04-30,US,referral,25.21
2025-05-01,US,paid_search,192.09
2025-05-01,US,organic,14.43
2025-05-01,US,social,116.93
2025-05-01,US,email,12.76
2025-05-01,US,referral,14.53
2025-05-02,US,paid_search,175.09
2025-05-02,US,organic,20.17
2025-05-02,US,social,93.61
2025-05-02,US,email,20.11
2025-05-02,US,referral,23.52
2025-05-03,US,paid_search,174.62
2025-05-03,US,organic,14.48
2025-05-03,US,social,108.46
2025-05-03,US,email,15.69
2025-05-03,US,referral,22.37
2025-05-04,US,paid_search,94.29
2025-05-04,US,organic,27.22
2025-05-04,US,social,62.38
2025-05-04,US,email,12.78
2025-05-04,US,referral,27.24
2025-05-05,US,paid_search,126.15
2025-05-05,US,organic,12.53
2025-05-05,US,social,42.21
2025-05-05,US,email,17.7
2025-05-05,US,referral,21.59
2025-05-06,US,paid_search,311.73
2025-05-06,US,organic,15.03
2025-05-06,US,social,69.27
2025-05-06,US,email,12.88
2025-05-06,US,referral,26.52
2025-05-07,US,paid_search,158.84
2025-05-07,US,organic,23.06
2025-05-07,US,social,67.98
2025-05-07,US,email,9.82
2025-05-07,US,referral,13.76
2025-05-08,US,paid_search,79.94
2025-05-08,US,organic,17.41
2025-05-08,US,social,83.23
2025-05-08,US,email,12.63
2025-05-08,US,referral,32.77
2025-05-09,US,paid_search,235.26
2025-05-09,US,organic,18.33
2025-05-09,US,social,49.64
2025-05-09,US,email,12.87
2025-05-09,US,referral,21.25
2025-05-10,US,paid_search,150.43
2025-05-10,US,organic,16.51
2025-05-10,US,social,75.3
2025-05-10,US,email,13.55
2025-05-10,US,referral,21.03
2025-05-11,US,paid_search,189.37
2025-05-11,US,organic,21.8
2025-05-11,US,social,69.51
2025-05-11,US,email,19.77
2025-05-11,US,referral,18.87
2025-05-12,US,paid_search,107.2
2025-05-12,US,organic,21.9
2025-05-12,US,social,71.61
2025-05-12,US,email,16.2
2025-05-12,US,referral,9.98
2025-05-13,US,paid_search,242.66
2025-05-13,US,organic,23.36
2025-05-13,US,social,56.24
2025-05-13,US,email,9.45
2025-05-13,US,referral,35.45
2025-05-14,US,paid_search,146.82
2025-05-14,US,organic,15.83
2025-05-14,US,social,39.01
2025-05-14,US,email,13.68
2025-05-14,US,referral,23.58
2025-05-15,US,paid_search,212.2
2025-05-15,US,organic,13.0
2025-05-15,US,social,55.79
2025-05-15,US,email,16.69
2025-05-15,US,referral,31.29
2025-05-16,US,paid_search,109.3
2025-05-16,US,organic,25.41
2025-05-16,US,social,90.84
2025-05-16,US,email,19.09
2025-05-16,US,referral,24.56
2025-05-17,US,paid_search,66.5
2025-05-17,US,organic,19.24
2025-05-17,US,social,113.85
2025-05-17,US,email,11.65
2025-05-17,US,referral,22.58
2025-05-18,US,paid_search,172.07
2025-05-18,US,organic,5.5
2025-05-18,US,social,127.61
2025-05-18,US,email,11.62
2025-05-18,US,referral,28.16
2025-05-19,US,paid_search,176.1
2025-05-19,US,organic,26.29
2025-05-19,US,social,99.14
2025-05-19,US,email,14.12
2025-05-19,US,referral,19.42
2025-05-20,US,paid_search,215.9
2025-05-20,US,organic,10.63
2025-05-20,US,social,104.53
2025-05-20,US,email,10.88
2025-05-20,US,referral,32.83
2025-05-21,US,paid_search,187.26
2025-05-21,US,organic,23.22
2025-05-21,US,social,91.84
2025-05-21,US,email,8.43
2025-05-21,US,referral,19.62
2025-05-22,US,paid_search,210.26
2025-05-22,US,organic,20.83
2025-05-22,US,social,116.57
2025-05-22,US,email,16.51
2025-05-22,US,referral,18.96
2025-05-23,US,paid_search,144.18
2025-05-23,US,organic,20.51
2025-05-23,US,social,37.93
2025-05-23,US,email,21.28
2025-05-23,US,referral,27.76
2025-05-24,US,paid_search,235.22
2025-05-24,US,organic,12.1
2025-05-24,US,social,118.0
2025-05-24,US,email,23.37
2025-05-24,US,referral,16.74
2025-05-25,US,paid_search,214.71
2025-05-25,US,organic,20.01
2025-05-25,US,social,55.25
2025-05-25,US,email,16.85
2025-05-25,US,referral,30.21
2025-05-26,US,paid_search,152.95
2025-05-26,US,organic,25.83
2025-05-26,US,social,52.5
2025-05-26,US,email,9.39
2025-05-26,US,referral,25.85
2025-05-27,US,paid_search,181.14
2025-05-27,US,organic,16.42
2025-05-27,US,social,108.22
2025-05-27,US,email,16.99
2025-05-27,US,referral,30.36
2025-05-28,US,paid_search,174.46
2025-05-28,US,organic,23.01
2025-05-28,US,social,79.97
2025-05-28,US,email,22.7
2025-05-28,US,referral,19.92
2025-05-29,US,paid_search,274.74
2025-05-29,US,organic,20.17
2025-05-29,US,social,59.05
2025-05-29,US,email,20.13
2025-05-29,US,referral,25.79
2025-05-30,US,paid_search,218.3
2025-05-30,US,organic,26.12
2025-05-30,US,social,97.6
2025-05-30,US,email,12.78
2025-05-30,US,referral,31.1
2025-05-31,US,paid_search,180.03
2025-05-31,US,organic,23.43
2025-05-31,US,social,41.54
2025-05-31,US,email,16.68
2025-05-31,US,referral,21.01
2025-06-01,US,paid_search,254.4
2025-06-01,US,organic,23.12
2025-06-01,US,social,95.4
2025-06-01,US,email,16.82
2025-06-01,US,referral,18.76
2025-06-02,US,paid_search,253.05
2025-06-02,US,organic,29.96
2025-06-02,US,social,98.84
2025-06-02,US,email,20.96
2025-06-02,US,referral,21.44
2025-06-03,US,paid_search,144.13
2025-06-03,US,organic,20.2
2025-06-03,US,social,99.79
2025-06-03,US,email,13.52
2025-06-03,US,referral,28.36
2025-06-04,US,paid_search,193.79
2025-06-04,US,organic,15.01
2025-06-04,US,social,101.67
2025-06-04,US,email,18.24
2025-06-04,US,referral,26.07
2025-06-05,US,paid_search,231.87
2025-06-05,US,organic,13.91
2025-06-05,US,social,100.53
2025-06-05,US,email,10.61
2025-06-05,US,referral,18.04
2025-06-06,US,paid_search,151.61
2025-06-06,US,organic,15.29
2025-06-06,US,social,77.67
2025-06-06,US,email,14.2
2025-06-06,US,referral,30.23
2025-06-07,US,paid_search,165.55
2025-06-07,US,organic,12.07
2025-06-07,US,social,115.65
2025-06-07,US,email,11.86
2025-06-07,US,referral,24.63
2025-06-08,US,paid_search,200.09
2025-06-08,US,organic,21.0
2025-06-08,US,social,114.62
2025-06-08,US,email,16.8
2025-06-08,US,referral,19.62
2025-06-09,US,paid_search,278.04
2025-06-09,US,organic,20.97
2025-06-09,US,social,86.68
2025-06-09,US,email,18.61
2025-06-09,US,referral,26.56
2025-06-10,US,paid_search,197.97
2025-06-10,US,organic,32.46
2025-06-10,US,social,83.81
2025-06-10,US,email,13.81
2025-06-10,US,referral,25.73
2025-06-11,US,paid_search,228.22
2025-06-11,US,organic,12.47
2025-06-11,US,social,45.77
2025-06-11,US,email,12.8
2025-06-11,US,referral,14.79
2025-06-12,US,paid_search,160.88
2025-06-12,US,organic,22.51
2025-06-12,US,social,69.96
2025-06-12,US,email,9.65
2025-06-12,US,referral,25.43
2025-06-13,US,paid_search,218.81
2025-06-13,US,organic,11.53
2025-06-13,US,social,108.46
2025-06-13,US,email,18.06
2025-06-13,US,referral,30.96
2025-06-14,US,paid_search,234.83
2025-06-14,US,organic,31.01
2025-06-14,US,social,81.99
2025-06-14,US,email,15.41
2025-06-14,US,referral,22.4
2025-06-15,US,paid_search,180.09
2025-06-15,US,organic,27.66
2025-06-15,US,social,59.74
2025-06-15,US,email,11.77
2025-06-15,US,referral,33.61
2025-06-16,US,paid_search,225.9
2025-06-16,US,organic,18.18
2025-06-16,US,social,109.22
2025-06-16,US,email,16.28
2025-06-16,US,referral,34.38
2025-06-17,US,paid_search,183.35
2025-06-17,US,organic,25.13
2025-06-17,US,social,149.45
2025-06-17,US,email,17.24
2025-06-17,US,referral,25.31
2025-06-18,US,paid_search,212.51
2025-06-18,US,organic,18.17
2025-06-18,US,social,143.73
2025-06-18,US,email,15.68
2025-06-18,US,referral,23.29
2025-06-19,US,paid_search,142.39
2025-06-19,US,organic,25.49
2025-06-19,US,social,109.51
2025-06-19,US,email,13.13
2025-06-19,US,referral,28.6
2025-06-20,US,paid_search,112.11
2025-06-20,US,organic,20.92
2025-06-20,US,social,100.19
2025-06-20,US,email,21.4
2025-06-20,US,referral,20.18
2025-06-21,US,paid_search,122.47
2025-06-21,US,organic,15.52
2025-06-21,US,social,59.93
2025-06-21,US,email,20.01
2025-06-21,US,referral,34.68
2025-06-22,US,paid_search,194.41
2025-06-22,US,organic,26.11
2025-06-22,US,social,93.01
2025-06-22,US,email,14.64
2025-06-22,US,referral,22.92
2025-06-23,US,paid_search,166.03
2025-06-23,US,organic,12.26
2025-06-23,US,social,95.95
2025-06-23,US,email,14.85
2025-06-23,US,referral,29.66
2025-06-24,US,paid_search,184.21
2025-06-24,US,organic,19.19
2025-06-24,US,social,70.4
2025-06-24,US,email,15.27
2025-06-24,US,referral,29.61
2025-06-25,US,paid_search,128.55
2025-06-25,US,organic,20.44
2025-06-25,US,social,95.24
2025-06-25,US,email,12.31
2025-06-25,US,referral,21.33
2025-06-26,US,paid_search,190.38
2025-06-26,US,organic,14.33
2025-06-26,US,social,97.87
2025-06-26,US,email,11.64
2025-06-26,US,referral,31.64
2025-06-27,US,paid_search,285.2
2025-06-27,US,organic,15.7
2025-06-27,US,social,102.02
2025-06-27,US,email,12.27
2025-06-27,US,referral,31.51
2025-06-28,US,paid_search,123.06
2025-06-28,US,organic,22.4
2025-06-28,US,social,70.36
2025-06-28,US,email,14.22
2025-06-28,US,referral,18.56
2025-06-29,US,paid_search,217.01
2025-06-29,US,organic,15.82
2025-06-29,US,social,102.42
2025-06-29,US,email,13.71
2025-06-29,US,referral,24.28
2025-06-30,US,paid_search,186.65
2025-06-30,US,organic,16.19
2025-06-30,US,social,94.73
2025-06-30,US,email,20.74
2025-06-30,US,referral,20.14
2025-07-01,US,paid_search,232.73
2025-07-01,US,organic,27.49
2025-07-01,US,social,71.64
2025-07-01,US,email,9.54
2025-07-01,US,referral,26.89
2025-07-02,US,paid_search,155.37
2025-07-02,US,organic,29.34
2025-07-02,US,social,90.78
2025-07-02,US,email,11.99
2025-07-02,US,referral,17.83
2025-07-03,US,paid_search,229.05
2025-07-03,US,organic,17.14
2025-07-03,US,social,90.99
2025-07-03,US,email,18.58
2025-07-03,US,referral,21.97
2025-07-04,US,paid_search,177.93
2025-07-04,US,organic,19.92
2025-07-04,US,social,105.37
2025-07-04,US,email,17.22
2025-07-04,US,referral,23.62
2025-07-05,US,paid_search,182.86
2025-07-05,US,organic,18.14
2025-07-05,US,social,56.75
2025-07-05,US,email,15.97
2025-07-05,US,referral,36.83
2025-07-06,US,paid_search,140.23
2025-07-06,US,organic,16.13
2025-07-06,US,social,70.41
2025-07-06,US,email,17.72
2025-07-06,US,referral,27.8
2025-07-07,US,paid_search,172.87
2025-07-07,US,organic,15.41
2025-07-07,US,social,92.08
2025-07-07,US,email,9.13
2025-07-07,US,referral,25.9
2025-07-08,US,paid_search,219.22
2025-07-08,US,organic,13.74
2025-07-08,US,social,55.52
2025-07-08,US,email,20.92
2025-07-08,US,referral,21.18
2025-07-09,US,paid_search,231.12
2025-07-09,US,organic,19.23
2025-07-09,US,social,86.36
2025-07-09,US,email,16.64
2025-07-09,US,referral,19.48
2025-07-10,US,paid_search,185.96
2025-07-10,US,organic,18.09
2025-07-10,US,social,60.29
2025-07-10,US,email,16.27
2025-07-10,US,referral,23.35
2025-07-11,US,paid_search,172.93
2025-07-11,US,organic,13.95
2025-07-11,US,social,125.81
2025-07-11,US,email,18.29
2025-07-11,US,referral,31.03
2025-07-12,US,paid_search,166.25
2025-07-12,US,organic,11.35
2025-07-12,US,social,133.94
2025-07-12,US,email,14.77
2025-07-12,US,referral,20.32
2025-07-13,US,paid_search,198.76
2025-07-13,US,organic,25.84
2025-07-13,US,social,89.48
2025-07-13,US,email,19.79
2025-07-13,US,referral,31.77
2025-07-14,US,paid_search,131.56
2025-07-14,US,organic,16.63
2025-07-14,US,social,111.54
2025-07-14,US,email,4.83
2025-07-14,US,referral,24.07
2025-07-15,US,paid_search,115.61
2025-07-15,US,organic,17.62
2025-07-15,US,social,83.28
2025-07-15,US,email,13.66
2025-07-15,US,referral,21.55
2025-07-16,US,paid_search,130.63
2025-07-16,US,organic,31.46
2025-07-16,US,social,132.02
2025-07-16,US,email,10.64
2025-07-16,US,referral,34.89
2025-07-17,US,paid_search,162.02
2025-07-17,US,organic,20.65
2025-07-17,US,social,88.58
2025-07-17,US,email,12.53
2025-07-17,US,referral,31.15
2025-07-18,US,paid_search,185.66
2025-07-18,US,organic,17.62
2025-07-18,US,social,60.65
2025-07-18,US,email,11.65
2025-07-18,US,referral,14.74
2025-07-19,US,paid_search,180.55
2025-07-19,US,organic,14.02
2025-07-19,US,social,84.02
2025-07-19,US,email,20.14
2025-07-19,US,referral,32.5
2025-07-20,US,paid_search,178.55
2025-07-20,US,organic,19.56
2025-07-20,US,social,132.3
2025-07-20,US,email,16.95
2025-07-20,US,referral,22.95
2025-07-21,US,paid_search,115.83
2025-07-21,US,organic,21.97
2025-07-21,US,social,108.66
2025-07-21,US,email,12.63
2025-07-21,US,referral,26.82
2025-07-22,US,paid_search,163.64
2025-07-22,US,organic,19.08
2025-07-22,US,social,34.02
2025-07-22,US,email,14.17
2025-07-22,US,referral,31.06
2025-07-23,US,paid_search,151.59
2025-07-23,US,organic,20.26
2025-07-23,US,social,72.99
2025-07-23,US,email,16.35
2025-07-23,US,referral,23.65
2025-07-24,US,paid_search,137.73
2025-07-24,US,organic,26.66
2025-07-24,US,social,110.9
2025-07-24,US,email,12.73
2025-07-24,US,referral,28.11
2025-07-25,US,paid_search,204.18
2025-07-25,US,organic,23.21
2025-07-25,US,social,51.88
2025-07-25,US,email,18.77
2025-07-25,US,referral,21.44
2025-07-26,US,paid_search,163.9
2025-07-26,US,organic,33.19
2025-07-26,US,social,96.79
2025-07-26,US,email,13.55
2025-07-26,US,referral,11.22
2025-07-27,US,paid_search,242.54
2025-07-27,US,organic,13.27
2025-07-27,US,social,67.42
2025-07-27,US,email,13.76
2025-07-27,US,referral,33.85
2025-07-28,US,paid_search,214.8
2025-07-28,US,organic,19.21
2025-07-28,US,social,96.94
2025-07-28,US,email,12.75
2025-07-28,US,referral,25.87
2025-07-29,US,paid_search,183.3
2025-07-29,US,organic,24.84
2025-07-29,US,social,111.76
2025-07-29,US,email,16.85
2025-07-29,US,referral,22.74
2025-07-30,US,paid_search,213.38
2025-07-30,US,organic,19.54
2025-07-30,US,social,65.66
2025-07-30,US,email,13.49
2025-07-30,US,referral,25.53
2025-07-31,US,paid_search,220.96
2025-07-31,US,organic,19.08
2025-07-31,US,social,62.79
2025-07-31,US,email,15.21
2025-07-31,US,referral,25.71
2025-08-01,US,paid_search,188.36
2025-08-01,US,organic,24.6
2025-08-01,US,social,112.93
2025-08-01,US,email,12.77
2025-08-01,US,referral,21.15
2025-08-02,US,paid_search,133.19
2025-08-02,US,organic,23.49
2025-08-02,US,social,122.6
2025-08-02,US,email,13.82
2025-08-02,US,referral,23.49
2025-08-03,US,paid_search,246.01
2025-08-03,US,organic,22.53
2025-08-03,US,social,99.82
2025-08-03,US,email,10.53
2025-08-03,US,referral,29.24
2025-08-04,US,paid_search,138.19
2025-08-04,US,organic,14.33
2025-08-04,US,social,82.2
2025-08-04,US,email,12.8
2025-08-04,US,referral,23.62
2025-08-05,US,paid_search,115.16
2025-08-05,US,organic,24.79
2025-08-05,US,social,115.37
2025-08-05,US,email,7.7
2025-08-05,US,referral,31.12
2025-08-06,US,paid_search,143.53
2025-08-06,US,organic,24.28
2025-08-06,US,social,88.46
2025-08-06,US,email,15.11
2025-08-06,US,referral,23.84
2025-08-07,US,paid_search,234.55
2025-08-07,US,organic,13.8
2025-08-07,US,social,103.68
2025-08-07,US,email,19.13
2025-08-07,US,referral,29.48
2025-08-08,US,paid_search,284.61
2025-08-08,US,organic,17.36
2025-08-08,US,social,111.54
2025-08-08,US,email,14.6
2025-08-08,US,referral,32.71
2025-08-09,US,paid_search,179.65
2025-08-09,US,organic,18.06
2025-08-09,US,social,119.39
2025-08-09,US,email,13.16
2025-08-09,US,referral,16.17
2025-08-10,US,paid_search,156.74
2025-08-10,US,organic,23.1
2025-08-10,US,social,121.32
2025-08-10,US,email,15.42
2025-08-10,US,referral,33.24
2025-08-11,US,paid_search,118.88
2025-08-11,US,organic,17.78
2025-08-11,US,social,83.51
2025-08-11,US,email,14.57
2025-08-11,US,referral,25.53
2025-08-12,US,paid_search,211.09
2025-08-12,US,organic,17.78
2025-08-12,US,social,93.13
2025-08-12,US,email,14.83
2025-08-12,US,referral,19.21
2025-08-13,US,paid_search,174.88
2025-08-13,US,organic,19.28
2025-08-13,US,social,86.29
2025-08-13,US,email,15.12
2025-08-13,US,referral,25.47
2025-08-14,US,paid_search,160.55
2025-08-14,US,organic,26.36
2025-08-14,US,social,63.69
2025-08-14,US,email,12.3
2025-08-14,US,referral,42.37
2025-08-15,US,paid_search,133.29
2025-08-15,US,organic,13.23
2025-08-15,US,social,106.53
2025-08-15,US,email,7.21
2025-08-15,US,referral,23.53
2025-08-16,US,paid_search,276.56
2025-08-16,US,organic,12.28
2025-08-16,US,social,45.41
2025-08-16,US,email,9.38
2025-08-16,US,referral,30.61
2025-08-17,US,paid_search,230.61
2025-08-17,US,organic,17.44
2025-08-17,US,social,105.37
2025-08-17,US,email,20.21
2025-08-17,US,referral,36.17
2025-08-18,US,paid_search,168.91
2025-08-18,US,organic,8.49
2025-08-18,US,social,71.53
2025-08-18,US,email,13.4
2025-08-18,US,referral,23.38
2025-08-19,US,paid_search,171.55
2025-08-19,US,organic,25.59
2025-08-19,US,social,118.67
2025-08-19,US,email,14.36
2025-08-19,US,referral,31.87
2025-08-20,US,paid_search,196.09
2025-08-20,US,organic,20.32
2025-08-20,US,social,110.4
2025-08-20,US,email,15.27
2025-08-20,US,referral,37.86
2025-08-21,US,paid_search,115.27
2025-08-21,US,organic,17.42
2025-08-21,US,social,87.15
2025-08-21,US,email,16.65
2025-08-21,US,referral,32.92
2025-08-22,US,paid_search,178.9
2025-08-22,US,organic,12.89
2025-08-22,US,social,108.96
2025-08-22,US,email,17.83
2025-08-22,US,referral,12.86
2025-08-23,US,paid_search,179.83
2025-08-23,US,organic,12.05
2025-08-23,US,social,75.05
2025-08-23,US,email,11.61
2025-08-23,US,referral,30.06
2025-08-24,US,paid_search,185.26
2025-08-24,US,organic,13.57
2025-08-24,US,social,109.8
2025-08-24,US,email,9.62
2025-08-24,US,referral,27.06
2025-08-25,US,paid_search,143.37
2025-08-25,US,organic,18.17
2025-08-25,US,social,101.35
2025-08-25,US,email,16.96
2025-08-25,US,referral,33.36
2025-08-26,US,paid_search,176.3
2025-08-26,US,organic,21.53
2025-08-26,US,social,80.15
2025-08-26,US,email,15.68
2025-08-26,US,referral,27.75
2025-08-27,US,paid_search,175.58
2025-08-27,US,organic,10.98
2025-08-27,US,social,97.46
2025-08-27,US,email,16.37
2025-08-27,US,referral,20.75
2025-08-28,US,paid_search,122.2
2025-08-28,US,organic,27.38
2025-08-28,US,social,101.06
2025-08-28,US,email,14.14
2025-08-28,US,referral,17.89
2025-08-29,US,paid_search,143.02
2025-08-29,US,organic,26.51
2025-08-29,US,social,93.1
2025-08-29,US,email,12.94
2025-08-29,US,referral,28.19
2025-08-30,US,paid_search,143.35
2025-08-30,US,organic,27.5
2025-08-30,US,social,120.44
2025-08-30,US,email,13.25
2025-08-30,US,referral,21.07
2025-08-31,US,paid_search,62.18
2025-08-31,US,organic,12.59
2025-08-31,US,social,59.86
2025-08-31,US,email,15.51
2025-08-31,US,referral,22.96
2025-09-01,US,paid_search,119.46
2025-09-01,US,organic,18.59
2025-09-01,US,social,101.37
2025-09-01,US,email,16.98
2025-09-01,US,referral,13.13
2025-09-02,US,paid_search,174.23
2025-09-02,US,organic,13.08
2025-09-02,US,social,110.29
2025-09-02,US,email,17.94
2025-09-02,US,referral,19.39
2025-09-03,US,paid_search,145.53
2025-09-03,US,organic,17.69
2025-09-03,US,social,39.31
2025-09-03,US,email,16.26
2025-09-03,US,referral,23.29
2025-09-04,US,paid_search,223.66
2025-09-04,US,organic,14.51
2025-09-04,US,social,76.07
2025-09-04,US,email,9.35
2025-09-04,US,referral,18.72
2025-09-05,US,paid_search,126.81
2025-09-05,US,organic,24.98
2025-09-05,US,social,74.29
2025-09-05,US,email,15.47
2025-09-05,US,referral,22.62
2025-09-06,US,paid_search,122.87
2025-09-06,US,organic,19.16
2025-09-06,US,social,103.48
2025-09-06,US,email,10.47
2025-09-06,US,referral,30.06
2025-09-07,US,paid_search,141.76
2025-09-07,US,organic,17.59
2025-09-07,US,social,101.94
2025-09-07,US,email,12.51
2025-09-07,US,referral,25.23
2025-09-08,US,paid_search,165.84
2025-09-08,US,organic,20.65
2025-09-08,US,social,36.43
2025-09-08,US,email,8.14
2025-09-08,US,referral,28.85
2025-09-09,US,paid_search,226.67
2025-09-09,US,organic,15.45
2025-09-09,US,social,84.51
2025-09-09,US,email,16.11
2025-09-09,US,referral,29.33
2025-09-10,US,paid_search,88.75
2025-09-10,US,organic,15.57
2025-09-10,US,social,82.52
2025-09-10,US,email,17.64
2025-09-10,US,referral,40.62
2025-09-11,US,paid_search,169.74
2025-09-11,US,organic,12.97
2025-09-11,US,social,99.05
2025-09-11,US,email,19.95
2025-09-11,US,referral,25.68
2025-09-12,US,paid_search,139.2
2025-09-12,US,organic,24.79
2025-09-12,US,social,104.93
2025-09-12,US,email,11.15
2025-09-12,US,referral,27.38
2025-09-13,US,paid_search,224.88
2025-09-13,US,organic,25.91
2025-09-13,US,social,88.5
2025-09-13,US,email,13.66
2025-09-13,US,referral,32.67
2025-09-14,US,paid_search,125.54
2025-09-14,US,organic,22.19
2025-09-14,US,social,59.17
2025-09-14,US,email,19.0
2025-09-14,US,referral,23.39
2025-09-15,US,paid_search,237.09
2025-09-15,US,organic,22.46
2025-09-15,US,social,62.48
2025-09-15,US,email,20.34
2025-09-15,US,referral,34.7
2025-09-16,US,paid_search,219.7
2025-09-16,US,organic,16.19
2025-09-16,US,social,83.11
2025-09-16,US,email,15.55
2025-09-16,US,referral,20.6
2025-09-17,US,paid_search,256.16
2025-09-17,US,organic,20.72
2025-09-17,US,social,29.17
2025-09-17,US,email,16.27
2025-09-17,US,referral,22.82
2025-09-18,US,paid_search,176.63
2025-09-18,US,organic,18.16
2025-09-18,US,social,108.16
2025-09-18,US,email,19.2
2025-09-18,US,referral,26.77
2025-09-19,US,paid_search,164.73
2025-09-19,US,organic,19.79
2025-09-19,US,social,90.44
2025-09-19,US,email,11.99
2025-09-19,US,referral,28.62
2025-09-20,US,paid_search,200.7
2025-09-20,US,organic,27.7
2025-09-20,US,social,118.25
2025-09-20,US,email,12.43
2025-09-20,US,referral,30.13
2025-09-21,US,paid_search,137.21
2025-09-21,US,organic,23.48
2025-09-21,US,social,78.38
2025-09-21,US,email,11.16
2025-09-21,US,referral,26.75
2025-09-22,US,paid_search,59.64
2025-09-22,US,organic,11.25
2025-09-22,US,social,86.01
2025-09-22,US,email,15.31
2025-09-22,US,referral,22.69
2025-09-23,US,paid_search,108.93
2025-09-23,US,organic,15.91
2025-09-23,US,social,98.8
2025-09-23,US,email,17.18
2025-09-23,US,referral,24.9
2025-09-24,US,paid_search,232.06
2025-09-24,US,organic,21.99
2025-09-24,US,social,73.18
2025-09-24,US,email,13.95
2025-09-24,US,referral,16.23
2025-09-25,US,paid_search,175.13
2025-09-25,US,organic,25.56
2025-09-25,US,social,105.42
2025-09-25,US,email,20.26
2025-09-25,US,referral,23.11
2025-09-26,US,paid_search,240.57
2025-09-26,US,organic,19.03
2025-09-26,US,social,123.11
2025-09-26,US,email,14.92
2025-09-26,US,referral,29.42
2025-09-27,US,paid_search,246.38
2025-09-27,US,organic,19.03
2025-09-27,US,social,94.91
2025-09-27,US,email,19.83
2025-09-27,US,referral,24.17
2025-09-28,US,paid_search,120.56
2025-09-28,US,organic,30.72
2025-09-28,US,social,79.43
2025-09-28,US,email,15.6
2025-09-28,US,referral,32.23
2025-09-29,US,paid_search,152.62
2025-09-29,US,organic,14.96
2025-09-29,US,social,95.71
2025-09-29,US,email,8.28
2025-09-29,US,referral,23.2
2025-09-30,US,paid_search,191.03
2025-09-30,US,organic,18.65
2025-09-30,US,social,55.27
2025-09-30,US,email,20.98
2025-09-30,US,referral,25.65
2025-10-01,US,paid_search,244.4
2025-10-01,US,organic,18.7
2025-10-01,US,social,70.2
2025-10-01,US,email,16.01
2025-10-01,US,referral,23.65
2025-10-02,US,paid_search,127.0
2025-10-02,US,organic,27.35
2025-10-02,US,social,76.0
2025-10-02,US,email,8.1
2025-10-02,US,referral,33.3
2025-10-03,US,paid_search,157.31
2025-10-03,US,organic,16.96
2025-10-03,US,social,50.28
2025-10-03,US,email,21.53
2025-10-03,US,referral,16.94
2025-10-04,US,paid_search,182.63
2025-10-04,US,organic,24.56
2025-10-04,US,social,99.49
2025-10-04,US,email,14.78
2025-10-04,US,referral,14.36
2025-10-05,US,paid_search,143.56
2025-10-05,US,organic,20.94
2025-10-05,US,social,72.29
2025-10-05,US,email,15.76
2025-10-05,US,referral,29.26
2025-10-06,US,paid_search,223.31
2025-10-06,US,organic,13.87
2025-10-06,US,social,139.42
2025-10-06,US,email,17.88
2025-10-06,US,referral,24.99
2025-10-07,US,paid_search,229.03
2025-10-07,US,organic,31.83
2025-10-07,US,social,57.63
2025-10-07,US,email,14.16
2025-10-07,US,referral,10.13
2025-10-08,US,paid_search,188.67
2025-10-08,US,organic,21.83
2025-10-08,US,social,89.12
2025-10-08,US,email,12.55
2025-10-08,US,referral,12.19
2025-10-09,US,paid_search,196.81
2025-10-09,US,organic,27.28
2025-10-09,US,social,76.7
2025-10-09,US,email,16.65
2025-10-09,US,referral,15.2
2025-10-10,US,paid_search,200.57
2025-10-10,US,organic,18.03
2025-10-10,US,social,72.85
2025-10-10,US,email,12.15
2025-10-10,US,referral,22.54
2025-10-11,US,paid_search,197.21
2025-10-11,US,organic,13.44
2025-10-11,US,social,81.06
2025-10-11,US,email,14.84
2025-10-11,US,referral,18.13
2025-10-12,US,paid_search,260.85
2025-10-12,US,organic,15.73
2025-10-12,US,social,74.94
2025-10-12,US,email,11.33
2025-10-12,US,referral,36.24
2025-10-13,US,paid_search,204.88
2025-10-13,US,organic,15.32
2025-10-13,US,social,114.89
2025-10-13,US,email,15.75
2025-10-13,US,referral,26.61
2025-10-14,US,paid_search,164.5
2025-10-14,US,organic,16.25
2025-10-14,US,social,97.6
2025-10-14,US,email,12.96
2025-10-14,US,referral,36.35
2025-10-15,US,paid_search,122.88
2025-10-15,US,organic,27.68
2025-10-15,US,social,87.5
2025-10-15,US,email,16.12
2025-10-15,US,referral,30.21
2025-10-16,US,paid_search,151.64
2025-10-16,US,organic,24.32
2025-10-16,US,social,29.08
2025-10-16,US,email,12.3
2025-10-16,US,referral,19.22
2025-10-17,US,paid_search,123.59
2025-10-17,US,organic,18.93
2025-10-17,US,social,98.68
2025-10-17,US,email,17.63
2025-10-17,US,referral,26.51
2025-10-18,US,paid_search,150.04
2025-10-18,US,organic,21.85
2025-10-18,US,social,92.8
2025-10-18,US,email,18.51
2025-10-18,US,referral,29.86
2025-10-19,US,paid_search,181.37
2025-10-19,US,organic,15.51
2025-10-19,US,social,75.31
2025-10-19,US,email,12.94
2025-10-19,US,referral,23.03
2025-10-20,US,paid_search,192.06
2025-10-20,US,organic,23.58
2025-10-20,US,social,88.85
2025-10-20,US,email,15.06
2025-10-20,US,referral,25.9
2025-10-21,US,paid_search,156.78
2025-10-21,US,organic,15.37
2025-10-21,US,social,50.5
2025-10-21,US,email,12.39
2025-10-21,US,referral,27.96
2025-10-22,US,paid_search,148.37
2025-10-22,US,organic,18.81
2025-10-22,US,social,100.49
2025-10-22,US,email,16.95
2025-10-22,US,referral,18.25
2025-10-23,US,paid_search,224.87
2025-10-23,US,organic,25.64
2025-10-23,US,social,64.58
2025-10-23,US,email,11.91
2025-10-23,US,referral,32.44
2025-10-24,US,paid_search,173.39
2025-10-24,US,organic,8.9
2025-10-24,US,social,58.51
2025-10-24,US,email,14.06
2025-10-24,US,referral,17.73
2025-10-25,US,paid_search,161.4
2025-10-25,US,organic,20.16
2025-10-25,US,social,122.9
2025-10-25,US,email,13.91
2025-10-25,US,referral,31.7
2025-10-26,US,paid_search,244.29
2025-10-26,US,organic,27.17
2025-10-26,US,social,96.41
2025-10-26,US,email,7.64
2025-10-26,US,referral,27.88
2025-10-27,US,paid_search,227.18
2025-10-27,US,organic,19.59
2025-10-27,US,social,129.25
2025-10-27,US,email,18.22
2025-10-27,US,referral,28.55
2025-10-28,US,paid_search,228.89
2025-10-28,US,organic,21.67
2025-10-28,US,social,33.91
2025-10-28,US,email,13.13
2025-10-28,US,referral,32.48
2025-10-29,US,paid_search,143.66
2025-10-29,US,organic,18.88
2025-10-29,US,social,66.49
2025-10-29,US,email,21.69
2025-10-29,US,referral,35.51
2025-10-30,US,paid_search,140.23
2025-10-30,US,organic,20.74
2025-10-30,US,social,74.69
2025-10-30,US,email,17.31
2025-10-30,US,referral,28.19
2025-10-31,US,paid_search,216.53
2025-10-31,US,organic,21.66
2025-10-31,US,social,156.05
2025-10-31,US,email,11.15
2025-10-31,US,referral,14.31
2025-11-01,US,paid_search,162.31
2025-11-01,US,organic,12.16
2025-11-01,US,social,56.42
2025-11-01,US,email,11.25
2025-11-01,US,referral,19.24
2025-11-02,US,paid_search,137.04
2025-11-02,US,organic,22.59
2025-11-02,US,social,78.61
2025-11-02,US,email,14.33
2025-11-02,US,referral,30.59
2025-11-03,US,paid_search,145.52
2025-11-03,US,organic,18.68
2025-11-03,US,social,98.23
2025-11-03,US,email,7.72
2025-11-03,US,referral,10.09
2025-11-04,US,paid_search,195.58
2025-11-04,US,organic,22.46
2025-11-04,US,social,136.44
2025-11-04,US,email,15.59
2025-11-04,US,referral,30.12
2025-11-05,US,paid_search,171.2
2025-11-05,US,organic,21.49
2025-11-05,US,social,127.51
2025-11-05,US,email,7.04
2025-11-05,US,referral,27.59
2025-11-06,US,paid_search,276.1
2025-11-06,US,organic,21.41
2025-11-06,US,social,127.14
2025-11-06,US,email,12.64
2025-11-06,US,referral,24.8
2025-11-07,US,paid_search,181.51
2025-11-07,US,organic,8.91
2025-11-07,US,social,63.72
2025-11-07,US,email,10.89
2025-11-07,US,referral,30.14
2025-11-08,US,paid_search,219.25
2025-11-08,US,organic,21.62
2025-11-08,US,social,108.54
2025-11-08,US,email,14.38
2025-11-08,US,referral,32.51
2025-11-09,US,paid_search,180.4
2025-11-09,US,organic,20.29
2025-11-09,US,social,84.02
2025-11-09,US,email,17.57
2025-11-09,US,referral,22.37
2025-11-10,US,paid_search,223.94
2025-11-10,US,organic,14.34
2025-11-10,US,social,65.27
2025-11-10,US,email,17.58
2025-11-10,US,referral,24.45
2025-11-11,US,paid_search,159.57
2025-11-11,US,organic,24.45
2025-11-11,US,social,76.34
2025-11-11,US,email,14.25
2025-11-11,US,referral,33.75
2025-11-12,US,paid_search,249.26
2025-11-12,US,organic,27.86
2025-11-12,US,social,83.65
2025-11-12,US,email,19.62
2025-11-12,US,referral,19.07
2025-11-13,US,paid_search,139.19
2025-11-13,US,organic,8.25
2025-11-13,US,social,127.64
2025-11-13,US,email,11.76
2025-11-13,US,referral,24.21
2025-11-14,US,paid_search,139.04
2025-11-14,US,organic,23.48
2025-11-14,US,social,81.55
2025-11-14,US,email,10.11
2025-11-14,US,referral,27.76
2025-11-15,US,paid_search,115.48
2025-11-15,US,organic,15.81
2025-11-15,US,social,42.59
2025-11-15,US,email,9.66
2025-11-15,US,referral,26.12
2025-11-16,US,paid_search,91.6
2025-11-16,US,organic,12.59
2025-11-16,US,social,89.95
2025-11-16,US,email,12.96
2025-11-16,US,referral,37.45
2025-11-17,US,paid_search,262.53
2025-11-17,US,organic,15.66
2025-11-17,US,social,102.54
2025-11-17,US,email,17.81
2025-11-17,US,referral,21.27
2025-11-18,US,paid_search,112.7
2025-11-18,US,organic,19.94
2025-11-18,US,social,86.11
2025-11-18,US,email,13.37
2025-11-18,US,referral,27.76
2025-11-19,US,paid_search,146.22
2025-11-19,US,organic,14.24
2025-11-19,US,social,92.45
2025-11-19,US,email,16.45
2025-11-19,US,referral,17.65
2025-11-20,US,paid_search,221.76
2025-11-20,US,organic,11.15
2025-11-20,US,social,76.99
2025-11-20,US,email,14.03
2025-11-20,US,referral,21.02
2025-11-21,US,paid_search,154.57
2025-11-21,US,organic,29.36
2025-11-21,US,social,70.86
2025-11-21,US,email,24.15
2025-11-21,US,referral,27.73
2025-11-22,US,paid_search,184.14
2025-11-22,US,organic,22.38
2025-11-22,US,social,146.92
2025-11-22,US,email,11.27
2025-11-22,US,referral,18.0
2025-11-23,US,paid_search,146.03
2025-11-23,US,organic,20.16
2025-11-23,US,social,51.17
2025-11-23,US,email,15.08
2025-11-23,US,referral,35.58
2025-11-24,US,paid_search,186.81
2025-11-24,US,organic,18.54
2025-11-24,US,social,76.09
2025-11-24,US,email,18.37
2025-11-24,US,referral,19.84
2025-11-25,US,paid_search,263.09
2025-11-25,US,organic,29.67
2025-11-25,US,social,95.78
2025-11-25,US,email,14.96
2025-11-25,US,referral,31.44
2025-11-26,US,paid_search,229.27
2025-11-26,US,organic,15.97
2025-11-26,US,social,78.15
2025-11-26,US,email,10.04
2025-11-26,US,referral,27.56
2025-11-27,US,paid_search,210.0
2025-11-27,US,organic,13.25
2025-11-27,US,social,79.76
2025-11-27,US,email,9.95
2025-11-27,US,referral,19.38
2025-11-28,US,paid_search,204.8
2025-11-28,US,organic,16.33
2025-11-28,US,social,83.23
2025-11-28,US,email,8.9
2025-11-28,US,referral,26.17
2025-11-29,US,paid_search,178.01
2025-11-29,US,organic,16.36
2025-11-29,US,social,85.75
2025-11-29,US,email,15.68
2025-11-29,US,referral,19.91
2025-11-30,US,paid_search,113.57
2025-11-30,US,organic,29.03
2025-11-30,US,social,75.75
2025-11-30,US,email,14.64
2025-11-30,US,referral,31.32
2025-12-01,US,paid_search,338.81
2025-12-01,US,organic,13.78
2025-12-01,US,social,100.12
2025-12-01,US,email,12.35
2025-12-01,US,referral,21.63
2025-12-02,US,paid_search,147.59
2025-12-02,US,organic,14.37
2025-12-02,US,social,89.07
2025-12-02,US,email,9.47
2025-12-02,US,referral,30.92
2025-12-03,US,paid_search,182.48
2025-12-03,US,organic,22.11
2025-12-03,US,social,79.51
2025-12-03,US,email,13.62
2025-12-03,US,referral,26.8
2025-12-04,US,paid_search,127.62
2025-12-04,US,organic,18.21
2025-12-04,US,social,70.66
2025-12-04,US,email,11.66
2025-12-04,US,referral,11.81
2025-12-05,US,paid_search,240.27
2025-12-05,US,organic,16.57
2025-12-05,US,social,116.18
2025-12-05,US,email,19.01
2025-12-05,US,referral,16.96
2025-12-06,US,paid_search,131.02
2025-12-06,US,organic,32.8
2025-12-06,US,social,129.4
2025-12-06,US,email,14.88
2025-12-06,US,referral,26.61
2025-12-07,US,paid_search,151.61
2025-12-07,US,organic,22.16
2025-12-07,US,social,73.86
2025-12-07,US,email,7.38
2025-12-07,US,referral,16.74
2025-12-08,US,paid_search,180.95
2025-12-08,US,organic,14.34
2025-12-08,US,social,88.49
2025-12-08,US,email,10.97
2025-12-08,US,referral,20.11
2025-12-09,US,paid_search,218.39
2025-12-09,US,organic,21.24
2025-12-09,US,social,89.78
2025-12-09,US,email,18.3
2025-12-09,US,referral,28.0
2025-12-10,US,paid_search,245.1
2025-12-10,US,organic,17.7
2025-12-10,US,social,80.33
2025-12-10,US,email,10.12
2025-12-10,US,referral,22.32
2025-12-11,US,paid_search,223.41
2025-12-11,US,organic,26.5
2025-12-11,US,social,111.61
2025-12-11,US,email,8.27
2025-12-11,US,referral,31.77
2025-12-12,US,paid_search,97.27
2025-12-12,US,organic,24.49
2025-12-12,US,social,81.72
2025-12-12,US,email,17.63
2025-12-12,US,referral,16.67
2025-12-13,US,paid_search,232.7
2025-12-13,US,organic,12.68
2025-12-13,US,social,74.96
2025-12-13,US,email,11.26
2025-12-13,US,referral,14.04
2025-12-14,US,paid_search,184.25
2025-12-14,US,organic,29.03
2025-12-14,US,social,150.01
2025-12-14,US,email,15.36
2025-12-14,US,referral,31.98
2025-12-15,US,paid_search,190.44
2025-12-15,US,organic,22.49
2025-12-15,US,social,82.3
2025-12-15,US,email,15.73
2025-12-15,US,referral,28.36
2025-12-16,US,paid_search,153.97
2025-12-16,US,organic,19.61
2025-12-16,US,social,88.69
2025-12-16,US,email,18.1
2025-12-16,US,referral,18.34
2025-12-17,US,paid_search,177.68
2025-12-17,US,organic,29.56
2025-12-17,US,social,116.19
2025-12-17,US,email,20.06
2025-12-17,US,referral,25.15
2025-12-18,US,paid_search,194.44
2025-12-18,US,organic,25.01
2025-12-18,US,social,125.11
2025-12-18,US,email,7.68
2025-12-18,US,referral,16.78
2025-12-19,US,paid_search,238.92
2025-12-19,US,organic,18.62
2025-12-19,US,social,74.89
2025-12-19,US,email,10.3
2025-12-19,US,referral,21.53
2025-12-20,US,paid_search,116.89
2025-12-20,US,organic,30.46
2025-12-20,US,social,89.5
2025-12-20,US,email,14.78
2025-12-20,US,referral,28.68
2025-12-21,US,paid_search,223.31
2025-12-21,US,organic,24.73
2025-12-21,US,social,114.16
2025-12-21,US,email,12.63
2025-12-21,US,referral,23.14
2025-12-22,US,paid_search,214.61
2025-12-22,US,organic,17.36
2025-12-22,US,social,89.89
2025-12-22,US,email,16.5
2025-12-22,US,referral,29.91
2025-12-23,US,paid_search,100.0
2025-12-23,US,organic,23.57
2025-12-23,US,social,84.74
2025-12-23,US,email,17.65
2025-12-23,US,referral,29.86
2025-12-24,US,paid_search,252.36
2025-12-24,US,organic,26.77
2025-12-24,US,social,120.3
2025-12-24,US,email,20.41
2025-12-24,US,referral,26.82
2025-12-25,US,paid_search,181.45
2025-12-25,US,organic,24.36
2025-12-25,US,social,106.47
2025-12-25,US,email,13.84
2025-12-25,US,referral,27.53
2025-12-26,US,paid_search,178.42
2025-12-26,US,organic,15.73
2025-12-26,US,social,119.04
2025-12-26,US,email,15.21
2025-12-26,US,referral,37.8
2025-12-27,US,paid_search,106.85
2025-12-27,US,organic,17.22
2025-12-27,US,social,90.73
2025-12-27,US,email,19.27
2025-12-27,US,referral,27.5
2025-12-28,US,paid_search,193.97
2025-12-28,US,organic,14.36
2025-12-28,US,social,63.97
2025-12-28,US,email,16.21
2025-12-28,US,referral,16.47
2025-12-29,US,paid_search,156.07
2025-12-29,US,organic,22.5
2025-12-29,US,social,67.9
2025-12-29,US,email,21.02
2025-12-29,US,referral,32.65
2025-12-30,US,paid_search,109.29
2025-12-30,US,organic,15.34
2025-12-30,US,social,38.57
2025-12-30,US,email,12.07
2025-12-30,US,referral,29.79
2025-12-31,US,paid_search,161.37
2025-12-31,US,organic,22.3
2025-12-31,US,social,55.75
2025-12-31,US,email,17.99
2025-12-31,US,referral,21.53
2023-01-01,DE,paid_search,136.04
2023-01-01,DE,organic,11.74
2023-01-01,DE,social,99.38
2023-01-01,DE,email,15.42
2023-01-01,DE,referral,25.0
2023-01-02,DE,paid_search,149.8
2023-01-02,DE,organic,15.73
2023-01-02,DE,social,108.73
2023-01-02,DE,email,18.42
2023-01-02,DE,referral,24.65
2023-01-03,DE,paid_search,190.1
2023-01-03,DE,organic,18.0
2023-01-03,DE,social,50.3
2023-01-03,DE,email,9.63
2023-01-03,DE,referral,27.34
2023-01-04,DE,paid_search,201.72
2023-01-04,DE,organic,21.48
2023-01-04,DE,social,83.12
2023-01-04,DE,email,16.23
2023-01-04,DE,referral,20.94
2023-01-05,DE,paid_search,176.77
2023-01-05,DE,organic,16.13
2023-01-05,DE,social,56.29
2023-01-05,DE,email,15.51
2023-01-05,DE,referral,28.02
2023-01-06,DE,paid_search,247.63
2023-01-06,DE,organic,18.12
2023-01-06,DE,social,56.46
2023-01-06,DE,email,11.7
2023-01-06,DE,referral,20.53
2023-01-07,DE,paid_search,158.68
2023-01-07,DE,organic,19.0
2023-01-07,DE,social,83.44
2023-01-07,DE,email,15.23
2023-01-07,DE,referral,22.3
2023-01-08,DE,paid_search,67.88
2023-01-08,DE,organic,17.97
2023-01-08,DE,social,78.16
2023-01-08,DE,email,14.5
2023-01-08,DE,referral,19.33
2023-01-09,DE,paid_search,161.55
2023-01-09,DE,organic,19.36
2023-01-09,DE,social,73.44
2023-01-09,DE,email,14.9
2023-01-09,DE,referral,21.62
2023-01-10,DE,paid_search,158.99
2023-01-10,DE,organic,4.58
2023-01-10,DE,social,54.62
2023-01-10,DE,email,9.11
2023-01-10,DE,referral,22.4
2023-01-11,DE,paid_search,201.64
2023-01-11,DE,organic,16.5
2023-01-11,DE,social,92.72
2023-01-11,DE,email,14.82
2023-01-11,DE,referral,21.99
2023-01-12,DE,paid_search,174.95
2023-01-12,DE,organic,18.05
2023-01-12,DE,social,73.78
2023-01-12,DE,email,14.0
2023-01-12,DE,referral,28.94
2023-01-13,DE,paid_search,171.08
2023-01-13,DE,organic,17.93
2023-01-13,DE,social,59.72
2023-01-13,DE,email,17.26
2023-01-13,DE,referral,13.78
2023-01-14,DE,paid_search,87.74
2023-01-14,DE,organic,18.58
2023-01-14,DE,social,59.66
2023-01-14,DE,email,16.22
2023-01-14,DE,referral,12.31
2023-01-15,DE,paid_search,189.79
2023-01-15,DE,organic,20.49
2023-01-15,DE,social,78.76
2023-01-15,DE,email,6.06
2023-01-15,DE,referral,12.09
2023-01-16,DE,paid_search,162.18
2023-01-16,DE,organic,16.01
2023-01-16,DE,social,90.41
2023-01-16,DE,email,12.53
2023-01-16,DE,referral,20.43
2023-01-17,DE,paid_search,60.19
2023-01-17,DE,organic,20.5
2023-01-17,DE,social,64.09
2023-01-17,DE,email,11.48
2023-01-17,DE,referral,15.57
2023-01-18,DE,paid_search,94.08
2023-01-18,DE,organic,23.26
2023-01-18,DE,social,91.71
2023-01-18,DE,email,15.34
2023-01-18,DE,referral,20.1
2023-01-19,DE,paid_search,86.52
2023-01-19,DE,organic,25.93
2023-01-19,DE,social,84.58
2023-01-19,DE,email,13.19
2023-01-19,DE,referral,19.34
2023-01-20,DE,paid_search,74.8
2023-01-20,DE,organic,21.85
2023-01-20,DE,social,56.27
2023-01-20,DE,email,14.49
2023-01-20,DE,referral,25.35
2023-01-21,DE,paid_search,165.78
2023-01-21,DE,organic,19.0
2023-01-21,DE,social,102.24
2023-01-21,DE,email,10.22
2023-01-21,DE,referral,22.12
2023-01-22,DE,paid_search,144.39
2023-01-22,DE,organic,9.18
2023-01-22,DE,social,81.98
2023-01-22,DE,email,16.74
2023-01-22,DE,referral,28.56
2023-01-23,DE,paid_search,224.05
2023-01-23,DE,organic,9.46
2023-01-23,DE,social,107.65
2023-01-23,DE,email,13.34
2023-01-23,DE,referral,29.75
2023-01-24,DE,paid_search,137.9
2023-01-24,DE,organic,14.74
2023-01-24,DE,social,53.26
2023-01-24,DE,email,15.22
2023-01-24,DE,referral,23.98
2023-01-25,DE,paid_search,110.27
2023-01-25,DE,organic,7.8
2023-01-25,DE,social,84.44
2023-01-25,DE,email,14.44
2023-01-25,DE,referral,16.01
2023-01-26,DE,paid_search,107.57
2023-01-26,DE,organic,19.79
2023-01-26,DE,social,112.0
2023-01-26,DE,email,11.17
2023-01-26,DE,referral,16.58
2023-01-27,DE,paid_search,164.43
2023-01-27,DE,organic,19.7
2023-01-27,DE,social,69.53
2023-01-27,DE,email,19.2
2023-01-27,DE,referral,26.04
2023-01-28,DE,paid_search,138.42
2023-01-28,DE,organic,10.23
2023-01-28,DE,social,101.73
2023-01-28,DE,email,16.55
2023-01-28,DE,referral,19.64
2023-01-29,DE,paid_search,166.41
2023-01-29,DE,organic,16.36
2023-01-29,DE,social,86.46
2023-01-29,DE,email,9.48
2023-01-29,DE,referral,15.05
2023-01-30,DE,paid_search,184.02
2023-01-30,DE,organic,20.98
2023-01-30,DE,social,67.11
2023-01-30,DE,email,10.36
2023-01-30,DE,referral,27.35
2023-01-31,DE,paid_search,125.64
2023-01-31,DE,organic,17.24
2023-01-31,DE,social,75.13
2023-01-31,DE,email,8.07
2023-01-31,DE,referral,22.27
2023-02-01,DE,paid_search,156.61
2023-02-01,DE,organic,18.53
2023-02-01,DE,social,79.53
2023-02-01,DE,email,19.56
2023-02-01,DE,referral,27.42
2023-02-02,DE,paid_search,154.48
2023-02-02,DE,organic,17.55
2023-02-02,DE,social,110.23
2023-02-02,DE,email,15.5
2023-02-02,DE,referral,14.72
2023-02-03,DE,paid_search,189.3
2023-02-03,DE,organic,22.28
2023-02-03,DE,social,107.44
2023-02-03,DE,email,11.47
2023-02-03,DE,referral,18.73
2023-02-04,DE,paid_search,116.98
2023-02-04,DE,organic,18.31
2023-02-04,DE,social,90.52
2023-02-04,DE,email,11.11
2023-02-04,DE,referral,20.5
2023-02-05,DE,paid_search,74.45
2023-02-05,DE,organic,23.42
2023-02-05,DE,social,46.57
2023-02-05,DE,email,13.94
2023-02-05,DE,referral,22.52
2023-02-06,DE,paid_search,154.75
2023-02-06,DE,organic,17.29
2023-02-06,DE,social,57.15
2023-02-06,DE,email,11.7
2023-02-06,DE,referral,26.4
2023-02-07,DE,paid_search,201.39
2023-02-07,DE,organic,15.21
2023-02-07,DE,social,46.66
2023-02-07,DE,email,10.27
2023-02-07,DE,referral,31.09
2023-02-08,DE,paid_search,125.49
2023-02-08,DE,organic,16.59
2023-02-08,DE,social,103.58
2023-02-08,DE,email,11.07
2023-02-08,DE,referral,20.37
2023-02-09,DE,paid_search,183.39
2023-02-09,DE,organic,24.28
2023-02-09,DE,social,64.15
2023-02-09,DE,email,17.19
2023-02-09,DE,referral,19.75
2023-02-10,DE,paid_search,119.11
2023-02-10,DE,organic,18.06
2023-02-10,DE,social,54.36
2023-02-10,DE,email,14.25
2023-02-10,DE,referral,37.98
2023-02-11,DE,paid_search,195.29
2023-02-11,DE,organic,16.55
2023-02-11,DE,social,96.62
2023-02-11,DE,email,9.78
2023-02-11,DE,referral,17.19
2023-02-12,DE,paid_search,150.05
2023-02-12,DE,organic,17.37
2023-02-12,DE,social,51.77
2023-02-12,DE,email,11.77
2023-02-12,DE,referral,20.48
2023-02-13,DE,paid_search,211.98
2023-02-13,DE,organic,11.5
2023-02-13,DE,social,49.99
2023-02-13,DE,email,13.31
2023-02-13,DE,referral,27.36
2023-02-14,DE,paid_search,174.1
2023-02-14,DE,organic,18.29
2023-02-14,DE,social,70.98
2023-02-14,DE,email,14.91
2023-02-14,DE,referral,25.64
2023-02-15,DE,paid_search,143.16
2023-02-15,DE,organic,12.97
2023-02-15,DE,social,58.48
2023-02-15,DE,email,15.55
2023-02-15,DE,referral,13.05
2023-02-16,DE,paid_search,217.15
2023-02-16,DE,organic,15.06
2023-02-16,DE,social,82.42
2023-02-16,DE,email,14.99
2023-02-16,DE,referral,17.62
2023-02-17,DE,paid_search,135.41
2023-02-17,DE,organic,17.56
2023-02-17,DE,social,60.17
2023-02-17,DE,email,9.35
2023-02-17,DE,referral,16.06
2023-02-18,DE,paid_search,199.25
2023-02-18,DE,organic,18.69
2023-02-18,DE,social,61.33
2023-02-18,DE,email,15.53
2023-02-18,DE,referral,17.33
2023-02-19,DE,paid_search,78.4
2023-02-19,DE,organic,19.96
2023-02-19,DE,social,107.98
2023-02-19,DE,email,14.53
2023-02-19,DE,referral,11.22
2023-02-20,DE,paid_search,152.1
2023-02-20,DE,organic,15.83
2023-02-20,DE,social,83.73
2023-02-20,DE,email,10.05
2023-02-20,DE,referral,19.48
2023-02-21,DE,paid_search,98.68
2023-02-21,DE,organic,17.94
2023-02-21,DE,social,50.05
2023-02-21,DE,email,14.14
2023-02-21,DE,referral,17.26
2023-02-22,DE,paid_search,32.84
2023-02-22,DE,organic,20.37
2023-02-22,DE,social,85.95
2023-02-22,DE,email,17.06
2023-02-22,DE,referral,10.15
2023-02-23,DE,paid_search,127.96
2023-02-23,DE,organic,17.56
2023-02-23,DE,social,87.43
2023-02-23,DE,email,8.09
2023-02-23,DE,referral,23.54
2023-02-24,DE,paid_search,131.13
2023-02-24,DE,organic,9.12
2023-02-24,DE,social,62.14
2023-02-24,DE,email,14.39
2023-02-24,DE,referral,11.62
2023-02-25,DE,paid_search,177.37
2023-02-25,DE,organic,18.2
2023-02-25,DE,social,71.64
2023-02-25,DE,email,7.54
2023-02-25,DE,referral,12.99
2023-02-26,DE,paid_search,137.76
2023-02-26,DE,organic,12.22
2023-02-26,DE,social,70.12
2023-02-26,DE,email,15.64
2023-02-26,DE,referral,19.8
2023-02-27,DE,paid_search,141.51
2023-02-27,DE,organic,15.73
2023-02-27,DE,social,95.88
2023-02-27,DE,email,16.87
2023-02-27,DE,referral,23.49
2023-02-28,DE,paid_search,158.22
2023-02-28,DE,organic,17.98
2023-02-28,DE,social,103.81
2023-02-28,DE,email,14.27
2023-02-28,DE,referral,29.34
2023-03-01,DE,paid_search,136.97
2023-03-01,DE,organic,11.32
2023-03-01,DE,social,63.7
2023-03-01,DE,email,10.96
2023-03-01,DE,referral,29.77
2023-03-02,DE,paid_search,181.17
2023-03-02,DE,organic,14.29
2023-03-02,DE,social,91.96
2023-03-02,DE,email,12.34
2023-03-02,DE,referral,29.93
2023-03-03,DE,paid_search,140.24
2023-03-03,DE,organic,10.46
2023-03-03,DE,social,72.93
2023-03-03,DE,email,11.69
2023-03-03,DE,referral,14.11
2023-03-04,DE,paid_search,175.41
2023-03-04,DE,organic,23.06
2023-03-04,DE,social,55.03
2023-03-04,DE,email,15.85
2023-03-04,DE,referral,18.03
2023-03-05,DE,paid_search,152.05
2023-03-05,DE,organic,16.45
2023-03-05,DE,social,76.03
2023-03-05,DE,email,14.26
2023-03-05,DE,referral,15.81
2023-03-06,DE,paid_search,202.47
2023-03-06,DE,organic,19.14
2023-03-06,DE,social,92.48
2023-03-06,DE,email,10.26
2023-03-06,DE,referral,15.33
2023-03-07,DE,paid_search,198.24
2023-03-07,DE,organic,12.08
2023-03-07,DE,social,79.36
2023-03-07,DE,email,16.0
2023-03-07,DE,referral,20.58
2023-03-08,DE,paid_search,197.76
2023-03-08,DE,organic,15.85
2023-03-08,DE,social,52.07
2023-03-08,DE,email,13.94
2023-03-08,DE,referral,22.3
2023-03-09,DE,paid_search,255.82
2023-03-09,DE,organic,12.98
2023-03-09,DE,social,71.68
2023-03-09,DE,email,10.42
2023-03-09,DE,referral,20.49
2023-03-10,DE,paid_search,146.01
2023-03-10,DE,organic,13.29
2023-03-10,DE,social,85.46
2023-03-10,DE,email,12.07
2023-03-10,DE,referral,28.4
2023-03-11,DE,paid_search,128.19
2023-03-11,DE,organic,24.91
2023-03-11,DE,social,81.78
2023-03-11,DE,email,16.8
2023-03-11,DE,referral,21.86
2023-03-12,DE,paid_search,123.14
2023-03-12,DE,organic,15.88
2023-03-12,DE,social,49.98
2023-03-12,DE,email,12.39
2023-03-12,DE,referral,22.16
2023-03-13,DE,paid_search,154.75
2023-03-13,DE,organic,22.65
2023-03-13,DE,social,73.65
2023-03-13,DE,email,6.71
2023-03-13,DE,referral,40.08
2023-03-14,DE,paid_search,126.58
2023-03-14,DE,organic,21.12
2023-03-14,DE,social,47.73
2023-03-14,DE,email,13.53
2023-03-14,DE,referral,17.03
2023-03-15,DE,paid_search,45.03
2023-03-15,DE,organic,15.8
2023-03-15,DE,social,75.54
2023-03-15,DE,email,12.05
2023-03-15,DE,referral,22.54
2023-03-16,DE,paid_search,142.69
2023-03-16,DE,organic,17.29
2023-03-16,DE,social,79.75
2023-03-16,DE,email,12.64
2023-03-16,DE,referral,20.34
2023-03-17,DE,paid_search,118.82
2023-03-17,DE,organic,19.53
2023-03-17,DE,social,71.09
2023-03-17,DE,email,11.59
2023-03-17,DE,referral,23.97
2023-03-18,DE,paid_search,161.11
2023-03-18,DE,organic,14.03
2023-03-18,DE,social,100.42
2023-03-18,DE,email,8.96
2023-03-18,DE,referral,15.77
2023-03-19,DE,paid_search,178.56
2023-03-19,DE,organic,24.44
2023-03-19,DE,social,65.46
2023-03-19,DE,email,14.07
2023-03-19,DE,referral,14.92
2023-03-20,DE,paid_search,117.47
2023-03-20,DE,organic,21.81
2023-03-20,DE,social,83.5
2023-03-20,DE,email,16.46
2023-03-20,DE,referral,27.02
2023-03-21,DE,paid_search,73.07
2023-03-21,DE,organic,11.92
2023-03-21,DE,social,81.75
2023-03-21,DE,email,7.34
2023-03-21,DE,referral,15.65
2023-03-22,DE,paid_search,207.58
2023-03-22,DE,organic,14.7
2023-03-22,DE,social,90.08
2023-03-22,DE,email,12.66
2023-03-22,DE,referral,17.64
2023-03-23,DE,paid_search,89.34
2023-03-23,DE,organic,17.99
2023-03-23,DE,social,104.32
2023-03-23,DE,email,10.67
2023-03-23,DE,referral,21.61
2023-03-24,DE,paid_search,94.87
2023-03-24,DE,organic,14.14
2023-03-24,DE,social,83.02
2023-03-24,DE,email,15.12
2023-03-24,DE,referral,24.2
2023-03-25,DE,paid_search,75.29
2023-03-25,DE,organic,15.06
2023-03-25,DE,social,58.0
2023-03-25,DE,email,11.76
2023-03-25,DE,referral,20.66
2023-03-26,DE,paid_search,193.79
2023-03-26,DE,organic,18.25
2023-03-26,DE,social,103.62
2023-03-26,DE,email,10.52
2023-03-26,DE,referral,13.72
2023-03-27,DE,paid_search,208.66
2023-03-27,DE,organic,18.84
2023-03-27,DE,social,62.28
2023-03-27,DE,email,14.15
2023-03-27,DE,referral,25.69
2023-03-28,DE,paid_search,157.56
2023-03-28,DE,organic,13.9
2023-03-28,DE,social,68.06
2023-03-28,DE,email,13.68
2023-03-28,DE,referral,22.31
2023-03-29,DE,paid_search,199.37
2023-03-29,DE,organic,15.83
2023-03-29,DE,social,58.07
2023-03-29,DE,email,20.96
2023-03-29,DE,referral,22.18
2023-03-30,DE,paid_search,184.91
2023-03-30,DE,organic,19.22
2023-03-30,DE,social,80.07
2023-03-30,DE,email,12.02
2023-03-30,DE,referral,6.35
2023-03-31,DE,paid_search,112.33
2023-03-31,DE,organic,18.4
2023-03-31,DE,social,24.5
2023-03-31,DE,email,12.98
2023-03-31,DE,referral,24.76
2023-04-01,DE,paid_search,184.87
2023-04-01,DE,organic,19.54
2023-04-01,DE,social,94.83
2023-04-01,DE,email,17.87
2023-04-01,DE,referral,27.07
2023-04-02,DE,paid_search,160.53
2023-04-02,DE,organic,16.43
2023-04-02,DE,social,78.69
2023-04-02,DE,email,11.87
2023-04-02,DE,referral,27.19
2023-04-03,DE,paid_search,174.88
2023-04-03,DE,organic,15.38
2023-04-03,DE,social,101.82
2023-04-03,DE,email,11.82
2023-04-03,DE,referral,16.23
2023-04-04,DE,paid_search,152.59
2023-04-04,DE,organic,13.5
2023-04-04,DE,social,94.4
2023-04-04,DE,email,10.06
2023-04-04,DE,referral,20.64
2023-04-05,DE,paid_search,188.94
2023-04-05,DE,organic,13.97
2023-04-05,DE,social,84.36
2023-04-05,DE,email,9.65
2023-04-05,DE,referral,22.55
2023-04-06,DE,paid_search,174.7
2023-04-06,DE,organic,16.82
2023-04-06,DE,social,77.14
2023-04-06,DE,email,14.17
2023-04-06,DE,referral,19.76
2023-04-07,DE,paid_search,187.03
2023-04-07,DE,organic,22.83
2023-04-07,DE,social,58.79
2023-04-07,DE,email,18.38
2023-04-07,DE,referral,19.64
2023-04-08,DE,paid_search,229.28
2023-04-08,DE,organic,15.77
2023-04-08,DE,social,90.03
2023-04-08,DE,email,14.99
2023-04-08,DE,referral,19.19
2023-04-09,DE,paid_search,155.78
2023-04-09,DE,organic,23.12
2023-04-09,DE,social,70.34
2023-04-09,DE,email,11.42
2023-04-09,DE,referral,15.12
2023-04-10,DE,paid_search,212.96
2023-04-10,DE,organic,14.96
2023-04-10,DE,social,99.45
2023-04-10,DE,email,10.83
2023-04-10,DE,referral,27.46
2023-04-11,DE,paid_search,183.85
2023-04-11,DE,organic,16.03
2023-04-11,DE,social,62.46
2023-04-11,DE,email,10.67
2023-04-11,DE,referral,17.71
2023-04-12,DE,paid_search,193.74
2023-04-12,DE,organic,17.68
2023-04-12,DE,social,55.17
2023-04-12,DE,email,11.95
2023-04-12,DE,referral,20.55
2023-04-13,DE,paid_search,71.18
2023-04-13,DE,organic,16.16
2023-04-13,DE,social,90.33
2023-04-13,DE,email,12.31
2023-04-13,DE,referral,22.6
2023-04-14,DE,paid_search,171.53
2023-04-14,DE,organic,15.54
2023-04-14,DE,social,90.48
2023-04-14,DE,email,17.4
2023-04-14,DE,referral,13.15
2023-04-15,DE,paid_search,139.81
2023-04-15,DE,organic,26.9
2023-04-15,DE,social,79.76
2023-04-15,DE,email,12.64
2023-04-15,DE,referral,19.88
2023-04-16,DE,paid_search,201.75
2023-04-16,DE,organic,13.01
2023-04-16,DE,social,94.21
2023-04-16,DE,email,11.87
2023-04-16,DE,referral,17.27
2023-04-17,DE,paid_search,144.16
2023-04-17,DE,organic,16.8
2023-04-17,DE,social,66.98
2023-04-17,DE,email,16.3
2023-04-17,DE,referral,17.31
2023-04-18,DE,paid_search,158.36
2023-04-18,DE,organic,19.28
2023-04-18,DE,social,78.98
2023-04-18,DE,email,15.21
2023-04-18,DE,referral,18.95
2023-04-19,DE,paid_search,176.82
2023-04-19,DE,organic,19.77
2023-04-19,DE,social,95.02
2023-04-19,DE,email,6.74
2023-04-19,DE,referral,23.95
2023-04-20,DE,paid_search,187.47
2023-04-20,DE,organic,15.25
2023-04-20,DE,social,66.02
2023-04-20,DE,email,10.51
2023-04-20,DE,referral,15.77
2023-04-21,DE,paid_search,178.47
2023-04-21,DE,organic,26.7
2023-04-21,DE,social,65.87
2023-04-21,DE,email,11.26
2023-04-21,DE,referral,21.33
2023-04-22,DE,paid_search,91.72
2023-04-22,DE,organic,14.04
2023-04-22,DE,social,75.41
2023-04-22,DE,email,9.9
2023-04-22,DE,referral,27.61
2023-04-23,DE,paid_search,103.51
2023-04-23,DE,organic,20.83
2023-04-23,DE,social,104.59
2023-04-23,DE,email,13.97
2023-04-23,DE,referral,20.52
2023-04-24,DE,paid_search,162.42
2023-04-24,DE,organic,15.13
2023-04-24,DE,social,37.56
2023-04-24,DE,email,9.63
2023-04-24,DE,referral,21.19
2023-04-25,DE,paid_search,117.02
2023-04-25,DE,organic,15.24
2023-04-25,DE,social,85.66
2023-04-25,DE,email,13.21
2023-04-25,DE,referral,26.87
2023-04-26,DE,paid_search,164.25
2023-04-26,DE,organic,18.5
2023-04-26,DE,social,62.88
2023-04-26,DE,email,8.51
2023-04-26,DE,referral,19.06
2023-04-27,DE,paid_search,125.19
2023-04-27,DE,organic,16.29
2023-04-27,DE,social,56.11
2023-04-27,DE,email,15.44
2023-04-27,DE,referral,17.37
2023-04-28,DE,paid_search,139.09
2023-04-28,DE,organic,16.91
2023-04-28,DE,social,97.98
2023-04-28,DE,email,18.36
2023-04-28,DE,referral,30.96
2023-04-29,DE,paid_search,103.97
2023-04-29,DE,organic,15.41
2023-04-29,DE,social,65.73
2023-04-29,DE,email,13.93
2023-04-29,DE,referral,22.89
2023-04-30,DE,paid_search,130.7
2023-04-30,DE,organic,14.19
2023-04-30,DE,social,57.42
2023-04-30,DE,email,4.29
2023-04-30,DE,referral,14.35
2023-05-01,DE,paid_search,186.15
2023-05-01,DE,organic,23.22
2023-05-01,DE,social,102.28
2023-05-01,DE,email,15.65
2023-05-01,DE,referral,15.87
2023-05-02,DE,paid_search,107.82
2023-05-02,DE,organic,9.3
2023-05-02,DE,social,65.35
2023-05-02,DE,email,13.03
2023-05-02,DE,referral,15.9
2023-05-03,DE,paid_search,169.49
2023-05-03,DE,organic,19.77
2023-05-03,DE,social,67.43
2023-05-03,DE,email,8.48
2023-05-03,DE,referral,28.59
2023-05-04,DE,paid_search,154.34
2023-05-04,DE,organic,25.25
2023-05-04,DE,social,78.27
2023-05-04,DE,email,13.27
2023-05-04,DE,referral,16.13
2023-05-05,DE,paid_search,136.8
2023-05-05,DE,organic,10.38
2023-05-05,DE,social,50.8
2023-05-05,DE,email,15.11
2023-05-05,DE,referral,19.75
2023-05-06,DE,paid_search,136.83
2023-05-06,DE,organic,13.85
2023-05-06,DE,social,69.13
2023-05-06,DE,email,16.36
2023-05-06,DE,referral,22.02
2023-05-07,DE,paid_search,107.86
2023-05-07,DE,organic,21.38
2023-05-07,DE,social,109.49
2023-05-07,DE,email,14.33
2023-05-07,DE,referral,25.98
2023-05-08,DE,paid_search,199.69
2023-05-08,DE,organic,9.96
2023-05-08,DE,social,112.15
2023-05-08,DE,email,16.25
2023-05-08,DE,referral,23.85
2023-05-09,DE,paid_search,148.2
2023-05-09,DE,organic,11.32
2023-05-09,DE,social,70.16
2023-05-09,DE,email,14.18
2023-05-09,DE,referral,15.38
2023-05-10,DE,paid_search,150.33
2023-05-10,DE,organic,11.97
2023-05-10,DE,social,69.14
2023-05-10,DE,email,8.44
2023-05-10,DE,referral,13.51
2023-05-11,DE,paid_search,166.01
2023-05-11,DE,organic,14.54
2023-05-11,DE,social,67.21
2023-05-11,DE,email,10.73
2023-05-11,DE,referral,35.72
2023-05-12,DE,paid_search,176.23
2023-05-12,DE,organic,20.04
2023-05-12,DE,social,61.67
2023-05-12,DE,email,14.36
2023-05-12,DE,referral,20.04
2023-05-13,DE,paid_search,123.03
2023-05-13,DE,organic,25.2
2023-05-13,DE,social,87.45
2023-05-13,DE,email,14.41
2023-05-13,DE,referral,16.09
2023-05-14,DE,paid_search,104.41
2023-05-14,DE,organic,16.76
2023-05-14,DE,social,65.53
2023-05-14,DE,email,14.7
2023-05-14,DE,referral,24.86
2023-05-15,DE,paid_search,155.51
2023-05-15,DE,organic,20.52
2023-05-15,DE,social,80.2
2023-05-15,DE,email,9.97
2023-05-15,DE,referral,20.2
2023-05-16,DE,paid_search,158.19
2023-05-16,DE,organic,20.95
2023-05-16,DE,social,80.8
2023-05-16,DE,email,10.93
2023-05-16,DE,referral,26.38
2023-05-17,DE,paid_search,167.56
2023-05-17,DE,organic,23.57
2023-05-17,DE,social,78.17
2023-05-17,DE,email,9.44
2023-05-17,DE,referral,27.5
2023-05-18,DE,paid_search,130.94
2023-05-18,DE,organic,18.26
2023-05-18,DE,social,80.05
2023-05-18,DE,email,12.9
2023-05-18,DE,referral,20.35
2023-05-19,DE,paid_search,89.81
2023-05-19,DE,organic,12.74
2023-05-19,DE,social,97.96
2023-05-19,DE,email,14.12
2023-05-19,DE,referral,31.39
2023-05-20,DE,paid_search,113.31
2023-05-20,DE,organic,16.87
2023-05-20,DE,social,98.75
2023-05-20,DE,email,10.95
2023-05-20,DE,referral,18.67
2023-05-21,DE,paid_search,141.78
2023-05-21,DE,organic,15.11
2023-05-21,DE,social,86.67
2023-05-21,DE,email,7.08
2023-05-21,DE,referral,29.98
2023-05-22,DE,paid_search,116.29
2023-05-22,DE,organic,8.0
2023-05-22,DE,social,76.3
2023-05-22,DE,email,11.55
2023-05-22,DE,referral,20.3
2023-05-23,DE,paid_search,164.96
2023-05-23,DE,organic,19.74
2023-05-23,DE,social,108.76
2023-05-23,DE,email,10.55
2023-05-23,DE,referral,25.36
2023-05-24,DE,paid_search,180.12
2023-05-24,DE,organic,5.78
2023-05-24,DE,social,60.57
2023-05-24,DE,email,8.65
2023-05-24,DE,referral,23.63
2023-05-25,DE,paid_search,165.92
2023-05-25,DE,organic,18.52
2023-05-25,DE,social,70.66
2023-05-25,DE,email,12.1
2023-05-25,DE,referral,21.1
2023-05-26,DE,paid_search,137.66
2023-05-26,DE,organic,20.3
2023-05-26,DE,social,56.04
2023-05-26,DE,email,10.26
2023-05-26,DE,referral,21.89
2023-05-27,DE,paid_search,138.93
2023-05-27,DE,organic,12.29
2023-05-27,DE,social,86.67
2023-05-27,DE,email,10.93
2023-05-27,DE,referral,16.76
2023-05-28,DE,paid_search,146.33
2023-05-28,DE,organic,13.2
2023-05-28,DE,social,75.85
2023-05-28,DE,email,11.6
2023-05-28,DE,referral,18.53
2023-05-29,DE,paid_search,133.63
2023-05-29,DE,organic,21.23
2023-05-29,DE,social,83.56
2023-05-29,DE,email,7.3
2023-05-29,DE,referral,25.94
2023-05-30,DE,paid_search,172.76
2023-05-30,DE,organic,18.94
2023-05-30,DE,social,93.48
2023-05-30,DE,email,12.8
2023-05-30,DE,referral,24.54
2023-05-31,DE,paid_search,135.23
2023-05-31,DE,organic,20.6
2023-05-31,DE,social,80.67
2023-05-31,DE,email,8.36
2023-05-31,DE,referral,26.76
2023-06-01,DE,paid_search,148.07
2023-06-01,DE,organic,15.86
2023-06-01,DE,social,68.03
2023-06-01,DE,email,11.57
2023-06-01,DE,referral,22.47
2023-06-02,DE,paid_search,115.23
2023-06-02,DE,organic,10.33
2023-06-02,DE,social,56.14
2023-06-02,DE,email,13.97
2023-06-02,DE,referral,20.39
2023-06-03,DE,paid_search,195.58
2023-06-03,DE,organic,16.72
2023-06-03,DE,social,92.61
2023-06-03,DE,email,10.54
2023-06-03,DE,referral,18.94
2023-06-04,DE,paid_search,153.36
2023-06-04,DE,organic,16.38
2023-06-04,DE,social,71.9
2023-06-04,DE,email,9.97
2023-06-04,DE,referral,12.83
2023-06-05,DE,paid_search,177.14
2023-06-05,DE,organic,19.21
2023-06-05,DE,social,64.76
2023-06-05,DE,email,13.96
2023-06-05,DE,referral,20.37
2023-06-06,DE,paid_search,195.31
2023-06-06,DE,organic,11.42
2023-06-06,DE,social,74.08
2023-06-06,DE,email,12.09
2023-06-06,DE,referral,22.11
2023-06-07,DE,paid_search,211.8
2023-06-07,DE,organic,16.47
2023-06-07,DE,social,90.71
2023-06-07,DE,email,12.28
2023-06-07,DE,referral,26.94
2023-06-08,DE,paid_search,181.8
2023-06-08,DE,organic,15.58
2023-06-08,DE,social,68.75
2023-06-08,DE,email,14.3
2023-06-08,DE,referral,17.77
2023-06-09,DE,paid_search,160.29
2023-06-09,DE,organic,15.49
2023-06-09,DE,social,83.54
2023-06-09,DE,email,12.24
2023-06-09,DE,referral,17.57
2023-06-10,DE,paid_search,195.28
2023-06-10,DE,organic,18.02
2023-06-10,DE,social,75.48
2023-06-10,DE,email,14.09
2023-06-10,DE,referral,12.37
2023-06-11,DE,paid_search,232.95
2023-06-11,DE,organic,17.1
2023-06-11,DE,social,38.95
2023-06-11,DE,email,16.57
2023-06-11,DE,referral,17.26
2023-06-12,DE,paid_search,192.92
2023-06-12,DE,organic,17.52
2023-06-12,DE,social,46.47
2023-06-12,DE,email,13.58
2023-06-12,DE,referral,22.25
2023-06-13,DE,paid_search,197.06
2023-06-13,DE,organic,19.22
2023-06-13,DE,social,52.8
2023-06-13,DE,email,15.94
2023-06-13,DE,referral,19.05
2023-06-14,DE,paid_search,218.8
2023-06-14,DE,organic,15.49
2023-06-14,DE,social,72.46
2023-06-14,DE,email,10.13
2023-06-14,DE,referral,18.6
2023-06-15,DE,paid_search,123.82
2023-06-15,DE,organic,22.0
2023-06-15,DE,social,51.03
2023-06-15,DE,email,15.31
2023-06-15,DE,referral,25.65
2023-06-16,DE,paid_search,205.69
2023-06-16,DE,organic,17.19
2023-06-16,DE,social,56.86
2023-06-16,DE,email,12.2
2023-06-16,DE,referral,24.41
2023-06-17,DE,paid_search,156.24
2023-06-17,DE,organic,18.56
2023-06-17,DE,social,102.61
2023-06-17,DE,email,14.61
2023-06-17,DE,referral,22.3
2023-06-18,DE,paid_search,82.45
2023-06-18,DE,organic,13.67
2023-06-18,DE,social,68.76
2023-06-18,DE,email,6.45
2023-06-18,DE,referral,15.36
2023-06-19,DE,paid_search,142.73
2023-06-19,DE,organic,16.55
2023-06-19,DE,social,86.17
2023-06-19,DE,email,12.1
2023-06-19,DE,referral,22.57
2023-06-20,DE,paid_search,137.02
2023-06-20,DE,organic,17.18
2023-06-20,DE,social,85.12
2023-06-20,DE,email,17.44
2023-06-20,DE,referral,18.52
2023-06-21,DE,paid_search,158.51
2023-06-21,DE,organic,20.69
2023-06-21,DE,social,48.97
2023-06-21,DE,email,19.12
2023-06-21,DE,referral,27.51
2023-06-22,DE,paid_search,87.54
2023-06-22,DE,organic,18.58
2023-06-22,DE,social,65.7
2023-06-22,DE,email,11.48
2023-06-22,DE,referral,23.11
2023-06-23,DE,paid_search,193.18
2023-06-23,DE,organic,15.02
2023-06-23,DE,social,67.85
2023-06-23,DE,email,13.94
2023-06-23,DE,referral,24.29
2023-06-24,DE,paid_search,114.48
2023-06-24,DE,organic,24.33
2023-06-24,DE,social,64.2
2023-06-24,DE,email,15.82
2023-06-24,DE,referral,23.65
2023-06-25,DE,paid_search,176.19
2023-06-25,DE,organic,14.35
2023-06-25,DE,social,43.53
2023-06-25,DE,email,12.68
2023-06-25,DE,referral,21.16
2023-06-26,DE,paid_search,116.36
2023-06-26,DE,organic,20.9
2023-06-26,DE,social,75.51
2023-06-26,DE,email,10.17
2023-06-26,DE,referral,24.36
2023-06-27,DE,paid_search,176.39
2023-06-27,DE,organic,13.96
2023-06-27,DE,social,100.09
2023-06-27,DE,email,19.9
2023-06-27,DE,referral,15.46
2023-06-28,DE,paid_search,145.97
2023-06-28,DE,organic,18.43
2023-06-28,DE,social,120.11
2023-06-28,DE,email,10.41
2023-06-28,DE,referral,16.26
2023-06-29,DE,paid_search,116.8
2023-06-29,DE,organic,22.19
2023-06-29,DE,social,62.96
2023-06-29,DE,email,10.04
2023-06-29,DE,referral,22.48
2023-06-30,DE,paid_search,164.79
2023-06-30,DE,organic,21.55
2023-06-30,DE,social,78.26
2023-06-30,DE,email,13.54
2023-06-30,DE,referral,20.69
2023-07-01,DE,paid_search,103.11
2023-07-01,DE,organic,16.15
2023-07-01,DE,social,77.7
2023-07-01,DE,email,11.34
2023-07-01,DE,referral,12.94
2023-07-02,DE,paid_search,109.59
2023-07-02,DE,organic,16.83
2023-07-02,DE,social,94.34
2023-07-02,DE,email,18.11
2023-07-02,DE,referral,20.27
2023-07-03,DE,paid_search,125.58
2023-07-03,DE,organic,15.42
2023-07-03,DE,social,56.49
2023-07-03,DE,email,15.26
2023-07-03,DE,referral,32.61
2023-07-04,DE,paid_search,126.51
2023-07-04,DE,organic,11.93
2023-07-04,DE,social,95.75
2023-07-04,DE,email,13.76
2023-07-04,DE,referral,23.03
2023-07-05,DE,paid_search,213.75
2023-07-05,DE,organic,11.19
2023-07-05,DE,social,49.83
2023-07-05,DE,email,12.23
2023-07-05,DE,referral,21.59
2023-07-06,DE,paid_search,139.42
2023-07-06,DE,organic,27.46
2023-07-06,DE,social,70.57
2023-07-06,DE,email,10.99
2023-07-06,DE,referral,21.91
2023-07-07,DE,paid_search,190.14
2023-07-07,DE,organic,13.92
2023-07-07,DE,social,73.69
2023-07-07,DE,email,15.94
2023-07-07,DE,referral,26.85
2023-07-08,DE,paid_search,161.32
2023-07-08,DE,organic,27.28
2023-07-08,DE,social,114.38
2023-07-08,DE,email,8.27
2023-07-08,DE,referral,12.26
2023-07-09,DE,paid_search,183.44
2023-07-09,DE,organic,22.8
2023-07-09,DE,social,72.2
2023-07-09,DE,email,11.15
2023-07-09,DE,referral,16.89
2023-07-10,DE,paid_search,108.32
2023-07-10,DE,organic,21.83
2023-07-10,DE,social,69.21
2023-07-10,DE,email,13.71
2023-07-10,DE,referral,11.55
2023-07-11,DE,paid_search,191.34
2023-07-11,DE,organic,19.5
2023-07-11,DE,social,50.78
2023-07-11,DE,email,13.58
2023-07-11,DE,referral,21.28
2023-07-12,DE,paid_search,135.78
2023-07-12,DE,organic,4.66
2023-07-12,DE,social,63.87
2023-07-12,DE,email,13.71
2023-07-12,DE,referral,18.34
2023-07-13,DE,paid_search,144.52
2023-07-13,DE,organic,23.36
2023-07-13,DE,social,75.02
2023-07-13,DE,email,6.07
2023-07-13,DE,referral,20.27
2023-07-14,DE,paid_search,156.8
2023-07-14,DE,organic,13.49
2023-07-14,DE,social,90.55
2023-07-14,DE,email,8.09
2023-07-14,DE,referral,20.52
2023-07-15,DE,paid_search,96.63
2023-07-15,DE,organic,15.74
2023-07-15,DE,social,90.04
2023-07-15,DE,email,12.23
2023-07-15,DE,referral,20.08
2023-07-16,DE,paid_search,154.06
2023-07-16,DE,organic,17.33
2023-07-16,DE,social,89.77
2023-07-16,DE,email,14.98
2023-07-16,DE,referral,28.8
2023-07-17,DE,paid_search,159.41
2023-07-17,DE,organic,9.94
2023-07-17,DE,social,92.91
2023-07-17,DE,email,17.05
2023-07-17,DE,referral,34.33
2023-07-18,DE,paid_search,208.53
2023-07-18,DE,organic,14.92
2023-07-18,DE,social,80.08
2023-07-18,DE,email,11.89
2023-07-18,DE,referral,19.09
2023-07-19,DE,paid_search,148.66
2023-07-19,DE,organic,22.46
2023-07-19,DE,social,46.11
2023-07-19,DE,email,9.55
2023-07-19,DE,referral,27.73
2023-07-20,DE,paid_search,208.6
2023-07-20,DE,organic,14.2
2023-07-20,DE,social,108.07
2023-07-20,DE,email,15.86
2023-07-20,DE,referral,19.83
2023-07-21,DE,paid_search,59.85
2023-07-21,DE,organic,9.91
2023-07-21,DE,social,63.91
2023-07-21,DE,email,15.17
2023-07-21,DE,referral,25.3
2023-07-22,DE,paid_search,135.16
2023-07-22,DE,organic,16.02
2023-07-22,DE,social,75.88
2023-07-22,DE,email,12.05
2023-07-22,DE,referral,22.12
2023-07-23,DE,paid_search,151.85
2023-07-23,DE,organic,9.88
2023-07-23,DE,social,72.53
2023-07-23,DE,email,12.68
2023-07-23,DE,referral,26.51
2023-07-24,DE,paid_search,121.2
2023-07-24,DE,organic,17.87
2023-07-24,DE,social,87.26
2023-07-24,DE,email,12.28
2023-07-24,DE,referral,11.93
2023-07-25,DE,paid_search,191.64
2023-07-25,DE,organic,20.18
2023-07-25,DE,social,80.88
2023-07-25,DE,email,12.88
2023-07-25,DE,referral,11.79
2023-07-26,DE,paid_search,182.63
2023-07-26,DE,organic,23.32
2023-07-26,DE,social,55.2
2023-07-26,DE,email,17.04
2023-07-26,DE,referral,27.26
2023-07-27,DE,paid_search,109.27
2023-07-27,DE,organic,15.32
2023-07-27,DE,social,49.81
2023-07-27,DE,email,12.54
2023-07-27,DE,referral,23.63
2023-07-28,DE,paid_search,102.49
2023-07-28,DE,organic,18.64
2023-07-28,DE,social,88.72
2023-07-28,DE,email,14.83
2023-07-28,DE,referral,23.66
2023-07-29,DE,paid_search,106.01
2023-07-29,DE,organic,16.48
2023-07-29,DE,social,83.24
2023-07-29,DE,email,17.41
2023-07-29,DE,referral,21.26
2023-07-30,DE,paid_search,169.28
2023-07-30,DE,organic,13.04
2023-07-30,DE,social,54.41
2023-07-30,DE,email,8.66
2023-07-30,DE,referral,19.02
2023-07-31,DE,paid_search,231.87
2023-07-31,DE,organic,15.29
2023-07-31,DE,social,83.47
2023-07-31,DE,email,14.53
2023-07-31,DE,referral,15.45
2023-08-01,DE,paid_search,136.36
2023-08-01,DE,organic,19.65
2023-08-01,DE,social,84.69
2023-08-01,DE,email,6.39
2023-08-01,DE,referral,24.41
2023-08-02,DE,paid_search,131.92
2023-08-02,DE,organic,14.77
2023-08-02,DE,social,84.24
2023-08-02,DE,email,17.6
2023-08-02,DE,referral,20.19
2023-08-03,DE,paid_search,198.1
2023-08-03,DE,organic,10.88
2023-08-03,DE,social,79.0
2023-08-03,DE,email,11.03
2023-08-03,DE,referral,22.75
2023-08-04,DE,paid_search,141.67
2023-08-04,DE,organic,11.3
2023-08-04,DE,social,59.53
2023-08-04,DE,email,7.51
2023-08-04,DE,referral,14.31
2023-08-05,DE,paid_search,171.37
2023-08-05,DE,organic,15.93
2023-08-05,DE,social,80.92
2023-08-05,DE,email,18.54
2023-08-05,DE,referral,19.68
2023-08-06,DE,paid_search,177.26
2023-08-06,DE,organic,17.12
2023-08-06,DE,social,129.34
2023-08-06,DE,email,3.13
2023-08-06,DE,referral,17.44
2023-08-07,DE,paid_search,178.02
2023-08-07,DE,organic,13.8
2023-08-07,DE,social,87.33
2023-08-07,DE,email,12.56
2023-08-07,DE,referral,25.85
2023-08-08,DE,paid_search,109.7
2023-08-08,DE,organic,17.73
2023-08-08,DE,social,85.41
2023-08-08,DE,email,13.17
2023-08-08,DE,referral,22.04
2023-08-09,DE,paid_search,198.99
2023-08-09,DE,organic,9.86
2023-08-09,DE,social,78.89
2023-08-09,DE,email,8.9
2023-08-09,DE,referral,25.27
2023-08-10,DE,paid_search,120.95
2023-08-10,DE,organic,6.49
2023-08-10,DE,social,91.45
2023-08-10,DE,email,11.89
2023-08-10,DE,referral,23.14
2023-08-11,DE,paid_search,207.58
2023-08-11,DE,organic,18.58
2023-08-11,DE,social,79.74
2023-08-11,DE,email,12.6
2023-08-11,DE,referral,15.15
2023-08-12,DE,paid_search,144.77
2023-08-12,DE,organic,25.39
2023-08-12,DE,social,69.32
2023-08-12,DE,email,12.25
2023-08-12,DE,referral,27.93
2023-08-13,DE,paid_search,94.05
2023-08-13,DE,organic,19.64
2023-08-13,DE,social,46.11
2023-08-13,DE,email,14.02
2023-08-13,DE,referral,21.13
2023-08-14,DE,paid_search,176.42
2023-08-14,DE,organic,12.7
2023-08-14,DE,social,66.27
2023-08-14,DE,email,14.87
2023-08-14,DE,referral,18.54
2023-08-15,DE,paid_search,181.9
2023-08-15,DE,organic,17.89
2023-08-15,DE,social,67.97
2023-08-15,DE,email,11.74
2023-08-15,DE,referral,21.27
2023-08-16,DE,paid_search,144.58
2023-08-16,DE,organic,20.1
2023-08-16,DE,social,69.4
2023-08-16,DE,email,10.92
2023-08-16,DE,referral,26.09
2023-08-17,DE,paid_search,136.85
2023-08-17,DE,organic,14.7
2023-08-17,DE,social,28.96
2023-08-17,DE,email,9.44
2023-08-17,DE,referral,16.79
2023-08-18,DE,paid_search,132.34
2023-08-18,DE,organic,13.93
2023-08-18,DE,social,95.3
2023-08-18,DE,email,10.28
2023-08-18,DE,referral,17.53
2023-08-19,DE,paid_search,158.95
2023-08-19,DE,organic,12.32
2023-08-19,DE,social,106.41
2023-08-19,DE,email,15.31
2023-08-19,DE,referral,15.04
2023-08-20,DE,paid_search,191.77
2023-08-20,DE,organic,22.19
2023-08-20,DE,social,54.66
2023-08-20,DE,email,9.04
2023-08-20,DE,referral,18.01
2023-08-21,DE,paid_search,98.87
2023-08-21,DE,organic,13.68
2023-08-21,DE,social,68.85
2023-08-21,DE,email,14.36
2023-08-21,DE,referral,21.68
2023-08-22,DE,paid_search,147.34
2023-08-22,DE,organic,14.95
2023-08-22,DE,social,51.49
2023-08-22,DE,email,14.64
2023-08-22,DE,referral,24.27
2023-08-23,DE,paid_search,129.41
2023-08-23,DE,organic,12.32
2023-08-23,DE,social,106.26
2023-08-23,DE,email,13.54
2023-08-23,DE,referral,23.36
2023-08-24,DE,paid_search,169.84
2023-08-24,DE,organic,11.89
2023-08-24,DE,social,105.17
2023-08-24,DE,email,11.46
2023-08-24,DE,referral,25.62
2023-08-25,DE,paid_search,208.79
2023-08-25,DE,organic,17.35
2023-08-25,DE,social,53.9
2023-08-25,DE,email,4.8
2023-08-25,DE,referral,21.05
2023-08-26,DE,paid_search,162.57
2023-08-26,DE,organic,14.53
2023-08-26,DE,social,79.09
2023-08-26,DE,email,14.12
2023-08-26,DE,referral,26.53
2023-08-27,DE,paid_search,144.26
2023-08-27,DE,organic,16.81
2023-08-27,DE,social,73.08
2023-08-27,DE,email,12.86
2023-08-27,DE,referral,18.52
2023-08-28,DE,paid_search,133.19
2023-08-28,DE,organic,15.07
2023-08-28,DE,social,79.49
2023-08-28,DE,email,10.05
2023-08-28,DE,referral,18.85
2023-08-29,DE,paid_search,222.18
2023-08-29,DE,organic,20.81
2023-08-29,DE,social,58.2
2023-08-29,DE,email,15.51
2023-08-29,DE,referral,24.58
2023-08-30,DE,paid_search,149.03
2023-08-30,DE,organic,13.99
2023-08-30,DE,social,60.79
2023-08-30,DE,email,13.46
2023-08-30,DE,referral,16.75
2023-08-31,DE,paid_search,194.97
2023-08-31,DE,organic,22.87
2023-08-31,DE,social,75.68
2023-08-31,DE,email,16.38
2023-08-31,DE,referral,19.06
2023-09-01,DE,paid_search,125.68
2023-09-01,DE,organic,21.68
2023-09-01,DE,social,106.71
2023-09-01,DE,email,19.01
2023-09-01,DE,referral,23.02
2023-09-02,DE,paid_search,185.98
2023-09-02,DE,organic,18.32
2023-09-02,DE,social,103.34
2023-09-02,DE,email,14.13
2023-09-02,DE,referral,25.53
2023-09-03,DE,paid_search,109.57
2023-09-03,DE,organic,16.02
2023-09-03,DE,social,92.06
2023-09-03,DE,email,15.06
2023-09-03,DE,referral,26.03
2023-09-04,DE,paid_search,157.62
2023-09-04,DE,organic,14.23
2023-09-04,DE,social,75.37
2023-09-04,DE,email,12.9
2023-09-04,DE,referral,22.53
2023-09-05,DE,paid_search,115.98
2023-09-05,DE,organic,15.87
2023-09-05,DE,social,74.8
2023-09-05,DE,email,5.6
2023-09-05,DE,referral,25.67
2023-09-06,DE,paid_search,159.27
2023-09-06,DE,organic,18.13
2023-09-06,DE,social,66.64
2023-09-06,DE,email,14.62
2023-09-06,DE,referral,16.83
2023-09-07,DE,paid_search,127.19
2023-09-07,DE,organic,19.67
2023-09-07,DE,social,83.33
2023-09-07,DE,email,8.68
2023-09-07,DE,referral,29.63
2023-09-08,DE,paid_search,123.99
2023-09-08,DE,organic,16.44
2023-09-08,DE,social,109.91
2023-09-08,DE,email,6.18
2023-09-08,DE,referral,12.19
2023-09-09,DE,paid_search,169.9
2023-09-09,DE,organic,6.47
2023-09-09,DE,social,37.42
2023-09-09,DE,email,16.5
2023-09-09,DE,referral,19.08
2023-09-10,DE,paid_search,237.0
2023-09-10,DE,organic,12.6
2023-09-10,DE,social,70.41
2023-09-10,DE,email,14.47
2023-09-10,DE,referral,23.75
2023-09-11,DE,paid_search,143.25
2023-09-11,DE,organic,14.24
2023-09-11,DE,social,80.92
2023-09-11,DE,email,17.14
2023-09-11,DE,referral,25.3
2023-09-12,DE,paid_search,128.81
2023-09-12,DE,organic,12.78
2023-09-12,DE,social,63.25
2023-09-12,DE,email,8.69
2023-09-12,DE,referral,22.03
2023-09-13,DE,paid_search,184.13
2023-09-13,DE,organic,16.7
2023-09-13,DE,social,109.39
2023-09-13,DE,email,18.41
2023-09-13,DE,referral,22.88
2023-09-14,DE,paid_search,179.85
2023-09-14,DE,organic,13.17
2023-09-14,DE,social,69.6
2023-09-14,DE,email,16.81
2023-09-14,DE,referral,18.17
2023-09-15,DE,paid_search,209.89
2023-09-15,DE,organic,21.73
2023-09-15,DE,social,90.87
2023-09-15,DE,email,9.01
2023-09-15,DE,referral,19.59
2023-09-16,DE,paid_search,177.64
2023-09-16,DE,organic,12.81
2023-09-16,DE,social,72.86
2023-09-16,DE,email,15.15
2023-09-16,DE,referral,18.23
2023-09-17,DE,paid_search,120.62
2023-09-17,DE,organic,9.35
2023-09-17,DE,social,69.11
2023-09-17,DE,email,15.21
2023-09-17,DE,referral,16.61
2023-09-18,DE,paid_search,153.68
2023-09-18,DE,organic,16.05
2023-09-18,DE,social,63.75
2023-09-18,DE,email,15.42
2023-09-18,DE,referral,29.97
2023-09-19,DE,paid_search,191.42
2023-09-19,DE,organic,14.04
2023-09-19,DE,social,114.6
2023-09-19,DE,email,15.94
2023-09-19,DE,referral,18.82
2023-09-20,DE,paid_search,123.34
2023-09-20,DE,organic,21.76
2023-09-20,DE,social,79.82
2023-09-20,DE,email,10.04
2023-09-20,DE,referral,20.46
2023-09-21,DE,paid_search,137.42
2023-09-21,DE,organic,13.5
2023-09-21,DE,social,95.9
2023-09-21,DE,email,15.24
2023-09-21,DE,referral,25.7
2023-09-22,DE,paid_search,184.54
2023-09-22,DE,organic,13.11
2023-09-22,DE,social,64.95
2023-09-22,DE,email,17.4
2023-09-22,DE,referral,21.82
2023-09-23,DE,paid_search,96.75
2023-09-23,DE,organic,17.92
2023-09-23,DE,social,89.02
2023-09-23,DE,email,14.42
2023-09-23,DE,referral,16.27
2023-09-24,DE,paid_search,225.17
2023-09-24,DE,organic,10.62
2023-09-24,DE,social,78.62
2023-09-24,DE,email,18.29
2023-09-24,DE,referral,24.39
2023-09-25,DE,paid_search,184.99
2023-09-25,DE,organic,12.52
2023-09-25,DE,social,83.14
2023-09-25,DE,email,12.63
2023-09-25,DE,referral,15.25
2023-09-26,DE,paid_search,186.09
2023-09-26,DE,organic,13.52
2023-09-26,DE,social,63.09
2023-09-26,DE,email,14.13
2023-09-26,DE,referral,20.49
2023-09-27,DE,paid_search,159.48
2023-09-27,DE,organic,16.13
2023-09-27,DE,social,103.52
2023-09-27,DE,email,9.8
2023-09-27,DE,referral,18.78
2023-09-28,DE,paid_search,171.4
2023-09-28,DE,organic,12.8
2023-09-28,DE,social,56.76
2023-09-28,DE,email,13.19
2023-09-28,DE,referral,25.86
2023-09-29,DE,paid_search,191.17
2023-09-29,DE,organic,17.39
2023-09-29,DE,social,63.65
2023-09-29,DE,email,13.63
2023-09-29,DE,referral,24.26
2023-09-30,DE,paid_search,163.02
2023-09-30,DE,organic,22.25
2023-09-30,DE,social,57.1
2023-09-30,DE,email,10.53
2023-09-30,DE,referral,27.07
2023-10-01,DE,paid_search,96.66
2023-10-01,DE,organic,14.71
2023-10-01,DE,social,62.51
2023-10-01,DE,email,7.76
2023-10-01,DE,referral,20.26
2023-10-02,DE,paid_search,181.55
2023-10-02,DE,organic,17.66
2023-10-02,DE,social,91.79
2023-10-02,DE,email,16.55
2023-10-02,DE,referral,19.2
2023-10-03,DE,paid_search,254.24
2023-10-03,DE,organic,15.53
2023-10-03,DE,social,72.44
2023-10-03,DE,email,10.49
2023-10-03,DE,referral,24.15
2023-10-04,DE,paid_search,141.89
2023-10-04,DE,organic,16.66
2023-10-04,DE,social,72.58
2023-10-04,DE,email,12.02
2023-10-04,DE,referral,22.09
2023-10-05,DE,paid_search,135.78
2023-10-05,DE,organic,15.29
2023-10-05,DE,social,97.02
2023-10-05,DE,email,11.81
2023-10-05,DE,referral,23.29
2023-10-06,DE,paid_search,118.98
2023-10-06,DE,organic,15.11
2023-10-06,DE,social,52.93
2023-10-06,DE,email,18.66
2023-10-06,DE,referral,28.56
2023-10-07,DE,paid_search,175.78
2023-10-07,DE,organic,26.14
2023-10-07,DE,social,91.23
2023-10-07,DE,email,12.2
2023-10-07,DE,referral,23.23
2023-10-08,DE,paid_search,205.05
2023-10-08,DE,organic,13.26
2023-10-08,DE,social,54.07
2023-10-08,DE,email,14.04
2023-10-08,DE,referral,18.13
2023-10-09,DE,paid_search,66.56
2023-10-09,DE,organic,11.72
2023-10-09,DE,social,70.54
2023-10-09,DE,email,12.9
2023-10-09,DE,referral,21.66
2023-10-10,DE,paid_search,229.7
2023-10-10,DE,organic,16.12
2023-10-10,DE,social,81.82
2023-10-10,DE,email,7.57
2023-10-10,DE,referral,21.08
2023-10-11,DE,paid_search,165.78
2023-10-11,DE,organic,11.16
2023-10-11,DE,social,58.64
2023-10-11,DE,email,14.31
2023-10-11,DE,referral,18.35
2023-10-12,DE,paid_search,149.08
2023-10-12,DE,organic,19.3
2023-10-12,DE,social,115.46
2023-10-12,DE,email,12.04
2023-10-12,DE,referral,30.65
2023-10-13,DE,paid_search,78.08
2023-10-13,DE,organic,17.63
2023-10-13,DE,social,70.11
2023-10-13,DE,email,11.05
2023-10-13,DE,referral,24.75
2023-10-14,DE,paid_search,144.79
2023-10-14,DE,organic,8.39
2023-10-14,DE,social,46.12
2023-10-14,DE,email,15.05
2023-10-14,DE,referral,12.55
2023-10-15,DE,paid_search,181.64
2023-10-15,DE,organic,17.53
2023-10-15,DE,social,73.24
2023-10-15,DE,email,12.49
2023-10-15,DE,referral,23.98
2023-10-16,DE,paid_search,107.96
2023-10-16,DE,organic,17.18
2023-10-16,DE,social,54.71
2023-10-16,DE,email,13.27
2023-10-16,DE,referral,24.68
2023-10-17,DE,paid_search,159.35
2023-10-17,DE,organic,19.59
2023-10-17,DE,social,63.11
2023-10-17,DE,email,12.55
2023-10-17,DE,referral,19.99
2023-10-18,DE,paid_search,141.39
2023-10-18,DE,organic,13.6
2023-10-18,DE,social,68.24
2023-10-18,DE,email,9.2
2023-10-18,DE,referral,12.25
2023-10-19,DE,paid_search,126.2
2023-10-19,DE,organic,19.66
2023-10-19,DE,social,80.98
2023-10-19,DE,email,8.74
2023-10-19,DE,referral,19.09
2023-10-20,DE,paid_search,179.49
2023-10-20,DE,organic,15.09
2023-10-20,DE,social,49.39
2023-10-20,DE,email,19.95
2023-10-20,DE,referral,20.36
2023-10-21,DE,paid_search,108.49
2023-10-21,DE,organic,17.73
2023-10-21,DE,social,74.86
2023-10-21,DE,email,7.84
2023-10-21,DE,referral,21.75
2023-10-22,DE,paid_search,190.63
2023-10-22,DE,organic,16.01
2023-10-22,DE,social,37.1
2023-10-22,DE,email,13.84
2023-10-22,DE,referral,24.45
2023-10-23,DE,paid_search,130.57
2023-10-23,DE,organic,14.54
2023-10-23,DE,social,119.68
2023-10-23,DE,email,10.65
2023-10-23,DE,referral,15.29
2023-10-24,DE,paid_search,153.96
2023-10-24,DE,organic,19.44
2023-10-24,DE,social,86.68
2023-10-24,DE,email,4.88
2023-10-24,DE,referral,17.74
2023-10-25,DE,paid_search,197.1
2023-10-25,DE,organic,18.39
2023-10-25,DE,social,52.87
2023-10-25,DE,email,16.71
2023-10-25,DE,referral,26.38
2023-10-26,DE,paid_search,141.65
2023-10-26,DE,organic,20.74
2023-10-26,DE,social,114.75
2023-10-26,DE,email,9.39
2023-10-26,DE,referral,24.2
2023-10-27,DE,paid_search,228.96
2023-10-27,DE,organic,19.78
2023-10-27,DE,social,62.07
2023-10-27,DE,email,13.51
2023-10-27,DE,referral,28.53
2023-10-28,DE,paid_search,114.15
2023-10-28,DE,organic,16.87
2023-10-28,DE,social,71.84
2023-10-28,DE,email,10.74
2023-10-28,DE,referral,22.53
2023-10-29,DE,paid_search,149.15
2023-10-29,DE,organic,19.73
2023-10-29,DE,social,98.32
2023-10-29,DE,email,8.69
2023-10-29,DE,referral,21.61
2023-10-30,DE,paid_search,150.97
2023-10-30,DE,organic,17.86
2023-10-30,DE,social,76.2
2023-10-30,DE,email,9.62
2023-10-30,DE,referral,28.98
2023-10-31,DE,paid_search,224.94
2023-10-31,DE,organic,19.32
2023-10-31,DE,social,87.94
2023-10-31,DE,email,13.17
2023-10-31,DE,referral,26.4
2023-11-01,DE,paid_search,59.55
2023-11-01,DE,organic,16.98
2023-11-01,DE,social,65.55
2023-11-01,DE,email,13.21
2023-11-01,DE,referral,27.05
2023-11-02,DE,paid_search,153.73
2023-11-02,DE,organic,15.47
2023-11-02,DE,social,49.66
2023-11-02,DE,email,12.4
2023-11-02,DE,referral,24.82
2023-11-03,DE,paid_search,120.83
2023-11-03,DE,organic,8.49
2023-11-03,DE,social,119.99
2023-11-03,DE,email,13.82
2023-11-03,DE,referral,20.07
2023-11-04,DE,paid_search,206.21
2023-11-04,DE,organic,17.6
2023-11-04,DE,social,101.98
2023-11-04,DE,email,16.72
2023-11-04,DE,referral,14.48
2023-11-05,DE,paid_search,170.59
2023-11-05,DE,organic,24.33
2023-11-05,DE,social,57.4
2023-11-05,DE,email,9.61
2023-11-05,DE,referral,16.91
2023-11-06,DE,paid_search,187.06
2023-11-06,DE,organic,18.21
2023-11-06,DE,social,39.48
2023-11-06,DE,email,13.84
2023-11-06,DE,referral,19.91
2023-11-07,DE,paid_search,148.71
2023-11-07,DE,organic,13.44
2023-11-07,DE,social,83.16
2023-11-07,DE,email,16.1
2023-11-07,DE,referral,17.84
2023-11-08,DE,paid_search,88.65
2023-11-08,DE,organic,15.71
2023-11-08,DE,social,90.96
2023-11-08,DE,email,11.41
2023-11-08,DE,referral,13.29
2023-11-09,DE,paid_search,182.19
2023-11-09,DE,organic,23.02
2023-11-09,DE,social,76.88
2023-11-09,DE,email,7.63
2023-11-09,DE,referral,19.56
2023-11-10,DE,paid_search,158.8
2023-11-10,DE,organic,13.56
2023-11-10,DE,social,87.66
2023-11-10,DE,email,9.86
2023-11-10,DE,referral,21.39
2023-11-11,DE,paid_search,144.27
2023-11-11,DE,organic,19.62
2023-11-11,DE,social,76.23
2023-11-11,DE,email,12.12
2023-11-11,DE,referral,16.98
2023-11-12,DE,paid_search,154.33
2023-11-12,DE,organic,15.89
2023-11-12,DE,social,59.85
2023-11-12,DE,email,13.26
2023-11-12,DE,referral,23.18
2023-11-13,DE,paid_search,140.06
2023-11-13,DE,organic,20.96
2023-11-13,DE,social,81.55
2023-11-13,DE,email,8.66
2023-11-13,DE,referral,28.35
2023-11-14,DE,paid_search,182.34
2023-11-14,DE,organic,21.26
2023-11-14,DE,social,84.16
2023-11-14,DE,email,5.3
2023-11-14,DE,referral,27.05
2023-11-15,DE,paid_search,155.33
2023-11-15,DE,organic,18.5
2023-11-15,DE,social,86.83
2023-11-15,DE,email,18.92
2023-11-15,DE,referral,18.35
2023-11-16,DE,paid_search,133.09
2023-11-16,DE,organic,13.38
2023-11-16,DE,social,56.04
2023-11-16,DE,email,9.4
2023-11-16,DE,referral,11.41
2023-11-17,DE,paid_search,169.32
2023-11-17,DE,organic,25.45
2023-11-17,DE,social,115.74
2023-11-17,DE,email,10.03
2023-11-17,DE,referral,19.8
2023-11-18,DE,paid_search,200.18
2023-11-18,DE,organic,18.84
2023-11-18,DE,social,79.07
2023-11-18,DE,email,11.93
2023-11-18,DE,referral,27.51
2023-11-19,DE,paid_search,111.96
2023-11-19,DE,organic,19.04
2023-11-19,DE,social,83.1
2023-11-19,DE,email,12.89
2023-11-19,DE,referral,25.43
2023-11-20,DE,paid_search,154.29
2023-11-20,DE,organic,14.73
2023-11-20,DE,social,78.27
2023-11-20,DE,email,7.68
2023-11-20,DE,referral,24.51
2023-11-21,DE,paid_search,186.21
2023-11-21,DE,organic,14.21
2023-11-21,DE,social,59.39
2023-11-21,DE,email,10.77
2023-11-21,DE,referral,20.92
2023-11-22,DE,paid_search,161.26
2023-11-22,DE,organic,23.87
2023-11-22,DE,social,104.98
2023-11-22,DE,email,15.4
2023-11-22,DE,referral,21.89
2023-11-23,DE,paid_search,117.55
2023-11-23,DE,organic,24.14
2023-11-23,DE,social,71.76
2023-11-23,DE,email,13.65
2023-11-23,DE,referral,24.58
2023-11-24,DE,paid_search,155.36
2023-11-24,DE,organic,21.89
2023-11-24,DE,social,85.21
2023-11-24,DE,email,15.9
2023-11-24,DE,referral,23.63
2023-11-25,DE,paid_search,151.55
2023-11-25,DE,organic,17.32
2023-11-25,DE,social,75.31
2023-11-25,DE,email,8.66
2023-11-25,DE,referral,15.93
2023-11-26,DE,paid_search,181.33
2023-11-26,DE,organic,11.65
2023-11-26,DE,social,68.77
2023-11-26,DE,email,9.4
2023-11-26,DE,referral,18.82
2023-11-27,DE,paid_search,147.06
2023-11-27,DE,organic,15.27
2023-11-27,DE,social,49.18
2023-11-27,DE,email,12.16
2023-11-27,DE,referral,16.16
2023-11-28,DE,paid_search,128.65
2023-11-28,DE,organic,20.15
2023-11-28,DE,social,94.77
2023-11-28,DE,email,8.57
2023-11-28,DE,referral,29.58
2023-11-29,DE,paid_search,133.49
2023-11-29,DE,organic,14.45
2023-11-29,DE,social,59.45
2023-11-29,DE,email,12.93
2023-11-29,DE,referral,31.78
2023-11-30,DE,paid_search,94.11
2023-11-30,DE,organic,8.26
2023-11-30,DE,social,81.64
2023-11-30,DE,email,14.56
2023-11-30,DE,referral,21.53
2023-12-01,DE,paid_search,175.79
2023-12-01,DE,organic,12.19
2023-12-01,DE,social,58.43
2023-12-01,DE,email,13.15
2023-12-01,DE,referral,30.59
2023-12-02,DE,paid_search,174.45
2023-12-02,DE,organic,19.58
2023-12-02,DE,social,55.97
2023-12-02,DE,email,14.1
2023-12-02,DE,referral,14.97
2023-12-03,DE,paid_search,220.62
2023-12-03,DE,organic,12.7
2023-12-03,DE,social,61.27
2023-12-03,DE,email,8.05
2023-12-03,DE,referral,21.71
2023-12-04,DE,paid_search,154.68
2023-12-04,DE,organic,23.43
2023-12-04,DE,social,91.35
2023-12-04,DE,email,10.23
2023-12-04,DE,referral,25.89
2023-12-05,DE,paid_search,105.44
2023-12-05,DE,organic,13.95
2023-12-05,DE,social,78.77
2023-12-05,DE,email,9.14
2023-12-05,DE,referral,26.91
2023-12-06,DE,paid_search,240.18
2023-12-06,DE,organic,15.75
2023-12-06,DE,social,64.04
2023-12-06,DE,email,12.34
2023-12-06,DE,referral,18.29
2023-12-07,DE,paid_search,163.01
2023-12-07,DE,organic,11.38
2023-12-07,DE,social,82.59
2023-12-07,DE,email,18.84
2023-12-07,DE,referral,10.61
2023-12-08,DE,paid_search,108.3
2023-12-08,DE,organic,15.11
2023-12-08,DE,social,86.86
2023-12-08,DE,email,15.59
2023-12-08,DE,referral,25.55
2023-12-09,DE,paid_search,88.29
2023-12-09,DE,organic,14.13
2023-12-09,DE,social,59.28
2023-12-09,DE,email,12.54
2023-12-09,DE,referral,21.35
2023-12-10,DE,paid_search,100.63
2023-12-10,DE,organic,15.13
2023-12-10,DE,social,87.6
2023-12-10,DE,email,10.75
2023-12-10,DE,referral,20.19
2023-12-11,DE,paid_search,217.91
2023-12-11,DE,organic,25.46
2023-12-11,DE,social,35.16
2023-12-11,DE,email,13.11
2023-12-11,DE,referral,36.75
2023-12-12,DE,paid_search,171.32
2023-12-12,DE,organic,17.08
2023-12-12,DE,social,101.61
2023-12-12,DE,email,13.45
2023-12-12,DE,referral,25.02
2023-12-13,DE,paid_search,144.96
2023-12-13,DE,organic,17.86
2023-12-13,DE,social,84.66
2023-12-13,DE,email,15.51
2023-12-13,DE,referral,18.96
2023-12-14,DE,paid_search,135.45
2023-12-14,DE,organic,8.81
2023-12-14,DE,social,69.1
2023-12-14,DE,email,15.79
2023-12-14,DE,referral,23.71
2023-12-15,DE,paid_search,114.87
2023-12-15,DE,organic,8.91
2023-12-15,DE,social,73.78
2023-12-15,DE,email,15.69
2023-12-15,DE,referral,18.71
2023-12-16,DE,paid_search,97.73
2023-12-16,DE,organic,14.49
2023-12-16,DE,social,82.74
2023-12-16,DE,email,16.71
2023-12-16,DE,referral,19.89
2023-12-17,DE,paid_search,193.35
2023-12-17,DE,organic,21.01
2023-12-17,DE,social,54.0
2023-12-17,DE,email,16.74
2023-12-17,DE,referral,22.82
2023-12-18,DE,paid_search,106.84
2023-12-18,DE,organic,24.48
2023-12-18,DE,social,74.1
2023-12-18,DE,email,6.56
2023-12-18,DE,referral,17.5
2023-12-19,DE,paid_search,116.57
2023-12-19,DE,organic,14.1
2023-12-19,DE,social,67.99
2023-12-19,DE,email,11.93
2023-12-19,DE,referral,19.68
2023-12-20,DE,paid_search,149.27
2023-12-20,DE,organic,19.5
2023-12-20,DE,social,62.22
2023-12-20,DE,email,16.51
2023-12-20,DE,referral,14.74
2023-12-21,DE,paid_search,176.53
2023-12-21,DE,organic,23.98
2023-12-21,DE,social,73.11
2023-12-21,DE,email,13.37
2023-12-21,DE,referral,16.11
2023-12-22,DE,paid_search,133.42
2023-12-22,DE,organic,23.66
2023-12-22,DE,social,90.81
2023-12-22,DE,email,14.08
2023-12-22,DE,referral,10.95
2023-12-23,DE,paid_search,125.59
2023-12-23,DE,organic,24.39
2023-12-23,DE,social,84.36
2023-12-23,DE,email,14.46
2023-12-23,DE,referral,22.16
2023-12-24,DE,paid_search,129.55
2023-12-24,DE,organic,18.41
2023-12-24,DE,social,47.23
2023-12-24,DE,email,7.63
2023-12-24,DE,referral,17.34
2023-12-25,DE,paid_search,160.35
2023-12-25,DE,organic,10.33
2023-12-25,DE,social,78.93
2023-12-25,DE,email,9.58
2023-12-25,DE,referral,16.68
2023-12-26,DE,paid_search,202.71
2023-12-26,DE,organic,17.16
2023-12-26,DE,social,59.21
2023-12-26,DE,email,13.35
2023-12-26,DE,referral,13.44
2023-12-27,DE,paid_search,167.62
2023-12-27,DE,organic,21.71
2023-12-27,DE,social,89.16
2023-12-27,DE,email,19.63
2023-12-27,DE,referral,10.95
2023-12-28,DE,paid_search,157.86
2023-12-28,DE,organic,11.29
2023-12-28,DE,social,73.19
2023-12-28,DE,email,12.75
2023-12-28,DE,referral,33.36
2023-12-29,DE,paid_search,150.71
2023-12-29,DE,organic,16.67
2023-12-29,DE,social,95.72
2023-12-29,DE,email,12.58
2023-12-29,DE,referral,30.98
2023-12-30,DE,paid_search,178.62
2023-12-30,DE,organic,20.52
2023-12-30,DE,social,40.78
2023-12-30,DE,email,19.08
2023-12-30,DE,referral,17.76
2023-12-31,DE,paid_search,152.63
2023-12-31,DE,organic,14.23
2023-12-31,DE,social,56.91
2023-12-31,DE,email,8.92
2023-12-31,DE,referral,21.8
2024-01-01,DE,paid_search,77.65
2024-01-01,DE,organic,15.97
2024-01-01,DE,social,96.73
2024-01-01,DE,email,14.76
2024-01-01,DE,referral,23.55
2024-01-02,DE,paid_search,118.75
2024-01-02,DE,organic,10.26
2024-01-02,DE,social,96.42
2024-01-02,DE,email,11.32
2024-01-02,DE,referral,20.81
2024-01-03,DE,paid_search,145.44
2024-01-03,DE,organic,19.86
2024-01-03,DE,social,111.75
2024-01-03,DE,email,17.41
2024-01-03,DE,referral,8.86
2024-01-04,DE,paid_search,141.2
2024-01-04,DE,organic,11.28
2024-01-04,DE,social,94.45
2024-01-04,DE,email,12.76
2024-01-04,DE,referral,24.47
2024-01-05,DE,paid_search,137.92
2024-01-05,DE,organic,12.58
2024-01-05,DE,social,59.89
2024-01-05,DE,email,7.86
2024-01-05,DE,referral,14.54
2024-01-06,DE,paid_search,96.61
2024-01-06,DE,organic,12.6
2024-01-06,DE,social,55.61
2024-01-06,DE,email,14.01
2024-01-06,DE,referral,23.14
2024-01-07,DE,paid_search,168.03
2024-01-07,DE,organic,21.99
2024-01-07,DE,social,75.0
2024-01-07,DE,email,10.26
2024-01-07,DE,referral,33.0
2024-01-08,DE,paid_search,187.64
2024-01-08,DE,organic,17.65
2024-01-08,DE,social,78.08
2024-01-08,DE,email,13.67
2024-01-08,DE,referral,20.18
2024-01-09,DE,paid_search,157.9
2024-01-09,DE,organic,19.12
2024-01-09,DE,social,62.6
2024-01-09,DE,email,7.54
2024-01-09,DE,referral,10.22
2024-01-10,DE,paid_search,186.96
2024-01-10,DE,organic,10.27
2024-01-10,DE,social,85.4
2024-01-10,DE,email,9.07
2024-01-10,DE,referral,15.2
2024-01-11,DE,paid_search,125.53
2024-01-11,DE,organic,17.83
2024-01-11,DE,social,51.86
2024-01-11,DE,email,10.78
2024-01-11,DE,referral,21.11
2024-01-12,DE,paid_search,106.71
2024-01-12,DE,organic,23.07
2024-01-12,DE,social,43.56
2024-01-12,DE,email,12.05
2024-01-12,DE,referral,28.01
2024-01-13,DE,paid_search,102.34
2024-01-13,DE,organic,16.53
2024-01-13,DE,social,79.04
2024-01-13,DE,email,10.18
2024-01-13,DE,referral,20.84
2024-01-14,DE,paid_search,174.48
2024-01-14,DE,organic,15.01
2024-01-14,DE,social,91.12
2024-01-14,DE,email,14.0
2024-01-14,DE,referral,18.15
2024-01-15,DE,paid_search,196.13
2024-01-15,DE,organic,13.85
2024-01-15,DE,social,92.87
2024-01-15,DE,email,10.45
2024-01-15,DE,referral,19.57
2024-01-16,DE,paid_search,146.78
2024-01-16,DE,organic,18.44
2024-01-16,DE,social,30.34
2024-01-16,DE,email,14.21
2024-01-16,DE,referral,20.71
2024-01-17,DE,paid_search,163.93
2024-01-17,DE,organic,19.14
2024-01-17,DE,social,84.03
2024-01-17,DE,email,6.35
2024-01-17,DE,referral,15.61
2024-01-18,DE,paid_search,165.73
2024-01-18,DE,organic,17.85
2024-01-18,DE,social,61.4
2024-01-18,DE,email,15.1
2024-01-18,DE,referral,19.89
2024-01-19,DE,paid_search,186.88
2024-01-19,DE,organic,22.14
2024-01-19,DE,social,81.82
2024-01-19,DE,email,14.52
2024-01-19,DE,referral,18.02
2024-01-20,DE,paid_search,187.13
2024-01-20,DE,organic,17.93
2024-01-20,DE,social,70.86
2024-01-20,DE,email,8.87
2024-01-20,DE,referral,18.67
2024-01-21,DE,paid_search,110.56
2024-01-21,DE,organic,20.24
2024-01-21,DE,social,99.84
2024-01-21,DE,email,15.67
2024-01-21,DE,referral,34.46
2024-01-22,DE,paid_search,135.39
2024-01-22,DE,organic,19.54
2024-01-22,DE,social,53.91
2024-01-22,DE,email,12.12
2024-01-22,DE,referral,13.4
2024-01-23,DE,paid_search,174.73
2024-01-23,DE,organic,15.49
2024-01-23,DE,social,37.21
2024-01-23,DE,email,10.57
2024-01-23,DE,referral,30.78
2024-01-24,DE,paid_search,168.7
2024-01-24,DE,organic,20.27
2024-01-24,DE,social,78.9
2024-01-24,DE,email,12.17
2024-01-24,DE,referral,21.33
2024-01-25,DE,paid_search,162.39
2024-01-25,DE,organic,12.34
2024-01-25,DE,social,91.09
2024-01-25,DE,email,16.33
2024-01-25,DE,referral,20.21
2024-01-26,DE,paid_search,132.99
2024-01-26,DE,organic,13.85
2024-01-26,DE,social,110.15
2024-01-26,DE,email,11.31
2024-01-26,DE,referral,24.72
2024-01-27,DE,paid_search,145.75
2024-01-27,DE,organic,15.96
2024-01-27,DE,social,61.87
2024-01-27,DE,email,9.66
2024-01-27,DE,referral,25.18
2024-01-28,DE,paid_search,115.02
2024-01-28,DE,organic,18.97
2024-01-28,DE,social,78.23
2024-01-28,DE,email,15.15
2024-01-28,DE,referral,18.01
2024-01-29,DE,paid_search,194.32
2024-01-29,DE,organic,16.4
2024-01-29,DE,social,126.07
2024-01-29,DE,email,7.6
2024-01-29,DE,referral,34.15
2024-01-30,DE,paid_search,148.17
2024-01-30,DE,organic,17.95
2024-01-30,DE,social,64.94
2024-01-30,DE,email,7.75
2024-01-30,DE,referral,18.44
2024-01-31,DE,paid_search,139.01
2024-01-31,DE,organic,17.78
2024-01-31,DE,social,97.94
2024-01-31,DE,email,13.36
2024-01-31,DE,referral,22.36
2024-02-01,DE,paid_search,167.7
2024-02-01,DE,organic,9.54
2024-02-01,DE,social,44.7
2024-02-01,DE,email,7.98
2024-02-01,DE,referral,19.27
2024-02-02,DE,paid_search,81.41
2024-02-02,DE,organic,14.07
2024-02-02,DE,social,50.33
2024-02-02,DE,email,14.3
2024-02-02,DE,referral,23.58
2024-02-03,DE,paid_search,141.5
2024-02-03,DE,organic,8.93
2024-02-03,DE,social,71.96
2024-02-03,DE,email,13.8
2024-02-03,DE,referral,25.56
2024-02-04,DE,paid_search,220.07
2024-02-04,DE,organic,21.75
2024-02-04,DE,social,79.65
2024-02-04,DE,email,11.84
2024-02-04,DE,referral,17.3
2024-02-05,DE,paid_search,204.85
2024-02-05,DE,organic,17.71
2024-02-05,DE,social,88.56
2024-02-05,DE,email,10.87
2024-02-05,DE,referral,14.66
2024-02-06,DE,paid_search,137.69
2024-02-06,DE,organic,15.71
2024-02-06,DE,social,80.17
2024-02-06,DE,email,10.4
2024-02-06,DE,referral,21.38
2024-02-07,DE,paid_search,198.05
2024-02-07,DE,organic,9.89
2024-02-07,DE,social,36.01
2024-02-07,DE,email,16.72
2024-02-07,DE,referral,13.47
2024-02-08,DE,paid_search,138.46
2024-02-08,DE,organic,19.59
2024-02-08,DE,social,75.37
2024-02-08,DE,email,12.52
2024-02-08,DE,referral,21.63
2024-02-09,DE,paid_search,249.34
2024-02-09,DE,organic,24.57
2024-02-09,DE,social,63.23
2024-02-09,DE,email,16.1
2024-02-09,DE,referral,23.94
2024-02-10,DE,paid_search,152.25
2024-02-10,DE,organic,13.14
2024-02-10,DE,social,85.13
2024-02-10,DE,email,11.77
2024-02-10,DE,referral,19.23
2024-02-11,DE,paid_search,123.66
2024-02-11,DE,organic,21.25
2024-02-11,DE,social,61.82
2024-02-11,DE,email,10.32
2024-02-11,DE,referral,25.38
2024-02-12,DE,paid_search,147.48
2024-02-12,DE,organic,16.5
2024-02-12,DE,social,96.25
2024-02-12,DE,email,16.94
2024-02-12,DE,referral,9.95
2024-02-13,DE,paid_search,148.07
2024-02-13,DE,organic,11.01
2024-02-13,DE,social,69.1
2024-02-13,DE,email,12.73
2024-02-13,DE,referral,19.36
2024-02-14,DE,paid_search,113.78
2024-02-14,DE,organic,12.43
2024-02-14,DE,social,90.42
2024-02-14,DE,email,17.64
2024-02-14,DE,referral,10.3
2024-02-15,DE,paid_search,140.47
2024-02-15,DE,organic,20.11
2024-02-15,DE,social,75.88
2024-02-15,DE,email,9.2
2024-02-15,DE,referral,18.71
2024-02-16,DE,paid_search,164.56
2024-02-16,DE,organic,15.69
2024-02-16,DE,social,75.58
2024-02-16,DE,email,12.69
2024-02-16,DE,referral,18.46
2024-02-17,DE,paid_search,184.23
2024-02-17,DE,organic,14.97
2024-02-17,DE,social,57.27
2024-02-17,DE,email,19.86
2024-02-17,DE,referral,20.84
2024-02-18,DE,paid_search,53.55
2024-02-18,DE,organic,22.33
2024-02-18,DE,social,100.44
2024-02-18,DE,email,14.21
2024-02-18,DE,referral,24.61
2024-02-19,DE,paid_search,235.61
2024-02-19,DE,organic,12.91
2024-02-19,DE,social,79.05
2024-02-19,DE,email,19.03
2024-02-19,DE,referral,32.84
2024-02-20,DE,paid_search,139.0
2024-02-20,DE,organic,25.54
2024-02-20,DE,social,91.85
2024-02-20,DE,email,17.52
2024-02-20,DE,referral,25.34
2024-02-21,DE,paid_search,164.68
2024-02-21,DE,organic,26.39
2024-02-21,DE,social,66.39
2024-02-21,DE,email,18.81
2024-02-21,DE,referral,32.2
2024-02-22,DE,paid_search,205.14
2024-02-22,DE,organic,16.7
2024-02-22,DE,social,81.17
2024-02-22,DE,email,8.69
2024-02-22,DE,referral,18.85
2024-02-23,DE,paid_search,176.74
2024-02-23,DE,organic,10.94
2024-02-23,DE,social,70.8
2024-02-23,DE,email,18.95
2024-02-23,DE,referral,20.43
2024-02-24,DE,paid_search,192.54
2024-02-24,DE,organic,19.41
2024-02-24,DE,social,70.62
2024-02-24,DE,email,12.26
2024-02-24,DE,referral,22.14
2024-02-25,DE,paid_search,74.55
2024-02-25,DE,organic,21.02
2024-02-25,DE,social,74.24
2024-02-25,DE,email,15.88
2024-02-25,DE,referral,23.31
2024-02-26,DE,paid_search,146.78
2024-02-26,DE,organic,17.84
2024-02-26,DE,social,80.34
2024-02-26,DE,email,17.46
2024-02-26,DE,referral,21.58
2024-02-27,DE,paid_search,164.02
2024-02-27,DE,organic,11.64
2024-02-27,DE,social,75.6
2024-02-27,DE,email,17.39
2024-02-27,DE,referral,23.53
2024-02-28,DE,paid_search,111.65
2024-02-28,DE,organic,12.86
2024-02-28,DE,social,62.32
2024-02-28,DE,email,15.94
2024-02-28,DE,referral,25.91
2024-02-29,DE,paid_search,20.87
2024-02-29,DE,organic,16.65
2024-02-29,DE,social,79.32
2024-02-29,DE,email,9.68
2024-02-29,DE,referral,19.18
2024-03-01,DE,paid_search,203.91
2024-03-01,DE,organic,18.74
2024-03-01,DE,social,66.95
2024-03-01,DE,email,12.15
2024-03-01,DE,referral,20.04
2024-03-02,DE,paid_search,163.78
2024-03-02,DE,organic,10.92
2024-03-02,DE,social,63.69
2024-03-02,DE,email,16.05
2024-03-02,DE,referral,20.86
2024-03-03,DE,paid_search,120.49
2024-03-03,DE,organic,13.56
2024-03-03,DE,social,90.29
2024-03-03,DE,email,11.1
2024-03-03,DE,referral,23.96
2024-03-04,DE,paid_search,129.02
2024-03-04,DE,organic,12.2
2024-03-04,DE,social,81.18
2024-03-04,DE,email,12.44
2024-03-04,DE,referral,24.89
2024-03-05,DE,paid_search,186.82
2024-03-05,DE,organic,15.48
2024-03-05,DE,social,83.17
2024-03-05,DE,email,11.51
2024-03-05,DE,referral,24.62
2024-03-06,DE,paid_search,161.93
2024-03-06,DE,organic,14.35
2024-03-06,DE,social,62.97
2024-03-06,DE,email,13.61
2024-03-06,DE,referral,27.42
2024-03-07,DE,paid_search,187.47
2024-03-07,DE,organic,12.99
2024-03-07,DE,social,60.48
2024-03-07,DE,email,10.55
2024-03-07,DE,referral,18.08
2024-03-08,DE,paid_search,83.51
2024-03-08,DE,organic,20.36
2024-03-08,DE,social,67.78
2024-03-08,DE,email,14.22
2024-03-08,DE,referral,19.57
2024-03-09,DE,paid_search,152.12
2024-03-09,DE,organic,14.09
2024-03-09,DE,social,75.96
2024-03-09,DE,email,9.97
2024-03-09,DE,referral,21.14
2024-03-10,DE,paid_search,208.74
2024-03-10,DE,organic,19.21
2024-03-10,DE,social,82.07
2024-03-10,DE,email,8.54
2024-03-10,DE,referral,24.26
2024-03-11,DE,paid_search,178.42
2024-03-11,DE,organic,18.14
2024-03-11,DE,social,80.6
2024-03-11,DE,email,12.3
2024-03-11,DE,referral,24.7
2024-03-12,DE,paid_search,206.44
2024-03-12,DE,organic,18.4
2024-03-12,DE,social,57.92
2024-03-12,DE,email,9.9
2024-03-12,DE,referral,25.11
2024-03-13,DE,paid_search,116.14
2024-03-13,DE,organic,17.85
2024-03-13,DE,social,69.89
2024-03-13,DE,email,9.33
2024-03-13,DE,referral,25.67
2024-03-14,DE,paid_search,180.03
2024-03-14,DE,organic,11.24
2024-03-14,DE,social,85.71
2024-03-14,DE,email,13.82
2024-03-14,DE,referral,25.7
2024-03-15,DE,paid_search,159.38
2024-03-15,DE,organic,23.06
2024-03-15,DE,social,74.08
2024-03-15,DE,email,11.88
2024-03-15,DE,referral,16.07
2024-03-16,DE,paid_search,117.28
2024-03-16,DE,organic,12.65
2024-03-16,DE,social,80.68
2024-03-16,DE,email,11.89
2024-03-16,DE,referral,23.01
2024-03-17,DE,paid_search,106.75
2024-03-17,DE,organic,13.36
2024-03-17,DE,social,59.81
2024-03-17,DE,email,19.66
2024-03-17,DE,referral,20.37
2024-03-18,DE,paid_search,150.46
2024-03-18,DE,organic,16.67
2024-03-18,DE,social,106.2
2024-03-18,DE,email,7.61
2024-03-18,DE,referral,20.93
2024-03-19,DE,paid_search,90.93
2024-03-19,DE,organic,6.89
2024-03-19,DE,social,62.46
2024-03-19,DE,email,14.06
2024-03-19,DE,referral,17.01
2024-03-20,DE,paid_search,168.14
2024-03-20,DE,organic,17.45
2024-03-20,DE,social,73.84
2024-03-20,DE,email,16.78
2024-03-20,DE,referral,18.08
2024-03-21,DE,paid_search,167.56
2024-03-21,DE,organic,9.34
2024-03-21,DE,social,78.39
2024-03-21,DE,email,11.93
2024-03-21,DE,referral,14.97
2024-03-22,DE,paid_search,168.24
2024-03-22,DE,organic,13.86
2024-03-22,DE,social,109.63
2024-03-22,DE,email,4.99
2024-03-22,DE,referral,22.57
2024-03-23,DE,paid_search,154.63
2024-03-23,DE,organic,15.81
2024-03-23,DE,social,66.38
2024-03-23,DE,email,12.97
2024-03-23,DE,referral,26.89
2024-03-24,DE,paid_search,89.04
2024-03-24,DE,organic,13.57
2024-03-24,DE,social,56.41
2024-03-24,DE,email,9.25
2024-03-24,DE,referral,23.07
2024-03-25,DE,paid_search,175.54
2024-03-25,DE,organic,21.53
2024-03-25,DE,social,88.07
2024-03-25,DE,email,14.94
2024-03-25,DE,referral,13.75
2024-03-26,DE,paid_search,209.75
2024-03-26,DE,organic,16.11
2024-03-26,DE,social,96.26
2024-03-26,DE,email,8.36
2024-03-26,DE,referral,19.97
2024-03-27,DE,paid_search,189.07
2024-03-27,DE,organic,17.12
2024-03-27,DE,social,62.08
2024-03-27,DE,email,16.93
2024-03-27,DE,referral,15.03
2024-03-28,DE,paid_search,152.22
2024-03-28,DE,organic,19.72
2024-03-28,DE,social,116.58
2024-03-28,DE,email,11.29
2024-03-28,DE,referral,19.78
2024-03-29,DE,paid_search,135.99
2024-03-29,DE,organic,18.01
2024-03-29,DE,social,87.74
2024-03-29,DE,email,16.23
2024-03-29,DE,referral,25.27
2024-03-30,DE,paid_search,133.98
2024-03-30,DE,organic,20.46
2024-03-30,DE,social,78.25
2024-03-30,DE,email,15.13
2024-03-30,DE,referral,25.51
2024-03-31,DE,paid_search,215.35
2024-03-31,DE,organic,15.49
2024-03-31,DE,social,66.07
2024-03-31,DE,email,14.18
2024-03-31,DE,referral,27.53
2024-04-01,DE,paid_search,155.22
2024-04-01,DE,organic,22.3
2024-04-01,DE,social,89.7
2024-04-01,DE,email,12.11
2024-04-01,DE,referral,24.24
2024-04-02,DE,paid_search,136.37
2024-04-02,DE,organic,18.01
2024-04-02,DE,social,55.98
2024-04-02,DE,email,12.53
2024-04-02,DE,referral,26.56
2024-04-03,DE,paid_search,182.34
2024-04-03,DE,organic,19.64
2024-04-03,DE,social,82.0
2024-04-03,DE,email,13.26
2024-04-03,DE,referral,14.52
2024-04-04,DE,paid_search,145.12
2024-04-04,DE,organic,17.78
2024-04-04,DE,social,55.0
2024-04-04,DE,email,7.17
2024-04-04,DE,referral,27.25
2024-04-05,DE,paid_search,154.94
2024-04-05,DE,organic,17.89
2024-04-05,DE,social,87.13
2024-04-05,DE,email,9.62
2024-04-05,DE,referral,19.11
2024-04-06,DE,paid_search,210.53
2024-04-06,DE,organic,14.92
2024-04-06,DE,social,71.42
2024-04-06,DE,email,10.62
2024-04-06,DE,referral,17.31
2024-04-07,DE,paid_search,195.28
2024-04-07,DE,organic,6.47
2024-04-07,DE,social,67.76
2024-04-07,DE,email,13.47
2024-04-07,DE,referral,30.26
2024-04-08,DE,paid_search,109.58
2024-04-08,DE,organic,11.45
2024-04-08,DE,social,60.05
2024-04-08,DE,email,14.99
2024-04-08,DE,referral,21.92
2024-04-09,DE,paid_search,97.82
2024-04-09,DE,organic,17.42
2024-04-09,DE,social,106.17
2024-04-09,DE,email,13.59
2024-04-09,DE,referral,22.12
2024-04-10,DE,paid_search,161.6
2024-04-10,DE,organic,18.76
2024-04-10,DE,social,52.27
2024-04-10,DE,email,12.01
2024-04-10,DE,referral,20.3
2024-04-11,DE,paid_search,134.51
2024-04-11,DE,organic,19.92
2024-04-11,DE,social,64.37
2024-04-11,DE,email,11.6
2024-04-11,DE,referral,14.56
2024-04-12,DE,paid_search,167.47
2024-04-12,DE,organic,21.0
2024-04-12,DE,social,69.6
2024-04-12,DE,email,15.32
2024-04-12,DE,referral,20.47
2024-04-13,DE,paid_search,56.33
2024-04-13,DE,organic,16.78
2024-04-13,DE,social,73.14
2024-04-13,DE,email,13.08
2024-04-13,DE,referral,22.6
2024-04-14,DE,paid_search,126.84
2024-04-14,DE,organic,23.25
2024-04-14,DE,social,75.23
2024-04-14,DE,email,12.11
2024-04-14,DE,referral,25.21
2024-04-15,DE,paid_search,153.71
2024-04-15,DE,organic,27.9
2024-04-15,DE,social,72.49
2024-04-15,DE,email,13.87
2024-04-15,DE,referral,17.27
2024-04-16,DE,paid_search,186.3
2024-04-16,DE,organic,18.31
2024-04-16,DE,social,70.02
2024-04-16,DE,email,9.97
2024-04-16,DE,referral,14.29
2024-04-17,DE,paid_search,169.02
2024-04-17,DE,organic,11.11
2024-04-17,DE,social,101.52
2024-04-17,DE,email,8.72
2024-04-17,DE,referral,20.3
2024-04-18,DE,paid_search,119.28
2024-04-18,DE,organic,17.14
2024-04-18,DE,social,77.01
2024-04-18,DE,email,14.17
2024-04-18,DE,referral,13.14
2024-04-19,DE,paid_search,123.79
2024-04-19,DE,organic,21.12
2024-04-19,DE,social,89.09
2024-04-19,DE,email,4.78
2024-04-19,DE,referral,23.25
2024-04-20,DE,paid_search,113.51
2024-04-20,DE,organic,14.48
2024-04-20,DE,social,72.15
2024-04-20,DE,email,17.71
2024-04-20,DE,referral,15.71
2024-04-21,DE,paid_search,99.3
2024-04-21,DE,organic,18.91
2024-04-21,DE,social,75.96
2024-04-21,DE,email,16.6
2024-04-21,DE,referral,19.38
2024-04-22,DE,paid_search,199.31
2024-04-22,DE,organic,17.07
2024-04-22,DE,social,86.62
2024-04-22,DE,email,17.93
2024-04-22,DE,referral,20.36
2024-04-23,DE,paid_search,192.96
2024-04-23,DE,organic,14.39
2024-04-23,DE,social,80.85
2024-04-23,DE,email,8.15
2024-04-23,DE,referral,18.57
2024-04-24,DE,paid_search,112.53
2024-04-24,DE,organic,22.19
2024-04-24,DE,social,109.75
2024-04-24,DE,email,11.62
2024-04-24,DE,referral,17.14
2024-04-25,DE,paid_search,102.74
2024-04-25,DE,organic,18.12
2024-04-25,DE,social,64.98
2024-04-25,DE,email,11.0
2024-04-25,DE,referral,29.91
2024-04-26,DE,paid_search,141.66
2024-04-26,DE,organic,19.49
2024-04-26,DE,social,77.51
2024-04-26,DE,email,8.43
2024-04-26,DE,referral,11.45
2024-04-27,DE,paid_search,171.65
2024-04-27,DE,organic,24.24
2024-04-27,DE,social,82.52
2024-04-27,DE,email,14.74
2024-04-27,DE,referral,16.44
2024-04-28,DE,paid_search,191.82
2024-04-28,DE,organic,21.26
2024-04-28,DE,social,63.19
2024-04-28,DE,email,14.49
2024-04-28,DE,referral,11.87
2024-04-29,DE,paid_search,180.69
2024-04-29,DE,organic,14.57
2024-04-29,DE,social,53.03
2024-04-29,DE,email,14.03
2024-04-29,DE,referral,11.84
2024-04-30,DE,paid_search,166.1
2024-04-30,DE,organic,12.19
2024-04-30,DE,social,50.75
2024-04-30,DE,email,12.94
2024-04-30,DE,referral,20.33
2024-05-01,DE,paid_search,208.72
2024-05-01,DE,organic,11.54
2024-05-01,DE,social,102.8
2024-05-01,DE,email,9.12
2024-05-01,DE,referral,26.13
2024-05-02,DE,paid_search,195.31
2024-05-02,DE,organic,18.37
2024-05-02,DE,social,61.37
2024-05-02,DE,email,7.9
2024-05-02,DE,referral,10.88
2024-05-03,DE,paid_search,223.85
2024-05-03,DE,organic,15.74
2024-05-03,DE,social,55.37
2024-05-03,DE,email,9.11
2024-05-03,DE,referral,22.14
2024-05-04,DE,paid_search,137.9
2024-05-04,DE,organic,8.84
2024-05-04,DE,social,93.03
2024-05-04,DE,email,13.82
2024-05-04,DE,referral,31.02
2024-05-05,DE,paid_search,196.64
2024-05-05,DE,organic,3.83
2024-05-05,DE,social,103.6
2024-05-05,DE,email,16.6
2024-05-05,DE,referral,17.34
2024-05-06,DE,paid_search,136.45
2024-05-06,DE,organic,18.75
2024-05-06,DE,social,57.1
2024-05-06,DE,email,11.98
2024-05-06,DE,referral,26.56
2024-05-07,DE,paid_search,172.8
2024-05-07,DE,organic,14.17
2024-05-07,DE,social,96.06
2024-05-07,DE,email,13.72
2024-05-07,DE,referral,22.68
2024-05-08,DE,paid_search,133.3
2024-05-08,DE,organic,16.97
2024-05-08,DE,social,61.7
2024-05-08,DE,email,6.56
2024-05-08,DE,referral,19.76
2024-05-09,DE,paid_search,148.33
2024-05-09,DE,organic,17.58
2024-05-09,DE,social,99.68
2024-05-09,DE,email,10.67
2024-05-09,DE,referral,19.3
2024-05-10,DE,paid_search,182.31
2024-05-10,DE,organic,13.8
2024-05-10,DE,social,79.44
2024-05-10,DE,email,11.45
2024-05-10,DE,referral,19.96
2024-05-11,DE,paid_search,182.0
2024-05-11,DE,organic,15.41
2024-05-11,DE,social,91.62
2024-05-11,DE,email,6.53
2024-05-11,DE,referral,13.66
2024-05-12,DE,paid_search,64.33
2024-05-12,DE,organic,12.05
2024-05-12,DE,social,112.01
2024-05-12,DE,email,12.69
2024-05-12,DE,referral,17.42
2024-05-13,DE,paid_search,182.94
2024-05-13,DE,organic,20.93
2024-05-13,DE,social,53.15
2024-05-13,DE,email,20.71
2024-05-13,DE,referral,22.72
2024-05-14,DE,paid_search,168.39
2024-05-14,DE,organic,19.11
2024-05-14,DE,social,85.97
2024-05-14,DE,email,10.77
2024-05-14,DE,referral,32.47
2024-05-15,DE,paid_search,142.09
2024-05-15,DE,organic,21.07
2024-05-15,DE,social,67.42
2024-05-15,DE,email,10.67
2024-05-15,DE,referral,31.35
2024-05-16,DE,paid_search,148.85
2024-05-16,DE,organic,16.86
2024-05-16,DE,social,81.92
2024-05-16,DE,email,21.04
2024-05-16,DE,referral,32.77
2024-05-17,DE,paid_search,202.1
2024-05-17,DE,organic,29.13
2024-05-17,DE,social,58.43
2024-05-17,DE,email,14.84
2024-05-17,DE,referral,21.65
2024-05-18,DE,paid_search,85.33
2024-05-18,DE,organic,18.97
2024-05-18,DE,social,67.11
2024-05-18,DE,email,17.64
2024-05-18,DE,referral,19.15
2024-05-19,DE,paid_search,135.72
2024-05-19,DE,organic,23.52
2024-05-19,DE,social,75.25
2024-05-19,DE,email,16.46
2024-05-19,DE,referral,23.5
2024-05-20,DE,paid_search,169.74
2024-05-20,DE,organic,15.96
2024-05-20,DE,social,86.1
2024-05-20,DE,email,12.33
2024-05-20,DE,referral,16.98
2024-05-21,DE,paid_search,149.01
2024-05-21,DE,organic,22.47
2024-05-21,DE,social,86.75
2024-05-21,DE,email,15.2
2024-05-21,DE,referral,21.26
2024-05-22,DE,paid_search,78.88
2024-05-22,DE,organic,11.81
2024-05-22,DE,social,70.97
2024-05-22,DE,email,9.13
2024-05-22,DE,referral,18.46
2024-05-23,DE,paid_search,131.56
2024-05-23,DE,organic,14.75
2024-05-23,DE,social,103.99
2024-05-23,DE,email,12.58
2024-05-23,DE,referral,26.22
2024-05-24,DE,paid_search,159.27
2024-05-24,DE,organic,23.02
2024-05-24,DE,social,96.03
2024-05-24,DE,email,10.86
2024-05-24,DE,referral,31.67
2024-05-25,DE,paid_search,135.61
2024-05-25,DE,organic,17.85
2024-05-25,DE,social,83.71
2024-05-25,DE,email,14.31
2024-05-25,DE,referral,25.48
2024-05-26,DE,paid_search,124.05
2024-05-26,DE,organic,20.03
2024-05-26,DE,social,87.61
2024-05-26,DE,email,12.75
2024-05-26,DE,referral,20.24
2024-05-27,DE,paid_search,122.09
2024-05-27,DE,organic,19.04
2024-05-27,DE,social,63.87
2024-05-27,DE,email,13.51
2024-05-27,DE,referral,20.71
2024-05-28,DE,paid_search,101.97
2024-05-28,DE,organic,13.03
2024-05-28,DE,social,84.24
2024-05-28,DE,email,11.08
2024-05-28,DE,referral,18.28
2024-05-29,DE,paid_search,123.78
2024-05-29,DE,organic,13.9
2024-05-29,DE,social,107.92
2024-05-29,DE,email,9.18
2024-05-29,DE,referral,29.07
2024-05-30,DE,paid_search,140.35
2024-05-30,DE,organic,14.22
2024-05-30,DE,social,83.84
2024-05-30,DE,email,12.92
2024-05-30,DE,referral,20.2
2024-05-31,DE,paid_search,161.41
2024-05-31,DE,organic,17.16
2024-05-31,DE,social,72.38
2024-05-31,DE,email,15.73
2024-05-31,DE,referral,13.56
2024-06-01,DE,paid_search,118.01
2024-06-01,DE,organic,13.65
2024-06-01,DE,social,56.27
2024-06-01,DE,email,13.02
2024-06-01,DE,referral,23.94
2024-06-02,DE,paid_search,77.93
2024-06-02,DE,organic,14.99
2024-06-02,DE,social,70.35
2024-06-02,DE,email,11.84
2024-06-02,DE,referral,14.42
2024-06-03,DE,paid_search,141.02
2024-06-03,DE,organic,13.13
2024-06-03,DE,social,70.11
2024-06-03,DE,email,7.27
2024-06-03,DE,referral,19.51
2024-06-04,DE,paid_search,125.5
2024-06-04,DE,organic,15.88
2024-06-04,DE,social,82.25
2024-06-04,DE,email,12.61
2024-06-04,DE,referral,25.46
2024-06-05,DE,paid_search,139.2
2024-06-05,DE,organic,19.63
2024-06-05,DE,social,98.02
2024-06-05,DE,email,13.62
2024-06-05,DE,referral,21.14
2024-06-06,DE,paid_search,168.85
2024-06-06,DE,organic,18.31
2024-06-06,DE,social,95.65
2024-06-06,DE,email,15.28
2024-06-06,DE,referral,25.53
2024-06-07,DE,paid_search,154.68
2024-06-07,DE,organic,18.45
2024-06-07,DE,social,82.67
2024-06-07,DE,email,8.9
2024-06-07,DE,referral,26.93
2024-06-08,DE,paid_search,89.15
2024-06-08,DE,organic,20.03
2024-06-08,DE,social,81.61
2024-06-08,DE,email,11.84
2024-06-08,DE,referral,23.33
2024-06-09,DE,paid_search,169.01
2024-06-09,DE,organic,11.44
2024-06-09,DE,social,103.58
2024-06-09,DE,email,12.98
2024-06-09,DE,referral,33.55
2024-06-10,DE,paid_search,183.21
2024-06-10,DE,organic,17.21
2024-06-10,DE,social,63.3
2024-06-10,DE,email,12.4
2024-06-10,DE,referral,22.05
2024-06-11,DE,paid_search,209.05
2024-06-11,DE,organic,22.21
2024-06-11,DE,social,85.13
2024-06-11,DE,email,18.39
2024-06-11,DE,referral,10.54
2024-06-12,DE,paid_search,170.7
2024-06-12,DE,organic,22.34
2024-06-12,DE,social,86.97
2024-06-12,DE,email,8.5
2024-06-12,DE,referral,28.63
2024-06-13,DE,paid_search,182.12
2024-06-13,DE,organic,18.46
2024-06-13,DE,social,78.19
2024-06-13,DE,email,19.1
2024-06-13,DE,referral,23.61
2024-06-14,DE,paid_search,143.75
2024-06-14,DE,organic,13.55
2024-06-14,DE,social,90.99
2024-06-14,DE,email,15.89
2024-06-14,DE,referral,21.55
2024-06-15,DE,paid_search,131.66
2024-06-15,DE,organic,22.65
2024-06-15,DE,social,59.53
2024-06-15,DE,email,19.03
2024-06-15,DE,referral,17.35
2024-06-16,DE,paid_search,104.11
2024-06-16,DE,organic,12.11
2024-06-16,DE,social,55.28
2024-06-16,DE,email,12.0
2024-06-16,DE,referral,18.76
2024-06-17,DE,paid_search,192.19
2024-06-17,DE,organic,20.75
2024-06-17,DE,social,72.23
2024-06-17,DE,email,22.64
2024-06-17,DE,referral,19.99
2024-06-18,DE,paid_search,149.04
2024-06-18,DE,organic,11.57
2024-06-18,DE,social,74.96
2024-06-18,DE,email,13.7
2024-06-18,DE,referral,14.96
2024-06-19,DE,paid_search,133.93
2024-06-19,DE,organic,18.39
2024-06-19,DE,social,66.46
2024-06-19,DE,email,10.41
2024-06-19,DE,referral,25.41
2024-06-20,DE,paid_search,103.96
2024-06-20,DE,organic,12.38
2024-06-20,DE,social,79.89
2024-06-20,DE,email,15.45
2024-06-20,DE,referral,22.87
2024-06-21,DE,paid_search,144.44
2024-06-21,DE,organic,15.7
2024-06-21,DE,social,95.82
2024-06-21,DE,email,15.49
2024-06-21,DE,referral,21.51
2024-06-22,DE,paid_search,142.38
2024-06-22,DE,organic,17.15
2024-06-22,DE,social,62.59
2024-06-22,DE,email,12.27
2024-06-22,DE,referral,18.65
2024-06-23,DE,paid_search,149.14
2024-06-23,DE,organic,15.07
2024-06-23,DE,social,86.52
2024-06-23,DE,email,15.36
2024-06-23,DE,referral,19.23
2024-06-24,DE,paid_search,121.95
2024-06-24,DE,organic,20.02
2024-06-24,DE,social,80.03
2024-06-24,DE,email,11.58
2024-06-24,DE,referral,28.56
2024-06-25,DE,paid_search,131.39
2024-06-25,DE,organic,8.53
2024-06-25,DE,social,62.96
2024-06-25,DE,email,17.91
2024-06-25,DE,referral,19.56
2024-06-26,DE,paid_search,133.28
2024-06-26,DE,organic,17.11
2024-06-26,DE,social,95.84
2024-06-26,DE,email,12.49
2024-06-26,DE,referral,24.39
2024-06-27,DE,paid_search,145.76
2024-06-27,DE,organic,19.55
2024-06-27,DE,social,79.95
2024-06-27,DE,email,11.48
2024-06-27,DE,referral,22.62
2024-06-28,DE,paid_search,132.25
2024-06-28,DE,organic,11.14
2024-06-28,DE,social,76.12
2024-06-28,DE,email,8.64
2024-06-28,DE,referral,24.42
2024-06-29,DE,paid_search,151.57
2024-06-29,DE,organic,23.05
2024-06-29,DE,social,70.18
2024-06-29,DE,email,12.69
2024-06-29,DE,referral,13.44
2024-06-30,DE,paid_search,110.77
2024-06-30,DE,organic,9.87
2024-06-30,DE,social,97.11
2024-06-30,DE,email,11.29
2024-06-30,DE,referral,28.3
2024-07-01,DE,paid_search,50.47
2024-07-01,DE,organic,23.58
2024-07-01,DE,social,75.2
2024-07-01,DE,email,13.83
2024-07-01,DE,referral,15.6
2024-07-02,DE,paid_search,173.17
2024-07-02,DE,organic,15.41
2024-07-02,DE,social,53.67
2024-07-02,DE,email,8.9
2024-07-02,DE,referral,14.74
2024-07-03,DE,paid_search,167.54
2024-07-03,DE,organic,14.3
2024-07-03,DE,social,45.13
2024-07-03,DE,email,13.93
2024-07-03,DE,referral,9.71
2024-07-04,DE,paid_search,203.84
2024-07-04,DE,organic,25.44
2024-07-04,DE,social,51.4
2024-07-04,DE,email,16.1
2024-07-04,DE,referral,23.1
2024-07-05,DE,paid_search,133.87
2024-07-05,DE,organic,15.07
2024-07-05,DE,social,89.02
2024-07-05,DE,email,12.62
2024-07-05,DE,referral,7.47
2024-07-06,DE,paid_search,232.29
2024-07-06,DE,organic,18.84
2024-07-06,DE,social,75.51
2024-07-06,DE,email,10.46
2024-07-06,DE,referral,20.25
2024-07-07,DE,paid_search,201.55
2024-07-07,DE,organic,18.11
2024-07-07,DE,social,83.68
2024-07-07,DE,email,8.77
2024-07-07,DE,referral,19.39
2024-07-08,DE,paid_search,154.95
2024-07-08,DE,organic,19.96
2024-07-08,DE,social,68.55
2024-07-08,DE,email,15.71
2024-07-08,DE,referral,15.17
2024-07-09,DE,paid_search,155.66
2024-07-09,DE,organic,16.59
2024-07-09,DE,social,47.52
2024-07-09,DE,email,12.6
2024-07-09,DE,referral,18.15
2024-07-10,DE,paid_search,207.08
2024-07-10,DE,organic,15.26
2024-07-10,DE,social,83.21
2024-07-10,DE,email,8.83
2024-07-10,DE,referral,22.51
2024-07-11,DE,paid_search,137.12
2024-07-11,DE,organic,13.7
2024-07-11,DE,social,130.7
2024-07-11,DE,email,11.62
2024-07-11,DE,referral,20.12
2024-07-12,DE,paid_search,187.5
2024-07-12,DE,organic,13.73
2024-07-12,DE,social,84.21
2024-07-12,DE,email,14.38
2024-07-12,DE,referral,22.55
2024-07-13,DE,paid_search,240.83
2024-07-13,DE,organic,13.58
2024-07-13,DE,social,105.91
2024-07-13,DE,email,14.25
2024-07-13,DE,referral,26.08
2024-07-14,DE,paid_search,166.05
2024-07-14,DE,organic,24.98
2024-07-14,DE,social,70.38
2024-07-14,DE,email,14.33
2024-07-14,DE,referral,28.19
2024-07-15,DE,paid_search,131.62
2024-07-15,DE,organic,21.25
2024-07-15,DE,social,76.14
2024-07-15,DE,email,8.81
2024-07-15,DE,referral,13.54
2024-07-16,DE,paid_search,149.53
2024-07-16,DE,organic,21.21
2024-07-16,DE,social,36.74
2024-07-16,DE,email,13.39
2024-07-16,DE,referral,25.99
2024-07-17,DE,paid_search,104.12
2024-07-17,DE,organic,14.31
2024-07-17,DE,social,87.45
2024-07-17,DE,email,15.45
2024-07-17,DE,referral,29.77
2024-07-18,DE,paid_search,130.57
2024-07-18,DE,organic,13.53
2024-07-18,DE,social,108.11
2024-07-18,DE,email,10.34
2024-07-18,DE,referral,23.94
2024-07-19,DE,paid_search,236.5
2024-07-19,DE,organic,20.2
2024-07-19,DE,social,91.48
2024-07-19,DE,email,16.82
2024-07-19,DE,referral,24.04
2024-07-20,DE,paid_search,183.14
2024-07-20,DE,organic,15.54
2024-07-20,DE,social,98.68
2024-07-20,DE,email,14.07
2024-07-20,DE,referral,13.4
2024-07-21,DE,paid_search,162.29
2024-07-21,DE,organic,7.78
2024-07-21,DE,social,90.15
2024-07-21,DE,email,12.01
2024-07-21,DE,referral,31.37
2024-07-22,DE,paid_search,171.73
2024-07-22,DE,organic,20.93
2024-07-22,DE,social,56.43
2024-07-22,DE,email,14.93
2024-07-22,DE,referral,17.85
2024-07-23,DE,paid_search,194.71
2024-07-23,DE,organic,12.25
2024-07-23,DE,social,78.6
2024-07-23,DE,email,9.06
2024-07-23,DE,referral,21.92
2024-07-24,DE,paid_search,230.36
2024-07-24,DE,organic,20.07
2024-07-24,DE,social,75.88
2024-07-24,DE,email,4.9
2024-07-24,DE,referral,18.4
2024-07-25,DE,paid_search,171.16
2024-07-25,DE,organic,14.83
2024-07-25,DE,social,103.79
2024-07-25,DE,email,12.98
2024-07-25,DE,referral,26.98
2024-07-26,DE,paid_search,160.84
2024-07-26,DE,organic,15.83
2024-07-26,DE,social,67.49
2024-07-26,DE,email,9.52
2024-07-26,DE,referral,27.08
2024-07-27,DE,paid_search,136.63
2024-07-27,DE,organic,19.22
2024-07-27,DE,social,66.45
2024-07-27,DE,email,9.3
2024-07-27,DE,referral,24.2
2024-07-28,DE,paid_search,124.44
2024-07-28,DE,organic,15.3
2024-07-28,DE,social,52.62
2024-07-28,DE,email,11.18
2024-07-28,DE,referral,21.38
2024-07-29,DE,paid_search,142.0
2024-07-29,DE,organic,20.48
2024-07-29,DE,social,79.28
2024-07-29,DE,email,22.59
2024-07-29,DE,referral,23.5
2024-07-30,DE,paid_search,86.62
2024-07-30,DE,organic,16.1
2024-07-30,DE,social,74.09
2024-07-30,DE,email,10.79
2024-07-30,DE,referral,21.64
2024-07-31,DE,paid_search,128.39
2024-07-31,DE,organic,18.41
2024-07-31,DE,social,40.0
2024-07-31,DE,email,16.4
2024-07-31,DE,referral,12.87
2024-08-01,DE,paid_search,142.92
2024-08-01,DE,organic,13.89
2024-08-01,DE,social,82.35
2024-08-01,DE,email,12.17
2024-08-01,DE,referral,22.59
2024-08-02,DE,paid_search,195.5
2024-08-02,DE,organic,20.27
2024-08-02,DE,social,77.19
2024-08-02,DE,email,14.21
2024-08-02,DE,referral,31.66
2024-08-03,DE,paid_search,183.76
2024-08-03,DE,organic,15.75
2024-08-03,DE,social,100.94
2024-08-03,DE,email,14.0
2024-08-03,DE,referral,16.14
2024-08-04,DE,paid_search,146.09
2024-08-04,DE,organic,10.74
2024-08-04,DE,social,32.8
2024-08-04,DE,email,9.72
2024-08-04,DE,referral,21.9
2024-08-05,DE,paid_search,157.8
2024-08-05,DE,organic,11.0
2024-08-05,DE,social,31.01
2024-08-05,DE,email,17.44
2024-08-05,DE,referral,21.76
2024-08-06,DE,paid_search,212.51
2024-08-06,DE,organic,23.37
2024-08-06,DE,social,90.55
2024-08-06,DE,email,12.94
2024-08-06,DE,referral,19.14
2024-08-07,DE,paid_search,180.49
2024-08-07,DE,organic,16.32
2024-08-07,DE,social,65.22
2024-08-07,DE,email,6.06
2024-08-07,DE,referral,20.81
2024-08-08,DE,paid_search,194.95
2024-08-08,DE,organic,22.35
2024-08-08,DE,social,77.52
2024-08-08,DE,email,9.92
2024-08-08,DE,referral,26.05
2024-08-09,DE,paid_search,152.41
2024-08-09,DE,organic,15.45
2024-08-09,DE,social,48.66
2024-08-09,DE,email,19.46
2024-08-09,DE,referral,25.17
2024-08-10,DE,paid_search,185.37
2024-08-10,DE,organic,13.33
2024-08-10,DE,social,78.03
2024-08-10,DE,email,12.49
2024-08-10,DE,referral,25.4
2024-08-11,DE,paid_search,205.01
2024-08-11,DE,organic,10.9
2024-08-11,DE,social,55.95
2024-08-11,DE,email,14.81
2024-08-11,DE,referral,18.55
2024-08-12,DE,paid_search,184.17
2024-08-12,DE,organic,15.41
2024-08-12,DE,social,52.62
2024-08-12,DE,email,7.14
2024-08-12,DE,referral,23.82
2024-08-13,DE,paid_search,172.46
2024-08-13,DE,organic,21.12
2024-08-13,DE,social,82.77
2024-08-13,DE,email,0.77
2024-08-13,DE,referral,23.92
2024-08-14,DE,paid_search,97.25
2024-08-14,DE,organic,9.06
2024-08-14,DE,social,38.48
2024-08-14,DE,email,6.12
2024-08-14,DE,referral,22.73
2024-08-15,DE,paid_search,125.03
2024-08-15,DE,organic,10.54
2024-08-15,DE,social,76.94
2024-08-15,DE,email,9.22
2024-08-15,DE,referral,26.46
2024-08-16,DE,paid_search,208.47
2024-08-16,DE,organic,16.08
2024-08-16,DE,social,102.84
2024-08-16,DE,email,17.13
2024-08-16,DE,referral,21.7
2024-08-17,DE,paid_search,219.3
2024-08-17,DE,organic,14.36
2024-08-17,DE,social,39.11
2024-08-17,DE,email,7.8
2024-08-17,DE,referral,17.7
2024-08-18,DE,paid_search,173.44
2024-08-18,DE,organic,12.09
2024-08-18,DE,social,63.58
2024-08-18,DE,email,8.77
2024-08-18,DE,referral,17.78
2024-08-19,DE,paid_search,204.36
2024-08-19,DE,organic,18.52
2024-08-19,DE,social,65.47
2024-08-19,DE,email,16.64
2024-08-19,DE,referral,21.39
2024-08-20,DE,paid_search,158.11
2024-08-20,DE,organic,21.86
2024-08-20,DE,social,69.95
2024-08-20,DE,email,15.67
2024-08-20,DE,referral,25.74
2024-08-21,DE,paid_search,147.43
2024-08-21,DE,organic,11.07
2024-08-21,DE,social,76.74
2024-08-21,DE,email,16.37
2024-08-21,DE,referral,25.61
2024-08-22,DE,paid_search,218.42
2024-08-22,DE,organic,14.92
2024-08-22,DE,social,91.4
2024-08-22,DE,email,9.54
2024-08-22,DE,referral,22.32
2024-08-23,DE,paid_search,195.28
2024-08-23,DE,organic,20.85
2024-08-23,DE,social,78.47
2024-08-23,DE,email,11.9
2024-08-23,DE,referral,15.96
2024-08-24,DE,paid_search,144.36
2024-08-24,DE,organic,11.43
2024-08-24,DE,social,69.94
2024-08-24,DE,email,6.99
2024-08-24,DE,referral,14.24
2024-08-25,DE,paid_search,185.62
2024-08-25,DE,organic,20.15
2024-08-25,DE,social,70.98
2024-08-25,DE,email,12.96
2024-08-25,DE,referral,22.31
2024-08-26,DE,paid_search,170.61
2024-08-26,DE,organic,18.5
2024-08-26,DE,social,50.93
2024-08-26,DE,email,4.96
2024-08-26,DE,referral,15.85
2024-08-27,DE,paid_search,147.1
2024-08-27,DE,organic,21.08
2024-08-27,DE,social,80.98
2024-08-27,DE,email,14.45
2024-08-27,DE,referral,16.49
2024-08-28,DE,paid_search,150.29
2024-08-28,DE,organic,17.28
2024-08-28,DE,social,62.05
2024-08-28,DE,email,9.34
2024-08-28,DE,referral,20.05
2024-08-29,DE,paid_search,178.29
2024-08-29,DE,organic,13.15
2024-08-29,DE,social,72.52
2024-08-29,DE,email,17.07
2024-08-29,DE,referral,18.49
2024-08-30,DE,paid_search,153.28
2024-08-30,DE,organic,16.55
2024-08-30,DE,social,72.91
2024-08-30,DE,email,18.07
2024-08-30,DE,referral,22.87
2024-08-31,DE,paid_search,92.94
2024-08-31,DE,organic,23.5
2024-08-31,DE,social,81.76
2024-08-31,DE,email,11.56
2024-08-31,DE,referral,28.42
2024-09-01,DE,paid_search,123.22
2024-09-01,DE,organic,24.29
2024-09-01,DE,social,78.28
2024-09-01,DE,email,15.96
2024-09-01,DE,referral,37.55
2024-09-02,DE,paid_search,159.89
2024-09-02,DE,organic,16.59
2024-09-02,DE,social,56.09
2024-09-02,DE,email,12.37
2024-09-02,DE,referral,15.75
2024-09-03,DE,paid_search,145.85
2024-09-03,DE,organic,29.3
2024-09-03,DE,social,78.79
2024-09-03,DE,email,10.99
2024-09-03,DE,referral,20.14
2024-09-04,DE,paid_search,137.25
2024-09-04,DE,organic,21.46
2024-09-04,DE,social,74.77
2024-09-04,DE,email,17.88
2024-09-04,DE,referral,19.57
2024-09-05,DE,paid_search,143.38
2024-09-05,DE,organic,13.19
2024-09-05,DE,social,69.17
2024-09-05,DE,email,7.22
2024-09-05,DE,referral,9.94
2024-09-06,DE,paid_search,176.89
2024-09-06,DE,organic,9.58
2024-09-06,DE,social,84.26
2024-09-06,DE,email,11.15
2024-09-06,DE,referral,26.24
2024-09-07,DE,paid_search,87.08
2024-09-07,DE,organic,19.54
2024-09-07,DE,social,82.84
2024-09-07,DE,email,13.91
2024-09-07,DE,referral,27.22
2024-09-08,DE,paid_search,155.69
2024-09-08,DE,organic,6.6
2024-09-08,DE,social,85.09
2024-09-08,DE,email,13.77
2024-09-08,DE,referral,19.95
2024-09-09,DE,paid_search,120.8
2024-09-09,DE,organic,15.47
2024-09-09,DE,social,104.39
2024-09-09,DE,email,9.82
2024-09-09,DE,referral,12.0
2024-09-10,DE,paid_search,96.84
2024-09-10,DE,organic,16.85
2024-09-10,DE,social,108.46
2024-09-10,DE,email,19.78
2024-09-10,DE,referral,24.7
2024-09-11,DE,paid_search,115.47
2024-09-11,DE,organic,13.28
2024-09-11,DE,social,93.25
2024-09-11,DE,email,16.99
2024-09-11,DE,referral,17.84
2024-09-12,DE,paid_search,207.49
2024-09-12,DE,organic,16.02
2024-09-12,DE,social,90.16
2024-09-12,DE,email,16.4
2024-09-12,DE,referral,13.38
2024-09-13,DE,paid_search,170.27
2024-09-13,DE,organic,23.07
2024-09-13,DE,social,65.78
2024-09-13,DE,email,9.38
2024-09-13,DE,referral,23.88
2024-09-14,DE,paid_search,158.1
2024-09-14,DE,organic,15.61
2024-09-14,DE,social,76.46
2024-09-14,DE,email,7.43
2024-09-14,DE,referral,23.4
2024-09-15,DE,paid_search,213.92
2024-09-15,DE,organic,13.96
2024-09-15,DE,social,60.66
2024-09-15,DE,email,13.3
2024-09-15,DE,referral,36.37
2024-09-16,DE,paid_search,195.07
2024-09-16,DE,organic,16.6
2024-09-16,DE,social,77.26
2024-09-16,DE,email,16.57
2024-09-16,DE,referral,16.42
2024-09-17,DE,paid_search,176.4
2024-09-17,DE,organic,12.25
2024-09-17,DE,social,94.19
2024-09-17,DE,email,11.81
2024-09-17,DE,referral,22.32
2024-09-18,DE,paid_search,139.27
2024-09-18,DE,organic,19.97
2024-09-18,DE,social,73.16
2024-09-18,DE,email,19.63
2024-09-18,DE,referral,28.79
2024-09-19,DE,paid_search,103.11
2024-09-19,DE,organic,17.81
2024-09-19,DE,social,90.56
2024-09-19,DE,email,11.29
2024-09-19,DE,referral,27.69
2024-09-20,DE,paid_search,194.87
2024-09-20,DE,organic,16.64
2024-09-20,DE,social,95.27
2024-09-20,DE,email,5.07
2024-09-20,DE,referral,28.46
2024-09-21,DE,paid_search,186.91
2024-09-21,DE,organic,12.38
2024-09-21,DE,social,81.32
2024-09-21,DE,email,6.29
2024-09-21,DE,referral,17.19
2024-09-22,DE,paid_search,194.91
2024-09-22,DE,organic,16.95
2024-09-22,DE,social,75.2
2024-09-22,DE,email,12.89
2024-09-22,DE,referral,20.87
2024-09-23,DE,paid_search,190.77
2024-09-23,DE,organic,14.37
2024-09-23,DE,social,84.52
2024-09-23,DE,email,9.1
2024-09-23,DE,referral,25.19
2024-09-24,DE,paid_search,140.71
2024-09-24,DE,organic,16.83
2024-09-24,DE,social,69.57
2024-09-24,DE,email,12.0
2024-09-24,DE,referral,15.91
2024-09-25,DE,paid_search,165.59
2024-09-25,DE,organic,19.36
2024-09-25,DE,social,51.05
2024-09-25,DE,email,10.85
2024-09-25,DE,referral,21.41
2024-09-26,DE,paid_search,130.1
2024-09-26,DE,organic,16.05
2024-09-26,DE,social,107.41
2024-09-26,DE,email,9.5
2024-09-26,DE,referral,8.97
2024-09-27,DE,paid_search,130.1
2024-09-27,DE,organic,15.61
2024-09-27,DE,social,67.13
2024-09-27,DE,email,13.61
2024-09-27,DE,referral,15.79
2024-09-28,DE,paid_search,108.05
2024-09-28,DE,organic,14.13
2024-09-28,DE,social,64.0
2024-09-28,DE,email,19.51
2024-09-28,DE,referral,29.5
2024-09-29,DE,paid_search,89.14
2024-09-29,DE,organic,8.8
2024-09-29,DE,social,74.86
2024-09-29,DE,email,18.84
2024-09-29,DE,referral,24.79
2024-09-30,DE,paid_search,151.74
2024-09-30,DE,organic,15.06
2024-09-30,DE,social,97.1
2024-09-30,DE,email,13.32
2024-09-30,DE,referral,30.45
2024-10-01,DE,paid_search,88.45
2024-10-01,DE,organic,18.8
2024-10-01,DE,social,65.73
2024-10-01,DE,email,14.07
2024-10-01,DE,referral,22.58
2024-10-02,DE,paid_search,172.49
2024-10-02,DE,organic,21.15
2024-10-02,DE,social,103.08
2024-10-02,DE,email,18.97
2024-10-02,DE,referral,21.33
2024-10-03,DE,paid_search,132.26
2024-10-03,DE,organic,11.79
2024-10-03,DE,social,84.82
2024-10-03,DE,email,15.41
2024-10-03,DE,referral,14.09
2024-10-04,DE,paid_search,196.78
2024-10-04,DE,organic,16.57
2024-10-04,DE,social,52.48
2024-10-04,DE,email,10.05
2024-10-04,DE,referral,16.24
2024-10-05,DE,paid_search,117.6
2024-10-05,DE,organic,19.42
2024-10-05,DE,social,93.02
2024-10-05,DE,email,18.17
2024-10-05,DE,referral,17.54
2024-10-06,DE,paid_search,166.12
2024-10-06,DE,organic,14.25
2024-10-06,DE,social,76.88
2024-10-06,DE,email,8.03
2024-10-06,DE,referral,15.28
2024-10-07,DE,paid_search,183.72
2024-10-07,DE,organic,10.7
2024-10-07,DE,social,88.26
2024-10-07,DE,email,10.59
2024-10-07,DE,referral,11.02
2024-10-08,DE,paid_search,55.9
2024-10-08,DE,organic,23.22
2024-10-08,DE,social,40.06
2024-10-08,DE,email,12.54
2024-10-08,DE,referral,23.13
2024-10-09,DE,paid_search,102.77
2024-10-09,DE,organic,14.65
2024-10-09,DE,social,85.66
2024-10-09,DE,email,13.68
2024-10-09,DE,referral,18.8
2024-10-10,DE,paid_search,162.06
2024-10-10,DE,organic,16.57
2024-10-10,DE,social,57.94
2024-10-10,DE,email,16.58
2024-10-10,DE,referral,22.35
2024-10-11,DE,paid_search,82.54
2024-10-11,DE,organic,19.22
2024-10-11,DE,social,64.73
2024-10-11,DE,email,11.83
2024-10-11,DE,referral,21.29
2024-10-12,DE,paid_search,122.67
2024-10-12,DE,organic,24.66
2024-10-12,DE,social,47.94
2024-10-12,DE,email,12.93
2024-10-12,DE,referral,23.28
2024-10-13,DE,paid_search,154.58
2024-10-13,DE,organic,16.19
2024-10-13,DE,social,69.29
2024-10-13,DE,email,10.19
2024-10-13,DE,referral,16.89
2024-10-14,DE,paid_search,197.31
2024-10-14,DE,organic,15.12
2024-10-14,DE,social,117.28
2024-10-14,DE,email,14.88
2024-10-14,DE,referral,7.08
2024-10-15,DE,paid_search,186.78
2024-10-15,DE,organic,16.77
2024-10-15,DE,social,49.92
2024-10-15,DE,email,16.91
2024-10-15,DE,referral,18.93
2024-10-16,DE,paid_search,133.07
2024-10-16,DE,organic,18.59
2024-10-16,DE,social,98.36
2024-10-16,DE,email,13.11
2024-10-16,DE,referral,21.47
2024-10-17,DE,paid_search,126.34
2024-10-17,DE,organic,21.78
2024-10-17,DE,social,78.85
2024-10-17,DE,email,12.03
2024-10-17,DE,referral,19.39
2024-10-18,DE,paid_search,192.28
2024-10-18,DE,organic,15.89
2024-10-18,DE,social,96.19
2024-10-18,DE,email,11.25
2024-10-18,DE,referral,25.09
2024-10-19,DE,paid_search,160.92
2024-10-19,DE,organic,12.96
2024-10-19,DE,social,74.84
2024-10-19,DE,email,5.77
2024-10-19,DE,referral,17.3
2024-10-20,DE,paid_search,92.65
2024-10-20,DE,organic,25.49
2024-10-20,DE,social,46.55
2024-10-20,DE,email,20.99
2024-10-20,DE,referral,23.98
2024-10-21,DE,paid_search,133.15
2024-10-21,DE,organic,20.43
2024-10-21,DE,social,64.17
2024-10-21,DE,email,8.26
2024-10-21,DE,referral,21.67
2024-10-22,DE,paid_search,179.78
2024-10-22,DE,organic,22.43
2024-10-22,DE,social,86.02
2024-10-22,DE,email,11.06
2024-10-22,DE,referral,28.61
2024-10-23,DE,paid_search,197.48
2024-10-23,DE,organic,18.14
2024-10-23,DE,social,99.66
2024-10-23,DE,email,19.71
2024-10-23,DE,referral,18.36
2024-10-24,DE,paid_search,118.59
2024-10-24,DE,organic,14.57
2024-10-24,DE,social,50.69
2024-10-24,DE,email,14.63
2024-10-24,DE,referral,12.7
2024-10-25,DE,paid_search,201.39
2024-10-25,DE,organic,14.14
2024-10-25,DE,social,102.49
2024-10-25,DE,email,4.6
2024-10-25,DE,referral,19.2
2024-10-26,DE,paid_search,103.54
2024-10-26,DE,organic,22.75
2024-10-26,DE,social,108.61
2024-10-26,DE,email,5.28
2024-10-26,DE,referral,25.85
2024-10-27,DE,paid_search,193.88
2024-10-27,DE,organic,18.38
2024-10-27,DE,social,87.75
2024-10-27,DE,email,14.39
2024-10-27,DE,referral,25.87
2024-10-28,DE,paid_search,111.21
2024-10-28,DE,organic,22.1
2024-10-28,DE,social,80.5
2024-10-28,DE,email,13.23
2024-10-28,DE,referral,24.26
2024-10-29,DE,paid_search,104.39
2024-10-29,DE,organic,10.4
2024-10-29,DE,social,74.19
2024-10-29,DE,email,17.67
2024-10-29,DE,referral,14.95
2024-10-30,DE,paid_search,159.7
2024-10-30,DE,organic,13.95
2024-10-30,DE,social,60.23
2024-10-30,DE,email,14.35
2024-10-30,DE,referral,25.28
2024-10-31,DE,paid_search,122.88
2024-10-31,DE,organic,22.9
2024-10-31,DE,social,84.58
2024-10-31,DE,email,11.98
2024-10-31,DE,referral,23.1
2024-11-01,DE,paid_search,230.89
2024-11-01,DE,organic,20.2
2024-11-01,DE,social,63.14
2024-11-01,DE,email,12.69
2024-11-01,DE,referral,21.95
2024-11-02,DE,paid_search,178.45
2024-11-02,DE,organic,18.02
2024-11-02,DE,social,112.75
2024-11-02,DE,email,12.03
2024-11-02,DE,referral,12.06
2024-11-03,DE,paid_search,161.21
2024-11-03,DE,organic,15.13
2024-11-03,DE,social,47.74
2024-11-03,DE,email,10.51
2024-11-03,DE,referral,19.35
2024-11-04,DE,paid_search,196.6
2024-11-04,DE,organic,10.7
2024-11-04,DE,social,83.19
2024-11-04,DE,email,19.83
2024-11-04,DE,referral,20.32
2024-11-05,DE,paid_search,145.19
2024-11-05,DE,organic,20.06
2024-11-05,DE,social,86.49
2024-11-05,DE,email,17.27
2024-11-05,DE,referral,20.36
2024-11-06,DE,paid_search,179.86
2024-11-06,DE,organic,20.05
2024-11-06,DE,social,70.08
2024-11-06,DE,email,12.39
2024-11-06,DE,referral,21.19
2024-11-07,DE,paid_search,105.66
2024-11-07,DE,organic,15.35
2024-11-07,DE,social,105.11
2024-11-07,DE,email,16.06
2024-11-07,DE,referral,18.17
2024-11-08,DE,paid_search,152.4
2024-11-08,DE,organic,21.13
2024-11-08,DE,social,84.98
2024-11-08,DE,email,15.3
2024-11-08,DE,referral,24.09
2024-11-09,DE,paid_search,161.24
2024-11-09,DE,organic,16.29
2024-11-09,DE,social,53.64
2024-11-09,DE,email,14.96
2024-11-09,DE,referral,20.07
2024-11-10,DE,paid_search,89.97
2024-11-10,DE,organic,14.68
2024-11-10,DE,social,92.8
2024-11-10,DE,email,6.64
2024-11-10,DE,referral,15.78
2024-11-11,DE,paid_search,158.25
2024-11-11,DE,organic,22.97
2024-11-11,DE,social,95.62
2024-11-11,DE,email,17.54
2024-11-11,DE,referral,22.35
2024-11-12,DE,paid_search,145.0
2024-11-12,DE,organic,20.58
2024-11-12,DE,social,59.3
2024-11-12,DE,email,9.63
2024-11-12,DE,referral,15.11
2024-11-13,DE,paid_search,194.65
2024-11-13,DE,organic,13.45
2024-11-13,DE,social,95.64
2024-11-13,DE,email,13.22
2024-11-13,DE,referral,27.1
2024-11-14,DE,paid_search,110.72
2024-11-14,DE,organic,14.34
2024-11-14,DE,social,85.18
2024-11-14,DE,email,11.38
2024-11-14,DE,referral,8.0
2024-11-15,DE,paid_search,100.51
2024-11-15,DE,organic,12.27
2024-11-15,DE,social,56.63
2024-11-15,DE,email,14.92
2024-11-15,DE,referral,23.04
2024-11-16,DE,paid_search,159.21
2024-11-16,DE,organic,25.54
2024-11-16,DE,social,98.98
2024-11-16,DE,email,15.31
2024-11-16,DE,referral,13.31
2024-11-17,DE,paid_search,155.28
2024-11-17,DE,organic,18.27
2024-11-17,DE,social,68.56
2024-11-17,DE,email,18.19
2024-11-17,DE,referral,21.52
2024-11-18,DE,paid_search,106.02
2024-11-18,DE,organic,12.76
2024-11-18,DE,social,120.15
2024-11-18,DE,email,11.41
2024-11-18,DE,referral,10.21
2024-11-19,DE,paid_search,130.08
2024-11-19,DE,organic,9.24
2024-11-19,DE,social,94.04
2024-11-19,DE,email,6.52
2024-11-19,DE,referral,13.8
2024-11-20,DE,paid_search,153.15
2024-11-20,DE,organic,21.71
2024-11-20,DE,social,75.17
2024-11-20,DE,email,8.74
2024-11-20,DE,referral,22.22
2024-11-21,DE,paid_search,135.11
2024-11-21,DE,organic,21.81
2024-11-21,DE,social,92.85
2024-11-21,DE,email,11.04
2024-11-21,DE,referral,25.39
2024-11-22,DE,paid_search,163.37
2024-11-22,DE,organic,22.81
2024-11-22,DE,social,90.6
2024-11-22,DE,email,14.49
2024-11-22,DE,referral,28.3
2024-11-23,DE,paid_search,153.59
2024-11-23,DE,organic,13.71
2024-11-23,DE,social,80.34
2024-11-23,DE,email,11.62
2024-11-23,DE,referral,24.46
2024-11-24,DE,paid_search,155.37
2024-11-24,DE,organic,18.71
2024-11-24,DE,social,53.47
2024-11-24,DE,email,14.37
2024-11-24,DE,referral,14.42
2024-11-25,DE,paid_search,189.79
2024-11-25,DE,organic,21.09
2024-11-25,DE,social,83.15
2024-11-25,DE,email,13.74
2024-11-25,DE,referral,20.06
2024-11-26,DE,paid_search,129.93
2024-11-26,DE,organic,16.94
2024-11-26,DE,social,114.42
2024-11-26,DE,email,13.48
2024-11-26,DE,referral,14.1
2024-11-27,DE,paid_search,87.66
2024-11-27,DE,organic,10.89
2024-11-27,DE,social,69.28
2024-11-27,DE,email,16.78
2024-11-27,DE,referral,15.81
2024-11-28,DE,paid_search,207.38
2024-11-28,DE,organic,17.76
2024-11-28,DE,social,85.75
2024-11-28,DE,email,14.2
2024-11-28,DE,referral,24.39
2024-11-29,DE,paid_search,137.27
2024-11-29,DE,organic,7.08
2024-11-29,DE,social,65.25
2024-11-29,DE,email,9.92
2024-11-29,DE,referral,22.9
2024-11-30,DE,paid_search,161.39
2024-11-30,DE,organic,15.84
2024-11-30,DE,social,110.07
2024-11-30,DE,email,10.71
2024-11-30,DE,referral,9.43
2024-12-01,DE,paid_search,157.57
2024-12-01,DE,organic,22.05
2024-12-01,DE,social,81.99
2024-12-01,DE,email,11.61
2024-12-01,DE,referral,22.53
2024-12-02,DE,paid_search,223.34
2024-12-02,DE,organic,13.28
2024-12-02,DE,social,77.09
2024-12-02,DE,email,14.89
2024-12-02,DE,referral,22.6
2024-12-03,DE,paid_search,143.52
2024-12-03,DE,organic,15.19
2024-12-03,DE,social,71.05
2024-12-03,DE,email,14.45
2024-12-03,DE,referral,23.77
2024-12-04,DE,paid_search,233.12
2024-12-04,DE,organic,10.47
2024-12-04,DE,social,110.12
2024-12-04,DE,email,12.1
2024-12-04,DE,referral,20.77
2024-12-05,DE,paid_search,185.85
2024-12-05,DE,organic,20.62
2024-12-05,DE,social,98.62
2024-12-05,DE,email,17.13
2024-12-05,DE,referral,21.04
2024-12-06,DE,paid_search,206.08
2024-12-06,DE,organic,14.33
2024-12-06,DE,social,70.66
2024-12-06,DE,email,12.17
2024-12-06,DE,referral,18.45
2024-12-07,DE,paid_search,155.29
2024-12-07,DE,organic,20.81
2024-12-07,DE,social,88.96
2024-12-07,DE,email,10.8
2024-12-07,DE,referral,17.56
2024-12-08,DE,paid_search,120.28
2024-12-08,DE,organic,17.38
2024-12-08,DE,social,46.27
2024-12-08,DE,email,9.91
2024-12-08,DE,referral,18.81
2024-12-09,DE,paid_search,193.37
2024-12-09,DE,organic,16.44
2024-12-09,DE,social,95.74
2024-12-09,DE,email,13.35
2024-12-09,DE,referral,18.73
2024-12-10,DE,paid_search,136.43
2024-12-10,DE,organic,12.04
2024-12-10,DE,social,122.46
2024-12-10,DE,email,16.29
2024-12-10,DE,referral,24.46
2024-12-11,DE,paid_search,103.15
2024-12-11,DE,organic,15.08
2024-12-11,DE,social,57.85
2024-12-11,DE,email,13.16
2024-12-11,DE,referral,16.32
2024-12-12,DE,paid_search,127.36
2024-12-12,DE,organic,13.17
2024-12-12,DE,social,71.91
2024-12-12,DE,email,12.98
2024-12-12,DE,referral,20.12
2024-12-13,DE,paid_search,211.63
2024-12-13,DE,organic,20.45
2024-12-13,DE,social,61.52
2024-12-13,DE,email,13.79
2024-12-13,DE,referral,17.53
2024-12-14,DE,paid_search,137.89
2024-12-14,DE,organic,19.04
2024-12-14,DE,social,89.23
2024-12-14,DE,email,10.88
2024-12-14,DE,referral,15.38
2024-12-15,DE,paid_search,156.35
2024-12-15,DE,organic,18.85
2024-12-15,DE,social,64.29
2024-12-15,DE,email,15.35
2024-12-15,DE,referral,24.65
2024-12-16,DE,paid_search,128.03
2024-12-16,DE,organic,21.8
2024-12-16,DE,social,98.7
2024-12-16,DE,email,19.34
2024-12-16,DE,referral,30.34
2024-12-17,DE,paid_search,118.48
2024-12-17,DE,organic,20.93
2024-12-17,DE,social,93.32
2024-12-17,DE,email,11.64
2024-12-17,DE,referral,23.67
2024-12-18,DE,paid_search,81.18
2024-12-18,DE,organic,8.9
2024-12-18,DE,social,43.71
2024-12-18,DE,email,13.99
2024-12-18,DE,referral,23.57
2024-12-19,DE,paid_search,142.52
2024-12-19,DE,organic,24.31
2024-12-19,DE,social,95.38
2024-12-19,DE,email,7.66
2024-12-19,DE,referral,20.34
2024-12-20,DE,paid_search,117.06
2024-12-20,DE,organic,18.76
2024-12-20,DE,social,75.92
2024-12-20,DE,email,9.94
2024-12-20,DE,referral,30.25
2024-12-21,DE,paid_search,155.2
2024-12-21,DE,organic,15.23
2024-12-21,DE,social,71.66
2024-12-21,DE,email,17.91
2024-12-21,DE,referral,26.09
2024-12-22,DE,paid_search,146.79
2024-12-22,DE,organic,12.78
2024-12-22,DE,social,60.51
2024-12-22,DE,email,11.21
2024-12-22,DE,referral,23.94
2024-12-23,DE,paid_search,181.94
2024-12-23,DE,organic,13.92
2024-12-23,DE,social,91.81
2024-12-23,DE,email,9.85
2024-12-23,DE,referral,18.0
2024-12-24,DE,paid_search,97.56
2024-12-24,DE,organic,10.71
2024-12-24,DE,social,58.92
2024-12-24,DE,email,12.67
2024-12-24,DE,referral,15.97
2024-12-25,DE,paid_search,210.3
2024-12-25,DE,organic,13.04
2024-12-25,DE,social,80.02
2024-12-25,DE,email,16.96
2024-12-25,DE,referral,21.74
2024-12-26,DE,paid_search,139.08
2024-12-26,DE,organic,17.62
2024-12-26,DE,social,65.76
2024-12-26,DE,email,9.56
2024-12-26,DE,referral,24.51
2024-12-27,DE,paid_search,130.7
2024-12-27,DE,organic,20.98
2024-12-27,DE,social,91.73
2024-12-27,DE,email,13.28
2024-12-27,DE,referral,26.41
2024-12-28,DE,paid_search,132.19
2024-12-28,DE,organic,20.33
2024-12-28,DE,social,91.39
2024-12-28,DE,email,11.79
2024-12-28,DE,referral,18.97
2024-12-29,DE,paid_search,165.59
2024-12-29,DE,organic,25.37
2024-12-29,DE,social,72.06
2024-12-29,DE,email,11.31
2024-12-29,DE,referral,27.51
2024-12-30,DE,paid_search,155.61
2024-12-30,DE,organic,20.68
2024-12-30,DE,social,104.7
2024-12-30,DE,email,6.67
2024-12-30,DE,referral,21.05
2024-12-31,DE,paid_search,144.21
2024-12-31,DE,organic,12.91
2024-12-31,DE,social,39.81
2024-12-31,DE,email,7.68
2024-12-31,DE,referral,21.8
2025-01-01,DE,paid_search,132.57
2025-01-01,DE,organic,13.59
2025-01-01,DE,social,78.31
2025-01-01,DE,email,10.54
2025-01-01,DE,referral,28.1
2025-01-02,DE,paid_search,129.25
2025-01-02,DE,organic,23.4
2025-01-02,DE,social,75.93
2025-01-02,DE,email,10.67
2025-01-02,DE,referral,17.4
2025-01-03,DE,paid_search,210.9
2025-01-03,DE,organic,19.96
2025-01-03,DE,social,61.98
2025-01-03,DE,email,13.13
2025-01-03,DE,referral,8.72
2025-01-04,DE,paid_search,102.07
2025-01-04,DE,organic,13.81
2025-01-04,DE,social,61.68
2025-01-04,DE,email,16.62
2025-01-04,DE,referral,11.08
2025-01-05,DE,paid_search,98.39
2025-01-05,DE,organic,18.92
2025-01-05,DE,social,80.9
2025-01-05,DE,email,11.64
2025-01-05,DE,referral,32.15
2025-01-06,DE,paid_search,176.62
2025-01-06,DE,organic,22.2
2025-01-06,DE,social,75.53
2025-01-06,DE,email,11.02
2025-01-06,DE,referral,18.42
2025-01-07,DE,paid_search,188.48
2025-01-07,DE,organic,20.28
2025-01-07,DE,social,72.32
2025-01-07,DE,email,14.25
2025-01-07,DE,referral,26.36
2025-01-08,DE,paid_search,131.43
2025-01-08,DE,organic,15.54
2025-01-08,DE,social,85.04
2025-01-08,DE,email,7.05
2025-01-08,DE,referral,23.72
2025-01-09,DE,paid_search,109.97
2025-01-09,DE,organic,21.0
2025-01-09,DE,social,117.58
2025-01-09,DE,email,10.53
2025-01-09,DE,referral,14.08
2025-01-10,DE,paid_search,146.12
2025-01-10,DE,organic,15.87
2025-01-10,DE,social,89.14
2025-01-10,DE,email,13.5
2025-01-10,DE,referral,19.68
2025-01-11,DE,paid_search,156.47
2025-01-11,DE,organic,12.23
2025-01-11,DE,social,92.36
2025-01-11,DE,email,17.91
2025-01-11,DE,referral,14.89
2025-01-12,DE,paid_search,92.59
2025-01-12,DE,organic,15.29
2025-01-12,DE,social,53.14
2025-01-12,DE,email,8.68
2025-01-12,DE,referral,13.8
2025-01-13,DE,paid_search,145.59
2025-01-13,DE,organic,15.25
2025-01-13,DE,social,83.64
2025-01-13,DE,email,10.96
2025-01-13,DE,referral,14.79
2025-01-14,DE,paid_search,152.35
2025-01-14,DE,organic,12.5
2025-01-14,DE,social,86.3
2025-01-14,DE,email,7.44
2025-01-14,DE,referral,9.75
2025-01-15,DE,paid_search,91.43
2025-01-15,DE,organic,15.22
2025-01-15,DE,social,71.01
2025-01-15,DE,email,13.19
2025-01-15,DE,referral,18.25
2025-01-16,DE,paid_search,120.62
2025-01-16,DE,organic,23.09
2025-01-16,DE,social,98.85
2025-01-16,DE,email,15.89
2025-01-16,DE,referral,22.89
2025-01-17,DE,paid_search,167.86
2025-01-17,DE,organic,13.58
2025-01-17,DE,social,79.26
2025-01-17,DE,email,9.75
2025-01-17,DE,referral,15.65
2025-01-18,DE,paid_search,91.13
2025-01-18,DE,organic,18.73
2025-01-18,DE,social,79.63
2025-01-18,DE,email,11.78
2025-01-18,DE,referral,18.95
2025-01-19,DE,paid_search,83.0
2025-01-19,DE,organic,18.09
2025-01-19,DE,social,70.47
2025-01-19,DE,email,15.61
2025-01-19,DE,referral,22.03
2025-01-20,DE,paid_search,180.0
2025-01-20,DE,organic,16.97
2025-01-20,DE,social,79.97
2025-01-20,DE,email,15.72
2025-01-20,DE,referral,20.23
2025-01-21,DE,paid_search,171.05
2025-01-21,DE,organic,15.12
2025-01-21,DE,social,73.99
2025-01-21,DE,email,17.83
2025-01-21,DE,referral,24.65
2025-01-22,DE,paid_search,132.29
2025-01-22,DE,organic,18.8
2025-01-22,DE,social,52.02
2025-01-22,DE,email,12.04
2025-01-22,DE,referral,16.18
2025-01-23,DE,paid_search,170.29
2025-01-23,DE,organic,16.2
2025-01-23,DE,social,81.92
2025-01-23,DE,email,15.22
2025-01-23,DE,referral,18.81
2025-01-24,DE,paid_search,136.76
2025-01-24,DE,organic,16.84
2025-01-24,DE,social,60.04
2025-01-24,DE,email,12.71
2025-01-24,DE,referral,21.47
2025-01-25,DE,paid_search,161.76
2025-01-25,DE,organic,18.78
2025-01-25,DE,social,45.84
2025-01-25,DE,email,8.65
2025-01-25,DE,referral,15.05
2025-01-26,DE,paid_search,156.54
2025-01-26,DE,organic,15.79
2025-01-26,DE,social,33.13
2025-01-26,DE,email,18.96
2025-01-26,DE,referral,10.68
2025-01-27,DE,paid_search,154.16
2025-01-27,DE,organic,19.39
2025-01-27,DE,social,62.73
2025-01-27,DE,email,14.79
2025-01-27,DE,referral,15.89
2025-01-28,DE,paid_search,159.54
2025-01-28,DE,organic,7.73
2025-01-28,DE,social,98.94
2025-01-28,DE,email,12.75
2025-01-28,DE,referral,12.78
2025-01-29,DE,paid_search,177.05
2025-01-29,DE,organic,23.94
2025-01-29,DE,social,58.78
2025-01-29,DE,email,12.08
2025-01-29,DE,referral,18.51
2025-01-30,DE,paid_search,123.54
2025-01-30,DE,organic,13.28
2025-01-30,DE,social,64.14
2025-01-30,DE,email,10.86
2025-01-30,DE,referral,19.36
2025-01-31,DE,paid_search,136.59
2025-01-31,DE,organic,20.23
2025-01-31,DE,social,89.35
2025-01-31,DE,email,7.86
2025-01-31,DE,referral,18.1
2025-02-01,DE,paid_search,200.83
2025-02-01,DE,organic,18.25
2025-02-01,DE,social,82.9
2025-02-01,DE,email,13.51
2025-02-01,DE,referral,19.86
2025-02-02,DE,paid_search,151.43
2025-02-02,DE,organic,15.28
2025-02-02,DE,social,92.87
2025-02-02,DE,email,11.49
2025-02-02,DE,referral,20.65
2025-02-03,DE,paid_search,181.13
2025-02-03,DE,organic,15.61
2025-02-03,DE,social,75.15
2025-02-03,DE,email,11.61
2025-02-03,DE,referral,20.78
2025-02-04,DE,paid_search,140.59
2025-02-04,DE,organic,14.72
2025-02-04,DE,social,62.96
2025-02-04,DE,email,12.2
2025-02-04,DE,referral,26.66
2025-02-05,DE,paid_search,176.86
2025-02-05,DE,organic,10.29
2025-02-05,DE,social,68.29
2025-02-05,DE,email,10.72
2025-02-05,DE,referral,12.95
2025-02-06,DE,paid_search,163.53
2025-02-06,DE,organic,16.59
2025-02-06,DE,social,115.19
2025-02-06,DE,email,11.69
2025-02-06,DE,referral,17.13
2025-02-07,DE,paid_search,119.61
2025-02-07,DE,organic,15.08
2025-02-07,DE,social,87.79
2025-02-07,DE,email,15.0
2025-02-07,DE,referral,36.8
2025-02-08,DE,paid_search,106.85
2025-02-08,DE,organic,17.37
2025-02-08,DE,social,63.41
2025-02-08,DE,email,13.87
2025-02-08,DE,referral,28.6
2025-02-09,DE,paid_search,185.98
2025-02-09,DE,organic,11.87
2025-02-09,DE,social,89.59
2025-02-09,DE,email,6.01
2025-02-09,DE,referral,8.61
2025-02-10,DE,paid_search,143.47
2025-02-10,DE,organic,19.6
2025-02-10,DE,social,83.16
2025-02-10,DE,email,18.82
2025-02-10,DE,referral,21.83
2025-02-11,DE,paid_search,148.91
2025-02-11,DE,organic,21.91
2025-02-11,DE,social,69.34
2025-02-11,DE,email,13.99
2025-02-11,DE,referral,23.64
2025-02-12,DE,paid_search,115.83
2025-02-12,DE,organic,18.65
2025-02-12,DE,social,118.29
2025-02-12,DE,email,16.37
2025-02-12,DE,referral,16.79
2025-02-13,DE,paid_search,242.45
2025-02-13,DE,organic,19.93
2025-02-13,DE,social,84.61
2025-02-13,DE,email,12.44
2025-02-13,DE,referral,24.88
2025-02-14,DE,paid_search,157.28
2025-02-14,DE,organic,17.08
2025-02-14,DE,social,73.95
2025-02-14,DE,email,15.85
2025-02-14,DE,referral,25.83
2025-02-15,DE,paid_search,147.29
2025-02-15,DE,organic,10.54
2025-02-15,DE,social,77.19
2025-02-15,DE,email,10.46
2025-02-15,DE,referral,18.73
2025-02-16,DE,paid_search,148.22
2025-02-16,DE,organic,12.49
2025-02-16,DE,social,45.7
2025-02-16,DE,email,13.68
2025-02-16,DE,referral,21.39
2025-02-17,DE,paid_search,152.56
2025-02-17,DE,organic,19.17
2025-02-17,DE,social,63.89
2025-02-17,DE,email,13.81
2025-02-17,DE,referral,28.36
2025-02-18,DE,paid_search,143.26
2025-02-18,DE,organic,25.07
2025-02-18,DE,social,77.46
2025-02-18,DE,email,10.03
2025-02-18,DE,referral,25.76
2025-02-19,DE,paid_search,148.69
2025-02-19,DE,organic,21.47
2025-02-19,DE,social,84.41
2025-02-19,DE,email,11.71
2025-02-19,DE,referral,29.33
2025-02-20,DE,paid_search,133.9
2025-02-20,DE,organic,7.8
2025-02-20,DE,social,93.34
2025-02-20,DE,email,13.87
2025-02-20,DE,referral,28.07
2025-02-21,DE,paid_search,119.28
2025-02-21,DE,organic,15.95
2025-02-21,DE,social,69.61
2025-02-21,DE,email,15.73
2025-02-21,DE,referral,24.71
2025-02-22,DE,paid_search,161.22
2025-02-22,DE,organic,17.94
2025-02-22,DE,social,54.49
2025-02-22,DE,email,15.2
2025-02-22,DE,referral,25.44
2025-02-23,DE,paid_search,240.63
2025-02-23,DE,organic,19.0
2025-02-23,DE,social,88.6
2025-02-23,DE,email,14.27
2025-02-23,DE,referral,17.55
2025-02-24,DE,paid_search,200.79
2025-02-24,DE,organic,16.76
2025-02-24,DE,social,72.81
2025-02-24,DE,email,12.32
2025-02-24,DE,referral,20.9
2025-02-25,DE,paid_search,134.39
2025-02-25,DE,organic,17.91
2025-02-25,DE,social,74.65
2025-02-25,DE,email,12.17
2025-02-25,DE,referral,23.85
2025-02-26,DE,paid_search,155.9
2025-02-26,DE,organic,14.64
2025-02-26,DE,social,61.9
2025-02-26,DE,email,13.06
2025-02-26,DE,referral,17.28
2025-02-27,DE,paid_search,121.69
2025-02-27,DE,organic,13.58
2025-02-27,DE,social,81.38
2025-02-27,DE,email,16.55
2025-02-27,DE,referral,23.1
2025-02-28,DE,paid_search,186.92
2025-02-28,DE,organic,16.7
2025-02-28,DE,social,79.22
2025-02-28,DE,email,18.02
2025-02-28,DE,referral,25.65
2025-03-01,DE,paid_search,188.84
2025-03-01,DE,organic,15.88
2025-03-01,DE,social,76.4
2025-03-01,DE,email,14.04
2025-03-01,DE,referral,18.03
2025-03-02,DE,paid_search,62.61
2025-03-02,DE,organic,18.68
2025-03-02,DE,social,94.89
2025-03-02,DE,email,12.93
2025-03-02,DE,referral,18.08
2025-03-03,DE,paid_search,140.35
2025-03-03,DE,organic,8.38
2025-03-03,DE,social,70.13
2025-03-03,DE,email,9.2
2025-03-03,DE,referral,17.53
2025-03-04,DE,paid_search,108.41
2025-03-04,DE,organic,11.56
2025-03-04,DE,social,57.3
2025-03-04,DE,email,14.77
2025-03-04,DE,referral,18.54
2025-03-05,DE,paid_search,110.62
2025-03-05,DE,organic,20.2
2025-03-05,DE,social,78.97
2025-03-05,DE,email,5.22
2025-03-05,DE,referral,26.54
2025-03-06,DE,paid_search,155.76
2025-03-06,DE,organic,20.27
2025-03-06,DE,social,72.19
2025-03-06,DE,email,17.86
2025-03-06,DE,referral,19.22
2025-03-07,DE,paid_search,52.18
2025-03-07,DE,organic,13.22
2025-03-07,DE,social,86.1
2025-03-07,DE,email,13.26
2025-03-07,DE,referral,20.6
2025-03-08,DE,paid_search,115.27
2025-03-08,DE,organic,17.08
2025-03-08,DE,social,76.23
2025-03-08,DE,email,12.67
2025-03-08,DE,referral,24.11
2025-03-09,DE,paid_search,159.95
2025-03-09,DE,organic,15.93
2025-03-09,DE,social,57.33
2025-03-09,DE,email,17.08
2025-03-09,DE,referral,31.78
2025-03-10,DE,paid_search,219.72
2025-03-10,DE,organic,19.97
2025-03-10,DE,social,44.46
2025-03-10,DE,email,7.02
2025-03-10,DE,referral,18.34
2025-03-11,DE,paid_search,150.91
2025-03-11,DE,organic,16.59
2025-03-11,DE,social,80.21
2025-03-11,DE,email,8.31
2025-03-11,DE,referral,29.79
2025-03-12,DE,paid_search,210.58
2025-03-12,DE,organic,11.43
2025-03-12,DE,social,40.9
2025-03-12,DE,email,12.46
2025-03-12,DE,referral,27.95
2025-03-13,DE,paid_search,151.77
2025-03-13,DE,organic,18.1
2025-03-13,DE,social,68.09
2025-03-13,DE,email,13.22
2025-03-13,DE,referral,26.27
2025-03-14,DE,paid_search,168.76
2025-03-14,DE,organic,19.45
2025-03-14,DE,social,44.69
2025-03-14,DE,email,19.57
2025-03-14,DE,referral,12.48
2025-03-15,DE,paid_search,158.98
2025-03-15,DE,organic,16.36
2025-03-15,DE,social,74.46
2025-03-15,DE,email,15.52
2025-03-15,DE,referral,17.49
2025-03-16,DE,paid_search,136.45
2025-03-16,DE,organic,12.13
2025-03-16,DE,social,97.96
2025-03-16,DE,email,13.6
2025-03-16,DE,referral,24.64
2025-03-17,DE,paid_search,184.06
2025-03-17,DE,organic,25.46
2025-03-17,DE,social,111.25
2025-03-17,DE,email,13.78
2025-03-17,DE,referral,22.09
2025-03-18,DE,paid_search,132.65
2025-03-18,DE,organic,20.16
2025-03-18,DE,social,90.02
2025-03-18,DE,email,10.43
2025-03-18,DE,referral,25.07
2025-03-19,DE,paid_search,191.57
2025-03-19,DE,organic,12.23
2025-03-19,DE,social,80.13
2025-03-19,DE,email,12.54
2025-03-19,DE,referral,21.22
2025-03-20,DE,paid_search,116.56
2025-03-20,DE,organic,9.24
2025-03-20,DE,social,62.05
2025-03-20,DE,email,9.9
2025-03-20,DE,referral,23.13
2025-03-21,DE,paid_search,167.13
2025-03-21,DE,organic,18.33
2025-03-21,DE,social,49.79
2025-03-21,DE,email,9.18
2025-03-21,DE,referral,17.97
2025-03-22,DE,paid_search,153.89
2025-03-22,DE,organic,15.58
2025-03-22,DE,social,82.44
2025-03-22,DE,email,15.86
2025-03-22,DE,referral,15.94
2025-03-23,DE,paid_search,116.23
2025-03-23,DE,organic,17.58
2025-03-23,DE,social,74.93
2025-03-23,DE,email,15.12
2025-03-23,DE,referral,21.29
2025-03-24,DE,paid_search,219.57
2025-03-24,DE,organic,10.25
2025-03-24,DE,social,92.57
2025-03-24,DE,email,13.39
2025-03-24,DE,referral,13.8
2025-03-25,DE,paid_search,73.9
2025-03-25,DE,organic,12.22
2025-03-25,DE,social,99.62
2025-03-25,DE,email,16.24
2025-03-25,DE,referral,20.57
2025-03-26,DE,paid_search,139.14
2025-03-26,DE,organic,13.36
2025-03-26,DE,social,72.92
2025-03-26,DE,email,11.24
2025-03-26,DE,referral,30.33
2025-03-27,DE,paid_search,105.7
2025-03-27,DE,organic,18.67
2025-03-27,DE,social,110.1
2025-03-27,DE,email,15.22
2025-03-27,DE,referral,15.28
2025-03-28,DE,paid_search,94.01
2025-03-28,DE,organic,18.17
2025-03-28,DE,social,79.38
2025-03-28,DE,email,16.68
2025-03-28,DE,referral,24.16
2025-03-29,DE,paid_search,134.45
2025-03-29,DE,organic,14.65
2025-03-29,DE,social,51.52
2025-03-29,DE,email,13.16
2025-03-29,DE,referral,13.79
2025-03-30,DE,paid_search,187.81
2025-03-30,DE,organic,19.5
2025-03-30,DE,social,87.16
2025-03-30,DE,email,8.54
2025-03-30,DE,referral,20.45
2025-03-31,DE,paid_search,138.11
2025-03-31,DE,organic,17.44
2025-03-31,DE,social,86.61
2025-03-31,DE,email,11.11
2025-03-31,DE,referral,18.72
2025-04-01,DE,paid_search,179.01
2025-04-01,DE,organic,12.2
2025-04-01,DE,social,62.22
2025-04-01,DE,email,12.77
2025-04-01,DE,referral,26.03
2025-04-02,DE,paid_search,115.94
2025-04-02,DE,organic,24.61
2025-04-02,DE,social,50.67
2025-04-02,DE,email,17.69
2025-04-02,DE,referral,27.62
2025-04-03,DE,paid_search,98.3
2025-04-03,DE,organic,10.06
2025-04-03,DE,social,90.27
2025-04-03,DE,email,11.55
2025-04-03,DE,referral,15.9
2025-04-04,DE,paid_search,222.3
2025-04-04,DE,organic,11.93
2025-04-04,DE,social,62.6
2025-04-04,DE,email,10.81
2025-04-04,DE,referral,6.38
2025-04-05,DE,paid_search,156.49
2025-04-05,DE,organic,13.13
2025-04-05,DE,social,92.0
2025-04-05,DE,email,15.75
2025-04-05,DE,referral,22.48
2025-04-06,DE,paid_search,162.3
2025-04-06,DE,organic,17.7
2025-04-06,DE,social,63.1
2025-04-06,DE,email,10.79
2025-04-06,DE,referral,28.28
2025-04-07,DE,paid_search,181.12
2025-04-07,DE,organic,17.88
2025-04-07,DE,social,87.98
2025-04-07,DE,email,12.56
2025-04-07,DE,referral,22.23
2025-04-08,DE,paid_search,175.74
2025-04-08,DE,organic,8.18
2025-04-08,DE,social,93.83
2025-04-08,DE,email,15.41
2025-04-08,DE,referral,17.1
2025-04-09,DE,paid_search,200.59
2025-04-09,DE,organic,7.58
2025-04-09,DE,social,83.25
2025-04-09,DE,email,12.88
2025-04-09,DE,referral,19.61
2025-04-10,DE,paid_search,153.74
2025-04-10,DE,organic,19.48
2025-04-10,DE,social,41.97
2025-04-10,DE,email,15.94
2025-04-10,DE,referral,19.07
2025-04-11,DE,paid_search,191.84
2025-04-11,DE,organic,19.73
2025-04-11,DE,social,68.26
2025-04-11,DE,email,12.5
2025-04-11,DE,referral,21.14
2025-04-12,DE,paid_search,214.44
2025-04-12,DE,organic,12.15
2025-04-12,DE,social,68.12
2025-04-12,DE,email,7.71
2025-04-12,DE,referral,21.91
2025-04-13,DE,paid_search,129.15
2025-04-13,DE,organic,14.87
2025-04-13,DE,social,104.89
2025-04-13,DE,email,10.13
2025-04-13,DE,referral,20.4
2025-04-14,DE,paid_search,135.46
2025-04-14,DE,organic,15.32
2025-04-14,DE,social,129.51
2025-04-14,DE,email,7.22
2025-04-14,DE,referral,24.67
2025-04-15,DE,paid_search,245.85
2025-04-15,DE,organic,21.59
2025-04-15,DE,social,77.4
2025-04-15,DE,email,9.01
2025-04-15,DE,referral,28.18
2025-04-16,DE,paid_search,188.85
2025-04-16,DE,organic,10.5
2025-04-16,DE,social,70.37
2025-04-16,DE,email,8.91
2025-04-16,DE,referral,6.06
2025-04-17,DE,paid_search,105.98
2025-04-17,DE,organic,17.45
2025-04-17,DE,social,87.6
2025-04-17,DE,email,11.72
2025-04-17,DE,referral,28.55
2025-04-18,DE,paid_search,192.38
2025-04-18,DE,organic,16.47
2025-04-18,DE,social,71.67
2025-04-18,DE,email,13.97
2025-04-18,DE,referral,21.16
2025-04-19,DE,paid_search,98.47
2025-04-19,DE,organic,15.74
2025-04-19,DE,social,89.23
2025-04-19,DE,email,16.94
2025-04-19,DE,referral,26.35
2025-04-20,DE,paid_search,165.79
2025-04-20,DE,organic,23.19
2025-04-20,DE,social,84.61
2025-04-20,DE,email,12.47
2025-04-20,DE,referral,29.11
2025-04-21,DE,paid_search,180.55
2025-04-21,DE,organic,22.53
2025-04-21,DE,social,53.79
2025-04-21,DE,email,10.01
2025-04-21,DE,referral,16.91
2025-04-22,DE,paid_search,159.95
2025-04-22,DE,organic,24.75
2025-04-22,DE,social,54.72
2025-04-22,DE,email,15.64
2025-04-22,DE,referral,14.86
2025-04-23,DE,paid_search,234.0
2025-04-23,DE,organic,10.21
2025-04-23,DE,social,90.66
2025-04-23,DE,email,15.56
2025-04-23,DE,referral,24.54
2025-04-24,DE,paid_search,119.45
2025-04-24,DE,organic,12.51
2025-04-24,DE,social,100.83
2025-04-24,DE,email,16.09
2025-04-24,DE,referral,26.75
2025-04-25,DE,paid_search,197.22
2025-04-25,DE,organic,10.47
2025-04-25,DE,social,46.55
2025-04-25,DE,email,10.61
2025-04-25,DE,referral,18.7
2025-04-26,DE,paid_search,130.58
2025-04-26,DE,organic,18.18
2025-04-26,DE,social,97.83
2025-04-26,DE,email,11.81
2025-04-26,DE,referral,16.92
2025-04-27,DE,paid_search,184.09
2025-04-27,DE,organic,15.8
2025-04-27,DE,social,78.55
2025-04-27,DE,email,11.69
2025-04-27,DE,referral,23.06
2025-04-28,DE,paid_search,114.22
2025-04-28,DE,organic,20.09
2025-04-28,DE,social,75.87
2025-04-28,DE,email,10.31
2025-04-28,DE,referral,24.07
2025-04-29,DE,paid_search,123.73
2025-04-29,DE,organic,13.94
2025-04-29,DE,social,53.53
2025-04-29,DE,email,7.32
2025-04-29,DE,referral,24.09
2025-04-30,DE,paid_search,197.58
2025-04-30,DE,organic,15.08
2025-04-30,DE,social,61.23
2025-04-30,DE,email,6.97
2025-04-30,DE,referral,9.7
2025-05-01,DE,paid_search,180.8
2025-05-01,DE,organic,8.61
2025-05-01,DE,social,54.62
2025-05-01,DE,email,13.65
2025-05-01,DE,referral,21.73
2025-05-02,DE,paid_search,165.42
2025-05-02,DE,organic,17.03
2025-05-02,DE,social,69.67
2025-05-02,DE,email,9.12
2025-05-02,DE,referral,17.88
2025-05-03,DE,paid_search,141.94
2025-05-03,DE,organic,8.97
2025-05-03,DE,social,61.46
2025-05-03,DE,email,11.56
2025-05-03,DE,referral,17.59
2025-05-04,DE,paid_search,139.9
2025-05-04,DE,organic,19.84
2025-05-04,DE,social,91.64
2025-05-04,DE,email,17.57
2025-05-04,DE,referral,13.24
2025-05-05,DE,paid_search,136.91
2025-05-05,DE,organic,22.22
2025-05-05,DE,social,43.11
2025-05-05,DE,email,9.0
2025-05-05,DE,referral,17.98
2025-05-06,DE,paid_search,231.2
2025-05-06,DE,organic,12.86
2025-05-06,DE,social,97.23
2025-05-06,DE,email,12.66
2025-05-06,DE,referral,15.16
2025-05-07,DE,paid_search,260.09
2025-05-07,DE,organic,17.83
2025-05-07,DE,social,83.69
2025-05-07,DE,email,14.45
2025-05-07,DE,referral,23.68
2025-05-08,DE,paid_search,235.32
2025-05-08,DE,organic,24.59
2025-05-08,DE,social,58.68
2025-05-08,DE,email,19.18
2025-05-08,DE,referral,17.53
2025-05-09,DE,paid_search,165.33
2025-05-09,DE,organic,10.83
2025-05-09,DE,social,96.33
2025-05-09,DE,email,11.77
2025-05-09,DE,referral,15.14
2025-05-10,DE,paid_search,198.46
2025-05-10,DE,organic,23.1
2025-05-10,DE,social,104.62
2025-05-10,DE,email,7.9
2025-05-10,DE,referral,29.61
2025-05-11,DE,paid_search,141.51
2025-05-11,DE,organic,25.72
2025-05-11,DE,social,88.45
2025-05-11,DE,email,13.55
2025-05-11,DE,referral,21.3
2025-05-12,DE,paid_search,152.48
2025-05-12,DE,organic,14.11
2025-05-12,DE,social,56.07
2025-05-12,DE,email,11.59
2025-05-12,DE,referral,27.58
2025-05-13,DE,paid_search,99.58
2025-05-13,DE,organic,22.7
2025-05-13,DE,social,79.24
2025-05-13,DE,email,15.24
2025-05-13,DE,referral,25.68
2025-05-14,DE,paid_search,188.51
2025-05-14,DE,organic,17.1
2025-05-14,DE,social,77.5
2025-05-14,DE,email,15.6
2025-05-14,DE,referral,15.72
2025-05-15,DE,paid_search,107.31
2025-05-15,DE,organic,15.03
2025-05-15,DE,social,82.01
2025-05-15,DE,email,18.87
2025-05-15,DE,referral,21.5
2025-05-16,DE,paid_search,229.51
2025-05-16,DE,organic,19.19
2025-05-16,DE,social,67.83
2025-05-16,DE,email,16.41
2025-05-16,DE,referral,19.96
2025-05-17,DE,paid_search,162.61
2025-05-17,DE,organic,11.32
2025-05-17,DE,social,47.65
2025-05-17,DE,email,14.51
2025-05-17,DE,referral,27.11
2025-05-18,DE,paid_search,227.42
2025-05-18,DE,organic,13.56
2025-05-18,DE,social,104.49
2025-05-18,DE,email,16.94
2025-05-18,DE,referral,18.64
2025-05-19,DE,paid_search,206.09
2025-05-19,DE,organic,21.01
2025-05-19,DE,social,98.34
2025-05-19,DE,email,19.66
2025-05-19,DE,referral,27.1
2025-05-20,DE,paid_search,71.26
2025-05-20,DE,organic,18.37
2025-05-20,DE,social,46.53
2025-05-20,DE,email,13.23
2025-05-20,DE,referral,21.75
2025-05-21,DE,paid_search,130.67
2025-05-21,DE,organic,12.63
2025-05-21,DE,social,66.36
2025-05-21,DE,email,11.68
2025-05-21,DE,referral,20.55
2025-05-22,DE,paid_search,157.03
2025-05-22,DE,organic,19.49
2025-05-22,DE,social,70.52
2025-05-22,DE,email,16.83
2025-05-22,DE,referral,21.05
2025-05-23,DE,paid_search,188.36
2025-05-23,DE,organic,15.71
2025-05-23,DE,social,128.97
2025-05-23,DE,email,14.24
2025-05-23,DE,referral,29.94
2025-05-24,DE,paid_search,126.46
2025-05-24,DE,organic,15.1
2025-05-24,DE,social,71.68
2025-05-24,DE,email,20.63
2025-05-24,DE,referral,20.12
2025-05-25,DE,paid_search,121.5
2025-05-25,DE,organic,22.53
2025-05-25,DE,social,77.62
2025-05-25,DE,email,12.05
2025-05-25,DE,referral,18.01
2025-05-26,DE,paid_search,171.7
2025-05-26,DE,organic,21.52
2025-05-26,DE,social,91.57
2025-05-26,DE,email,11.22
2025-05-26,DE,referral,16.0
2025-05-27,DE,paid_search,0.0
2025-05-27,DE,organic,12.98
2025-05-27,DE,social,69.38
2025-05-27,DE,email,12.56
2025-05-27,DE,referral,19.81
2025-05-28,DE,paid_search,260.13
2025-05-28,DE,organic,19.09
2025-05-28,DE,social,52.83
2025-05-28,DE,email,14.84
2025-05-28,DE,referral,23.33
2025-05-29,DE,paid_search,112.84
2025-05-29,DE,organic,18.23
2025-05-29,DE,social,86.64
2025-05-29,DE,email,16.02
2025-05-29,DE,referral,11.82
2025-05-30,DE,paid_search,177.79
2025-05-30,DE,organic,22.99
2025-05-30,DE,social,112.6
2025-05-30,DE,email,8.84
2025-05-30,DE,referral,20.47
2025-05-31,DE,paid_search,151.12
2025-05-31,DE,organic,19.87
2025-05-31,DE,social,73.35
2025-05-31,DE,email,10.47
2025-05-31,DE,referral,22.4
2025-06-01,DE,paid_search,140.09
2025-06-01,DE,organic,19.39
2025-06-01,DE,social,61.02
2025-06-01,DE,email,9.49
2025-06-01,DE,referral,28.24
2025-06-02,DE,paid_search,239.92
2025-06-02,DE,organic,24.74
2025-06-02,DE,social,75.12
2025-06-02,DE,email,16.11
2025-06-02,DE,referral,17.6
2025-06-03,DE,paid_search,172.44
2025-06-03,DE,organic,14.52
2025-06-03,DE,social,100.53
2025-06-03,DE,email,16.33
2025-06-03,DE,referral,32.28
2025-06-04,DE,paid_search,144.23
2025-06-04,DE,organic,23.71
2025-06-04,DE,social,86.19
2025-06-04,DE,email,12.99
2025-06-04,DE,referral,23.04
2025-06-05,DE,paid_search,217.95
2025-06-05,DE,organic,16.44
2025-06-05,DE,social,74.95
2025-06-05,DE,email,6.17
2025-06-05,DE,referral,20.47
2025-06-06,DE,paid_search,163.11
2025-06-06,DE,organic,13.76
2025-06-06,DE,social,57.22
2025-06-06,DE,email,6.85
2025-06-06,DE,referral,18.14
2025-06-07,DE,paid_search,207.36
2025-06-07,DE,organic,10.7
2025-06-07,DE,social,91.59
2025-06-07,DE,email,15.55
2025-06-07,DE,referral,34.28
2025-06-08,DE,paid_search,192.72
2025-06-08,DE,organic,21.06
2025-06-08,DE,social,83.53
2025-06-08,DE,email,12.75
2025-06-08,DE,referral,25.78
2025-06-09,DE,paid_search,200.76
2025-06-09,DE,organic,17.72
2025-06-09,DE,social,101.21
2025-06-09,DE,email,21.94
2025-06-09,DE,referral,21.63
2025-06-10,DE,paid_search,156.79
2025-06-10,DE,organic,16.61
2025-06-10,DE,social,79.06
2025-06-10,DE,email,16.65
2025-06-10,DE,referral,21.71
2025-06-11,DE,paid_search,160.24
2025-06-11,DE,organic,15.94
2025-06-11,DE,social,85.85
2025-06-11,DE,email,11.15
2025-06-11,DE,referral,14.74
2025-06-12,DE,paid_search,170.12
2025-06-12,DE,organic,25.41
2025-06-12,DE,social,70.95
2025-06-12,DE,email,9.43
2025-06-12,DE,referral,31.43
2025-06-13,DE,paid_search,154.74
2025-06-13,DE,organic,21.01
2025-06-13,DE,social,62.56
2025-06-13,DE,email,12.78
2025-06-13,DE,referral,28.69
2025-06-14,DE,paid_search,158.0
2025-06-14,DE,organic,17.61
2025-06-14,DE,social,48.03
2025-06-14,DE,email,15.26
2025-06-14,DE,referral,17.08
2025-06-15,DE,paid_search,195.83
2025-06-15,DE,organic,17.86
2025-06-15,DE,social,82.07
2025-06-15,DE,email,15.21
2025-06-15,DE,referral,23.24
2025-06-16,DE,paid_search,218.73
2025-06-16,DE,organic,23.63
2025-06-16,DE,social,53.22
2025-06-16,DE,email,12.21
2025-06-16,DE,referral,25.69
2025-06-17,DE,paid_search,116.95
2025-06-17,DE,organic,10.34
2025-06-17,DE,social,61.96
2025-06-17,DE,email,12.38
2025-06-17,DE,referral,0.0
2025-06-18,DE,paid_search,110.39
2025-06-18,DE,organic,9.44
2025-06-18,DE,social,98.43
2025-06-18,DE,email,15.72
2025-06-18,DE,referral,22.73
2025-06-19,DE,paid_search,156.83
2025-06-19,DE,organic,19.32
2025-06-19,DE,social,57.41
2025-06-19,DE,email,16.74
2025-06-19,DE,referral,21.74
2025-06-20,DE,paid_search,188.1
2025-06-20,DE,organic,20.72
2025-06-20,DE,social,86.71
2025-06-20,DE,email,13.75
2025-06-20,DE,referral,22.52
2025-06-21,DE,paid_search,150.59
2025-06-21,DE,organic,19.05
2025-06-21,DE,social,80.44
2025-06-21,DE,email,11.2
2025-06-21,DE,referral,24.49
2025-06-22,DE,paid_search,163.73
2025-06-22,DE,organic,22.14
2025-06-22,DE,social,41.88
2025-06-22,DE,email,12.87
2025-06-22,DE,referral,17.4
2025-06-23,DE,paid_search,133.2
2025-06-23,DE,organic,19.38
2025-06-23,DE,social,49.04
2025-06-23,DE,email,13.17
2025-06-23,DE,referral,21.41
2025-06-24,DE,paid_search,112.84
2025-06-24,DE,organic,17.67
2025-06-24,DE,social,61.94
2025-06-24,DE,email,19.75
2025-06-24,DE,referral,27.64
2025-06-25,DE,paid_search,155.57
2025-06-25,DE,organic,15.17
2025-06-25,DE,social,86.14
2025-06-25,DE,email,15.2
2025-06-25,DE,referral,22.6
2025-06-26,DE,paid_search,114.17
2025-06-26,DE,organic,16.11
2025-06-26,DE,social,77.99
2025-06-26,DE,email,13.68
2025-06-26,DE,referral,22.91
2025-06-27,DE,paid_search,180.95
2025-06-27,DE,organic,22.7
2025-06-27,DE,social,95.87
2025-06-27,DE,email,14.63
2025-06-27,DE,referral,14.57
2025-06-28,DE,paid_search,198.38
2025-06-28,DE,organic,20.48
2025-06-28,DE,social,71.61
2025-06-28,DE,email,12.84
2025-06-28,DE,referral,21.6
2025-06-29,DE,paid_search,136.25
2025-06-29,DE,organic,9.57
2025-06-29,DE,social,55.15
2025-06-29,DE,email,9.86
2025-06-29,DE,referral,10.8
2025-06-30,DE,paid_search,110.42
2025-06-30,DE,organic,21.85
2025-06-30,DE,social,85.79
2025-06-30,DE,email,9.65
2025-06-30,DE,referral,17.59
2025-07-01,DE,paid_search,200.02
2025-07-01,DE,organic,22.12
2025-07-01,DE,social,77.84
2025-07-01,DE,email,16.49
2025-07-01,DE,referral,17.18
2025-07-02,DE,paid_search,161.7
2025-07-02,DE,organic,10.73
2025-07-02,DE,social,69.53
2025-07-02,DE,email,12.84
2025-07-02,DE,referral,12.3
2025-07-03,DE,paid_search,175.69
2025-07-03,DE,organic,20.23
2025-07-03,DE,social,95.84
2025-07-03,DE,email,20.19
2025-07-03,DE,referral,23.46
2025-07-04,DE,paid_search,150.55
2025-07-04,DE,organic,10.19
2025-07-04,DE,social,84.0
2025-07-04,DE,email,14.53
2025-07-04,DE,referral,14.05
2025-07-05,DE,paid_search,143.82
2025-07-05,DE,organic,17.05
2025-07-05,DE,social,86.63
2025-07-05,DE,email,15.48
2025-07-05,DE,referral,18.4
2025-07-06,DE,paid_search,160.7
2025-07-06,DE,organic,19.44
2025-07-06,DE,social,73.02
2025-07-06,DE,email,11.41
2025-07-06,DE,referral,25.04
2025-07-07,DE,paid_search,146.2
2025-07-07,DE,organic,11.91
2025-07-07,DE,social,102.76
2025-07-07,DE,email,9.29
2025-07-07,DE,referral,20.75
2025-07-08,DE,paid_search,165.31
2025-07-08,DE,organic,18.93
2025-07-08,DE,social,79.74
2025-07-08,DE,email,3.37
2025-07-08,DE,referral,17.52
2025-07-09,DE,paid_search,164.33
2025-07-09,DE,organic,16.54
2025-07-09,DE,social,86.29
2025-07-09,DE,email,16.01
2025-07-09,DE,referral,23.94
2025-07-10,DE,paid_search,125.12
2025-07-10,DE,organic,14.71
2025-07-10,DE,social,107.7
2025-07-10,DE,email,12.18
2025-07-10,DE,referral,20.74
2025-07-11,DE,paid_search,172.5
2025-07-11,DE,organic,22.26
2025-07-11,DE,social,59.26
2025-07-11,DE,email,11.17
2025-07-11,DE,referral,12.73
2025-07-12,DE,paid_search,141.66
2025-07-12,DE,organic,19.41
2025-07-12,DE,social,69.53
2025-07-12,DE,email,18.36
2025-07-12,DE,referral,21.87
2025-07-13,DE,paid_search,149.09
2025-07-13,DE,organic,15.5
2025-07-13,DE,social,50.49
2025-07-13,DE,email,12.46
2025-07-13,DE,referral,23.15
2025-07-14,DE,paid_search,148.48
2025-07-14,DE,organic,17.98
2025-07-14,DE,social,63.67
2025-07-14,DE,email,8.78
2025-07-14,DE,referral,20.69
2025-07-15,DE,paid_search,161.44
2025-07-15,DE,organic,16.28
2025-07-15,DE,social,80.39
2025-07-15,DE,email,15.23
2025-07-15,DE,referral,25.36
2025-07-16,DE,paid_search,185.79
2025-07-16,DE,organic,21.27
2025-07-16,DE,social,86.01
2025-07-16,DE,email,13.89
2025-07-16,DE,referral,31.57
2025-07-17,DE,paid_search,182.97
2025-07-17,DE,organic,13.41
2025-07-17,DE,social,40.87
2025-07-17,DE,email,11.98
2025-07-17,DE,referral,24.57
2025-07-18,DE,paid_search,189.68
2025-07-18,DE,organic,11.69
2025-07-18,DE,social,90.45
2025-07-18,DE,email,16.37
2025-07-18,DE,referral,24.48
2025-07-19,DE,paid_search,168.9
2025-07-19,DE,organic,16.44
2025-07-19,DE,social,67.7
2025-07-19,DE,email,15.25
2025-07-19,DE,referral,24.35
2025-07-20,DE,paid_search,140.49
2025-07-20,DE,organic,27.8
2025-07-20,DE,social,47.63
2025-07-20,DE,email,12.01
2025-07-20,DE,referral,17.15
2025-07-21,DE,paid_search,167.69
2025-07-21,DE,organic,8.72
2025-07-21,DE,social,100.77
2025-07-21,DE,email,15.95
2025-07-21,DE,referral,22.67
2025-07-22,DE,paid_search,141.13
2025-07-22,DE,organic,20.04
2025-07-22,DE,social,82.79
2025-07-22,DE,email,15.78
2025-07-22,DE,referral,20.6
2025-07-23,DE,paid_search,146.06
2025-07-23,DE,organic,21.58
2025-07-23,DE,social,88.62
2025-07-23,DE,email,12.2
2025-07-23,DE,referral,23.2
2025-07-24,DE,paid_search,160.07
2025-07-24,DE,organic,18.99
2025-07-24,DE,social,100.78
2025-07-24,DE,email,11.63
2025-07-24,DE,referral,17.83
2025-07-25,DE,paid_search,163.47
2025-07-25,DE,organic,14.72
2025-07-25,DE,social,59.08
2025-07-25,DE,email,15.92
2025-07-25,DE,referral,19.72
2025-07-26,DE,paid_search,81.55
2025-07-26,DE,organic,20.6
2025-07-26,DE,social,68.12
2025-07-26,DE,email,14.59
2025-07-26,DE,referral,27.01
2025-07-27,DE,paid_search,160.25
2025-07-27,DE,organic,8.35
2025-07-27,DE,social,38.94
2025-07-27,DE,email,10.61
2025-07-27,DE,referral,20.95
2025-07-28,DE,paid_search,198.91
2025-07-28,DE,organic,18.24
2025-07-28,DE,social,126.56
2025-07-28,DE,email,8.0
2025-07-28,DE,referral,21.89
2025-07-29,DE,paid_search,135.96
2025-07-29,DE,organic,18.0
2025-07-29,DE,social,110.0
2025-07-29,DE,email,18.54
2025-07-29,DE,referral,21.54
2025-07-30,DE,paid_search,185.95
2025-07-30,DE,organic,17.92
2025-07-30,DE,social,55.94
2025-07-30,DE,email,12.8
2025-07-30,DE,referral,18.57
2025-07-31,DE,paid_search,150.6
2025-07-31,DE,organic,13.38
2025-07-31,DE,social,79.47
2025-07-31,DE,email,13.72
2025-07-31,DE,referral,24.99
2025-08-01,DE,paid_search,164.85
2025-08-01,DE,organic,23.95
2025-08-01,DE,social,118.43
2025-08-01,DE,email,11.46
2025-08-01,DE,referral,26.4
2025-08-02,DE,paid_search,233.88
2025-08-02,DE,organic,21.23
2025-08-02,DE,social,90.22
2025-08-02,DE,email,6.94
2025-08-02,DE,referral,18.29
2025-08-03,DE,paid_search,137.24
2025-08-03,DE,organic,22.9
2025-08-03,DE,social,62.53
2025-08-03,DE,email,12.48
2025-08-03,DE,referral,25.71
2025-08-04,DE,paid_search,123.33
2025-08-04,DE,organic,18.19
2025-08-04,DE,social,79.35
2025-08-04,DE,email,15.55
2025-08-04,DE,referral,24.75
2025-08-05,DE,paid_search,176.99
2025-08-05,DE,organic,17.85
2025-08-05,DE,social,44.45
2025-08-05,DE,email,13.2
2025-08-05,DE,referral,21.54
2025-08-06,DE,paid_search,182.32
2025-08-06,DE,organic,15.2
2025-08-06,DE,social,77.3
2025-08-06,DE,email,12.98
2025-08-06,DE,referral,17.46
2025-08-07,DE,paid_search,108.89
2025-08-07,DE,organic,18.63
2025-08-07,DE,social,95.77
2025-08-07,DE,email,10.76
2025-08-07,DE,referral,20.09
2025-08-08,DE,paid_search,184.73
2025-08-08,DE,organic,20.94
2025-08-08,DE,social,80.93
2025-08-08,DE,email,14.07
2025-08-08,DE,referral,24.08
2025-08-09,DE,paid_search,180.2
2025-08-09,DE,organic,12.45
2025-08-09,DE,social,113.17
2025-08-09,DE,email,13.62
2025-08-09,DE,referral,25.13
2025-08-10,DE,paid_search,123.86
2025-08-10,DE,organic,16.21
2025-08-10,DE,social,83.71
2025-08-10,DE,email,7.0
2025-08-10,DE,referral,16.46
2025-08-11,DE,paid_search,125.26
2025-08-11,DE,organic,11.57
2025-08-11,DE,social,78.53
2025-08-11,DE,email,12.51
2025-08-11,DE,referral,28.81
2025-08-12,DE,paid_search,110.13
2025-08-12,DE,organic,18.0
2025-08-12,DE,social,59.67
2025-08-12,DE,email,7.28
2025-08-12,DE,referral,24.37
2025-08-13,DE,paid_search,178.65
2025-08-13,DE,organic,19.35
2025-08-13,DE,social,51.32
2025-08-13,DE,email,13.02
2025-08-13,DE,referral,24.42
2025-08-14,DE,paid_search,189.42
2025-08-14,DE,organic,19.67
2025-08-14,DE,social,94.96
2025-08-14,DE,email,16.15
2025-08-14,DE,referral,21.81
2025-08-15,DE,paid_search,172.07
2025-08-15,DE,organic,21.25
2025-08-15,DE,social,83.96
2025-08-15,DE,email,16.57
2025-08-15,DE,referral,25.9
2025-08-16,DE,paid_search,128.81
2025-08-16,DE,organic,11.45
2025-08-16,DE,social,76.87
2025-08-16,DE,email,8.99
2025-08-16,DE,referral,21.69
2025-08-17,DE,paid_search,152.72
2025-08-17,DE,organic,22.53
2025-08-17,DE,social,86.16
2025-08-17,DE,email,15.87
2025-08-17,DE,referral,18.65
2025-08-18,DE,paid_search,211.51
2025-08-18,DE,organic,20.8
2025-08-18,DE,social,84.67
2025-08-18,DE,email,6.99
2025-08-18,DE,referral,27.51
2025-08-19,DE,paid_search,220.83
2025-08-19,DE,organic,17.05
2025-08-19,DE,social,77.11
2025-08-19,DE,email,11.1
2025-08-19,DE,referral,12.58
2025-08-20,DE,paid_search,131.5
2025-08-20,DE,organic,24.05
2025-08-20,DE,social,97.14
2025-08-20,DE,email,10.29
2025-08-20,DE,referral,18.18
2025-08-21,DE,paid_search,234.67
2025-08-21,DE,organic,12.66
2025-08-21,DE,social,62.82
2025-08-21,DE,email,11.38
2025-08-21,DE,referral,14.04
2025-08-22,DE,paid_search,132.44
2025-08-22,DE,organic,14.78
2025-08-22,DE,social,59.24
2025-08-22,DE,email,16.98
2025-08-22,DE,referral,15.05
2025-08-23,DE,paid_search,147.57
2025-08-23,DE,organic,13.27
2025-08-23,DE,social,72.48
2025-08-23,DE,email,9.81
2025-08-23,DE,referral,21.65
2025-08-24,DE,paid_search,165.3
2025-08-24,DE,organic,22.96
2025-08-24,DE,social,65.24
2025-08-24,DE,email,17.91
2025-08-24,DE,referral,16.96
2025-08-25,DE,paid_search,143.9
2025-08-25,DE,organic,24.5
2025-08-25,DE,social,132.02
2025-08-25,DE,email,18.12
2025-08-25,DE,referral,20.06
2025-08-26,DE,paid_search,172.69
2025-08-26,DE,organic,19.9
2025-08-26,DE,social,83.11
2025-08-26,DE,email,9.54
2025-08-26,DE,referral,22.5
2025-08-27,DE,paid_search,133.65
2025-08-27,DE,organic,12.88
2025-08-27,DE,social,70.55
2025-08-27,DE,email,13.76
2025-08-27,DE,referral,26.57
2025-08-28,DE,paid_search,143.29
2025-08-28,DE,organic,16.67
2025-08-28,DE,social,91.88
2025-08-28,DE,email,12.98
2025-08-28,DE,referral,23.28
2025-08-29,DE,paid_search,155.98
2025-08-29,DE,organic,17.86
2025-08-29,DE,social,55.86
2025-08-29,DE,email,13.14
2025-08-29,DE,referral,28.84
2025-08-30,DE,paid_search,159.46
2025-08-30,DE,organic,13.46
2025-08-30,DE,social,104.74
2025-08-30,DE,email,15.05
2025-08-30,DE,referral,25.33
2025-08-31,DE,paid_search,181.32
2025-08-31,DE,organic,12.21
2025-08-31,DE,social,88.89
2025-08-31,DE,email,17.16
2025-08-31,DE,referral,18.7
2025-09-01,DE,paid_search,79.23
2025-09-01,DE,organic,18.55
2025-09-01,DE,social,77.13
2025-09-01,DE,email,7.82
2025-09-01,DE,referral,24.47
2025-09-02,DE,paid_search,173.28
2025-09-02,DE,organic,10.77
2025-09-02,DE,social,112.63
2025-09-02,DE,email,15.14
2025-09-02,DE,referral,11.21
2025-09-03,DE,paid_search,184.32
2025-09-03,DE,organic,20.36
2025-09-03,DE,social,103.56
2025-09-03,DE,email,10.76
2025-09-03,DE,referral,25.68
2025-09-04,DE,paid_search,143.95
2025-09-04,DE,organic,14.63
2025-09-04,DE,social,59.96
2025-09-04,DE,email,6.68
2025-09-04,DE,referral,24.12
2025-09-05,DE,paid_search,142.56
2025-09-05,DE,organic,5.4
2025-09-05,DE,social,77.94
2025-09-05,DE,email,16.44
2025-09-05,DE,referral,14.31
2025-09-06,DE,paid_search,125.74
2025-09-06,DE,organic,18.87
2025-09-06,DE,social,27.56
2025-09-06,DE,email,11.05
2025-09-06,DE,referral,23.09
2025-09-07,DE,paid_search,131.54
2025-09-07,DE,organic,11.48
2025-09-07,DE,social,52.59
2025-09-07,DE,email,7.61
2025-09-07,DE,referral,17.89
2025-09-08,DE,paid_search,193.42
2025-09-08,DE,organic,27.04
2025-09-08,DE,social,77.19
2025-09-08,DE,email,15.2
2025-09-08,DE,referral,16.25
2025-09-09,DE,paid_search,72.99
2025-09-09,DE,organic,24.87
2025-09-09,DE,social,65.12
2025-09-09,DE,email,15.04
2025-09-09,DE,referral,22.09
2025-09-10,DE,paid_search,191.04
2025-09-10,DE,organic,21.05
2025-09-10,DE,social,81.81
2025-09-10,DE,email,13.99
2025-09-10,DE,referral,27.69
2025-09-11,DE,paid_search,137.33
2025-09-11,DE,organic,23.61
2025-09-11,DE,social,62.96
2025-09-11,DE,email,12.99
2025-09-11,DE,referral,24.59
2025-09-12,DE,paid_search,90.69
2025-09-12,DE,organic,22.87
2025-09-12,DE,social,85.6
2025-09-12,DE,email,23.27
2025-09-12,DE,referral,32.3
2025-09-13,DE,paid_search,152.58
2025-09-13,DE,organic,24.59
2025-09-13,DE,social,92.71
2025-09-13,DE,email,13.49
2025-09-13,DE,referral,12.43
2025-09-14,DE,paid_search,98.55
2025-09-14,DE,organic,17.02
2025-09-14,DE,social,67.03
2025-09-14,DE,email,13.47
2025-09-14,DE,referral,28.54
2025-09-15,DE,paid_search,186.08
2025-09-15,DE,organic,14.04
2025-09-15,DE,social,94.19
2025-09-15,DE,email,9.84
2025-09-15,DE,referral,15.18
2025-09-16,DE,paid_search,167.6
2025-09-16,DE,organic,13.54
2025-09-16,DE,social,64.22
2025-09-16,DE,email,15.92
2025-09-16,DE,referral,24.74
2025-09-17,DE,paid_search,138.78
2025-09-17,DE,organic,10.09
2025-09-17,DE,social,62.44
2025-09-17,DE,email,18.94
2025-09-17,DE,referral,26.38
2025-09-18,DE,paid_search,207.45
2025-09-18,DE,organic,18.09
2025-09-18,DE,social,69.79
2025-09-18,DE,email,15.64
2025-09-18,DE,referral,28.06
2025-09-19,DE,paid_search,134.65
2025-09-19,DE,organic,13.97
2025-09-19,DE,social,47.41
2025-09-19,DE,email,10.4
2025-09-19,DE,referral,24.8
2025-09-20,DE,paid_search,130.19
2025-09-20,DE,organic,20.96
2025-09-20,DE,social,114.12
2025-09-20,DE,email,12.83
2025-09-20,DE,referral,21.16
2025-09-21,DE,paid_search,173.98
2025-09-21,DE,organic,14.56
2025-09-21,DE,social,64.12
2025-09-21,DE,email,10.78
2025-09-21,DE,referral,15.16
2025-09-22,DE,paid_search,187.42
2025-09-22,DE,organic,14.89
2025-09-22,DE,social,97.76
2025-09-22,DE,email,14.44
2025-09-22,DE,referral,21.13
2025-09-23,DE,paid_search,183.97
2025-09-23,DE,organic,12.99
2025-09-23,DE,social,61.57
2025-09-23,DE,email,15.02
2025-09-23,DE,referral,9.59
2025-09-24,DE,paid_search,153.56
2025-09-24,DE,organic,19.51
2025-09-24,DE,social,101.57
2025-09-24,DE,email,17.58
2025-09-24,DE,referral,20.56
2025-09-25,DE,paid_search,182.46
2025-09-25,DE,organic,13.58
2025-09-25,DE,social,68.02
2025-09-25,DE,email,17.11
2025-09-25,DE,referral,21.04
2025-09-26,DE,paid_search,159.11
2025-09-26,DE,organic,12.61
2025-09-26,DE,social,84.58
2025-09-26,DE,email,15.15
2025-09-26,DE,referral,25.09
2025-09-27,DE,paid_search,106.67
2025-09-27,DE,organic,21.25
2025-09-27,DE,social,57.41
2025-09-27,DE,email,12.67
2025-09-27,DE,referral,12.65
2025-09-28,DE,paid_search,146.14
2025-09-28,DE,organic,12.73
2025-09-28,DE,social,67.92
2025-09-28,DE,email,12.94
2025-09-28,DE,referral,25.64
2025-09-29,DE,paid_search,183.33
2025-09-29,DE,organic,7.07
2025-09-29,DE,social,89.47
2025-09-29,DE,email,13.41
2025-09-29,DE,referral,18.27
2025-09-30,DE,paid_search,119.32
2025-09-30,DE,organic,16.73
2025-09-30,DE,social,80.91
2025-09-30,DE,email,13.95
2025-09-30,DE,referral,20.2
2025-10-01,DE,paid_search,56.45
2025-10-01,DE,organic,14.89
2025-10-01,DE,social,53.86
2025-10-01,DE,email,19.3
2025-10-01,DE,referral,21.57
2025-10-02,DE,paid_search,181.35
2025-10-02,DE,organic,19.7
2025-10-02,DE,social,82.44
2025-10-02,DE,email,11.42
2025-10-02,DE,referral,18.36
2025-10-03,DE,paid_search,75.71
2025-10-03,DE,organic,17.6
2025-10-03,DE,social,82.24
2025-10-03,DE,email,12.6
2025-10-03,DE,referral,22.01
2025-10-04,DE,paid_search,106.85
2025-10-04,DE,organic,15.75
2025-10-04,DE,social,64.07
2025-10-04,DE,email,14.87
2025-10-04,DE,referral,21.47
2025-10-05,DE,paid_search,128.53
2025-10-05,DE,organic,16.32
2025-10-05,DE,social,56.62
2025-10-05,DE,email,11.7
2025-10-05,DE,referral,24.35
2025-10-06,DE,paid_search,102.04
2025-10-06,DE,organic,16.74
2025-10-06,DE,social,62.16
2025-10-06,DE,email,8.51
2025-10-06,DE,referral,31.16
2025-10-07,DE,paid_search,200.96
2025-10-07,DE,organic,14.46
2025-10-07,DE,social,70.96
2025-10-07,DE,email,6.3
2025-10-07,DE,referral,12.79
2025-10-08,DE,paid_search,109.85
2025-10-08,DE,organic,16.86
2025-10-08,DE,social,74.31
2025-10-08,DE,email,13.81
2025-10-08,DE,referral,24.86
2025-10-09,DE,paid_search,163.63
2025-10-09,DE,organic,12.4
2025-10-09,DE,social,82.7
2025-10-09,DE,email,14.78
2025-10-09,DE,referral,18.98
2025-10-10,DE,paid_search,82.37
2025-10-10,DE,organic,22.03
2025-10-10,DE,social,78.19
2025-10-10,DE,email,3.91
2025-10-10,DE,referral,32.25
2025-10-11,DE,paid_search,134.69
2025-10-11,DE,organic,27.37
2025-10-11,DE,social,83.72
2025-10-11,DE,email,12.1
2025-10-11,DE,referral,22.23
2025-10-12,DE,paid_search,125.87
2025-10-12,DE,organic,17.26
2025-10-12,DE,social,114.95
2025-10-12,DE,email,9.89
2025-10-12,DE,referral,24.08
2025-10-13,DE,paid_search,125.47
2025-10-13,DE,organic,16.29
2025-10-13,DE,social,114.3
2025-10-13,DE,email,14.43
2025-10-13,DE,referral,25.21
2025-10-14,DE,paid_search,155.71
2025-10-14,DE,organic,28.46
2025-10-14,DE,social,58.34
2025-10-14,DE,email,7.72
2025-10-14,DE,referral,30.21
2025-10-15,DE,paid_search,138.4
2025-10-15,DE,organic,18.74
2025-10-15,DE,social,109.33
2025-10-15,DE,email,14.1
2025-10-15,DE,referral,33.1
2025-10-16,DE,paid_search,158.21
2025-10-16,DE,organic,13.99
2025-10-16,DE,social,31.49
2025-10-16,DE,email,13.71
2025-10-16,DE,referral,9.37
2025-10-17,DE,paid_search,165.42
2025-10-17,DE,organic,23.2
2025-10-17,DE,social,76.17
2025-10-17,DE,email,13.36
2025-10-17,DE,referral,26.11
2025-10-18,DE,paid_search,178.61
2025-10-18,DE,organic,21.93
2025-10-18,DE,social,76.13
2025-10-18,DE,email,5.57
2025-10-18,DE,referral,27.5
2025-10-19,DE,paid_search,143.87
2025-10-19,DE,organic,13.27
2025-10-19,DE,social,82.92
2025-10-19,DE,email,13.34
2025-10-19,DE,referral,17.27
2025-10-20,DE,paid_search,103.83
2025-10-20,DE,organic,18.99
2025-10-20,DE,social,60.25
2025-10-20,DE,email,13.11
2025-10-20,DE,referral,23.23
2025-10-21,DE,paid_search,190.03
2025-10-21,DE,organic,26.01
2025-10-21,DE,social,81.04
2025-10-21,DE,email,11.39
2025-10-21,DE,referral,30.06
2025-10-22,DE,paid_search,193.09
2025-10-22,DE,organic,17.72
2025-10-22,DE,social,81.02
2025-10-22,DE,email,12.84
2025-10-22,DE,referral,22.11
2025-10-23,DE,paid_search,149.1
2025-10-23,DE,organic,12.86
2025-10-23,DE,social,76.67
2025-10-23,DE,email,18.35
2025-10-23,DE,referral,16.91
2025-10-24,DE,paid_search,142.62
2025-10-24,DE,organic,13.21
2025-10-24,DE,social,98.63
2025-10-24,DE,email,15.39
2025-10-24,DE,referral,14.46
2025-10-25,DE,paid_search,75.79
2025-10-25,DE,organic,20.68
2025-10-25,DE,social,50.89
2025-10-25,DE,email,15.39
2025-10-25,DE,referral,17.86
2025-10-26,DE,paid_search,179.58
2025-10-26,DE,organic,18.89
2025-10-26,DE,social,66.24
2025-10-26,DE,email,9.95
2025-10-26,DE,referral,24.31
2025-10-27,DE,paid_search,126.51
2025-10-27,DE,organic,21.71
2025-10-27,DE,social,60.58
2025-10-27,DE,email,13.87
2025-10-27,DE,referral,19.18
2025-10-28,DE,paid_search,153.22
2025-10-28,DE,organic,14.02
2025-10-28,DE,social,73.08
2025-10-28,DE,email,4.58
2025-10-28,DE,referral,16.93
2025-10-29,DE,paid_search,130.52
2025-10-29,DE,organic,16.69
2025-10-29,DE,social,101.23
2025-10-29,DE,email,10.53
2025-10-29,DE,referral,28.76
2025-10-30,DE,paid_search,120.05
2025-10-30,DE,organic,12.29
2025-10-30,DE,social,40.46
2025-10-30,DE,email,14.68
2025-10-30,DE,referral,21.71
2025-10-31,DE,paid_search,173.94
2025-10-31,DE,organic,17.56
2025-10-31,DE,social,76.32
2025-10-31,DE,email,13.66
2025-10-31,DE,referral,32.69
2025-11-01,DE,paid_search,134.87
2025-11-01,DE,organic,25.73
2025-11-01,DE,social,92.8
2025-11-01,DE,email,13.91
2025-11-01,DE,referral,24.2
2025-11-02,DE,paid_search,30.77
2025-11-02,DE,organic,15.89
2025-11-02,DE,social,63.68
2025-11-02,DE,email,19.48
2025-11-02,DE,referral,19.44
2025-11-03,DE,paid_search,151.86
2025-11-03,DE,organic,16.8
2025-11-03,DE,social,51.51
2025-11-03,DE,email,10.96
2025-11-03,DE,referral,25.59
2025-11-04,DE,paid_search,71.46
2025-11-04,DE,organic,18.32
2025-11-04,DE,social,59.26
2025-11-04,DE,email,16.89
2025-11-04,DE,referral,23.35
2025-11-05,DE,paid_search,94.87
2025-11-05,DE,organic,15.23
2025-11-05,DE,social,85.17
2025-11-05,DE,email,11.78
2025-11-05,DE,referral,22.02
2025-11-06,DE,paid_search,152.26
2025-11-06,DE,organic,20.68
2025-11-06,DE,social,84.91
2025-11-06,DE,email,12.6
2025-11-06,DE,referral,21.35
2025-11-07,DE,paid_search,111.58
2025-11-07,DE,organic,23.24
2025-11-07,DE,social,133.15
2025-11-07,DE,email,11.7
2025-11-07,DE,referral,21.5
2025-11-08,DE,paid_search,191.83
2025-11-08,DE,organic,21.29
2025-11-08,DE,social,79.91
2025-11-08,DE,email,9.64
2025-11-08,DE,referral,30.91
2025-11-09,DE,paid_search,179.06
2025-11-09,DE,organic,17.94
2025-11-09,DE,social,62.68
2025-11-09,DE,email,12.93
2025-11-09,DE,referral,11.61
2025-11-10,DE,paid_search,181.34
2025-11-10,DE,organic,21.19
2025-11-10,DE,social,80.89
2025-11-10,DE,email,9.69
2025-11-10,DE,referral,23.65
2025-11-11,DE,paid_search,183.12
2025-11-11,DE,organic,13.84
2025-11-11,DE,social,94.36
2025-11-11,DE,email,14.42
2025-11-11,DE,referral,19.79
2025-11-12,DE,paid_search,131.67
2025-11-12,DE,organic,16.24
2025-11-12,DE,social,57.94
2025-11-12,DE,email,13.58
2025-11-12,DE,referral,24.22
2025-11-13,DE,paid_search,197.7
2025-11-13,DE,organic,18.26
2025-11-13,DE,social,83.98
2025-11-13,DE,email,11.9
2025-11-13,DE,referral,16.61
2025-11-14,DE,paid_search,136.56
2025-11-14,DE,organic,23.07
2025-11-14,DE,social,88.63
2025-11-14,DE,email,14.05
2025-11-14,DE,referral,11.61
2025-11-15,DE,paid_search,164.97
2025-11-15,DE,organic,11.35
2025-11-15,DE,social,52.43
2025-11-15,DE,email,9.1
2025-11-15,DE,referral,17.14
2025-11-16,DE,paid_search,184.88
2025-11-16,DE,organic,17.96
2025-11-16,DE,social,58.46
2025-11-16,DE,email,10.9
2025-11-16,DE,referral,23.9
2025-11-17,DE,paid_search,179.69
2025-11-17,DE,organic,17.57
2025-11-17,DE,social,54.55
2025-11-17,DE,email,11.44
2025-11-17,DE,referral,33.9
2025-11-18,DE,paid_search,106.68
2025-11-18,DE,organic,18.59
2025-11-18,DE,social,117.06
2025-11-18,DE,email,11.88
2025-11-18,DE,referral,30.99
2025-11-19,DE,paid_search,126.7
2025-11-19,DE,organic,8.61
2025-11-19,DE,social,65.42
2025-11-19,DE,email,10.33
2025-11-19,DE,referral,12.38
2025-11-20,DE,paid_search,137.03
2025-11-20,DE,organic,21.21
2025-11-20,DE,social,65.14
2025-11-20,DE,email,11.55
2025-11-20,DE,referral,28.53
2025-11-21,DE,paid_search,124.38
2025-11-21,DE,organic,19.63
2025-11-21,DE,social,43.85
2025-11-21,DE,email,9.67
2025-11-21,DE,referral,20.12
2025-11-22,DE,paid_search,199.25
2025-11-22,DE,organic,13.12
2025-11-22,DE,social,58.82
2025-11-22,DE,email,13.62
2025-11-22,DE,referral,23.55
2025-11-23,DE,paid_search,113.39
2025-11-23,DE,organic,14.78
2025-11-23,DE,social,97.28
2025-11-23,DE,email,8.99
2025-11-23,DE,referral,23.06
2025-11-24,DE,paid_search,133.2
2025-11-24,DE,organic,22.96
2025-11-24,DE,social,87.6
2025-11-24,DE,email,15.56
2025-11-24,DE,referral,18.39
2025-11-25,DE,paid_search,184.54
2025-11-25,DE,organic,20.39
2025-11-25,DE,social,86.44
2025-11-25,DE,email,11.85
2025-11-25,DE,referral,22.11
2025-11-26,DE,paid_search,82.13
2025-11-26,DE,organic,24.48
2025-11-26,DE,social,64.95
2025-11-26,DE,email,11.68
2025-11-26,DE,referral,14.25
2025-11-27,DE,paid_search,178.74
2025-11-27,DE,organic,19.25
2025-11-27,DE,social,70.85
2025-11-27,DE,email,5.31
2025-11-27,DE,referral,17.47
2025-11-28,DE,paid_search,170.6
2025-11-28,DE,organic,18.07
2025-11-28,DE,social,75.62
2025-11-28,DE,email,11.4
2025-11-28,DE,referral,12.86
2025-11-29,DE,paid_search,189.87
2025-11-29,DE,organic,10.88
2025-11-29,DE,social,72.59
2025-11-29,DE,email,9.45
2025-11-29,DE,referral,26.53
2025-11-30,DE,paid_search,175.26
2025-11-30,DE,organic,15.48
2025-11-30,DE,social,89.72
2025-11-30,DE,email,8.0
2025-11-30,DE,referral,20.83
2025-12-01,DE,paid_search,112.65
2025-12-01,DE,organic,21.36
2025-12-01,DE,social,83.66
2025-12-01,DE,email,14.82
2025-12-01,DE,referral,18.31
2025-12-02,DE,paid_search,181.49
2025-12-02,DE,organic,12.25
2025-12-02,DE,social,57.88
2025-12-02,DE,email,12.19
2025-12-02,DE,referral,16.28
2025-12-03,DE,paid_search,180.14
2025-12-03,DE,organic,14.99
2025-12-03,DE,social,55.83
2025-12-03,DE,email,8.89
2025-12-03,DE,referral,24.95
2025-12-04,DE,paid_search,55.69
2025-12-04,DE,organic,12.7
2025-12-04,DE,social,103.33
2025-12-04,DE,email,11.65
2025-12-04,DE,referral,25.06
2025-12-05,DE,paid_search,169.35
2025-12-05,DE,organic,16.19
2025-12-05,DE,social,44.77
2025-12-05,DE,email,8.52
2025-12-05,DE,referral,14.12
2025-12-06,DE,paid_search,171.44
2025-12-06,DE,organic,19.85
2025-12-06,DE,social,59.69
2025-12-06,DE,email,12.5
2025-12-06,DE,referral,21.29
2025-12-07,DE,paid_search,155.99
2025-12-07,DE,organic,13.76
2025-12-07,DE,social,107.83
2025-12-07,DE,email,14.91
2025-12-07,DE,referral,21.64
2025-12-08,DE,paid_search,133.15
2025-12-08,DE,organic,13.46
2025-12-08,DE,social,84.11
2025-12-08,DE,email,11.24
2025-12-08,DE,referral,21.96
2025-12-09,DE,paid_search,80.35
2025-12-09,DE,organic,14.75
2025-12-09,DE,social,74.41
2025-12-09,DE,email,15.83
2025-12-09,DE,referral,16.35
2025-12-10,DE,paid_search,96.17
2025-12-10,DE,organic,18.89
2025-12-10,DE,social,75.27
2025-12-10,DE,email,7.26
2025-12-10,DE,referral,12.37
2025-12-11,DE,paid_search,128.26
2025-12-11,DE,organic,16.64
2025-12-11,DE,social,103.07
2025-12-11,DE,email,9.3
2025-12-11,DE,referral,24.11
2025-12-12,DE,paid_search,78.0
2025-12-12,DE,organic,18.53
2025-12-12,DE,social,105.31
2025-12-12,DE,email,13.2
2025-12-12,DE,referral,17.7
2025-12-13,DE,paid_search,200.14
2025-12-13,DE,organic,18.48
2025-12-13,DE,social,79.44
2025-12-13,DE,email,9.51
2025-12-13,DE,referral,23.18
2025-12-14,DE,paid_search,126.81
2025-12-14,DE,organic,18.32
2025-12-14,DE,social,77.43
2025-12-14,DE,email,16.21
2025-12-14,DE,referral,18.19
2025-12-15,DE,paid_search,147.29
2025-12-15,DE,organic,20.39
2025-12-15,DE,social,71.99
2025-12-15,DE,email,12.68
2025-12-15,DE,referral,19.09
2025-12-16,DE,paid_search,146.74
2025-12-16,DE,organic,19.85
2025-12-16,DE,social,111.61
2025-12-16,DE,email,7.4
2025-12-16,DE,referral,14.53
2025-12-17,DE,paid_search,147.59
2025-12-17,DE,organic,17.21
2025-12-17,DE,social,72.34
2025-12-17,DE,email,10.99
2025-12-17,DE,referral,14.7
2025-12-18,DE,paid_search,129.64
2025-12-18,DE,organic,20.47
2025-12-18,DE,social,78.28
2025-12-18,DE,email,14.9
2025-12-18,DE,referral,14.86
2025-12-19,DE,paid_search,208.24
2025-12-19,DE,organic,14.61
2025-12-19,DE,social,85.59
2025-12-19,DE,email,12.35
2025-12-19,DE,referral,18.38
2025-12-20,DE,paid_search,169.56
2025-12-20,DE,organic,19.55
2025-12-20,DE,social,127.91
2025-12-20,DE,email,14.79
2025-12-20,DE,referral,24.57
2025-12-21,DE,paid_search,196.79
2025-12-21,DE,organic,19.26
2025-12-21,DE,social,75.76
2025-12-21,DE,email,13.79
2025-12-21,DE,referral,25.79
2025-12-22,DE,paid_search,206.2
2025-12-22,DE,organic,10.58
2025-12-22,DE,social,40.35
2025-12-22,DE,email,17.05
2025-12-22,DE,referral,17.01
2025-12-23,DE,paid_search,89.58
2025-12-23,DE,organic,9.55
2025-12-23,DE,social,110.96
2025-12-23,DE,email,15.55
2025-12-23,DE,referral,17.03
2025-12-24,DE,paid_search,124.17
2025-12-24,DE,organic,17.23
2025-12-24,DE,social,92.94
2025-12-24,DE,email,11.81
2025-12-24,DE,referral,17.07
2025-12-25,DE,paid_search,196.42
2025-12-25,DE,organic,16.89
2025-12-25,DE,social,72.84
2025-12-25,DE,email,14.64
2025-12-25,DE,referral,9.9
2025-12-26,DE,paid_search,171.14
2025-12-26,DE,organic,18.75
2025-12-26,DE,social,50.13
2025-12-26,DE,email,6.56
2025-12-26,DE,referral,18.25
2025-12-27,DE,paid_search,160.0
2025-12-27,DE,organic,18.21
2025-12-27,DE,social,109.09
2025-12-27,DE,email,13.33
2025-12-27,DE,referral,13.82
2025-12-28,DE,paid_search,143.4
2025-12-28,DE,organic,11.48
2025-12-28,DE,social,73.07
2025-12-28,DE,email,17.24
2025-12-28,DE,referral,23.69
2025-12-29,DE,paid_search,125.43
2025-12-29,DE,organic,19.52
2025-12-29,DE,social,61.62
2025-12-29,DE,email,3.94
2025-12-29,DE,referral,14.7
2025-12-30,DE,paid_search,170.54
2025-12-30,DE,organic,20.28
2025-12-30,DE,social,109.35
2025-12-30,DE,email,13.84
2025-12-30,DE,referral,28.41
2025-12-31,DE,paid_search,177.1
2025-12-31,DE,organic,20.98
2025-12-31,DE,social,97.57
2025-12-31,DE,email,14.3
2025-12-31,DE,referral,26.96
2023-01-01,GH,paid_search,73.4
2023-01-01,GH,organic,8.74
2023-01-01,GH,social,29.1
2023-01-01,GH,email,4.28
2023-01-01,GH,referral,7.11
2023-01-02,GH,paid_search,50.42
2023-01-02,GH,organic,8.72
2023-01-02,GH,social,54.12
2023-01-02,GH,email,4.43
2023-01-02,GH,referral,9.15
2023-01-03,GH,paid_search,75.65
2023-01-03,GH,organic,7.44
2023-01-03,GH,social,39.0
2023-01-03,GH,email,5.14
2023-01-03,GH,referral,8.3
2023-01-04,GH,paid_search,68.72
2023-01-04,GH,organic,8.65
2023-01-04,GH,social,47.54
2023-01-04,GH,email,6.56
2023-01-04,GH,referral,9.37
2023-01-05,GH,paid_search,86.95
2023-01-05,GH,organic,10.0
2023-01-05,GH,social,33.27
2023-01-05,GH,email,5.78
2023-01-05,GH,referral,8.93
2023-01-06,GH,paid_search,86.78
2023-01-06,GH,organic,8.15
2023-01-06,GH,social,23.35
2023-01-06,GH,email,6.61
2023-01-06,GH,referral,13.72
2023-01-07,GH,paid_search,100.23
2023-01-07,GH,organic,7.04
2023-01-07,GH,social,29.73
2023-01-07,GH,email,8.85
2023-01-07,GH,referral,13.92
2023-01-08,GH,paid_search,80.41
2023-01-08,GH,organic,4.58
2023-01-08,GH,social,30.54
2023-01-08,GH,email,4.36
2023-01-08,GH,referral,14.53
2023-01-09,GH,paid_search,44.54
2023-01-09,GH,organic,11.61
2023-01-09,GH,social,35.05
2023-01-09,GH,email,4.2
2023-01-09,GH,referral,12.47
2023-01-10,GH,paid_search,83.33
2023-01-10,GH,organic,5.47
2023-01-10,GH,social,35.77
2023-01-10,GH,email,8.06
2023-01-10,GH,referral,8.98
2023-01-11,GH,paid_search,102.24
2023-01-11,GH,organic,6.51
2023-01-11,GH,social,21.4
2023-01-11,GH,email,6.07
2023-01-11,GH,referral,6.35
2023-01-12,GH,paid_search,74.25
2023-01-12,GH,organic,8.01
2023-01-12,GH,social,29.17
2023-01-12,GH,email,8.82
2023-01-12,GH,referral,9.99
2023-01-13,GH,paid_search,87.56
2023-01-13,GH,organic,9.86
2023-01-13,GH,social,51.85
2023-01-13,GH,email,4.19
2023-01-13,GH,referral,5.61
2023-01-14,GH,paid_search,103.03
2023-01-14,GH,organic,9.16
2023-01-14,GH,social,37.14
2023-01-14,GH,email,5.8
2023-01-14,GH,referral,9.22
2023-01-15,GH,paid_search,87.5
2023-01-15,GH,organic,5.11
2023-01-15,GH,social,40.3
2023-01-15,GH,email,7.55
2023-01-15,GH,referral,11.86
2023-01-16,GH,paid_search,70.71
2023-01-16,GH,organic,7.99
2023-01-16,GH,social,47.57
2023-01-16,GH,email,6.87
2023-01-16,GH,referral,14.39
2023-01-17,GH,paid_search,40.63
2023-01-17,GH,organic,9.81
2023-01-17,GH,social,28.7
2023-01-17,GH,email,5.89
2023-01-17,GH,referral,13.44
2023-01-18,GH,paid_search,53.96
2023-01-18,GH,organic,12.23
2023-01-18,GH,social,45.95
2023-01-18,GH,email,6.87
2023-01-18,GH,referral,7.67
2023-01-19,GH,paid_search,68.76
2023-01-19,GH,organic,7.28
2023-01-19,GH,social,24.91
2023-01-19,GH,email,7.64
2023-01-19,GH,referral,8.99
2023-01-20,GH,paid_search,68.84
2023-01-20,GH,organic,7.75
2023-01-20,GH,social,34.07
2023-01-20,GH,email,6.8
2023-01-20,GH,referral,8.44
2023-01-21,GH,paid_search,90.33
2023-01-21,GH,organic,6.81
2023-01-21,GH,social,35.74
2023-01-21,GH,email,4.04
2023-01-21,GH,referral,12.68
2023-01-22,GH,paid_search,95.86
2023-01-22,GH,organic,9.43
2023-01-22,GH,social,37.53
2023-01-22,GH,email,5.95
2023-01-22,GH,referral,6.09
2023-01-23,GH,paid_search,47.61
2023-01-23,GH,organic,9.5
2023-01-23,GH,social,34.37
2023-01-23,GH,email,3.96
2023-01-23,GH,referral,6.49
2023-01-24,GH,paid_search,83.43
2023-01-24,GH,organic,9.75
2023-01-24,GH,social,22.19
2023-01-24,GH,email,6.23
2023-01-24,GH,referral,10.97
2023-01-25,GH,paid_search,61.49
2023-01-25,GH,organic,10.48
2023-01-25,GH,social,32.9
2023-01-25,GH,email,3.42
2023-01-25,GH,referral,9.51
2023-01-26,GH,paid_search,96.62
2023-01-26,GH,organic,7.31
2023-01-26,GH,social,26.58
2023-01-26,GH,email,6.94
2023-01-26,GH,referral,10.65
2023-01-27,GH,paid_search,71.95
2023-01-27,GH,organic,8.95
2023-01-27,GH,social,29.77
2023-01-27,GH,email,5.1
2023-01-27,GH,referral,11.82
2023-01-28,GH,paid_search,54.61
2023-01-28,GH,organic,11.23
2023-01-28,GH,social,47.06
2023-01-28,GH,email,4.28
2023-01-28,GH,referral,13.69
2023-01-29,GH,paid_search,74.74
2023-01-29,GH,organic,10.77
2023-01-29,GH,social,37.2
2023-01-29,GH,email,5.73
2023-01-29,GH,referral,9.3
2023-01-30,GH,paid_search,27.91
2023-01-30,GH,organic,9.85
2023-01-30,GH,social,29.64
2023-01-30,GH,email,7.44
2023-01-30,GH,referral,14.18
2023-01-31,GH,paid_search,61.6
2023-01-31,GH,organic,6.73
2023-01-31,GH,social,45.07
2023-01-31,GH,email,5.3
2023-01-31,GH,referral,13.29
2023-02-01,GH,paid_search,59.56
2023-02-01,GH,organic,10.88
2023-02-01,GH,social,33.25
2023-02-01,GH,email,6.5
2023-02-01,GH,referral,12.46
2023-02-02,GH,paid_search,81.21
2023-02-02,GH,organic,10.14
2023-02-02,GH,social,22.9
2023-02-02,GH,email,5.39
2023-02-02,GH,referral,10.16
2023-02-03,GH,paid_search,58.22
2023-02-03,GH,organic,9.94
2023-02-03,GH,social,31.39
2023-02-03,GH,email,4.85
2023-02-03,GH,referral,12.35
2023-02-04,GH,paid_search,53.18
2023-02-04,GH,organic,6.01
2023-02-04,GH,social,40.57
2023-02-04,GH,email,8.02
2023-02-04,GH,referral,10.4
2023-02-05,GH,paid_search,42.91
2023-02-05,GH,organic,9.37
2023-02-05,GH,social,30.67
2023-02-05,GH,email,7.68
2023-02-05,GH,referral,9.05
2023-02-06,GH,paid_search,92.59
2023-02-06,GH,organic,7.16
2023-02-06,GH,social,29.8
2023-02-06,GH,email,3.12
2023-02-06,GH,referral,8.35
2023-02-07,GH,paid_search,75.19
2023-02-07,GH,organic,8.2
2023-02-07,GH,social,41.5
2023-02-07,GH,email,7.87
2023-02-07,GH,referral,10.07
2023-02-08,GH,paid_search,73.22
2023-02-08,GH,organic,10.23
2023-02-08,GH,social,38.08
2023-02-08,GH,email,4.62
2023-02-08,GH,referral,8.69
2023-02-09,GH,paid_search,33.66
2023-02-09,GH,organic,6.13
2023-02-09,GH,social,20.79
2023-02-09,GH,email,6.53
2023-02-09,GH,referral,13.03
2023-02-10,GH,paid_search,55.06
2023-02-10,GH,organic,6.19
2023-02-10,GH,social,44.49
2023-02-10,GH,email,5.32
2023-02-10,GH,referral,10.64
2023-02-11,GH,paid_search,85.38
2023-02-11,GH,organic,6.58
2023-02-11,GH,social,29.8
2023-02-11,GH,email,5.24
2023-02-11,GH,referral,6.12
2023-02-12,GH,paid_search,80.76
2023-02-12,GH,organic,9.2
2023-02-12,GH,social,36.72
2023-02-12,GH,email,8.04
2023-02-12,GH,referral,9.35
2023-02-13,GH,paid_search,83.12
2023-02-13,GH,organic,8.97
2023-02-13,GH,social,28.81
2023-02-13,GH,email,7.73
2023-02-13,GH,referral,10.32
2023-02-14,GH,paid_search,89.54
2023-02-14,GH,organic,5.4
2023-02-14,GH,social,36.99
2023-02-14,GH,email,5.31
2023-02-14,GH,referral,7.87
2023-02-15,GH,paid_search,97.37
2023-02-15,GH,organic,8.39
2023-02-15,GH,social,22.71
2023-02-15,GH,email,5.25
2023-02-15,GH,referral,12.35
2023-02-16,GH,paid_search,56.65
2023-02-16,GH,organic,6.09
2023-02-16,GH,social,34.68
2023-02-16,GH,email,6.7
2023-02-16,GH,referral,8.18
2023-02-17,GH,paid_search,79.03
2023-02-17,GH,organic,8.07
2023-02-17,GH,social,37.41
2023-02-17,GH,email,2.39
2023-02-17,GH,referral,10.04
2023-02-18,GH,paid_search,67.49
2023-02-18,GH,organic,8.78
2023-02-18,GH,social,30.12
2023-02-18,GH,email,5.44
2023-02-18,GH,referral,11.33
2023-02-19,GH,paid_search,98.02
2023-02-19,GH,organic,5.35
2023-02-19,GH,social,40.62
2023-02-19,GH,email,7.83
2023-02-19,GH,referral,11.74
2023-02-20,GH,paid_search,92.75
2023-02-20,GH,organic,6.91
2023-02-20,GH,social,47.13
2023-02-20,GH,email,4.91
2023-02-20,GH,referral,10.14
2023-02-21,GH,paid_search,62.96
2023-02-21,GH,organic,7.08
2023-02-21,GH,social,20.51
2023-02-21,GH,email,3.04
2023-02-21,GH,referral,12.94
2023-02-22,GH,paid_search,39.62
2023-02-22,GH,organic,8.5
2023-02-22,GH,social,24.31
2023-02-22,GH,email,4.73
2023-02-22,GH,referral,11.71
2023-02-23,GH,paid_search,74.92
2023-02-23,GH,organic,7.75
2023-02-23,GH,social,46.3
2023-02-23,GH,email,5.57
2023-02-23,GH,referral,13.07
2023-02-24,GH,paid_search,52.75
2023-02-24,GH,organic,5.62
2023-02-24,GH,social,34.76
2023-02-24,GH,email,6.0
2023-02-24,GH,referral,7.85
2023-02-25,GH,paid_search,67.03
2023-02-25,GH,organic,10.73
2023-02-25,GH,social,32.45
2023-02-25,GH,email,3.1
2023-02-25,GH,referral,5.64
2023-02-26,GH,paid_search,109.56
2023-02-26,GH,organic,10.9
2023-02-26,GH,social,32.08
2023-02-26,GH,email,7.22
2023-02-26,GH,referral,10.65
2023-02-27,GH,paid_search,94.87
2023-02-27,GH,organic,5.86
2023-02-27,GH,social,26.61
2023-02-27,GH,email,7.98
2023-02-27,GH,referral,6.27
2023-02-28,GH,paid_search,73.26
2023-02-28,GH,organic,7.91
2023-02-28,GH,social,43.06
2023-02-28,GH,email,6.21
2023-02-28,GH,referral,9.67
2023-03-01,GH,paid_search,65.15
2023-03-01,GH,organic,6.01
2023-03-01,GH,social,34.51
2023-03-01,GH,email,7.75
2023-03-01,GH,referral,9.29
2023-03-02,GH,paid_search,97.31
2023-03-02,GH,organic,9.46
2023-03-02,GH,social,40.29
2023-03-02,GH,email,5.76
2023-03-02,GH,referral,8.43
2023-03-03,GH,paid_search,102.27
2023-03-03,GH,organic,9.59
2023-03-03,GH,social,34.75
2023-03-03,GH,email,8.55
2023-03-03,GH,referral,11.57
2023-03-04,GH,paid_search,46.43
2023-03-04,GH,organic,7.15
2023-03-04,GH,social,42.54
2023-03-04,GH,email,8.26
2023-03-04,GH,referral,15.9
2023-03-05,GH,paid_search,72.46
2023-03-05,GH,organic,9.23
2023-03-05,GH,social,30.5
2023-03-05,GH,email,4.67
2023-03-05,GH,referral,5.79
2023-03-06,GH,paid_search,79.02
2023-03-06,GH,organic,10.53
2023-03-06,GH,social,42.98
2023-03-06,GH,email,6.13
2023-03-06,GH,referral,13.06
2023-03-07,GH,paid_search,125.11
2023-03-07,GH,organic,6.34
2023-03-07,GH,social,14.19
2023-03-07,GH,email,6.51
2023-03-07,GH,referral,12.71
2023-03-08,GH,paid_search,44.15
2023-03-08,GH,organic,9.67
2023-03-08,GH,social,32.97
2023-03-08,GH,email,6.51
2023-03-08,GH,referral,7.7
2023-03-09,GH,paid_search,54.35
2023-03-09,GH,organic,5.79
2023-03-09,GH,social,42.01
2023-03-09,GH,email,5.06
2023-03-09,GH,referral,10.67
2023-03-10,GH,paid_search,72.53
2023-03-10,GH,organic,5.64
2023-03-10,GH,social,36.68
2023-03-10,GH,email,6.36
2023-03-10,GH,referral,12.66
2023-03-11,GH,paid_search,98.9
2023-03-11,GH,organic,5.96
2023-03-11,GH,social,39.19
2023-03-11,GH,email,2.67
2023-03-11,GH,referral,12.13
2023-03-12,GH,paid_search,91.75
2023-03-12,GH,organic,2.66
2023-03-12,GH,social,32.95
2023-03-12,GH,email,4.65
2023-03-12,GH,referral,9.15
2023-03-13,GH,paid_search,62.28
2023-03-13,GH,organic,7.91
2023-03-13,GH,social,44.89
2023-03-13,GH,email,5.53
2023-03-13,GH,referral,7.53
2023-03-14,GH,paid_search,68.44
2023-03-14,GH,organic,7.49
2023-03-14,GH,social,35.22
2023-03-14,GH,email,5.06
2023-03-14,GH,referral,10.91
2023-03-15,GH,paid_search,95.28
2023-03-15,GH,organic,5.46
2023-03-15,GH,social,40.06
2023-03-15,GH,email,7.44
2023-03-15,GH,referral,8.92
2023-03-16,GH,paid_search,94.54
2023-03-16,GH,organic,7.88
2023-03-16,GH,social,25.87
2023-03-16,GH,email,4.09
2023-03-16,GH,referral,11.96
2023-03-17,GH,paid_search,84.47
2023-03-17,GH,organic,11.13
2023-03-17,GH,social,42.04
2023-03-17,GH,email,5.85
2023-03-17,GH,referral,11.21
2023-03-18,GH,paid_search,73.3
2023-03-18,GH,organic,7.33
2023-03-18,GH,social,31.06
2023-03-18,GH,email,3.42
2023-03-18,GH,referral,8.14
2023-03-19,GH,paid_search,71.65
2023-03-19,GH,organic,2.59
2023-03-19,GH,social,31.37
2023-03-19,GH,email,7.38
2023-03-19,GH,referral,13.36
2023-03-20,GH,paid_search,62.51
2023-03-20,GH,organic,6.87
2023-03-20,GH,social,29.52
2023-03-20,GH,email,5.16
2023-03-20,GH,referral,12.86
2023-03-21,GH,paid_search,101.33
2023-03-21,GH,organic,4.62
2023-03-21,GH,social,28.7
2023-03-21,GH,email,3.2
2023-03-21,GH,referral,9.93
2023-03-22,GH,paid_search,63.21
2023-03-22,GH,organic,8.72
2023-03-22,GH,social,41.97
2023-03-22,GH,email,6.83
2023-03-22,GH,referral,5.89
2023-03-23,GH,paid_search,71.54
2023-03-23,GH,organic,4.61
2023-03-23,GH,social,51.63
2023-03-23,GH,email,5.47
2023-03-23,GH,referral,6.58
2023-03-24,GH,paid_search,62.2
2023-03-24,GH,organic,8.42
2023-03-24,GH,social,42.6
2023-03-24,GH,email,7.95
2023-03-24,GH,referral,10.16
2023-03-25,GH,paid_search,65.99
2023-03-25,GH,organic,9.37
2023-03-25,GH,social,41.92
2023-03-25,GH,email,6.18
2023-03-25,GH,referral,12.02
2023-03-26,GH,paid_search,61.02
2023-03-26,GH,organic,7.95
2023-03-26,GH,social,17.7
2023-03-26,GH,email,8.08
2023-03-26,GH,referral,8.77
2023-03-27,GH,paid_search,97.12
2023-03-27,GH,organic,6.69
2023-03-27,GH,social,38.72
2023-03-27,GH,email,6.08
2023-03-27,GH,referral,8.5
2023-03-28,GH,paid_search,80.63
2023-03-28,GH,organic,10.55
2023-03-28,GH,social,52.11
2023-03-28,GH,email,7.11
2023-03-28,GH,referral,6.97
2023-03-29,GH,paid_search,46.7
2023-03-29,GH,organic,10.28
2023-03-29,GH,social,27.02
2023-03-29,GH,email,6.92
2023-03-29,GH,referral,10.33
2023-03-30,GH,paid_search,95.74
2023-03-30,GH,organic,9.02
2023-03-30,GH,social,35.72
2023-03-30,GH,email,9.09
2023-03-30,GH,referral,12.06
2023-03-31,GH,paid_search,81.99
2023-03-31,GH,organic,6.63
2023-03-31,GH,social,25.68
2023-03-31,GH,email,5.61
2023-03-31,GH,referral,6.25
2023-04-01,GH,paid_search,66.2
2023-04-01,GH,organic,9.6
2023-04-01,GH,social,44.84
2023-04-01,GH,email,5.49
2023-04-01,GH,referral,17.34
2023-04-02,GH,paid_search,94.92
2023-04-02,GH,organic,7.94
2023-04-02,GH,social,46.27
2023-04-02,GH,email,5.13
2023-04-02,GH,referral,10.63
2023-04-03,GH,paid_search,65.51
2023-04-03,GH,organic,5.58
2023-04-03,GH,social,40.79
2023-04-03,GH,email,5.99
2023-04-03,GH,referral,10.17
2023-04-04,GH,paid_search,71.51
2023-04-04,GH,organic,6.2
2023-04-04,GH,social,50.3
2023-04-04,GH,email,6.37
2023-04-04,GH,referral,9.33
2023-04-05,GH,paid_search,48.43
2023-04-05,GH,organic,10.81
2023-04-05,GH,social,44.26
2023-04-05,GH,email,6.0
2023-04-05,GH,referral,6.79
2023-04-06,GH,paid_search,101.86
2023-04-06,GH,organic,7.27
2023-04-06,GH,social,29.96
2023-04-06,GH,email,5.93
2023-04-06,GH,referral,10.94
2023-04-07,GH,paid_search,68.96
2023-04-07,GH,organic,1.23
2023-04-07,GH,social,38.25
2023-04-07,GH,email,7.38
2023-04-07,GH,referral,7.77
2023-04-08,GH,paid_search,100.09
2023-04-08,GH,organic,9.75
2023-04-08,GH,social,40.22
2023-04-08,GH,email,4.48
2023-04-08,GH,referral,10.7
2023-04-09,GH,paid_search,78.39
2023-04-09,GH,organic,7.84
2023-04-09,GH,social,44.02
2023-04-09,GH,email,5.46
2023-04-09,GH,referral,9.32
2023-04-10,GH,paid_search,60.01
2023-04-10,GH,organic,7.1
2023-04-10,GH,social,34.65
2023-04-10,GH,email,5.72
2023-04-10,GH,referral,9.42
2023-04-11,GH,paid_search,88.63
2023-04-11,GH,organic,11.01
2023-04-11,GH,social,24.46
2023-04-11,GH,email,8.22
2023-04-11,GH,referral,11.69
2023-04-12,GH,paid_search,55.92
2023-04-12,GH,organic,7.34
2023-04-12,GH,social,38.56
2023-04-12,GH,email,3.52
2023-04-12,GH,referral,9.78
2023-04-13,GH,paid_search,81.46
2023-04-13,GH,organic,6.51
2023-04-13,GH,social,22.68
2023-04-13,GH,email,6.3
2023-04-13,GH,referral,15.52
2023-04-14,GH,paid_search,59.16
2023-04-14,GH,organic,6.63
2023-04-14,GH,social,34.2
2023-04-14,GH,email,8.35
2023-04-14,GH,referral,5.87
2023-04-15,GH,paid_search,85.86
2023-04-15,GH,organic,7.06
2023-04-15,GH,social,32.54
2023-04-15,GH,email,4.48
2023-04-15,GH,referral,9.38
2023-04-16,GH,paid_search,54.34
2023-04-16,GH,organic,6.92
2023-04-16,GH,social,13.81
2023-04-16,GH,email,3.4
2023-04-16,GH,referral,10.84
2023-04-17,GH,paid_search,94.72
2023-04-17,GH,organic,14.46
2023-04-17,GH,social,44.32
2023-04-17,GH,email,5.23
2023-04-17,GH,referral,5.04
2023-04-18,GH,paid_search,81.72
2023-04-18,GH,organic,5.09
2023-04-18,GH,social,28.74
2023-04-18,GH,email,7.33
2023-04-18,GH,referral,10.74
2023-04-19,GH,paid_search,55.28
2023-04-19,GH,organic,4.59
2023-04-19,GH,social,37.91
2023-04-19,GH,email,6.5
2023-04-19,GH,referral,13.76
2023-04-20,GH,paid_search,27.14
2023-04-20,GH,organic,8.24
2023-04-20,GH,social,44.25
2023-04-20,GH,email,5.37
2023-04-20,GH,referral,6.01
2023-04-21,GH,paid_search,55.35
2023-04-21,GH,organic,8.07
2023-04-21,GH,social,31.62
2023-04-21,GH,email,6.46
2023-04-21,GH,referral,13.2
2023-04-22,GH,paid_search,64.81
2023-04-22,GH,organic,10.44
2023-04-22,GH,social,34.96
2023-04-22,GH,email,6.51
2023-04-22,GH,referral,9.71
2023-04-23,GH,paid_search,78.57
2023-04-23,GH,organic,9.08
2023-04-23,GH,social,41.78
2023-04-23,GH,email,6.0
2023-04-23,GH,referral,1.67
2023-04-24,GH,paid_search,82.72
2023-04-24,GH,organic,4.06
2023-04-24,GH,social,30.54
2023-04-24,GH,email,2.41
2023-04-24,GH,referral,14.25
2023-04-25,GH,paid_search,79.51
2023-04-25,GH,organic,7.35
2023-04-25,GH,social,48.77
2023-04-25,GH,email,6.8
2023-04-25,GH,referral,10.31
2023-04-26,GH,paid_search,79.11
2023-04-26,GH,organic,7.24
2023-04-26,GH,social,24.84
2023-04-26,GH,email,7.44
2023-04-26,GH,referral,9.82
2023-04-27,GH,paid_search,40.34
2023-04-27,GH,organic,9.01
2023-04-27,GH,social,36.37
2023-04-27,GH,email,8.55
2023-04-27,GH,referral,10.67
2023-04-28,GH,paid_search,50.74
2023-04-28,GH,organic,4.42
2023-04-28,GH,social,47.38
2023-04-28,GH,email,5.9
2023-04-28,GH,referral,7.84
2023-04-29,GH,paid_search,59.05
2023-04-29,GH,organic,10.6
2023-04-29,GH,social,40.25
2023-04-29,GH,email,7.65
2023-04-29,GH,referral,10.61
2023-04-30,GH,paid_search,56.94
2023-04-30,GH,organic,11.57
2023-04-30,GH,social,32.48
2023-04-30,GH,email,7.21
2023-04-30,GH,referral,12.71
2023-05-01,GH,paid_search,72.11
2023-05-01,GH,organic,5.77
2023-05-01,GH,social,29.9
2023-05-01,GH,email,7.02
2023-05-01,GH,referral,11.33
2023-05-02,GH,paid_search,95.41
2023-05-02,GH,organic,10.28
2023-05-02,GH,social,27.42
2023-05-02,GH,email,8.17
2023-05-02,GH,referral,7.43
2023-05-03,GH,paid_search,82.71
2023-05-03,GH,organic,12.84
2023-05-03,GH,social,38.81
2023-05-03,GH,email,3.33
2023-05-03,GH,referral,9.19
2023-05-04,GH,paid_search,111.15
2023-05-04,GH,organic,7.59
2023-05-04,GH,social,47.94
2023-05-04,GH,email,4.57
2023-05-04,GH,referral,9.11
2023-05-05,GH,paid_search,68.12
2023-05-05,GH,organic,11.9
2023-05-05,GH,social,33.25
2023-05-05,GH,email,3.17
2023-05-05,GH,referral,15.95
2023-05-06,GH,paid_search,76.09
2023-05-06,GH,organic,9.31
2023-05-06,GH,social,21.54
2023-05-06,GH,email,6.39
2023-05-06,GH,referral,10.05
2023-05-07,GH,paid_search,54.61
2023-05-07,GH,organic,9.34
2023-05-07,GH,social,20.64
2023-05-07,GH,email,4.54
2023-05-07,GH,referral,13.03
2023-05-08,GH,paid_search,58.93
2023-05-08,GH,organic,7.01
2023-05-08,GH,social,36.81
2023-05-08,GH,email,5.44
2023-05-08,GH,referral,11.73
2023-05-09,GH,paid_search,75.17
2023-05-09,GH,organic,4.99
2023-05-09,GH,social,29.39
2023-05-09,GH,email,4.74
2023-05-09,GH,referral,8.84
2023-05-10,GH,paid_search,74.02
2023-05-10,GH,organic,8.61
2023-05-10,GH,social,14.69
2023-05-10,GH,email,7.54
2023-05-10,GH,referral,9.77
2023-05-11,GH,paid_search,51.83
2023-05-11,GH,organic,9.9
2023-05-11,GH,social,17.05
2023-05-11,GH,email,3.64
2023-05-11,GH,referral,15.32
2023-05-12,GH,paid_search,74.63
2023-05-12,GH,organic,6.53
2023-05-12,GH,social,36.98
2023-05-12,GH,email,5.73
2023-05-12,GH,referral,10.09
2023-05-13,GH,paid_search,80.8
2023-05-13,GH,organic,7.6
2023-05-13,GH,social,39.19
2023-05-13,GH,email,5.76
2023-05-13,GH,referral,7.95
2023-05-14,GH,paid_search,52.09
2023-05-14,GH,organic,10.64
2023-05-14,GH,social,41.83
2023-05-14,GH,email,7.56
2023-05-14,GH,referral,10.01
2023-05-15,GH,paid_search,76.06
2023-05-15,GH,organic,7.64
2023-05-15,GH,social,46.42
2023-05-15,GH,email,5.48
2023-05-15,GH,referral,7.54
2023-05-16,GH,paid_search,81.38
2023-05-16,GH,organic,7.7
2023-05-16,GH,social,38.25
2023-05-16,GH,email,7.07
2023-05-16,GH,referral,8.55
2023-05-17,GH,paid_search,68.06
2023-05-17,GH,organic,7.38
2023-05-17,GH,social,47.58
2023-05-17,GH,email,6.02
2023-05-17,GH,referral,10.39
2023-05-18,GH,paid_search,51.18
2023-05-18,GH,organic,9.46
2023-05-18,GH,social,39.85
2023-05-18,GH,email,4.75
2023-05-18,GH,referral,14.81
2023-05-19,GH,paid_search,78.07
2023-05-19,GH,organic,6.75
2023-05-19,GH,social,35.97
2023-05-19,GH,email,5.45
2023-05-19,GH,referral,13.86
2023-05-20,GH,paid_search,88.8
2023-05-20,GH,organic,8.91
2023-05-20,GH,social,51.45
2023-05-20,GH,email,4.44
2023-05-20,GH,referral,11.94
2023-05-21,GH,paid_search,81.85
2023-05-21,GH,organic,7.54
2023-05-21,GH,social,33.97
2023-05-21,GH,email,7.38
2023-05-21,GH,referral,12.12
2023-05-22,GH,paid_search,46.4
2023-05-22,GH,organic,11.63
2023-05-22,GH,social,46.28
2023-05-22,GH,email,5.58
2023-05-22,GH,referral,8.02
2023-05-23,GH,paid_search,91.99
2023-05-23,GH,organic,8.99
2023-05-23,GH,social,42.45
2023-05-23,GH,email,6.86
2023-05-23,GH,referral,13.04
2023-05-24,GH,paid_search,87.41
2023-05-24,GH,organic,6.93
2023-05-24,GH,social,30.67
2023-05-24,GH,email,6.53
2023-05-24,GH,referral,15.72
2023-05-25,GH,paid_search,69.3
2023-05-25,GH,organic,8.73
2023-05-25,GH,social,44.05
2023-05-25,GH,email,5.37
2023-05-25,GH,referral,11.99
2023-05-26,GH,paid_search,72.25
2023-05-26,GH,organic,10.5
2023-05-26,GH,social,27.5
2023-05-26,GH,email,9.47
2023-05-26,GH,referral,9.22
2023-05-27,GH,paid_search,81.39
2023-05-27,GH,organic,8.01
2023-05-27,GH,social,26.29
2023-05-27,GH,email,7.25
2023-05-27,GH,referral,9.34
2023-05-28,GH,paid_search,81.46
2023-05-28,GH,organic,6.39
2023-05-28,GH,social,33.66
2023-05-28,GH,email,5.56
2023-05-28,GH,referral,11.38
2023-05-29,GH,paid_search,77.54
2023-05-29,GH,organic,7.65
2023-05-29,GH,social,32.67
2023-05-29,GH,email,6.47
2023-05-29,GH,referral,10.49
2023-05-30,GH,paid_search,74.32
2023-05-30,GH,organic,11.94
2023-05-30,GH,social,40.97
2023-05-30,GH,email,8.89
2023-05-30,GH,referral,9.83
2023-05-31,GH,paid_search,71.13
2023-05-31,GH,organic,6.99
2023-05-31,GH,social,38.72
2023-05-31,GH,email,5.51
2023-05-31,GH,referral,8.83
2023-06-01,GH,paid_search,37.79
2023-06-01,GH,organic,10.93
2023-06-01,GH,social,32.55
2023-06-01,GH,email,8.21
2023-06-01,GH,referral,9.76
2023-06-02,GH,paid_search,83.6
2023-06-02,GH,organic,8.15
2023-06-02,GH,social,39.73
2023-06-02,GH,email,4.49
2023-06-02,GH,referral,12.96
2023-06-03,GH,paid_search,65.4
2023-06-03,GH,organic,9.85
2023-06-03,GH,social,22.85
2023-06-03,GH,email,4.87
2023-06-03,GH,referral,10.93
2023-06-04,GH,paid_search,69.05
2023-06-04,GH,organic,8.91
2023-06-04,GH,social,37.87
2023-06-04,GH,email,8.74
2023-06-04,GH,referral,11.35
2023-06-05,GH,paid_search,64.21
2023-06-05,GH,organic,7.21
2023-06-05,GH,social,46.84
2023-06-05,GH,email,3.71
2023-06-05,GH,referral,11.4
2023-06-06,GH,paid_search,51.92
2023-06-06,GH,organic,10.22
2023-06-06,GH,social,32.11
2023-06-06,GH,email,6.79
2023-06-06,GH,referral,10.09
2023-06-07,GH,paid_search,47.04
2023-06-07,GH,organic,9.28
2023-06-07,GH,social,29.51
2023-06-07,GH,email,7.2
2023-06-07,GH,referral,7.5
2023-06-08,GH,paid_search,76.36
2023-06-08,GH,organic,8.08
2023-06-08,GH,social,30.58
2023-06-08,GH,email,8.07
2023-06-08,GH,referral,10.08
2023-06-09,GH,paid_search,64.41
2023-06-09,GH,organic,8.6
2023-06-09,GH,social,22.9
2023-06-09,GH,email,9.68
2023-06-09,GH,referral,7.29
2023-06-10,GH,paid_search,81.93
2023-06-10,GH,organic,8.12
2023-06-10,GH,social,46.62
2023-06-10,GH,email,6.27
2023-06-10,GH,referral,8.4
2023-06-11,GH,paid_search,38.56
2023-06-11,GH,organic,4.44
2023-06-11,GH,social,33.86
2023-06-11,GH,email,8.06
2023-06-11,GH,referral,5.82
2023-06-12,GH,paid_search,105.29
2023-06-12,GH,organic,10.17
2023-06-12,GH,social,23.86
2023-06-12,GH,email,4.37
2023-06-12,GH,referral,7.54
2023-06-13,GH,paid_search,77.39
2023-06-13,GH,organic,7.89
2023-06-13,GH,social,35.16
2023-06-13,GH,email,5.24
2023-06-13,GH,referral,10.45
2023-06-14,GH,paid_search,87.07
2023-06-14,GH,organic,7.74
2023-06-14,GH,social,30.04
2023-06-14,GH,email,7.49
2023-06-14,GH,referral,9.45
2023-06-15,GH,paid_search,81.94
2023-06-15,GH,organic,7.8
2023-06-15,GH,social,45.77
2023-06-15,GH,email,7.85
2023-06-15,GH,referral,13.0
2023-06-16,GH,paid_search,62.07
2023-06-16,GH,organic,6.88
2023-06-16,GH,social,43.86
2023-06-16,GH,email,5.9
2023-06-16,GH,referral,9.91
2023-06-17,GH,paid_search,59.49
2023-06-17,GH,organic,10.82
2023-06-17,GH,social,45.36
2023-06-17,GH,email,5.82
2023-06-17,GH,referral,8.39
2023-06-18,GH,paid_search,59.59
2023-06-18,GH,organic,8.27
2023-06-18,GH,social,39.48
2023-06-18,GH,email,4.71
2023-06-18,GH,referral,6.89
2023-06-19,GH,paid_search,73.43
2023-06-19,GH,organic,9.73
2023-06-19,GH,social,36.66
2023-06-19,GH,email,5.63
2023-06-19,GH,referral,7.17
2023-06-20,GH,paid_search,60.59
2023-06-20,GH,organic,9.76
2023-06-20,GH,social,24.72
2023-06-20,GH,email,8.66
2023-06-20,GH,referral,10.21
2023-06-21,GH,paid_search,43.45
2023-06-21,GH,organic,9.01
2023-06-21,GH,social,40.05
2023-06-21,GH,email,5.34
2023-06-21,GH,referral,12.35
2023-06-22,GH,paid_search,60.84
2023-06-22,GH,organic,9.26
2023-06-22,GH,social,35.69
2023-06-22,GH,email,5.57
2023-06-22,GH,referral,13.36
2023-06-23,GH,paid_search,89.7
2023-06-23,GH,organic,5.79
2023-06-23,GH,social,39.42
2023-06-23,GH,email,8.84
2023-06-23,GH,referral,13.42
2023-06-24,GH,paid_search,55.63
2023-06-24,GH,organic,11.19
2023-06-24,GH,social,44.37
2023-06-24,GH,email,4.43
2023-06-24,GH,referral,10.52
2023-06-25,GH,paid_search,80.6
2023-06-25,GH,organic,5.85
2023-06-25,GH,social,42.35
2023-06-25,GH,email,9.64
2023-06-25,GH,referral,13.41
2023-06-26,GH,paid_search,74.92
2023-06-26,GH,organic,7.44
2023-06-26,GH,social,38.96
2023-06-26,GH,email,4.54
2023-06-26,GH,referral,8.81
2023-06-27,GH,paid_search,36.69
2023-06-27,GH,organic,8.87
2023-06-27,GH,social,32.96
2023-06-27,GH,email,6.93
2023-06-27,GH,referral,10.3
2023-06-28,GH,paid_search,53.81
2023-06-28,GH,organic,8.4
2023-06-28,GH,social,29.58
2023-06-28,GH,email,8.48
2023-06-28,GH,referral,7.89
2023-06-29,GH,paid_search,63.54
2023-06-29,GH,organic,5.97
2023-06-29,GH,social,26.1
2023-06-29,GH,email,6.05
2023-06-29,GH,referral,6.89
2023-06-30,GH,paid_search,68.62
2023-06-30,GH,organic,8.86
2023-06-30,GH,social,32.19
2023-06-30,GH,email,2.7
2023-06-30,GH,referral,13.33
2023-07-01,GH,paid_search,76.8
2023-07-01,GH,organic,8.56
2023-07-01,GH,social,33.91
2023-07-01,GH,email,7.22
2023-07-01,GH,referral,12.34
2023-07-02,GH,paid_search,90.68
2023-07-02,GH,organic,8.54
2023-07-02,GH,social,23.62
2023-07-02,GH,email,6.61
2023-07-02,GH,referral,10.67
2023-07-03,GH,paid_search,62.12
2023-07-03,GH,organic,6.4
2023-07-03,GH,social,40.89
2023-07-03,GH,email,5.89
2023-07-03,GH,referral,9.02
2023-07-04,GH,paid_search,102.1
2023-07-04,GH,organic,9.34
2023-07-04,GH,social,39.91
2023-07-04,GH,email,7.83
2023-07-04,GH,referral,10.83
2023-07-05,GH,paid_search,59.33
2023-07-05,GH,organic,7.22
2023-07-05,GH,social,42.59
2023-07-05,GH,email,6.94
2023-07-05,GH,referral,11.12
2023-07-06,GH,paid_search,51.52
2023-07-06,GH,organic,9.63
2023-07-06,GH,social,35.41
2023-07-06,GH,email,6.9
2023-07-06,GH,referral,7.92
2023-07-07,GH,paid_search,107.39
2023-07-07,GH,organic,8.49
2023-07-07,GH,social,32.24
2023-07-07,GH,email,6.97
2023-07-07,GH,referral,12.15
2023-07-08,GH,paid_search,83.41
2023-07-08,GH,organic,6.01
2023-07-08,GH,social,46.28
2023-07-08,GH,email,5.48
2023-07-08,GH,referral,9.96
2023-07-09,GH,paid_search,32.24
2023-07-09,GH,organic,7.07
2023-07-09,GH,social,31.77
2023-07-09,GH,email,6.68
2023-07-09,GH,referral,8.69
2023-07-10,GH,paid_search,42.81
2023-07-10,GH,organic,8.49
2023-07-10,GH,social,33.75
2023-07-10,GH,email,4.91
2023-07-10,GH,referral,10.22
2023-07-11,GH,paid_search,39.96
2023-07-11,GH,organic,9.24
2023-07-11,GH,social,34.35
2023-07-11,GH,email,5.6
2023-07-11,GH,referral,12.38
2023-07-12,GH,paid_search,62.36
2023-07-12,GH,organic,8.52
2023-07-12,GH,social,34.83
2023-07-12,GH,email,10.82
2023-07-12,GH,referral,11.22
2023-07-13,GH,paid_search,51.45
2023-07-13,GH,organic,11.5
2023-07-13,GH,social,45.39
2023-07-13,GH,email,6.07
2023-07-13,GH,referral,8.91
2023-07-14,GH,paid_search,48.13
2023-07-14,GH,organic,8.86
2023-07-14,GH,social,29.92
2023-07-14,GH,email,4.68
2023-07-14,GH,referral,11.94
2023-07-15,GH,paid_search,99.81
2023-07-15,GH,organic,7.05
2023-07-15,GH,social,43.25
2023-07-15,GH,email,6.32
2023-07-15,GH,referral,10.9
2023-07-16,GH,paid_search,57.26
2023-07-16,GH,organic,7.58
2023-07-16,GH,social,26.13
2023-07-16,GH,email,4.17
2023-07-16,GH,referral,11.3
2023-07-17,GH,paid_search,62.56
2023-07-17,GH,organic,6.17
2023-07-17,GH,social,25.11
2023-07-17,GH,email,3.73
2023-07-17,GH,referral,5.11
2023-07-18,GH,paid_search,74.0
2023-07-18,GH,organic,2.75
2023-07-18,GH,social,40.24
2023-07-18,GH,email,6.7
2023-07-18,GH,referral,9.75
2023-07-19,GH,paid_search,73.33
2023-07-19,GH,organic,7.43
2023-07-19,GH,social,38.03
2023-07-19,GH,email,6.32
2023-07-19,GH,referral,13.25
2023-07-20,GH,paid_search,99.59
2023-07-20,GH,organic,11.0
2023-07-20,GH,social,28.82
2023-07-20,GH,email,7.14
2023-07-20,GH,referral,11.27
2023-07-21,GH,paid_search,60.32
2023-07-21,GH,organic,6.23
2023-07-21,GH,social,32.61
2023-07-21,GH,email,4.41
2023-07-21,GH,referral,6.53
2023-07-22,GH,paid_search,80.95
2023-07-22,GH,organic,8.07
2023-07-22,GH,social,36.25
2023-07-22,GH,email,7.39
2023-07-22,GH,referral,9.51
2023-07-23,GH,paid_search,86.95
2023-07-23,GH,organic,6.52
2023-07-23,GH,social,29.29
2023-07-23,GH,email,6.02
2023-07-23,GH,referral,15.3
2023-07-24,GH,paid_search,95.14
2023-07-24,GH,organic,10.2
2023-07-24,GH,social,23.65
2023-07-24,GH,email,6.22
2023-07-24,GH,referral,12.05
2023-07-25,GH,paid_search,109.54
2023-07-25,GH,organic,4.63
2023-07-25,GH,social,42.58
2023-07-25,GH,email,7.6
2023-07-25,GH,referral,11.13
2023-07-26,GH,paid_search,47.69
2023-07-26,GH,organic,8.51
2023-07-26,GH,social,39.86
2023-07-26,GH,email,6.27
2023-07-26,GH,referral,8.29
2023-07-27,GH,paid_search,57.44
2023-07-27,GH,organic,8.91
2023-07-27,GH,social,29.91
2023-07-27,GH,email,5.02
2023-07-27,GH,referral,9.65
2023-07-28,GH,paid_search,74.88
2023-07-28,GH,organic,10.08
2023-07-28,GH,social,25.24
2023-07-28,GH,email,4.06
2023-07-28,GH,referral,9.04
2023-07-29,GH,paid_search,39.6
2023-07-29,GH,organic,9.17
2023-07-29,GH,social,18.06
2023-07-29,GH,email,7.06
2023-07-29,GH,referral,12.77
2023-07-30,GH,paid_search,76.67
2023-07-30,GH,organic,4.29
2023-07-30,GH,social,36.96
2023-07-30,GH,email,4.8
2023-07-30,GH,referral,6.99
2023-07-31,GH,paid_search,82.43
2023-07-31,GH,organic,9.53
2023-07-31,GH,social,47.57
2023-07-31,GH,email,5.57
2023-07-31,GH,referral,10.43
2023-08-01,GH,paid_search,101.98
2023-08-01,GH,organic,12.19
2023-08-01,GH,social,45.72
2023-08-01,GH,email,5.48
2023-08-01,GH,referral,10.02
2023-08-02,GH,paid_search,68.79
2023-08-02,GH,organic,9.41
2023-08-02,GH,social,28.62
2023-08-02,GH,email,6.48
2023-08-02,GH,referral,10.82
2023-08-03,GH,paid_search,78.91
2023-08-03,GH,organic,5.96
2023-08-03,GH,social,38.22
2023-08-03,GH,email,8.65
2023-08-03,GH,referral,8.86
2023-08-04,GH,paid_search,76.68
2023-08-04,GH,organic,4.32
2023-08-04,GH,social,38.28
2023-08-04,GH,email,6.32
2023-08-04,GH,referral,10.29
2023-08-05,GH,paid_search,85.15
2023-08-05,GH,organic,7.44
2023-08-05,GH,social,46.59
2023-08-05,GH,email,4.68
2023-08-05,GH,referral,13.61
2023-08-06,GH,paid_search,75.83
2023-08-06,GH,organic,7.86
2023-08-06,GH,social,23.11
2023-08-06,GH,email,4.34
2023-08-06,GH,referral,10.88
2023-08-07,GH,paid_search,59.1
2023-08-07,GH,organic,9.99
2023-08-07,GH,social,38.59
2023-08-07,GH,email,3.86
2023-08-07,GH,referral,11.9
2023-08-08,GH,paid_search,69.08
2023-08-08,GH,organic,7.91
2023-08-08,GH,social,45.4
2023-08-08,GH,email,3.91
2023-08-08,GH,referral,7.19
2023-08-09,GH,paid_search,77.86
2023-08-09,GH,organic,4.6
2023-08-09,GH,social,30.54
2023-08-09,GH,email,7.47
2023-08-09,GH,referral,9.73
2023-08-10,GH,paid_search,47.26
2023-08-10,GH,organic,8.38
2023-08-10,GH,social,32.36
2023-08-10,GH,email,4.95
2023-08-10,GH,referral,18.89
2023-08-11,GH,paid_search,82.35
2023-08-11,GH,organic,7.43
2023-08-11,GH,social,44.08
2023-08-11,GH,email,5.56
2023-08-11,GH,referral,8.7
2023-08-12,GH,paid_search,77.39
2023-08-12,GH,organic,9.02
2023-08-12,GH,social,44.33
2023-08-12,GH,email,8.14
2023-08-12,GH,referral,12.97
2023-08-13,GH,paid_search,87.42
2023-08-13,GH,organic,9.92
2023-08-13,GH,social,46.66
2023-08-13,GH,email,7.06
2023-08-13,GH,referral,6.04
2023-08-14,GH,paid_search,80.96
2023-08-14,GH,organic,10.75
2023-08-14,GH,social,28.77
2023-08-14,GH,email,5.41
2023-08-14,GH,referral,9.85
2023-08-15,GH,paid_search,75.42
2023-08-15,GH,organic,6.89
2023-08-15,GH,social,36.52
2023-08-15,GH,email,6.77
2023-08-15,GH,referral,4.97
2023-08-16,GH,paid_search,73.35
2023-08-16,GH,organic,7.23
2023-08-16,GH,social,20.64
2023-08-16,GH,email,6.85
2023-08-16,GH,referral,10.78
2023-08-17,GH,paid_search,74.97
2023-08-17,GH,organic,9.22
2023-08-17,GH,social,38.89
2023-08-17,GH,email,4.89
2023-08-17,GH,referral,11.81
2023-08-18,GH,paid_search,88.1
2023-08-18,GH,organic,5.83
2023-08-18,GH,social,43.92
2023-08-18,GH,email,5.57
2023-08-18,GH,referral,11.53
2023-08-19,GH,paid_search,74.74
2023-08-19,GH,organic,7.66
2023-08-19,GH,social,40.85
2023-08-19,GH,email,5.5
2023-08-19,GH,referral,12.7
2023-08-20,GH,paid_search,94.41
2023-08-20,GH,organic,6.91
2023-08-20,GH,social,34.49
2023-08-20,GH,email,5.44
2023-08-20,GH,referral,10.94
2023-08-21,GH,paid_search,95.58
2023-08-21,GH,organic,4.66
2023-08-21,GH,social,23.24
2023-08-21,GH,email,5.87
2023-08-21,GH,referral,10.46
2023-08-22,GH,paid_search,55.06
2023-08-22,GH,organic,8.36
2023-08-22,GH,social,29.33
2023-08-22,GH,email,5.33
2023-08-22,GH,referral,13.17
2023-08-23,GH,paid_search,65.82
2023-08-23,GH,organic,7.28
2023-08-23,GH,social,37.19
2023-08-23,GH,email,7.64
2023-08-23,GH,referral,9.89
2023-08-24,GH,paid_search,61.95
2023-08-24,GH,organic,9.16
2023-08-24,GH,social,43.31
2023-08-24,GH,email,7.72
2023-08-24,GH,referral,9.91
2023-08-25,GH,paid_search,80.55
2023-08-25,GH,organic,9.58
2023-08-25,GH,social,37.64
2023-08-25,GH,email,7.98
2023-08-25,GH,referral,11.63
2023-08-26,GH,paid_search,105.89
2023-08-26,GH,organic,9.84
2023-08-26,GH,social,18.66
2023-08-26,GH,email,5.4
2023-08-26,GH,referral,5.96
2023-08-27,GH,paid_search,60.5
2023-08-27,GH,organic,7.26
2023-08-27,GH,social,43.82
2023-08-27,GH,email,5.34
2023-08-27,GH,referral,13.49
2023-08-28,GH,paid_search,59.97
2023-08-28,GH,organic,7.42
2023-08-28,GH,social,24.84
2023-08-28,GH,email,8.17
2023-08-28,GH,referral,13.95
2023-08-29,GH,paid_search,69.62
2023-08-29,GH,organic,5.04
2023-08-29,GH,social,34.13
2023-08-29,GH,email,6.35
2023-08-29,GH,referral,8.41
2023-08-30,GH,paid_search,114.32
2023-08-30,GH,organic,11.65
2023-08-30,GH,social,20.26
2023-08-30,GH,email,4.27
2023-08-30,GH,referral,11.15
2023-08-31,GH,paid_search,52.71
2023-08-31,GH,organic,8.37
2023-08-31,GH,social,36.1
2023-08-31,GH,email,5.94
2023-08-31,GH,referral,12.55
2023-09-01,GH,paid_search,104.53
2023-09-01,GH,organic,8.79
2023-09-01,GH,social,25.09
2023-09-01,GH,email,6.22
2023-09-01,GH,referral,8.54
2023-09-02,GH,paid_search,107.86
2023-09-02,GH,organic,9.39
2023-09-02,GH,social,39.62
2023-09-02,GH,email,6.97
2023-09-02,GH,referral,9.9
2023-09-03,GH,paid_search,94.54
2023-09-03,GH,organic,6.86
2023-09-03,GH,social,44.64
2023-09-03,GH,email,8.39
2023-09-03,GH,referral,7.97
2023-09-04,GH,paid_search,78.08
2023-09-04,GH,organic,8.83
2023-09-04,GH,social,26.33
2023-09-04,GH,email,3.95
2023-09-04,GH,referral,7.71
2023-09-05,GH,paid_search,71.06
2023-09-05,GH,organic,8.84
2023-09-05,GH,social,32.67
2023-09-05,GH,email,8.9
2023-09-05,GH,referral,12.57
2023-09-06,GH,paid_search,80.15
2023-09-06,GH,organic,7.14
2023-09-06,GH,social,36.63
2023-09-06,GH,email,7.65
2023-09-06,GH,referral,12.3
2023-09-07,GH,paid_search,88.37
2023-09-07,GH,organic,7.39
2023-09-07,GH,social,31.29
2023-09-07,GH,email,3.86
2023-09-07,GH,referral,11.32
2023-09-08,GH,paid_search,44.67
2023-09-08,GH,organic,7.97
2023-09-08,GH,social,32.22
2023-09-08,GH,email,6.33
2023-09-08,GH,referral,12.91
2023-09-09,GH,paid_search,96.37
2023-09-09,GH,organic,9.4
2023-09-09,GH,social,29.12
2023-09-09,GH,email,5.97
2023-09-09,GH,referral,7.82
2023-09-10,GH,paid_search,60.22
2023-09-10,GH,organic,8.96
2023-09-10,GH,social,27.23
2023-09-10,GH,email,5.32
2023-09-10,GH,referral,7.33
2023-09-11,GH,paid_search,83.85
2023-09-11,GH,organic,7.28
2023-09-11,GH,social,16.05
2023-09-11,GH,email,8.45
2023-09-11,GH,referral,12.53
2023-09-12,GH,paid_search,35.72
2023-09-12,GH,organic,9.47
2023-09-12,GH,social,49.7
2023-09-12,GH,email,5.72
2023-09-12,GH,referral,10.37
2023-09-13,GH,paid_search,66.26
2023-09-13,GH,organic,9.04
2023-09-13,GH,social,45.3
2023-09-13,GH,email,4.21
2023-09-13,GH,referral,8.23
2023-09-14,GH,paid_search,73.83
2023-09-14,GH,organic,8.62
2023-09-14,GH,social,39.67
2023-09-14,GH,email,5.71
2023-09-14,GH,referral,7.79
2023-09-15,GH,paid_search,89.73
2023-09-15,GH,organic,5.56
2023-09-15,GH,social,31.57
2023-09-15,GH,email,6.03
2023-09-15,GH,referral,11.21
2023-09-16,GH,paid_search,66.75
2023-09-16,GH,organic,9.51
2023-09-16,GH,social,47.26
2023-09-16,GH,email,5.07
2023-09-16,GH,referral,10.98
2023-09-17,GH,paid_search,76.43
2023-09-17,GH,organic,7.32
2023-09-17,GH,social,18.84
2023-09-17,GH,email,6.53
2023-09-17,GH,referral,11.16
2023-09-18,GH,paid_search,91.57
2023-09-18,GH,organic,7.33
2023-09-18,GH,social,30.0
2023-09-18,GH,email,4.63
2023-09-18,GH,referral,2.5
2023-09-19,GH,paid_search,64.72
2023-09-19,GH,organic,13.53
2023-09-19,GH,social,47.44
2023-09-19,GH,email,4.51
2023-09-19,GH,referral,8.71
2023-09-20,GH,paid_search,62.62
2023-09-20,GH,organic,10.8
2023-09-20,GH,social,56.02
2023-09-20,GH,email,6.13
2023-09-20,GH,referral,10.66
2023-09-21,GH,paid_search,81.37
2023-09-21,GH,organic,7.97
2023-09-21,GH,social,38.54
2023-09-21,GH,email,6.07
2023-09-21,GH,referral,11.19
2023-09-22,GH,paid_search,35.97
2023-09-22,GH,organic,7.04
2023-09-22,GH,social,25.35
2023-09-22,GH,email,7.04
2023-09-22,GH,referral,8.04
2023-09-23,GH,paid_search,43.83
2023-09-23,GH,organic,4.42
2023-09-23,GH,social,40.04
2023-09-23,GH,email,4.61
2023-09-23,GH,referral,9.65
2023-09-24,GH,paid_search,100.49
2023-09-24,GH,organic,8.75
2023-09-24,GH,social,31.41
2023-09-24,GH,email,4.24
2023-09-24,GH,referral,11.09
2023-09-25,GH,paid_search,69.68
2023-09-25,GH,organic,9.16
2023-09-25,GH,social,14.55
2023-09-25,GH,email,7.71
2023-09-25,GH,referral,5.72
2023-09-26,GH,paid_search,63.29
2023-09-26,GH,organic,10.78
2023-09-26,GH,social,15.9
2023-09-26,GH,email,5.87
2023-09-26,GH,referral,9.31
2023-09-27,GH,paid_search,71.48
2023-09-27,GH,organic,8.71
2023-09-27,GH,social,36.14
2023-09-27,GH,email,3.99
2023-09-27,GH,referral,10.24
2023-09-28,GH,paid_search,71.67
2023-09-28,GH,organic,7.88
2023-09-28,GH,social,54.77
2023-09-28,GH,email,8.01
2023-09-28,GH,referral,14.57
2023-09-29,GH,paid_search,78.19
2023-09-29,GH,organic,11.57
2023-09-29,GH,social,28.3
2023-09-29,GH,email,5.46
2023-09-29,GH,referral,8.55
2023-09-30,GH,paid_search,63.07
2023-09-30,GH,organic,8.08
2023-09-30,GH,social,37.84
2023-09-30,GH,email,6.65
2023-09-30,GH,referral,14.36
2023-10-01,GH,paid_search,44.56
2023-10-01,GH,organic,5.59
2023-10-01,GH,social,14.02
2023-10-01,GH,email,4.74
2023-10-01,GH,referral,8.89
2023-10-02,GH,paid_search,59.43
2023-10-02,GH,organic,5.72
2023-10-02,GH,social,36.8
2023-10-02,GH,email,5.42
2023-10-02,GH,referral,7.79
2023-10-03,GH,paid_search,74.72
2023-10-03,GH,organic,6.85
2023-10-03,GH,social,46.41
2023-10-03,GH,email,5.75
2023-10-03,GH,referral,9.13
2023-10-04,GH,paid_search,76.71
2023-10-04,GH,organic,3.99
2023-10-04,GH,social,46.92
2023-10-04,GH,email,7.18
2023-10-04,GH,referral,8.02
2023-10-05,GH,paid_search,51.65
2023-10-05,GH,organic,5.98
2023-10-05,GH,social,23.31
2023-10-05,GH,email,3.45
2023-10-05,GH,referral,6.39
2023-10-06,GH,paid_search,24.35
2023-10-06,GH,organic,7.27
2023-10-06,GH,social,34.77
2023-10-06,GH,email,7.92
2023-10-06,GH,referral,12.47
2023-10-07,GH,paid_search,58.79
2023-10-07,GH,organic,7.5
2023-10-07,GH,social,45.93
2023-10-07,GH,email,5.33
2023-10-07,GH,referral,10.43
2023-10-08,GH,paid_search,61.09
2023-10-08,GH,organic,8.08
2023-10-08,GH,social,36.75
2023-10-08,GH,email,5.48
2023-10-08,GH,referral,12.66
2023-10-09,GH,paid_search,56.44
2023-10-09,GH,organic,8.23
2023-10-09,GH,social,52.05
2023-10-09,GH,email,6.47
2023-10-09,GH,referral,8.01
2023-10-10,GH,paid_search,78.26
2023-10-10,GH,organic,12.86
2023-10-10,GH,social,36.35
2023-10-10,GH,email,7.19
2023-10-10,GH,referral,10.01
2023-10-11,GH,paid_search,76.96
2023-10-11,GH,organic,7.84
2023-10-11,GH,social,26.84
2023-10-11,GH,email,6.56
2023-10-11,GH,referral,6.94
2023-10-12,GH,paid_search,66.38
2023-10-12,GH,organic,11.82
2023-10-12,GH,social,35.35
2023-10-12,GH,email,4.62
2023-10-12,GH,referral,10.6
2023-10-13,GH,paid_search,62.04
2023-10-13,GH,organic,8.22
2023-10-13,GH,social,25.41
2023-10-13,GH,email,7.17
2023-10-13,GH,referral,10.31
2023-10-14,GH,paid_search,53.97
2023-10-14,GH,organic,8.72
2023-10-14,GH,social,53.42
2023-10-14,GH,email,4.81
2023-10-14,GH,referral,11.89
2023-10-15,GH,paid_search,79.52
2023-10-15,GH,organic,8.81
2023-10-15,GH,social,44.1
2023-10-15,GH,email,5.58
2023-10-15,GH,referral,10.38
2023-10-16,GH,paid_search,73.77
2023-10-16,GH,organic,6.29
2023-10-16,GH,social,40.13
2023-10-16,GH,email,5.46
2023-10-16,GH,referral,14.58
2023-10-17,GH,paid_search,62.86
2023-10-17,GH,organic,5.36
2023-10-17,GH,social,46.08
2023-10-17,GH,email,4.88
2023-10-17,GH,referral,6.97
2023-10-18,GH,paid_search,78.98
2023-10-18,GH,organic,10.66
2023-10-18,GH,social,42.64
2023-10-18,GH,email,5.14
2023-10-18,GH,referral,10.32
2023-10-19,GH,paid_search,66.83
2023-10-19,GH,organic,11.32
2023-10-19,GH,social,32.06
2023-10-19,GH,email,6.15
2023-10-19,GH,referral,10.42
2023-10-20,GH,paid_search,51.12
2023-10-20,GH,organic,7.61
2023-10-20,GH,social,34.41
2023-10-20,GH,email,8.07
2023-10-20,GH,referral,10.49
2023-10-21,GH,paid_search,65.19
2023-10-21,GH,organic,7.71
2023-10-21,GH,social,35.4
2023-10-21,GH,email,5.94
2023-10-21,GH,referral,12.32
2023-10-22,GH,paid_search,89.62
2023-10-22,GH,organic,6.02
2023-10-22,GH,social,45.61
2023-10-22,GH,email,7.13
2023-10-22,GH,referral,9.87
2023-10-23,GH,paid_search,45.47
2023-10-23,GH,organic,8.43
2023-10-23,GH,social,32.81
2023-10-23,GH,email,6.83
2023-10-23,GH,referral,11.62
2023-10-24,GH,paid_search,95.74
2023-10-24,GH,organic,5.88
2023-10-24,GH,social,55.25
2023-10-24,GH,email,7.34
2023-10-24,GH,referral,11.79
2023-10-25,GH,paid_search,106.5
2023-10-25,GH,organic,8.64
2023-10-25,GH,social,45.3
2023-10-25,GH,email,6.25
2023-10-25,GH,referral,12.1
2023-10-26,GH,paid_search,92.91
2023-10-26,GH,organic,10.12
2023-10-26,GH,social,22.39
2023-10-26,GH,email,5.38
2023-10-26,GH,referral,12.93
2023-10-27,GH,paid_search,80.97
2023-10-27,GH,organic,7.9
2023-10-27,GH,social,40.57
2023-10-27,GH,email,4.34
2023-10-27,GH,referral,11.97
2023-10-28,GH,paid_search,78.69
2023-10-28,GH,organic,8.17
2023-10-28,GH,social,34.39
2023-10-28,GH,email,6.35
2023-10-28,GH,referral,9.31
2023-10-29,GH,paid_search,66.17
2023-10-29,GH,organic,11.58
2023-10-29,GH,social,21.72
2023-10-29,GH,email,3.65
2023-10-29,GH,referral,11.95
2023-10-30,GH,paid_search,50.04
2023-10-30,GH,organic,3.99
2023-10-30,GH,social,45.13
2023-10-30,GH,email,7.89
2023-10-30,GH,referral,6.73
2023-10-31,GH,paid_search,39.68
2023-10-31,GH,organic,5.56
2023-10-31,GH,social,29.7
2023-10-31,GH,email,8.87
2023-10-31,GH,referral,8.93
2023-11-01,GH,paid_search,86.97
2023-11-01,GH,organic,9.44
2023-11-01,GH,social,47.9
2023-11-01,GH,email,5.06
2023-11-01,GH,referral,9.97
2023-11-02,GH,paid_search,68.05
2023-11-02,GH,organic,9.08
2023-11-02,GH,social,46.94
2023-11-02,GH,email,9.27
2023-11-02,GH,referral,9.02
2023-11-03,GH,paid_search,74.54
2023-11-03,GH,organic,9.73
2023-11-03,GH,social,41.51
2023-11-03,GH,email,8.57
2023-11-03,GH,referral,9.73
2023-11-04,GH,paid_search,64.85
2023-11-04,GH,organic,10.75
2023-11-04,GH,social,38.73
2023-11-04,GH,email,6.81
2023-11-04,GH,referral,9.82
2023-11-05,GH,paid_search,88.69
2023-11-05,GH,organic,6.27
2023-11-05,GH,social,31.88
2023-11-05,GH,email,2.03
2023-11-05,GH,referral,8.43
2023-11-06,GH,paid_search,88.77
2023-11-06,GH,organic,8.09
2023-11-06,GH,social,27.68
2023-11-06,GH,email,8.14
2023-11-06,GH,referral,10.35
2023-11-07,GH,paid_search,102.49
2023-11-07,GH,organic,9.71
2023-11-07,GH,social,37.69
2023-11-07,GH,email,8.75
2023-11-07,GH,referral,9.06
2023-11-08,GH,paid_search,52.29
2023-11-08,GH,organic,11.2
2023-11-08,GH,social,41.44
2023-11-08,GH,email,8.09
2023-11-08,GH,referral,12.2
2023-11-09,GH,paid_search,101.58
2023-11-09,GH,organic,6.98
2023-11-09,GH,social,34.3
2023-11-09,GH,email,5.7
2023-11-09,GH,referral,9.54
2023-11-10,GH,paid_search,43.79
2023-11-10,GH,organic,8.33
2023-11-10,GH,social,43.12
2023-11-10,GH,email,4.98
2023-11-10,GH,referral,7.72
2023-11-11,GH,paid_search,69.55
2023-11-11,GH,organic,9.57
2023-11-11,GH,social,26.32
2023-11-11,GH,email,9.5
2023-11-11,GH,referral,6.75
2023-11-12,GH,paid_search,61.73
2023-11-12,GH,organic,10.27
2023-11-12,GH,social,44.71
2023-11-12,GH,email,7.32
2023-11-12,GH,referral,8.29
2023-11-13,GH,paid_search,63.08
2023-11-13,GH,organic,6.29
2023-11-13,GH,social,33.12
2023-11-13,GH,email,6.57
2023-11-13,GH,referral,7.85
2023-11-14,GH,paid_search,40.53
2023-11-14,GH,organic,10.34
2023-11-14,GH,social,34.38
2023-11-14,GH,email,7.12
2023-11-14,GH,referral,9.23
2023-11-15,GH,paid_search,81.77
2023-11-15,GH,organic,12.65
2023-11-15,GH,social,25.71
2023-11-15,GH,email,4.83
2023-11-15,GH,referral,7.75
2023-11-16,GH,paid_search,109.88
2023-11-16,GH,organic,7.96
2023-11-16,GH,social,43.99
2023-11-16,GH,email,2.03
2023-11-16,GH,referral,10.94
2023-11-17,GH,paid_search,65.51
2023-11-17,GH,organic,10.78
2023-11-17,GH,social,41.93
2023-11-17,GH,email,5.37
2023-11-17,GH,referral,13.95
2023-11-18,GH,paid_search,102.09
2023-11-18,GH,organic,11.01
2023-11-18,GH,social,42.86
2023-11-18,GH,email,5.58
2023-11-18,GH,referral,10.58
2023-11-19,GH,paid_search,64.5
2023-11-19,GH,organic,8.44
2023-11-19,GH,social,30.65
2023-11-19,GH,email,5.75
2023-11-19,GH,referral,15.36
2023-11-20,GH,paid_search,77.6
2023-11-20,GH,organic,7.14
2023-11-20,GH,social,26.1
2023-11-20,GH,email,5.85
2023-11-20,GH,referral,11.86
2023-11-21,GH,paid_search,74.46
2023-11-21,GH,organic,7.89
2023-11-21,GH,social,39.83
2023-11-21,GH,email,6.59
2023-11-21,GH,referral,11.76
2023-11-22,GH,paid_search,85.17
2023-11-22,GH,organic,7.82
2023-11-22,GH,social,34.75
2023-11-22,GH,email,6.0
2023-11-22,GH,referral,11.4
2023-11-23,GH,paid_search,92.18
2023-11-23,GH,organic,7.33
2023-11-23,GH,social,34.53
2023-11-23,GH,email,4.78
2023-11-23,GH,referral,6.26
2023-11-24,GH,paid_search,49.72
2023-11-24,GH,organic,5.99
2023-11-24,GH,social,30.01
2023-11-24,GH,email,6.69
2023-11-24,GH,referral,7.32
2023-11-25,GH,paid_search,72.32
2023-11-25,GH,organic,9.68
2023-11-25,GH,social,28.53
2023-11-25,GH,email,5.26
2023-11-25,GH,referral,6.7
2023-11-26,GH,paid_search,54.85
2023-11-26,GH,organic,10.74
2023-11-26,GH,social,40.54
2023-11-26,GH,email,9.22
2023-11-26,GH,referral,8.16
2023-11-27,GH,paid_search,99.15
2023-11-27,GH,organic,6.54
2023-11-27,GH,social,31.49
2023-11-27,GH,email,10.08
2023-11-27,GH,referral,7.91
2023-11-28,GH,paid_search,100.56
2023-11-28,GH,organic,7.94
2023-11-28,GH,social,26.31
2023-11-28,GH,email,3.85
2023-11-28,GH,referral,10.26
2023-11-29,GH,paid_search,51.78
2023-11-29,GH,organic,7.41
2023-11-29,GH,social,18.86
2023-11-29,GH,email,6.53
2023-11-29,GH,referral,6.14
2023-11-30,GH,paid_search,70.92
2023-11-30,GH,organic,5.23
2023-11-30,GH,social,47.03
2023-11-30,GH,email,2.84
2023-11-30,GH,referral,9.29
2023-12-01,GH,paid_search,82.07
2023-12-01,GH,organic,8.72
2023-12-01,GH,social,24.78
2023-12-01,GH,email,3.39
2023-12-01,GH,referral,11.95
2023-12-02,GH,paid_search,69.77
2023-12-02,GH,organic,5.86
2023-12-02,GH,social,43.36
2023-12-02,GH,email,5.16
2023-12-02,GH,referral,8.36
2023-12-03,GH,paid_search,56.4
2023-12-03,GH,organic,6.48
2023-12-03,GH,social,28.84
2023-12-03,GH,email,6.49
2023-12-03,GH,referral,13.88
2023-12-04,GH,paid_search,46.86
2023-12-04,GH,organic,7.32
2023-12-04,GH,social,34.52
2023-12-04,GH,email,6.7
2023-12-04,GH,referral,12.47
2023-12-05,GH,paid_search,69.13
2023-12-05,GH,organic,6.73
2023-12-05,GH,social,41.2
2023-12-05,GH,email,3.54
2023-12-05,GH,referral,4.64
2023-12-06,GH,paid_search,118.63
2023-12-06,GH,organic,6.38
2023-12-06,GH,social,32.28
2023-12-06,GH,email,6.82
2023-12-06,GH,referral,10.87
2023-12-07,GH,paid_search,87.93
2023-12-07,GH,organic,9.88
2023-12-07,GH,social,23.02
2023-12-07,GH,email,7.9
2023-12-07,GH,referral,11.28
2023-12-08,GH,paid_search,78.8
2023-12-08,GH,organic,8.85
2023-12-08,GH,social,15.91
2023-12-08,GH,email,5.69
2023-12-08,GH,referral,7.58
2023-12-09,GH,paid_search,52.01
2023-12-09,GH,organic,7.02
2023-12-09,GH,social,43.43
2023-12-09,GH,email,6.43
2023-12-09,GH,referral,11.09
2023-12-10,GH,paid_search,63.97
2023-12-10,GH,organic,8.75
2023-12-10,GH,social,34.21
2023-12-10,GH,email,7.42
2023-12-10,GH,referral,11.74
2023-12-11,GH,paid_search,74.88
2023-12-11,GH,organic,6.4
2023-12-11,GH,social,38.46
2023-12-11,GH,email,6.36
2023-12-11,GH,referral,10.3
2023-12-12,GH,paid_search,63.43
2023-12-12,GH,organic,6.69
2023-12-12,GH,social,38.9
2023-12-12,GH,email,4.71
2023-12-12,GH,referral,9.37
2023-12-13,GH,paid_search,82.56
2023-12-13,GH,organic,8.88
2023-12-13,GH,social,25.58
2023-12-13,GH,email,6.45
2023-12-13,GH,referral,15.08
2023-12-14,GH,paid_search,84.16
2023-12-14,GH,organic,7.45
2023-12-14,GH,social,47.77
2023-12-14,GH,email,9.3
2023-12-14,GH,referral,12.16
2023-12-15,GH,paid_search,40.83
2023-12-15,GH,organic,9.23
2023-12-15,GH,social,48.14
2023-12-15,GH,email,2.9
2023-12-15,GH,referral,12.34
2023-12-16,GH,paid_search,68.34
2023-12-16,GH,organic,10.63
2023-12-16,GH,social,35.36
2023-12-16,GH,email,6.51
2023-12-16,GH,referral,10.9
2023-12-17,GH,paid_search,84.85
2023-12-17,GH,organic,8.89
2023-12-17,GH,social,27.91
2023-12-17,GH,email,5.61
2023-12-17,GH,referral,9.98
2023-12-18,GH,paid_search,94.15
2023-12-18,GH,organic,8.97
2023-12-18,GH,social,30.08
2023-12-18,GH,email,4.62
2023-12-18,GH,referral,11.64
2023-12-19,GH,paid_search,63.45
2023-12-19,GH,organic,9.51
2023-12-19,GH,social,35.5
2023-12-19,GH,email,8.19
2023-12-19,GH,referral,8.16
2023-12-20,GH,paid_search,97.9
2023-12-20,GH,organic,9.97
2023-12-20,GH,social,32.04
2023-12-20,GH,email,4.68
2023-12-20,GH,referral,14.82
2023-12-21,GH,paid_search,55.75
2023-12-21,GH,organic,8.61
2023-12-21,GH,social,39.11
2023-12-21,GH,email,6.02
2023-12-21,GH,referral,11.95
2023-12-22,GH,paid_search,55.25
2023-12-22,GH,organic,11.87
2023-12-22,GH,social,28.58
2023-12-22,GH,email,5.78
2023-12-22,GH,referral,6.4
2023-12-23,GH,paid_search,90.83
2023-12-23,GH,organic,11.78
2023-12-23,GH,social,54.07
2023-12-23,GH,email,7.7
2023-12-23,GH,referral,9.07
2023-12-24,GH,paid_search,72.03
2023-12-24,GH,organic,7.35
2023-12-24,GH,social,25.08
2023-12-24,GH,email,5.56
2023-12-24,GH,referral,12.27
2023-12-25,GH,paid_search,56.39
2023-12-25,GH,organic,3.44
2023-12-25,GH,social,24.72
2023-12-25,GH,email,7.23
2023-12-25,GH,referral,5.7
2023-12-26,GH,paid_search,63.5
2023-12-26,GH,organic,7.23
2023-12-26,GH,social,38.32
2023-12-26,GH,email,6.35
2023-12-26,GH,referral,11.0
2023-12-27,GH,paid_search,69.32
2023-12-27,GH,organic,6.11
2023-12-27,GH,social,44.11
2023-12-27,GH,email,3.35
2023-12-27,GH,referral,11.95
2023-12-28,GH,paid_search,92.59
2023-12-28,GH,organic,12.67
2023-12-28,GH,social,29.21
2023-12-28,GH,email,5.16
2023-12-28,GH,referral,10.13
2023-12-29,GH,paid_search,71.62
2023-12-29,GH,organic,9.67
2023-12-29,GH,social,40.7
2023-12-29,GH,email,5.47
2023-12-29,GH,referral,9.75
2023-12-30,GH,paid_search,88.8
2023-12-30,GH,organic,5.47
2023-12-30,GH,social,33.9
2023-12-30,GH,email,6.83
2023-12-30,GH,referral,7.33
2023-12-31,GH,paid_search,8.26
2023-12-31,GH,organic,10.89
2023-12-31,GH,social,35.82
2023-12-31,GH,email,4.11
2023-12-31,GH,referral,12.3
2024-01-01,GH,paid_search,68.25
2024-01-01,GH,organic,5.93
2024-01-01,GH,social,39.33
2024-01-01,GH,email,6.08
2024-01-01,GH,referral,8.47
2024-01-02,GH,paid_search,58.15
2024-01-02,GH,organic,5.95
2024-01-02,GH,social,42.62
2024-01-02,GH,email,4.13
2024-01-02,GH,referral,8.01
2024-01-03,GH,paid_search,73.82
2024-01-03,GH,organic,10.92
2024-01-03,GH,social,37.2
2024-01-03,GH,email,6.88
2024-01-03,GH,referral,10.26
2024-01-04,GH,paid_search,88.32
2024-01-04,GH,organic,11.88
2024-01-04,GH,social,32.06
2024-01-04,GH,email,6.02
2024-01-04,GH,referral,10.43
2024-01-05,GH,paid_search,81.54
2024-01-05,GH,organic,8.26
2024-01-05,GH,social,31.11
2024-01-05,GH,email,5.99
2024-01-05,GH,referral,16.08
2024-01-06,GH,paid_search,77.65
2024-01-06,GH,organic,4.18
2024-01-06,GH,social,32.45
2024-01-06,GH,email,6.02
2024-01-06,GH,referral,9.65
2024-01-07,GH,paid_search,70.77
2024-01-07,GH,organic,8.57
2024-01-07,GH,social,40.58
2024-01-07,GH,email,6.39
2024-01-07,GH,referral,12.38
2024-01-08,GH,paid_search,45.08
2024-01-08,GH,organic,7.49
2024-01-08,GH,social,39.91
2024-01-08,GH,email,6.38
2024-01-08,GH,referral,8.37
2024-01-09,GH,paid_search,62.43
2024-01-09,GH,organic,6.32
2024-01-09,GH,social,44.79
2024-01-09,GH,email,3.22
2024-01-09,GH,referral,6.8
2024-01-10,GH,paid_search,79.54
2024-01-10,GH,organic,9.09
2024-01-10,GH,social,21.74
2024-01-10,GH,email,6.94
2024-01-10,GH,referral,10.45
2024-01-11,GH,paid_search,81.28
2024-01-11,GH,organic,8.14
2024-01-11,GH,social,39.83
2024-01-11,GH,email,6.69
2024-01-11,GH,referral,11.18
2024-01-12,GH,paid_search,76.39
2024-01-12,GH,organic,7.83
2024-01-12,GH,social,35.28
2024-01-12,GH,email,6.35
2024-01-12,GH,referral,12.06
2024-01-13,GH,paid_search,107.37
2024-01-13,GH,organic,9.06
2024-01-13,GH,social,39.4
2024-01-13,GH,email,7.82
2024-01-13,GH,referral,10.99
2024-01-14,GH,paid_search,52.91
2024-01-14,GH,organic,6.53
2024-01-14,GH,social,52.46
2024-01-14,GH,email,4.93
2024-01-14,GH,referral,11.43
2024-01-15,GH,paid_search,54.2
2024-01-15,GH,organic,10.57
2024-01-15,GH,social,31.86
2024-01-15,GH,email,6.12
2024-01-15,GH,referral,9.43
2024-01-16,GH,paid_search,81.09
2024-01-16,GH,organic,8.34
2024-01-16,GH,social,44.19
2024-01-16,GH,email,6.98
2024-01-16,GH,referral,10.7
2024-01-17,GH,paid_search,83.72
2024-01-17,GH,organic,9.4
2024-01-17,GH,social,32.42
2024-01-17,GH,email,5.29
2024-01-17,GH,referral,13.88
2024-01-18,GH,paid_search,84.71
2024-01-18,GH,organic,8.81
2024-01-18,GH,social,28.78
2024-01-18,GH,email,3.32
2024-01-18,GH,referral,9.27
2024-01-19,GH,paid_search,63.85
2024-01-19,GH,organic,7.38
2024-01-19,GH,social,43.68
2024-01-19,GH,email,8.29
2024-01-19,GH,referral,12.77
2024-01-20,GH,paid_search,61.1
2024-01-20,GH,organic,9.08
2024-01-20,GH,social,31.61
2024-01-20,GH,email,3.24
2024-01-20,GH,referral,9.81
2024-01-21,GH,paid_search,94.69
2024-01-21,GH,organic,7.33
2024-01-21,GH,social,43.5
2024-01-21,GH,email,5.0
2024-01-21,GH,referral,11.72
2024-01-22,GH,paid_search,67.62
2024-01-22,GH,organic,11.05
2024-01-22,GH,social,33.18
2024-01-22,GH,email,5.19
2024-01-22,GH,referral,13.68
2024-01-23,GH,paid_search,61.62
2024-01-23,GH,organic,8.43
2024-01-23,GH,social,30.87
2024-01-23,GH,email,7.39
2024-01-23,GH,referral,13.24
2024-01-24,GH,paid_search,59.86
2024-01-24,GH,organic,9.09
2024-01-24,GH,social,41.75
2024-01-24,GH,email,6.19
2024-01-24,GH,referral,13.81
2024-01-25,GH,paid_search,99.32
2024-01-25,GH,organic,6.29
2024-01-25,GH,social,46.88
2024-01-25,GH,email,6.76
2024-01-25,GH,referral,10.61
2024-01-26,GH,paid_search,67.82
2024-01-26,GH,organic,5.04
2024-01-26,GH,social,38.55
2024-01-26,GH,email,6.46
2024-01-26,GH,referral,14.99
2024-01-27,GH,paid_search,59.87
2024-01-27,GH,organic,4.79
2024-01-27,GH,social,25.39
2024-01-27,GH,email,8.39
2024-01-27,GH,referral,8.88
2024-01-28,GH,paid_search,96.55
2024-01-28,GH,organic,8.01
2024-01-28,GH,social,27.23
2024-01-28,GH,email,9.0
2024-01-28,GH,referral,13.29
2024-01-29,GH,paid_search,68.77
2024-01-29,GH,organic,9.99
2024-01-29,GH,social,37.11
2024-01-29,GH,email,6.66
2024-01-29,GH,referral,14.41
2024-01-30,GH,paid_search,44.65
2024-01-30,GH,organic,7.28
2024-01-30,GH,social,36.26
2024-01-30,GH,email,6.5
2024-01-30,GH,referral,6.88
2024-01-31,GH,paid_search,88.5
2024-01-31,GH,organic,5.69
2024-01-31,GH,social,24.75
2024-01-31,GH,email,5.62
2024-01-31,GH,referral,14.74
2024-02-01,GH,paid_search,117.75
2024-02-01,GH,organic,8.98
2024-02-01,GH,social,33.86
2024-02-01,GH,email,6.23
2024-02-01,GH,referral,10.84
2024-02-02,GH,paid_search,98.4
2024-02-02,GH,organic,5.56
2024-02-02,GH,social,46.75
2024-02-02,GH,email,3.86
2024-02-02,GH,referral,8.8
2024-02-03,GH,paid_search,71.95
2024-02-03,GH,organic,8.82
2024-02-03,GH,social,35.97
2024-02-03,GH,email,6.26
2024-02-03,GH,referral,10.1
2024-02-04,GH,paid_search,44.63
2024-02-04,GH,organic,9.15
2024-02-04,GH,social,43.3
2024-02-04,GH,email,8.01
2024-02-04,GH,referral,14.62
2024-02-05,GH,paid_search,79.4
2024-02-05,GH,organic,10.82
2024-02-05,GH,social,36.16
2024-02-05,GH,email,3.82
2024-02-05,GH,referral,12.4
2024-02-06,GH,paid_search,85.31
2024-02-06,GH,organic,8.0
2024-02-06,GH,social,35.44
2024-02-06,GH,email,6.72
2024-02-06,GH,referral,9.16
2024-02-07,GH,paid_search,79.96
2024-02-07,GH,organic,6.16
2024-02-07,GH,social,28.71
2024-02-07,GH,email,4.02
2024-02-07,GH,referral,15.61
2024-02-08,GH,paid_search,73.32
2024-02-08,GH,organic,10.42
2024-02-08,GH,social,26.13
2024-02-08,GH,email,5.73
2024-02-08,GH,referral,11.38
2024-02-09,GH,paid_search,98.48
2024-02-09,GH,organic,6.8
2024-02-09,GH,social,32.38
2024-02-09,GH,email,4.81
2024-02-09,GH,referral,9.7
2024-02-10,GH,paid_search,53.64
2024-02-10,GH,organic,5.13
2024-02-10,GH,social,38.33
2024-02-10,GH,email,7.01
2024-02-10,GH,referral,7.15
2024-02-11,GH,paid_search,59.86
2024-02-11,GH,organic,7.8
2024-02-11,GH,social,51.36
2024-02-11,GH,email,1.75
2024-02-11,GH,referral,11.11
2024-02-12,GH,paid_search,84.23
2024-02-12,GH,organic,6.58
2024-02-12,GH,social,32.86
2024-02-12,GH,email,6.5
2024-02-12,GH,referral,9.93
2024-02-13,GH,paid_search,102.58
2024-02-13,GH,organic,8.21
2024-02-13,GH,social,43.75
2024-02-13,GH,email,6.68
2024-02-13,GH,referral,11.74
2024-02-14,GH,paid_search,58.01
2024-02-14,GH,organic,8.4
2024-02-14,GH,social,35.41
2024-02-14,GH,email,4.93
2024-02-14,GH,referral,12.31
2024-02-15,GH,paid_search,35.72
2024-02-15,GH,organic,10.69
2024-02-15,GH,social,16.03
2024-02-15,GH,email,5.77
2024-02-15,GH,referral,12.35
2024-02-16,GH,paid_search,50.61
2024-02-16,GH,organic,8.85
2024-02-16,GH,social,38.84
2024-02-16,GH,email,6.49
2024-02-16,GH,referral,9.13
2024-02-17,GH,paid_search,63.62
2024-02-17,GH,organic,4.86
2024-02-17,GH,social,35.06
2024-02-17,GH,email,7.38
2024-02-17,GH,referral,8.86
2024-02-18,GH,paid_search,64.69
2024-02-18,GH,organic,11.18
2024-02-18,GH,social,34.53
2024-02-18,GH,email,6.53
2024-02-18,GH,referral,11.34
2024-02-19,GH,paid_search,69.05
2024-02-19,GH,organic,9.36
2024-02-19,GH,social,44.9
2024-02-19,GH,email,7.36
2024-02-19,GH,referral,12.54
2024-02-20,GH,paid_search,34.51
2024-02-20,GH,organic,5.66
2024-02-20,GH,social,31.37
2024-02-20,GH,email,4.81
2024-02-20,GH,referral,8.2
2024-02-21,GH,paid_search,88.01
2024-02-21,GH,organic,8.21
2024-02-21,GH,social,34.77
2024-02-21,GH,email,5.66
2024-02-21,GH,referral,9.0
2024-02-22,GH,paid_search,67.65
2024-02-22,GH,organic,10.78
2024-02-22,GH,social,20.12
2024-02-22,GH,email,7.91
2024-02-22,GH,referral,15.73
2024-02-23,GH,paid_search,94.8
2024-02-23,GH,organic,6.02
2024-02-23,GH,social,31.62
2024-02-23,GH,email,7.55
2024-02-23,GH,referral,9.38
2024-02-24,GH,paid_search,62.89
2024-02-24,GH,organic,7.8
2024-02-24,GH,social,25.9
2024-02-24,GH,email,5.8
2024-02-24,GH,referral,6.98
2024-02-25,GH,paid_search,85.0
2024-02-25,GH,organic,6.31
2024-02-25,GH,social,36.46
2024-02-25,GH,email,5.33
2024-02-25,GH,referral,10.96
2024-02-26,GH,paid_search,86.8
2024-02-26,GH,organic,8.57
2024-02-26,GH,social,29.7
2024-02-26,GH,email,5.16
2024-02-26,GH,referral,15.9
2024-02-27,GH,paid_search,89.07
2024-02-27,GH,organic,7.6
2024-02-27,GH,social,30.83
2024-02-27,GH,email,3.84
2024-02-27,GH,referral,12.82
2024-02-28,GH,paid_search,59.2
2024-02-28,GH,organic,10.11
2024-02-28,GH,social,43.45
2024-02-28,GH,email,8.03
2024-02-28,GH,referral,11.9
2024-02-29,GH,paid_search,68.22
2024-02-29,GH,organic,8.03
2024-02-29,GH,social,36.22
2024-02-29,GH,email,5.6
2024-02-29,GH,referral,5.94
2024-03-01,GH,paid_search,33.21
2024-03-01,GH,organic,9.52
2024-03-01,GH,social,34.37
2024-03-01,GH,email,7.44
2024-03-01,GH,referral,9.05
2024-03-02,GH,paid_search,71.98
2024-03-02,GH,organic,9.86
2024-03-02,GH,social,50.0
2024-03-02,GH,email,5.53
2024-03-02,GH,referral,7.5
2024-03-03,GH,paid_search,93.83
2024-03-03,GH,organic,7.43
2024-03-03,GH,social,31.63
2024-03-03,GH,email,5.4
2024-03-03,GH,referral,8.2
2024-03-04,GH,paid_search,85.93
2024-03-04,GH,organic,5.32
2024-03-04,GH,social,36.92
2024-03-04,GH,email,6.37
2024-03-04,GH,referral,8.5
2024-03-05,GH,paid_search,100.57
2024-03-05,GH,organic,9.8
2024-03-05,GH,social,31.91
2024-03-05,GH,email,5.84
2024-03-05,GH,referral,12.24
2024-03-06,GH,paid_search,73.44
2024-03-06,GH,organic,10.8
2024-03-06,GH,social,41.1
2024-03-06,GH,email,6.38
2024-03-06,GH,referral,10.61
2024-03-07,GH,paid_search,128.68
2024-03-07,GH,organic,5.96
2024-03-07,GH,social,26.15
2024-03-07,GH,email,5.64
2024-03-07,GH,referral,13.51
2024-03-08,GH,paid_search,27.65
2024-03-08,GH,organic,4.19
2024-03-08,GH,social,32.4
2024-03-08,GH,email,9.18
2024-03-08,GH,referral,10.06
2024-03-09,GH,paid_search,51.08
2024-03-09,GH,organic,9.64
2024-03-09,GH,social,50.96
2024-03-09,GH,email,5.04
2024-03-09,GH,referral,11.14
2024-03-10,GH,paid_search,74.82
2024-03-10,GH,organic,9.14
2024-03-10,GH,social,31.87
2024-03-10,GH,email,6.94
2024-03-10,GH,referral,12.1
2024-03-11,GH,paid_search,84.86
2024-03-11,GH,organic,4.76
2024-03-11,GH,social,23.1
2024-03-11,GH,email,4.97
2024-03-11,GH,referral,10.67
2024-03-12,GH,paid_search,82.07
2024-03-12,GH,organic,5.89
2024-03-12,GH,social,38.92
2024-03-12,GH,email,7.42
2024-03-12,GH,referral,11.67
2024-03-13,GH,paid_search,63.72
2024-03-13,GH,organic,7.26
2024-03-13,GH,social,24.32
2024-03-13,GH,email,8.61
2024-03-13,GH,referral,11.19
2024-03-14,GH,paid_search,42.98
2024-03-14,GH,organic,10.45
2024-03-14,GH,social,41.93
2024-03-14,GH,email,7.79
2024-03-14,GH,referral,8.6
2024-03-15,GH,paid_search,64.46
2024-03-15,GH,organic,6.37
2024-03-15,GH,social,55.05
2024-03-15,GH,email,5.25
2024-03-15,GH,referral,7.61
2024-03-16,GH,paid_search,60.35
2024-03-16,GH,organic,7.35
2024-03-16,GH,social,50.0
2024-03-16,GH,email,6.42
2024-03-16,GH,referral,13.08
2024-03-17,GH,paid_search,77.14
2024-03-17,GH,organic,7.64
2024-03-17,GH,social,26.62
2024-03-17,GH,email,8.39
2024-03-17,GH,referral,12.48
2024-03-18,GH,paid_search,91.48
2024-03-18,GH,organic,9.85
2024-03-18,GH,social,29.61
2024-03-18,GH,email,6.4
2024-03-18,GH,referral,12.72
2024-03-19,GH,paid_search,89.0
2024-03-19,GH,organic,8.31
2024-03-19,GH,social,53.77
2024-03-19,GH,email,6.8
2024-03-19,GH,referral,13.3
2024-03-20,GH,paid_search,75.6
2024-03-20,GH,organic,7.26
2024-03-20,GH,social,44.72
2024-03-20,GH,email,7.1
2024-03-20,GH,referral,10.87
2024-03-21,GH,paid_search,56.77
2024-03-21,GH,organic,10.02
2024-03-21,GH,social,28.86
2024-03-21,GH,email,7.17
2024-03-21,GH,referral,7.26
2024-03-22,GH,paid_search,56.75
2024-03-22,GH,organic,8.58
2024-03-22,GH,social,41.21
2024-03-22,GH,email,6.33
2024-03-22,GH,referral,8.68
2024-03-23,GH,paid_search,92.04
2024-03-23,GH,organic,8.28
2024-03-23,GH,social,37.74
2024-03-23,GH,email,5.76
2024-03-23,GH,referral,8.19
2024-03-24,GH,paid_search,92.28
2024-03-24,GH,organic,6.71
2024-03-24,GH,social,51.28
2024-03-24,GH,email,4.76
2024-03-24,GH,referral,10.81
2024-03-25,GH,paid_search,73.25
2024-03-25,GH,organic,7.77
2024-03-25,GH,social,42.14
2024-03-25,GH,email,7.18
2024-03-25,GH,referral,11.34
2024-03-26,GH,paid_search,52.85
2024-03-26,GH,organic,5.66
2024-03-26,GH,social,24.92
2024-03-26,GH,email,5.63
2024-03-26,GH,referral,15.29
2024-03-27,GH,paid_search,71.11
2024-03-27,GH,organic,12.2
2024-03-27,GH,social,35.7
2024-03-27,GH,email,6.24
2024-03-27,GH,referral,11.49
2024-03-28,GH,paid_search,66.76
2024-03-28,GH,organic,8.45
2024-03-28,GH,social,20.67
2024-03-28,GH,email,4.67
2024-03-28,GH,referral,5.8
2024-03-29,GH,paid_search,85.05
2024-03-29,GH,organic,5.27
2024-03-29,GH,social,48.71
2024-03-29,GH,email,6.53
2024-03-29,GH,referral,12.4
2024-03-30,GH,paid_search,60.36
2024-03-30,GH,organic,5.75
2024-03-30,GH,social,32.87
2024-03-30,GH,email,7.6
2024-03-30,GH,referral,15.29
2024-03-31,GH,paid_search,81.15
2024-03-31,GH,organic,5.37
2024-03-31,GH,social,27.25
2024-03-31,GH,email,3.77
2024-03-31,GH,referral,9.68
2024-04-01,GH,paid_search,67.01
2024-04-01,GH,organic,7.73
2024-04-01,GH,social,26.34
2024-04-01,GH,email,4.24
2024-04-01,GH,referral,10.24
2024-04-02,GH,paid_search,80.72
2024-04-02,GH,organic,5.63
2024-04-02,GH,social,40.26
2024-04-02,GH,email,7.42
2024-04-02,GH,referral,4.17
2024-04-03,GH,paid_search,100.36
2024-04-03,GH,organic,9.4
2024-04-03,GH,social,44.61
2024-04-03,GH,email,4.47
2024-04-03,GH,referral,11.97
2024-04-04,GH,paid_search,88.24
2024-04-04,GH,organic,6.7
2024-04-04,GH,social,43.02
2024-04-04,GH,email,5.79
2024-04-04,GH,referral,8.46
2024-04-05,GH,paid_search,68.46
2024-04-05,GH,organic,8.34
2024-04-05,GH,social,33.28
2024-04-05,GH,email,4.81
2024-04-05,GH,referral,10.98
2024-04-06,GH,paid_search,82.08
2024-04-06,GH,organic,8.29
2024-04-06,GH,social,21.44
2024-04-06,GH,email,5.12
2024-04-06,GH,referral,7.89
2024-04-07,GH,paid_search,103.16
2024-04-07,GH,organic,8.24
2024-04-07,GH,social,33.48
2024-04-07,GH,email,5.16
2024-04-07,GH,referral,9.69
2024-04-08,GH,paid_search,85.53
2024-04-08,GH,organic,4.34
2024-04-08,GH,social,38.07
2024-04-08,GH,email,5.24
2024-04-08,GH,referral,11.08
2024-04-09,GH,paid_search,86.38
2024-04-09,GH,organic,6.61
2024-04-09,GH,social,23.68
2024-04-09,GH,email,5.54
2024-04-09,GH,referral,13.22
2024-04-10,GH,paid_search,87.04
2024-04-10,GH,organic,7.24
2024-04-10,GH,social,30.29
2024-04-10,GH,email,5.16
2024-04-10,GH,referral,6.76
2024-04-11,GH,paid_search,86.13
2024-04-11,GH,organic,9.93
2024-04-11,GH,social,32.52
2024-04-11,GH,email,5.25
2024-04-11,GH,referral,8.25
2024-04-12,GH,paid_search,63.89
2024-04-12,GH,organic,6.53
2024-04-12,GH,social,34.6
2024-04-12,GH,email,7.18
2024-04-12,GH,referral,11.71
2024-04-13,GH,paid_search,56.9
2024-04-13,GH,organic,8.3
2024-04-13,GH,social,41.82
2024-04-13,GH,email,4.59
2024-04-13,GH,referral,10.35
2024-04-14,GH,paid_search,93.85
2024-04-14,GH,organic,7.51
2024-04-14,GH,social,17.84
2024-04-14,GH,email,2.22
2024-04-14,GH,referral,10.78
2024-04-15,GH,paid_search,73.92
2024-04-15,GH,organic,8.38
2024-04-15,GH,social,40.4
2024-04-15,GH,email,3.78
2024-04-15,GH,referral,7.98
2024-04-16,GH,paid_search,79.62
2024-04-16,GH,organic,9.47
2024-04-16,GH,social,33.69
2024-04-16,GH,email,3.85
2024-04-16,GH,referral,10.85
2024-04-17,GH,paid_search,72.92
2024-04-17,GH,organic,5.88
2024-04-17,GH,social,18.15
2024-04-17,GH,email,6.86
2024-04-17,GH,referral,8.46
2024-04-18,GH,paid_search,75.36
2024-04-18,GH,organic,8.3
2024-04-18,GH,social,25.68
2024-04-18,GH,email,6.63
2024-04-18,GH,referral,7.85
2024-04-19,GH,paid_search,45.08
2024-04-19,GH,organic,4.75
2024-04-19,GH,social,35.97
2024-04-19,GH,email,8.39
2024-04-19,GH,referral,10.1
2024-04-20,GH,paid_search,104.1
2024-04-20,GH,organic,10.9
2024-04-20,GH,social,40.65
2024-04-20,GH,email,8.36
2024-04-20,GH,referral,13.65
2024-04-21,GH,paid_search,93.22
2024-04-21,GH,organic,4.23
2024-04-21,GH,social,33.87
2024-04-21,GH,email,4.96
2024-04-21,GH,referral,12.93
2024-04-22,GH,paid_search,66.47
2024-04-22,GH,organic,11.5
2024-04-22,GH,social,36.91
2024-04-22,GH,email,5.96
2024-04-22,GH,referral,9.05
2024-04-23,GH,paid_search,68.68
2024-04-23,GH,organic,8.54
2024-04-23,GH,social,35.41
2024-04-23,GH,email,5.3
2024-04-23,GH,referral,8.99
2024-04-24,GH,paid_search,104.78
2024-04-24,GH,organic,12.0
2024-04-24,GH,social,31.76
2024-04-24,GH,email,7.27
2024-04-24,GH,referral,7.93
2024-04-25,GH,paid_search,66.12
2024-04-25,GH,organic,5.82
2024-04-25,GH,social,45.18
2024-04-25,GH,email,6.73
2024-04-25,GH,referral,11.69
2024-04-26,GH,paid_search,87.99
2024-04-26,GH,organic,6.26
2024-04-26,GH,social,33.08
2024-04-26,GH,email,6.67
2024-04-26,GH,referral,9.14
2024-04-27,GH,paid_search,73.25
2024-04-27,GH,organic,6.4
2024-04-27,GH,social,47.97
2024-04-27,GH,email,7.41
2024-04-27,GH,referral,13.09
2024-04-28,GH,paid_search,83.86
2024-04-28,GH,organic,5.81
2024-04-28,GH,social,31.68
2024-04-28,GH,email,4.95
2024-04-28,GH,referral,9.36
2024-04-29,GH,paid_search,91.04
2024-04-29,GH,organic,5.05
2024-04-29,GH,social,30.75
2024-04-29,GH,email,5.41
2024-04-29,GH,referral,6.71
2024-04-30,GH,paid_search,75.69
2024-04-30,GH,organic,7.32
2024-04-30,GH,social,46.01
2024-04-30,GH,email,5.59
2024-04-30,GH,referral,11.15
2024-05-01,GH,paid_search,74.07
2024-05-01,GH,organic,3.04
2024-05-01,GH,social,23.08
2024-05-01,GH,email,6.58
2024-05-01,GH,referral,10.84
2024-05-02,GH,paid_search,70.76
2024-05-02,GH,organic,10.66
2024-05-02,GH,social,40.59
2024-05-02,GH,email,8.36
2024-05-02,GH,referral,3.85
2024-05-03,GH,paid_search,103.21
2024-05-03,GH,organic,6.79
2024-05-03,GH,social,36.22
2024-05-03,GH,email,7.78
2024-05-03,GH,referral,4.71
2024-05-04,GH,paid_search,67.44
2024-05-04,GH,organic,10.02
2024-05-04,GH,social,30.45
2024-05-04,GH,email,7.37
2024-05-04,GH,referral,11.69
2024-05-05,GH,paid_search,75.05
2024-05-05,GH,organic,9.2
2024-05-05,GH,social,47.65
2024-05-05,GH,email,6.9
2024-05-05,GH,referral,12.32
2024-05-06,GH,paid_search,56.14
2024-05-06,GH,organic,9.16
2024-05-06,GH,social,40.4
2024-05-06,GH,email,7.69
2024-05-06,GH,referral,7.11
2024-05-07,GH,paid_search,91.32
2024-05-07,GH,organic,6.24
2024-05-07,GH,social,57.07
2024-05-07,GH,email,4.67
2024-05-07,GH,referral,7.08
2024-05-08,GH,paid_search,66.77
2024-05-08,GH,organic,10.1
2024-05-08,GH,social,39.2
2024-05-08,GH,email,8.52
2024-05-08,GH,referral,9.25
2024-05-09,GH,paid_search,63.18
2024-05-09,GH,organic,6.53
2024-05-09,GH,social,31.26
2024-05-09,GH,email,3.9
2024-05-09,GH,referral,8.38
2024-05-10,GH,paid_search,50.21
2024-05-10,GH,organic,9.44
2024-05-10,GH,social,49.32
2024-05-10,GH,email,6.33
2024-05-10,GH,referral,8.32
2024-05-11,GH,paid_search,85.4
2024-05-11,GH,organic,7.92
2024-05-11,GH,social,45.13
2024-05-11,GH,email,4.58
2024-05-11,GH,referral,7.81
2024-05-12,GH,paid_search,85.07
2024-05-12,GH,organic,7.96
2024-05-12,GH,social,44.34
2024-05-12,GH,email,4.71
2024-05-12,GH,referral,11.08
2024-05-13,GH,paid_search,81.84
2024-05-13,GH,organic,4.93
2024-05-13,GH,social,35.97
2024-05-13,GH,email,2.98
2024-05-13,GH,referral,13.67
2024-05-14,GH,paid_search,48.28
2024-05-14,GH,organic,7.62
2024-05-14,GH,social,35.96
2024-05-14,GH,email,4.56
2024-05-14,GH,referral,14.62
2024-05-15,GH,paid_search,59.55
2024-05-15,GH,organic,7.46
2024-05-15,GH,social,29.79
2024-05-15,GH,email,4.95
2024-05-15,GH,referral,9.73
2024-05-16,GH,paid_search,84.65
2024-05-16,GH,organic,8.32
2024-05-16,GH,social,29.17
2024-05-16,GH,email,5.99
2024-05-16,GH,referral,6.58
2024-05-17,GH,paid_search,93.3
2024-05-17,GH,organic,6.99
2024-05-17,GH,social,31.93
2024-05-17,GH,email,3.08
2024-05-17,GH,referral,8.73
2024-05-18,GH,paid_search,102.28
2024-05-18,GH,organic,9.22
2024-05-18,GH,social,45.98
2024-05-18,GH,email,6.17
2024-05-18,GH,referral,3.45
2024-05-19,GH,paid_search,73.25
2024-05-19,GH,organic,8.4
2024-05-19,GH,social,44.06
2024-05-19,GH,email,5.94
2024-05-19,GH,referral,8.07
2024-05-20,GH,paid_search,70.21
2024-05-20,GH,organic,7.32
2024-05-20,GH,social,40.71
2024-05-20,GH,email,5.85
2024-05-20,GH,referral,7.52
2024-05-21,GH,paid_search,82.2
2024-05-21,GH,organic,6.52
2024-05-21,GH,social,33.16
2024-05-21,GH,email,5.3
2024-05-21,GH,referral,10.59
2024-05-22,GH,paid_search,47.32
2024-05-22,GH,organic,8.06
2024-05-22,GH,social,45.72
2024-05-22,GH,email,6.14
2024-05-22,GH,referral,8.33
2024-05-23,GH,paid_search,65.42
2024-05-23,GH,organic,8.59
2024-05-23,GH,social,41.04
2024-05-23,GH,email,8.26
2024-05-23,GH,referral,5.94
2024-05-24,GH,paid_search,76.74
2024-05-24,GH,organic,8.37
2024-05-24,GH,social,35.4
2024-05-24,GH,email,6.53
2024-05-24,GH,referral,9.43
2024-05-25,GH,paid_search,54.02
2024-05-25,GH,organic,8.43
2024-05-25,GH,social,41.84
2024-05-25,GH,email,5.93
2024-05-25,GH,referral,12.65
2024-05-26,GH,paid_search,67.73
2024-05-26,GH,organic,8.92
2024-05-26,GH,social,21.76
2024-05-26,GH,email,9.36
2024-05-26,GH,referral,9.43
2024-05-27,GH,paid_search,63.21
2024-05-27,GH,organic,7.47
2024-05-27,GH,social,27.46
2024-05-27,GH,email,4.25
2024-05-27,GH,referral,10.1
2024-05-28,GH,paid_search,74.05
2024-05-28,GH,organic,8.45
2024-05-28,GH,social,35.69
2024-05-28,GH,email,5.88
2024-05-28,GH,referral,6.99
2024-05-29,GH,paid_search,63.23
2024-05-29,GH,organic,8.32
2024-05-29,GH,social,31.15
2024-05-29,GH,email,6.44
2024-05-29,GH,referral,9.66
2024-05-30,GH,paid_search,69.43
2024-05-30,GH,organic,8.41
2024-05-30,GH,social,40.37
2024-05-30,GH,email,7.06
2024-05-30,GH,referral,14.96
2024-05-31,GH,paid_search,87.55
2024-05-31,GH,organic,5.04
2024-05-31,GH,social,26.25
2024-05-31,GH,email,5.59
2024-05-31,GH,referral,8.09
2024-06-01,GH,paid_search,79.03
2024-06-01,GH,organic,8.99
2024-06-01,GH,social,31.65
2024-06-01,GH,email,7.78
2024-06-01,GH,referral,13.64
2024-06-02,GH,paid_search,39.39
2024-06-02,GH,organic,5.14
2024-06-02,GH,social,45.88
2024-06-02,GH,email,7.3
2024-06-02,GH,referral,11.26
2024-06-03,GH,paid_search,72.2
2024-06-03,GH,organic,7.79
2024-06-03,GH,social,40.83
2024-06-03,GH,email,6.26
2024-06-03,GH,referral,13.27
2024-06-04,GH,paid_search,59.74
2024-06-04,GH,organic,8.04
2024-06-04,GH,social,44.01
2024-06-04,GH,email,6.25
2024-06-04,GH,referral,11.68
2024-06-05,GH,paid_search,83.86
2024-06-05,GH,organic,7.15
2024-06-05,GH,social,26.81
2024-06-05,GH,email,4.88
2024-06-05,GH,referral,7.29
2024-06-06,GH,paid_search,38.59
2024-06-06,GH,organic,10.18
2024-06-06,GH,social,19.03
2024-06-06,GH,email,8.79
2024-06-06,GH,referral,8.68
2024-06-07,GH,paid_search,66.99
2024-06-07,GH,organic,4.97
2024-06-07,GH,social,39.46
2024-06-07,GH,email,5.61
2024-06-07,GH,referral,10.15
2024-06-08,GH,paid_search,57.83
2024-06-08,GH,organic,8.96
2024-06-08,GH,social,28.58
2024-06-08,GH,email,6.12
2024-06-08,GH,referral,11.15
2024-06-09,GH,paid_search,98.12
2024-06-09,GH,organic,9.61
2024-06-09,GH,social,36.81
2024-06-09,GH,email,5.99
2024-06-09,GH,referral,10.78
2024-06-10,GH,paid_search,85.8
2024-06-10,GH,organic,6.51
2024-06-10,GH,social,44.13
2024-06-10,GH,email,4.59
2024-06-10,GH,referral,11.14
2024-06-11,GH,paid_search,81.75
2024-06-11,GH,organic,6.66
2024-06-11,GH,social,22.12
2024-06-11,GH,email,5.6
2024-06-11,GH,referral,3.43
2024-06-12,GH,paid_search,68.79
2024-06-12,GH,organic,5.5
2024-06-12,GH,social,64.02
2024-06-12,GH,email,7.59
2024-06-12,GH,referral,10.18
2024-06-13,GH,paid_search,95.98
2024-06-13,GH,organic,9.41
2024-06-13,GH,social,25.53
2024-06-13,GH,email,5.06
2024-06-13,GH,referral,12.57
2024-06-14,GH,paid_search,54.71
2024-06-14,GH,organic,8.79
2024-06-14,GH,social,42.07
2024-06-14,GH,email,5.61
2024-06-14,GH,referral,10.38
2024-06-15,GH,paid_search,86.97
2024-06-15,GH,organic,9.57
2024-06-15,GH,social,40.03
2024-06-15,GH,email,5.98
2024-06-15,GH,referral,11.47
2024-06-16,GH,paid_search,35.61
2024-06-16,GH,organic,10.95
2024-06-16,GH,social,34.81
2024-06-16,GH,email,4.9
2024-06-16,GH,referral,11.5
2024-06-17,GH,paid_search,82.29
2024-06-17,GH,organic,6.05
2024-06-17,GH,social,36.61
2024-06-17,GH,email,6.06
2024-06-17,GH,referral,9.93
2024-06-18,GH,paid_search,101.23
2024-06-18,GH,organic,7.96
2024-06-18,GH,social,34.83
2024-06-18,GH,email,4.98
2024-06-18,GH,referral,7.94
2024-06-19,GH,paid_search,79.06
2024-06-19,GH,organic,7.06
2024-06-19,GH,social,34.31
2024-06-19,GH,email,6.3
2024-06-19,GH,referral,10.16
2024-06-20,GH,paid_search,74.43
2024-06-20,GH,organic,8.26
2024-06-20,GH,social,41.62
2024-06-20,GH,email,9.96
2024-06-20,GH,referral,13.07
2024-06-21,GH,paid_search,65.48
2024-06-21,GH,organic,10.43
2024-06-21,GH,social,26.52
2024-06-21,GH,email,5.15
2024-06-21,GH,referral,11.77
2024-06-22,GH,paid_search,84.17
2024-06-22,GH,organic,9.2
2024-06-22,GH,social,30.69
2024-06-22,GH,email,5.12
2024-06-22,GH,referral,10.33
2024-06-23,GH,paid_search,67.46
2024-06-23,GH,organic,9.78
2024-06-23,GH,social,33.5
2024-06-23,GH,email,5.54
2024-06-23,GH,referral,5.94
2024-06-24,GH,paid_search,87.76
2024-06-24,GH,organic,8.64
2024-06-24,GH,social,15.43
2024-06-24,GH,email,6.67
2024-06-24,GH,referral,9.0
2024-06-25,GH,paid_search,85.97
2024-06-25,GH,organic,7.79
2024-06-25,GH,social,28.76
2024-06-25,GH,email,8.59
2024-06-25,GH,referral,13.93
2024-06-26,GH,paid_search,68.66
2024-06-26,GH,organic,8.75
2024-06-26,GH,social,31.87
2024-06-26,GH,email,3.44
2024-06-26,GH,referral,13.29
2024-06-27,GH,paid_search,57.64
2024-06-27,GH,organic,10.55
2024-06-27,GH,social,42.28
2024-06-27,GH,email,6.43
2024-06-27,GH,referral,9.9
2024-06-28,GH,paid_search,84.63
2024-06-28,GH,organic,6.14
2024-06-28,GH,social,48.01
2024-06-28,GH,email,6.21
2024-06-28,GH,referral,13.74
2024-06-29,GH,paid_search,69.8
2024-06-29,GH,organic,8.29
2024-06-29,GH,social,38.38
2024-06-29,GH,email,6.86
2024-06-29,GH,referral,14.53
2024-06-30,GH,paid_search,64.11
2024-06-30,GH,organic,7.74
2024-06-30,GH,social,35.83
2024-06-30,GH,email,2.53
2024-06-30,GH,referral,8.61
2024-07-01,GH,paid_search,63.18
2024-07-01,GH,organic,13.28
2024-07-01,GH,social,38.33
2024-07-01,GH,email,6.74
2024-07-01,GH,referral,6.33
2024-07-02,GH,paid_search,70.87
2024-07-02,GH,organic,9.87
2024-07-02,GH,social,58.65
2024-07-02,GH,email,4.97
2024-07-02,GH,referral,5.46
2024-07-03,GH,paid_search,58.04
2024-07-03,GH,organic,6.46
2024-07-03,GH,social,29.14
2024-07-03,GH,email,7.36
2024-07-03,GH,referral,10.86
2024-07-04,GH,paid_search,51.69
2024-07-04,GH,organic,10.83
2024-07-04,GH,social,53.04
2024-07-04,GH,email,3.44
2024-07-04,GH,referral,12.94
2024-07-05,GH,paid_search,68.94
2024-07-05,GH,organic,6.12
2024-07-05,GH,social,22.9
2024-07-05,GH,email,5.32
2024-07-05,GH,referral,8.7
2024-07-06,GH,paid_search,74.65
2024-07-06,GH,organic,12.29
2024-07-06,GH,social,31.43
2024-07-06,GH,email,3.89
2024-07-06,GH,referral,9.17
2024-07-07,GH,paid_search,90.76
2024-07-07,GH,organic,7.5
2024-07-07,GH,social,41.86
2024-07-07,GH,email,6.25
2024-07-07,GH,referral,10.15
2024-07-08,GH,paid_search,100.57
2024-07-08,GH,organic,6.06
2024-07-08,GH,social,26.63
2024-07-08,GH,email,4.64
2024-07-08,GH,referral,10.86
2024-07-09,GH,paid_search,72.96
2024-07-09,GH,organic,9.42
2024-07-09,GH,social,35.32
2024-07-09,GH,email,5.71
2024-07-09,GH,referral,10.82
2024-07-10,GH,paid_search,102.54
2024-07-10,GH,organic,5.68
2024-07-10,GH,social,27.72
2024-07-10,GH,email,6.06
2024-07-10,GH,referral,15.08
2024-07-11,GH,paid_search,52.71
2024-07-11,GH,organic,7.98
2024-07-11,GH,social,28.1
2024-07-11,GH,email,6.6
2024-07-11,GH,referral,4.84
2024-07-12,GH,paid_search,53.35
2024-07-12,GH,organic,10.56
2024-07-12,GH,social,36.08
2024-07-12,GH,email,4.88
2024-07-12,GH,referral,9.89
2024-07-13,GH,paid_search,70.86
2024-07-13,GH,organic,9.12
2024-07-13,GH,social,17.32
2024-07-13,GH,email,4.44
2024-07-13,GH,referral,7.61
2024-07-14,GH,paid_search,83.33
2024-07-14,GH,organic,7.99
2024-07-14,GH,social,48.97
2024-07-14,GH,email,7.24
2024-07-14,GH,referral,9.14
2024-07-15,GH,paid_search,71.11
2024-07-15,GH,organic,10.59
2024-07-15,GH,social,48.9
2024-07-15,GH,email,5.86
2024-07-15,GH,referral,7.54
2024-07-16,GH,paid_search,34.18
2024-07-16,GH,organic,3.8
2024-07-16,GH,social,40.25
2024-07-16,GH,email,6.68
2024-07-16,GH,referral,8.31
2024-07-17,GH,paid_search,95.43
2024-07-17,GH,organic,7.59
2024-07-17,GH,social,30.7
2024-07-17,GH,email,7.76
2024-07-17,GH,referral,12.6
2024-07-18,GH,paid_search,71.07
2024-07-18,GH,organic,9.04
2024-07-18,GH,social,41.79
2024-07-18,GH,email,9.26
2024-07-18,GH,referral,9.67
2024-07-19,GH,paid_search,50.76
2024-07-19,GH,organic,9.25
2024-07-19,GH,social,36.56
2024-07-19,GH,email,6.17
2024-07-19,GH,referral,9.92
2024-07-20,GH,paid_search,43.36
2024-07-20,GH,organic,8.52
2024-07-20,GH,social,32.77
2024-07-20,GH,email,5.54
2024-07-20,GH,referral,9.0
2024-07-21,GH,paid_search,71.29
2024-07-21,GH,organic,8.52
2024-07-21,GH,social,35.74
2024-07-21,GH,email,7.73
2024-07-21,GH,referral,11.89
2024-07-22,GH,paid_search,70.68
2024-07-22,GH,organic,5.93
2024-07-22,GH,social,41.22
2024-07-22,GH,email,5.53
2024-07-22,GH,referral,9.57
2024-07-23,GH,paid_search,48.26
2024-07-23,GH,organic,8.83
2024-07-23,GH,social,59.34
2024-07-23,GH,email,5.24
2024-07-23,GH,referral,11.56
2024-07-24,GH,paid_search,94.43
2024-07-24,GH,organic,6.95
2024-07-24,GH,social,14.17
2024-07-24,GH,email,7.04
2024-07-24,GH,referral,10.2
2024-07-25,GH,paid_search,77.6
2024-07-25,GH,organic,8.11
2024-07-25,GH,social,46.44
2024-07-25,GH,email,5.85
2024-07-25,GH,referral,15.43
2024-07-26,GH,paid_search,84.56
2024-07-26,GH,organic,10.02
2024-07-26,GH,social,36.06
2024-07-26,GH,email,6.47
2024-07-26,GH,referral,5.78
2024-07-27,GH,paid_search,61.61
2024-07-27,GH,organic,10.16
2024-07-27,GH,social,35.4
2024-07-27,GH,email,4.31
2024-07-27,GH,referral,8.29
2024-07-28,GH,paid_search,59.54
2024-07-28,GH,organic,7.92
2024-07-28,GH,social,28.49
2024-07-28,GH,email,8.13
2024-07-28,GH,referral,10.52
2024-07-29,GH,paid_search,46.88
2024-07-29,GH,organic,11.07
2024-07-29,GH,social,35.59
2024-07-29,GH,email,6.76
2024-07-29,GH,referral,10.77
2024-07-30,GH,paid_search,79.51
2024-07-30,GH,organic,7.31
2024-07-30,GH,social,38.98
2024-07-30,GH,email,5.78
2024-07-30,GH,referral,10.91
2024-07-31,GH,paid_search,68.66
2024-07-31,GH,organic,7.42
2024-07-31,GH,social,22.84
2024-07-31,GH,email,5.99
2024-07-31,GH,referral,10.56
2024-08-01,GH,paid_search,105.28
2024-08-01,GH,organic,8.96
2024-08-01,GH,social,29.48
2024-08-01,GH,email,4.48
2024-08-01,GH,referral,10.67
2024-08-02,GH,paid_search,58.59
2024-08-02,GH,organic,6.86
2024-08-02,GH,social,29.27
2024-08-02,GH,email,5.51
2024-08-02,GH,referral,11.84
2024-08-03,GH,paid_search,36.18
2024-08-03,GH,organic,10.59
2024-08-03,GH,social,34.16
2024-08-03,GH,email,5.05
2024-08-03,GH,referral,12.22
2024-08-04,GH,paid_search,68.29
2024-08-04,GH,organic,5.91
2024-08-04,GH,social,22.3
2024-08-04,GH,email,7.04
2024-08-04,GH,referral,11.9
2024-08-05,GH,paid_search,64.57
2024-08-05,GH,organic,10.64
2024-08-05,GH,social,36.32
2024-08-05,GH,email,7.99
2024-08-05,GH,referral,7.61
2024-08-06,GH,paid_search,52.56
2024-08-06,GH,organic,6.97
2024-08-06,GH,social,32.4
2024-08-06,GH,email,7.73
2024-08-06,GH,referral,10.73
2024-08-07,GH,paid_search,58.33
2024-08-07,GH,organic,8.02
2024-08-07,GH,social,32.15
2024-08-07,GH,email,4.79
2024-08-07,GH,referral,9.8
2024-08-08,GH,paid_search,68.56
2024-08-08,GH,organic,6.47
2024-08-08,GH,social,29.01
2024-08-08,GH,email,7.22
2024-08-08,GH,referral,11.06
2024-08-09,GH,paid_search,88.99
2024-08-09,GH,organic,7.43
2024-08-09,GH,social,26.21
2024-08-09,GH,email,5.14
2024-08-09,GH,referral,12.57
2024-08-10,GH,paid_search,43.19
2024-08-10,GH,organic,10.89
2024-08-10,GH,social,26.01
2024-08-10,GH,email,7.17
2024-08-10,GH,referral,7.45
2024-08-11,GH,paid_search,61.29
2024-08-11,GH,organic,3.89
2024-08-11,GH,social,52.68
2024-08-11,GH,email,6.86
2024-08-11,GH,referral,11.58
2024-08-12,GH,paid_search,63.13
2024-08-12,GH,organic,6.14
2024-08-12,GH,social,42.99
2024-08-12,GH,email,4.2
2024-08-12,GH,referral,9.58
2024-08-13,GH,paid_search,49.49
2024-08-13,GH,organic,8.25
2024-08-13,GH,social,18.75
2024-08-13,GH,email,3.78
2024-08-13,GH,referral,7.85
2024-08-14,GH,paid_search,83.07
2024-08-14,GH,organic,6.94
2024-08-14,GH,social,44.85
2024-08-14,GH,email,8.25
2024-08-14,GH,referral,9.23
2024-08-15,GH,paid_search,45.39
2024-08-15,GH,organic,9.93
2024-08-15,GH,social,22.13
2024-08-15,GH,email,4.65
2024-08-15,GH,referral,5.75
2024-08-16,GH,paid_search,89.34
2024-08-16,GH,organic,9.14
2024-08-16,GH,social,50.56
2024-08-16,GH,email,5.34
2024-08-16,GH,referral,7.94
2024-08-17,GH,paid_search,62.55
2024-08-17,GH,organic,5.33
2024-08-17,GH,social,48.86
2024-08-17,GH,email,11.06
2024-08-17,GH,referral,8.19
2024-08-18,GH,paid_search,82.67
2024-08-18,GH,organic,7.69
2024-08-18,GH,social,39.98
2024-08-18,GH,email,7.59
2024-08-18,GH,referral,7.14
2024-08-19,GH,paid_search,63.39
2024-08-19,GH,organic,10.41
2024-08-19,GH,social,40.58
2024-08-19,GH,email,6.49
2024-08-19,GH,referral,11.27
2024-08-20,GH,paid_search,82.94
2024-08-20,GH,organic,10.32
2024-08-20,GH,social,42.78
2024-08-20,GH,email,5.92
2024-08-20,GH,referral,10.88
2024-08-21,GH,paid_search,70.79
2024-08-21,GH,organic,6.51
2024-08-21,GH,social,35.54
2024-08-21,GH,email,5.83
2024-08-21,GH,referral,5.75
2024-08-22,GH,paid_search,85.95
2024-08-22,GH,organic,9.89
2024-08-22,GH,social,40.89
2024-08-22,GH,email,7.33
2024-08-22,GH,referral,9.56
2024-08-23,GH,paid_search,62.75
2024-08-23,GH,organic,9.9
2024-08-23,GH,social,26.47
2024-08-23,GH,email,4.36
2024-08-23,GH,referral,11.12
2024-08-24,GH,paid_search,79.57
2024-08-24,GH,organic,9.86
2024-08-24,GH,social,20.61
2024-08-24,GH,email,5.85
2024-08-24,GH,referral,7.17
2024-08-25,GH,paid_search,87.4
2024-08-25,GH,organic,10.67
2024-08-25,GH,social,40.54
2024-08-25,GH,email,5.16
2024-08-25,GH,referral,8.13
2024-08-26,GH,paid_search,64.59
2024-08-26,GH,organic,6.32
2024-08-26,GH,social,34.57
2024-08-26,GH,email,4.87
2024-08-26,GH,referral,6.55
2024-08-27,GH,paid_search,78.85
2024-08-27,GH,organic,8.92
2024-08-27,GH,social,51.29
2024-08-27,GH,email,5.35
2024-08-27,GH,referral,5.27
2024-08-28,GH,paid_search,86.68
2024-08-28,GH,organic,9.86
2024-08-28,GH,social,46.28
2024-08-28,GH,email,8.21
2024-08-28,GH,referral,13.71
2024-08-29,GH,paid_search,54.42
2024-08-29,GH,organic,11.1
2024-08-29,GH,social,33.05
2024-08-29,GH,email,7.2
2024-08-29,GH,referral,10.65
2024-08-30,GH,paid_search,54.49
2024-08-30,GH,organic,10.32
2024-08-30,GH,social,31.9
2024-08-30,GH,email,8.79
2024-08-30,GH,referral,8.09
2024-08-31,GH,paid_search,53.92
2024-08-31,GH,organic,6.67
2024-08-31,GH,social,49.46
2024-08-31,GH,email,3.65
2024-08-31,GH,referral,12.28
2024-09-01,GH,paid_search,104.98
2024-09-01,GH,organic,7.66
2024-09-01,GH,social,32.46
2024-09-01,GH,email,6.12
2024-09-01,GH,referral,7.19
2024-09-02,GH,paid_search,119.67
2024-09-02,GH,organic,9.34
2024-09-02,GH,social,25.02
2024-09-02,GH,email,4.79
2024-09-02,GH,referral,10.45
2024-09-03,GH,paid_search,48.7
2024-09-03,GH,organic,4.99
2024-09-03,GH,social,38.64
2024-09-03,GH,email,7.51
2024-09-03,GH,referral,12.29
2024-09-04,GH,paid_search,70.92
2024-09-04,GH,organic,7.45
2024-09-04,GH,social,36.47
2024-09-04,GH,email,7.49
2024-09-04,GH,referral,6.86
2024-09-05,GH,paid_search,58.01
2024-09-05,GH,organic,7.24
2024-09-05,GH,social,33.82
2024-09-05,GH,email,5.92
2024-09-05,GH,referral,9.94
2024-09-06,GH,paid_search,84.13
2024-09-06,GH,organic,4.47
2024-09-06,GH,social,21.59
2024-09-06,GH,email,5.0
2024-09-06,GH,referral,12.16
2024-09-07,GH,paid_search,60.26
2024-09-07,GH,organic,7.92
2024-09-07,GH,social,37.15
2024-09-07,GH,email,6.47
2024-09-07,GH,referral,13.91
2024-09-08,GH,paid_search,84.5
2024-09-08,GH,organic,9.99
2024-09-08,GH,social,34.86
2024-09-08,GH,email,8.21
2024-09-08,GH,referral,10.18
2024-09-09,GH,paid_search,36.8
2024-09-09,GH,organic,12.92
2024-09-09,GH,social,36.42
2024-09-09,GH,email,6.79
2024-09-09,GH,referral,7.33
2024-09-10,GH,paid_search,111.55
2024-09-10,GH,organic,6.41
2024-09-10,GH,social,32.53
2024-09-10,GH,email,3.71
2024-09-10,GH,referral,10.91
2024-09-11,GH,paid_search,66.93
2024-09-11,GH,organic,4.91
2024-09-11,GH,social,35.39
2024-09-11,GH,email,6.14
2024-09-11,GH,referral,9.38
2024-09-12,GH,paid_search,39.22
2024-09-12,GH,organic,8.58
2024-09-12,GH,social,24.59
2024-09-12,GH,email,7.33
2024-09-12,GH,referral,8.61
2024-09-13,GH,paid_search,88.7
2024-09-13,GH,organic,8.03
2024-09-13,GH,social,36.59
2024-09-13,GH,email,7.91
2024-09-13,GH,referral,7.96
2024-09-14,GH,paid_search,52.28
2024-09-14,GH,organic,9.11
2024-09-14,GH,social,24.17
2024-09-14,GH,email,4.8
2024-09-14,GH,referral,6.05
2024-09-15,GH,paid_search,92.73
2024-09-15,GH,organic,5.99
2024-09-15,GH,social,30.11
2024-09-15,GH,email,4.06
2024-09-15,GH,referral,9.04
2024-09-16,GH,paid_search,69.43
2024-09-16,GH,organic,9.65
2024-09-16,GH,social,24.1
2024-09-16,GH,email,5.1
2024-09-16,GH,referral,13.56
2024-09-17,GH,paid_search,90.74
2024-09-17,GH,organic,6.64
2024-09-17,GH,social,35.55
2024-09-17,GH,email,8.95
2024-09-17,GH,referral,7.02
2024-09-18,GH,paid_search,37.42
2024-09-18,GH,organic,6.93
2024-09-18,GH,social,35.25
2024-09-18,GH,email,4.8
2024-09-18,GH,referral,12.44
2024-09-19,GH,paid_search,75.79
2024-09-19,GH,organic,6.79
2024-09-19,GH,social,31.15
2024-09-19,GH,email,4.88
2024-09-19,GH,referral,12.07
2024-09-20,GH,paid_search,63.49
2024-09-20,GH,organic,5.61
2024-09-20,GH,social,44.66
2024-09-20,GH,email,5.59
2024-09-20,GH,referral,6.6
2024-09-21,GH,paid_search,102.83
2024-09-21,GH,organic,9.22
2024-09-21,GH,social,36.42
2024-09-21,GH,email,5.68
2024-09-21,GH,referral,9.3
2024-09-22,GH,paid_search,66.59
2024-09-22,GH,organic,7.45
2024-09-22,GH,social,30.69
2024-09-22,GH,email,5.84
2024-09-22,GH,referral,8.48
2024-09-23,GH,paid_search,76.02
2024-09-23,GH,organic,7.95
2024-09-23,GH,social,29.7
2024-09-23,GH,email,5.87
2024-09-23,GH,referral,11.36
2024-09-24,GH,paid_search,31.38
2024-09-24,GH,organic,9.16
2024-09-24,GH,social,24.96
2024-09-24,GH,email,5.31
2024-09-24,GH,referral,2.93
2024-09-25,GH,paid_search,82.18
2024-09-25,GH,organic,6.52
2024-09-25,GH,social,31.5
2024-09-25,GH,email,6.14
2024-09-25,GH,referral,5.07
2024-09-26,GH,paid_search,73.12
2024-09-26,GH,organic,9.3
2024-09-26,GH,social,37.57
2024-09-26,GH,email,5.41
2024-09-26,GH,referral,10.1
2024-09-27,GH,paid_search,70.64
2024-09-27,GH,organic,9.52
2024-09-27,GH,social,47.3
2024-09-27,GH,email,5.38
2024-09-27,GH,referral,10.58
2024-09-28,GH,paid_search,59.98
2024-09-28,GH,organic,8.83
2024-09-28,GH,social,40.14
2024-09-28,GH,email,5.75
2024-09-28,GH,referral,11.3
2024-09-29,GH,paid_search,72.06
2024-09-29,GH,organic,7.9
2024-09-29,GH,social,28.08
2024-09-29,GH,email,6.26
2024-09-29,GH,referral,8.56
2024-09-30,GH,paid_search,87.65
2024-09-30,GH,organic,6.31
2024-09-30,GH,social,38.42
2024-09-30,GH,email,5.61
2024-09-30,GH,referral,10.67
2024-10-01,GH,paid_search,70.95
2024-10-01,GH,organic,6.36
2024-10-01,GH,social,45.84
2024-10-01,GH,email,4.67
2024-10-01,GH,referral,11.61
2024-10-02,GH,paid_search,41.43
2024-10-02,GH,organic,7.42
2024-10-02,GH,social,49.76
2024-10-02,GH,email,5.59
2024-10-02,GH,referral,10.24
2024-10-03,GH,paid_search,100.85
2024-10-03,GH,organic,7.71
2024-10-03,GH,social,38.33
2024-10-03,GH,email,6.91
2024-10-03,GH,referral,6.55
2024-10-04,GH,paid_search,63.26
2024-10-04,GH,organic,8.26
2024-10-04,GH,social,21.64
2024-10-04,GH,email,8.05
2024-10-04,GH,referral,11.89
2024-10-05,GH,paid_search,82.93
2024-10-05,GH,organic,10.64
2024-10-05,GH,social,42.51
2024-10-05,GH,email,5.66
2024-10-05,GH,referral,5.92
2024-10-06,GH,paid_search,59.74
2024-10-06,GH,organic,6.7
2024-10-06,GH,social,41.57
2024-10-06,GH,email,6.12
2024-10-06,GH,referral,6.09
2024-10-07,GH,paid_search,87.57
2024-10-07,GH,organic,10.66
2024-10-07,GH,social,49.28
2024-10-07,GH,email,4.31
2024-10-07,GH,referral,10.8
2024-10-08,GH,paid_search,53.89
2024-10-08,GH,organic,11.88
2024-10-08,GH,social,36.28
2024-10-08,GH,email,5.44
2024-10-08,GH,referral,8.61
2024-10-09,GH,paid_search,78.01
2024-10-09,GH,organic,9.03
2024-10-09,GH,social,21.17
2024-10-09,GH,email,8.1
2024-10-09,GH,referral,11.18
2024-10-10,GH,paid_search,97.0
2024-10-10,GH,organic,11.42
2024-10-10,GH,social,35.11
2024-10-10,GH,email,7.29
2024-10-10,GH,referral,8.56
2024-10-11,GH,paid_search,63.58
2024-10-11,GH,organic,11.14
2024-10-11,GH,social,29.35
2024-10-11,GH,email,6.29
2024-10-11,GH,referral,7.73
2024-10-12,GH,paid_search,60.2
2024-10-12,GH,organic,6.99
2024-10-12,GH,social,49.02
2024-10-12,GH,email,6.77
2024-10-12,GH,referral,12.1
2024-10-13,GH,paid_search,39.48
2024-10-13,GH,organic,8.07
2024-10-13,GH,social,32.56
2024-10-13,GH,email,6.74
2024-10-13,GH,referral,16.02
2024-10-14,GH,paid_search,28.97
2024-10-14,GH,organic,8.8
2024-10-14,GH,social,55.84
2024-10-14,GH,email,5.24
2024-10-14,GH,referral,10.37
2024-10-15,GH,paid_search,84.18
2024-10-15,GH,organic,3.69
2024-10-15,GH,social,38.4
2024-10-15,GH,email,4.81
2024-10-15,GH,referral,15.12
2024-10-16,GH,paid_search,68.27
2024-10-16,GH,organic,6.58
2024-10-16,GH,social,43.62
2024-10-16,GH,email,6.73
2024-10-16,GH,referral,12.24
2024-10-17,GH,paid_search,106.39
2024-10-17,GH,organic,6.83
2024-10-17,GH,social,51.47
2024-10-17,GH,email,8.82
2024-10-17,GH,referral,8.08
2024-10-18,GH,paid_search,59.91
2024-10-18,GH,organic,8.09
2024-10-18,GH,social,34.2
2024-10-18,GH,email,8.56
2024-10-18,GH,referral,7.84
2024-10-19,GH,paid_search,76.4
2024-10-19,GH,organic,6.47
2024-10-19,GH,social,36.98
2024-10-19,GH,email,9.21
2024-10-19,GH,referral,14.56
2024-10-20,GH,paid_search,78.81
2024-10-20,GH,organic,9.26
2024-10-20,GH,social,40.24
2024-10-20,GH,email,5.54
2024-10-20,GH,referral,14.79
2024-10-21,GH,paid_search,95.75
2024-10-21,GH,organic,8.47
2024-10-21,GH,social,34.05
2024-10-21,GH,email,5.77
2024-10-21,GH,referral,10.85
2024-10-22,GH,paid_search,71.37
2024-10-22,GH,organic,10.28
2024-10-22,GH,social,40.31
2024-10-22,GH,email,4.57
2024-10-22,GH,referral,7.13
2024-10-23,GH,paid_search,89.83
2024-10-23,GH,organic,5.69
2024-10-23,GH,social,32.86
2024-10-23,GH,email,5.34
2024-10-23,GH,referral,6.9
2024-10-24,GH,paid_search,77.58
2024-10-24,GH,organic,7.75
2024-10-24,GH,social,30.26
2024-10-24,GH,email,9.13
2024-10-24,GH,referral,3.92
2024-10-25,GH,paid_search,56.46
2024-10-25,GH,organic,6.85
2024-10-25,GH,social,23.77
2024-10-25,GH,email,9.39
2024-10-25,GH,referral,15.62
2024-10-26,GH,paid_search,59.68
2024-10-26,GH,organic,10.54
2024-10-26,GH,social,41.37
2024-10-26,GH,email,8.48
2024-10-26,GH,referral,9.73
2024-10-27,GH,paid_search,79.77
2024-10-27,GH,organic,10.81
2024-10-27,GH,social,47.25
2024-10-27,GH,email,6.23
2024-10-27,GH,referral,7.64
2024-10-28,GH,paid_search,58.26
2024-10-28,GH,organic,4.3
2024-10-28,GH,social,43.09
2024-10-28,GH,email,6.32
2024-10-28,GH,referral,10.72
2024-10-29,GH,paid_search,71.55
2024-10-29,GH,organic,5.71
2024-10-29,GH,social,38.81
2024-10-29,GH,email,6.91
2024-10-29,GH,referral,7.83
2024-10-30,GH,paid_search,71.49
2024-10-30,GH,organic,6.7
2024-10-30,GH,social,34.06
2024-10-30,GH,email,4.3
2024-10-30,GH,referral,9.33
2024-10-31,GH,paid_search,101.29
2024-10-31,GH,organic,7.0
2024-10-31,GH,social,29.87
2024-10-31,GH,email,5.07
2024-10-31,GH,referral,9.52
2024-11-01,GH,paid_search,104.26
2024-11-01,GH,organic,10.81
2024-11-01,GH,social,34.71
2024-11-01,GH,email,5.04
2024-11-01,GH,referral,5.6
2024-11-02,GH,paid_search,55.6
2024-11-02,GH,organic,4.05
2024-11-02,GH,social,42.66
2024-11-02,GH,email,8.0
2024-11-02,GH,referral,9.06
2024-11-03,GH,paid_search,78.91
2024-11-03,GH,organic,5.82
2024-11-03,GH,social,18.54
2024-11-03,GH,email,6.08
2024-11-03,GH,referral,10.96
2024-11-04,GH,paid_search,102.67
2024-11-04,GH,organic,12.13
2024-11-04,GH,social,33.49
2024-11-04,GH,email,7.37
2024-11-04,GH,referral,10.79
2024-11-05,GH,paid_search,72.04
2024-11-05,GH,organic,7.93
2024-11-05,GH,social,34.7
2024-11-05,GH,email,5.85
2024-11-05,GH,referral,14.14
2024-11-06,GH,paid_search,75.86
2024-11-06,GH,organic,11.48
2024-11-06,GH,social,27.92
2024-11-06,GH,email,1.75
2024-11-06,GH,referral,8.84
2024-11-07,GH,paid_search,56.95
2024-11-07,GH,organic,5.01
2024-11-07,GH,social,47.71
2024-11-07,GH,email,4.0
2024-11-07,GH,referral,11.46
2024-11-08,GH,paid_search,108.26
2024-11-08,GH,organic,5.7
2024-11-08,GH,social,33.92
2024-11-08,GH,email,8.03
2024-11-08,GH,referral,8.96
2024-11-09,GH,paid_search,77.98
2024-11-09,GH,organic,9.28
2024-11-09,GH,social,37.56
2024-11-09,GH,email,5.33
2024-11-09,GH,referral,8.05
2024-11-10,GH,paid_search,52.29
2024-11-10,GH,organic,9.19
2024-11-10,GH,social,30.08
2024-11-10,GH,email,7.79
2024-11-10,GH,referral,13.97
2024-11-11,GH,paid_search,51.18
2024-11-11,GH,organic,9.48
2024-11-11,GH,social,54.53
2024-11-11,GH,email,4.72
2024-11-11,GH,referral,13.0
2024-11-12,GH,paid_search,82.11
2024-11-12,GH,organic,9.92
2024-11-12,GH,social,29.19
2024-11-12,GH,email,8.86
2024-11-12,GH,referral,8.33
2024-11-13,GH,paid_search,83.53
2024-11-13,GH,organic,7.87
2024-11-13,GH,social,40.83
2024-11-13,GH,email,4.52
2024-11-13,GH,referral,6.93
2024-11-14,GH,paid_search,77.17
2024-11-14,GH,organic,7.27
2024-11-14,GH,social,32.39
2024-11-14,GH,email,6.82
2024-11-14,GH,referral,6.26
2024-11-15,GH,paid_search,93.72
2024-11-15,GH,organic,8.24
2024-11-15,GH,social,42.87
2024-11-15,GH,email,6.79
2024-11-15,GH,referral,11.46
2024-11-16,GH,paid_search,50.43
2024-11-16,GH,organic,10.33
2024-11-16,GH,social,38.46
2024-11-16,GH,email,5.29
2024-11-16,GH,referral,9.69
2024-11-17,GH,paid_search,78.52
2024-11-17,GH,organic,8.36
2024-11-17,GH,social,41.38
2024-11-17,GH,email,8.48
2024-11-17,GH,referral,7.41
2024-11-18,GH,paid_search,85.5
2024-11-18,GH,organic,7.79
2024-11-18,GH,social,46.28
2024-11-18,GH,email,8.44
2024-11-18,GH,referral,10.49
2024-11-19,GH,paid_search,83.17
2024-11-19,GH,organic,10.43
2024-11-19,GH,social,44.98
2024-11-19,GH,email,7.89
2024-11-19,GH,referral,9.25
2024-11-20,GH,paid_search,62.7
2024-11-20,GH,organic,5.73
2024-11-20,GH,social,34.24
2024-11-20,GH,email,5.87
2024-11-20,GH,referral,9.64
2024-11-21,GH,paid_search,80.86
2024-11-21,GH,organic,9.04
2024-11-21,GH,social,35.41
2024-11-21,GH,email,6.52
2024-11-21,GH,referral,12.07
2024-11-22,GH,paid_search,57.62
2024-11-22,GH,organic,9.87
2024-11-22,GH,social,30.5
2024-11-22,GH,email,8.16
2024-11-22,GH,referral,10.42
2024-11-23,GH,paid_search,73.15
2024-11-23,GH,organic,4.42
2024-11-23,GH,social,41.92
2024-11-23,GH,email,6.14
2024-11-23,GH,referral,10.44
2024-11-24,GH,paid_search,70.32
2024-11-24,GH,organic,9.25
2024-11-24,GH,social,43.43
2024-11-24,GH,email,6.73
2024-11-24,GH,referral,13.29
2024-11-25,GH,paid_search,59.05
2024-11-25,GH,organic,6.81
2024-11-25,GH,social,39.66
2024-11-25,GH,email,6.99
2024-11-25,GH,referral,11.29
2024-11-26,GH,paid_search,48.82
2024-11-26,GH,organic,5.59
2024-11-26,GH,social,34.34
2024-11-26,GH,email,3.32
2024-11-26,GH,referral,10.65
2024-11-27,GH,paid_search,70.65
2024-11-27,GH,organic,6.17
2024-11-27,GH,social,31.03
2024-11-27,GH,email,6.16
2024-11-27,GH,referral,6.27
2024-11-28,GH,paid_search,61.14
2024-11-28,GH,organic,7.47
2024-11-28,GH,social,33.3
2024-11-28,GH,email,5.59
2024-11-28,GH,referral,13.4
2024-11-29,GH,paid_search,89.07
2024-11-29,GH,organic,6.71
2024-11-29,GH,social,26.67
2024-11-29,GH,email,5.38
2024-11-29,GH,referral,13.07
2024-11-30,GH,paid_search,33.71
2024-11-30,GH,organic,8.17
2024-11-30,GH,social,33.23
2024-11-30,GH,email,7.8
2024-11-30,GH,referral,12.45
2024-12-01,GH,paid_search,45.57
2024-12-01,GH,organic,10.39
2024-12-01,GH,social,15.0
2024-12-01,GH,email,6.92
2024-12-01,GH,referral,11.76
2024-12-02,GH,paid_search,102.33
2024-12-02,GH,organic,8.45
2024-12-02,GH,social,30.02
2024-12-02,GH,email,4.49
2024-12-02,GH,referral,13.65
2024-12-03,GH,paid_search,102.55
2024-12-03,GH,organic,7.1
2024-12-03,GH,social,36.2
2024-12-03,GH,email,8.04
2024-12-03,GH,referral,11.92
2024-12-04,GH,paid_search,68.64
2024-12-04,GH,organic,6.48
2024-12-04,GH,social,28.43
2024-12-04,GH,email,7.43
2024-12-04,GH,referral,9.08
2024-12-05,GH,paid_search,64.68
2024-12-05,GH,organic,9.22
2024-12-05,GH,social,36.73
2024-12-05,GH,email,6.58
2024-12-05,GH,referral,9.19
2024-12-06,GH,paid_search,65.42
2024-12-06,GH,organic,6.53
2024-12-06,GH,social,42.38
2024-12-06,GH,email,6.13
2024-12-06,GH,referral,10.73
2024-12-07,GH,paid_search,53.64
2024-12-07,GH,organic,9.39
2024-12-07,GH,social,38.81
2024-12-07,GH,email,7.1
2024-12-07,GH,referral,10.86
2024-12-08,GH,paid_search,77.15
2024-12-08,GH,organic,4.36
2024-12-08,GH,social,46.24
2024-12-08,GH,email,4.02
2024-12-08,GH,referral,12.59
2024-12-09,GH,paid_search,70.69
2024-12-09,GH,organic,4.79
2024-12-09,GH,social,35.22
2024-12-09,GH,email,3.75
2024-12-09,GH,referral,12.77
2024-12-10,GH,paid_search,62.72
2024-12-10,GH,organic,5.92
2024-12-10,GH,social,41.95
2024-12-10,GH,email,5.94
2024-12-10,GH,referral,11.3
2024-12-11,GH,paid_search,69.95
2024-12-11,GH,organic,10.31
2024-12-11,GH,social,32.39
2024-12-11,GH,email,3.64
2024-12-11,GH,referral,7.26
2024-12-12,GH,paid_search,79.83
2024-12-12,GH,organic,6.68
2024-12-12,GH,social,47.55
2024-12-12,GH,email,4.24
2024-12-12,GH,referral,12.55
2024-12-13,GH,paid_search,64.21
2024-12-13,GH,organic,10.62
2024-12-13,GH,social,40.55
2024-12-13,GH,email,6.29
2024-12-13,GH,referral,11.66
2024-12-14,GH,paid_search,94.08
2024-12-14,GH,organic,7.9
2024-12-14,GH,social,19.11
2024-12-14,GH,email,7.8
2024-12-14,GH,referral,9.32
2024-12-15,GH,paid_search,118.08
2024-12-15,GH,organic,6.79
2024-12-15,GH,social,32.57
2024-12-15,GH,email,7.12
2024-12-15,GH,referral,11.9
2024-12-16,GH,paid_search,79.61
2024-12-16,GH,organic,6.88
2024-12-16,GH,social,25.56
2024-12-16,GH,email,4.98
2024-12-16,GH,referral,6.21
2024-12-17,GH,paid_search,109.14
2024-12-17,GH,organic,5.95
2024-12-17,GH,social,33.35
2024-12-17,GH,email,7.04
2024-12-17,GH,referral,10.01
2024-12-18,GH,paid_search,61.36
2024-12-18,GH,organic,7.7
2024-12-18,GH,social,30.52
2024-12-18,GH,email,5.62
2024-12-18,GH,referral,10.98
2024-12-19,GH,paid_search,53.34
2024-12-19,GH,organic,10.16
2024-12-19,GH,social,36.65
2024-12-19,GH,email,5.12
2024-12-19,GH,referral,9.21
2024-12-20,GH,paid_search,93.01
2024-12-20,GH,organic,9.64
2024-12-20,GH,social,38.16
2024-12-20,GH,email,5.1
2024-12-20,GH,referral,11.42
2024-12-21,GH,paid_search,72.25
2024-12-21,GH,organic,11.49
2024-12-21,GH,social,35.66
2024-12-21,GH,email,8.53
2024-12-21,GH,referral,10.49
2024-12-22,GH,paid_search,53.34
2024-12-22,GH,organic,14.59
2024-12-22,GH,social,22.98
2024-12-22,GH,email,3.03
2024-12-22,GH,referral,4.81
2024-12-23,GH,paid_search,121.31
2024-12-23,GH,organic,12.25
2024-12-23,GH,social,37.3
2024-12-23,GH,email,6.65
2024-12-23,GH,referral,10.63
2024-12-24,GH,paid_search,40.13
2024-12-24,GH,organic,10.92
2024-12-24,GH,social,47.95
2024-12-24,GH,email,4.15
2024-12-24,GH,referral,10.81
2024-12-25,GH,paid_search,70.68
2024-12-25,GH,organic,7.58
2024-12-25,GH,social,29.89
2024-12-25,GH,email,5.83
2024-12-25,GH,referral,8.68
2024-12-26,GH,paid_search,91.16
2024-12-26,GH,organic,7.94
2024-12-26,GH,social,29.77
2024-12-26,GH,email,5.96
2024-12-26,GH,referral,9.65
2024-12-27,GH,paid_search,68.7
2024-12-27,GH,organic,9.35
2024-12-27,GH,social,33.51
2024-12-27,GH,email,5.14
2024-12-27,GH,referral,6.6
2024-12-28,GH,paid_search,71.85
2024-12-28,GH,organic,10.49
2024-12-28,GH,social,34.89
2024-12-28,GH,email,5.25
2024-12-28,GH,referral,8.11
2024-12-29,GH,paid_search,40.97
2024-12-29,GH,organic,10.35
2024-12-29,GH,social,40.36
2024-12-29,GH,email,7.15
2024-12-29,GH,referral,10.63
2024-12-30,GH,paid_search,57.5
2024-12-30,GH,organic,7.37
2024-12-30,GH,social,31.5
2024-12-30,GH,email,5.37
2024-12-30,GH,referral,8.97
2024-12-31,GH,paid_search,91.89
2024-12-31,GH,organic,12.04
2024-12-31,GH,social,28.15
2024-12-31,GH,email,5.75
2024-12-31,GH,referral,10.54
2025-01-01,GH,paid_search,54.35
2025-01-01,GH,organic,8.11
2025-01-01,GH,social,39.16
2025-01-01,GH,email,5.88
2025-01-01,GH,referral,11.57
2025-01-02,GH,paid_search,72.01
2025-01-02,GH,organic,2.27
2025-01-02,GH,social,27.36
2025-01-02,GH,email,8.15
2025-01-02,GH,referral,11.3
2025-01-03,GH,paid_search,20.68
2025-01-03,GH,organic,4.98
2025-01-03,GH,social,42.5
2025-01-03,GH,email,5.14
2025-01-03,GH,referral,3.24
2025-01-04,GH,paid_search,91.07
2025-01-04,GH,organic,9.45
2025-01-04,GH,social,28.54
2025-01-04,GH,email,7.87
2025-01-04,GH,referral,8.02
2025-01-05,GH,paid_search,60.79
2025-01-05,GH,organic,7.03
2025-01-05,GH,social,18.94
2025-01-05,GH,email,6.62
2025-01-05,GH,referral,11.3
2025-01-06,GH,paid_search,63.75
2025-01-06,GH,organic,9.41
2025-01-06,GH,social,21.68
2025-01-06,GH,email,7.03
2025-01-06,GH,referral,10.81
2025-01-07,GH,paid_search,59.57
2025-01-07,GH,organic,8.83
2025-01-07,GH,social,28.07
2025-01-07,GH,email,7.66
2025-01-07,GH,referral,11.32
2025-01-08,GH,paid_search,78.55
2025-01-08,GH,organic,7.08
2025-01-08,GH,social,42.98
2025-01-08,GH,email,7.81
2025-01-08,GH,referral,14.02
2025-01-09,GH,paid_search,62.18
2025-01-09,GH,organic,9.64
2025-01-09,GH,social,48.56
2025-01-09,GH,email,5.64
2025-01-09,GH,referral,13.51
2025-01-10,GH,paid_search,74.86
2025-01-10,GH,organic,5.96
2025-01-10,GH,social,29.61
2025-01-10,GH,email,3.83
2025-01-10,GH,referral,9.9
2025-01-11,GH,paid_search,69.12
2025-01-11,GH,organic,8.38
2025-01-11,GH,social,48.26
2025-01-11,GH,email,5.98
2025-01-11,GH,referral,9.33
2025-01-12,GH,paid_search,68.41
2025-01-12,GH,organic,4.29
2025-01-12,GH,social,42.15
2025-01-12,GH,email,5.77
2025-01-12,GH,referral,10.2
2025-01-13,GH,paid_search,68.39
2025-01-13,GH,organic,8.25
2025-01-13,GH,social,24.19
2025-01-13,GH,email,6.0
2025-01-13,GH,referral,8.49
2025-01-14,GH,paid_search,72.63
2025-01-14,GH,organic,5.97
2025-01-14,GH,social,40.31
2025-01-14,GH,email,6.03
2025-01-14,GH,referral,6.76
2025-01-15,GH,paid_search,89.03
2025-01-15,GH,organic,6.97
2025-01-15,GH,social,32.77
2025-01-15,GH,email,7.2
2025-01-15,GH,referral,12.68
2025-01-16,GH,paid_search,63.61
2025-01-16,GH,organic,8.22
2025-01-16,GH,social,42.14
2025-01-16,GH,email,7.89
2025-01-16,GH,referral,10.22
2025-01-17,GH,paid_search,80.49
2025-01-17,GH,organic,6.17
2025-01-17,GH,social,22.39
2025-01-17,GH,email,6.83
2025-01-17,GH,referral,7.98
2025-01-18,GH,paid_search,55.36
2025-01-18,GH,organic,9.28
2025-01-18,GH,social,34.67
2025-01-18,GH,email,6.34
2025-01-18,GH,referral,6.79
2025-01-19,GH,paid_search,55.6
2025-01-19,GH,organic,11.26
2025-01-19,GH,social,30.08
2025-01-19,GH,email,5.7
2025-01-19,GH,referral,10.59
2025-01-20,GH,paid_search,52.74
2025-01-20,GH,organic,10.71
2025-01-20,GH,social,36.07
2025-01-20,GH,email,5.65
2025-01-20,GH,referral,12.67
2025-01-21,GH,paid_search,88.41
2025-01-21,GH,organic,11.93
2025-01-21,GH,social,32.07
2025-01-21,GH,email,9.29
2025-01-21,GH,referral,11.62
2025-01-22,GH,paid_search,102.43
2025-01-22,GH,organic,9.97
2025-01-22,GH,social,30.22
2025-01-22,GH,email,4.75
2025-01-22,GH,referral,5.49
2025-01-23,GH,paid_search,35.81
2025-01-23,GH,organic,6.78
2025-01-23,GH,social,47.4
2025-01-23,GH,email,5.25
2025-01-23,GH,referral,8.31
2025-01-24,GH,paid_search,84.59
2025-01-24,GH,organic,6.28
2025-01-24,GH,social,52.57
2025-01-24,GH,email,5.61
2025-01-24,GH,referral,12.33
2025-01-25,GH,paid_search,68.4
2025-01-25,GH,organic,8.05
2025-01-25,GH,social,46.14
2025-01-25,GH,email,6.34
2025-01-25,GH,referral,13.73
2025-01-26,GH,paid_search,57.9
2025-01-26,GH,organic,5.4
2025-01-26,GH,social,20.26
2025-01-26,GH,email,7.88
2025-01-26,GH,referral,12.25
2025-01-27,GH,paid_search,67.22
2025-01-27,GH,organic,8.6
2025-01-27,GH,social,45.62
2025-01-27,GH,email,5.71
2025-01-27,GH,referral,5.6
2025-01-28,GH,paid_search,40.55
2025-01-28,GH,organic,5.81
2025-01-28,GH,social,36.92
2025-01-28,GH,email,4.59
2025-01-28,GH,referral,12.58
2025-01-29,GH,paid_search,49.08
2025-01-29,GH,organic,6.61
2025-01-29,GH,social,19.61
2025-01-29,GH,email,5.33
2025-01-29,GH,referral,10.02
2025-01-30,GH,paid_search,91.4
2025-01-30,GH,organic,8.24
2025-01-30,GH,social,42.67
2025-01-30,GH,email,7.51
2025-01-30,GH,referral,10.98
2025-01-31,GH,paid_search,55.86
2025-01-31,GH,organic,8.81
2025-01-31,GH,social,49.39
2025-01-31,GH,email,5.53
2025-01-31,GH,referral,11.39
2025-02-01,GH,paid_search,81.52
2025-02-01,GH,organic,7.26
2025-02-01,GH,social,44.44
2025-02-01,GH,email,5.42
2025-02-01,GH,referral,11.13
2025-02-02,GH,paid_search,67.69
2025-02-02,GH,organic,8.09
2025-02-02,GH,social,44.4
2025-02-02,GH,email,3.08
2025-02-02,GH,referral,11.54
2025-02-03,GH,paid_search,84.73
2025-02-03,GH,organic,6.85
2025-02-03,GH,social,35.72
2025-02-03,GH,email,4.54
2025-02-03,GH,referral,8.0
2025-02-04,GH,paid_search,76.88
2025-02-04,GH,organic,13.25
2025-02-04,GH,social,41.98
2025-02-04,GH,email,4.73
2025-02-04,GH,referral,11.94
2025-02-05,GH,paid_search,82.46
2025-02-05,GH,organic,4.55
2025-02-05,GH,social,33.16
2025-02-05,GH,email,5.79
2025-02-05,GH,referral,10.3
2025-02-06,GH,paid_search,71.43
2025-02-06,GH,organic,8.3
2025-02-06,GH,social,27.58
2025-02-06,GH,email,5.51
2025-02-06,GH,referral,9.34
2025-02-07,GH,paid_search,92.88
2025-02-07,GH,organic,6.61
2025-02-07,GH,social,33.8
2025-02-07,GH,email,5.47
2025-02-07,GH,referral,13.97
2025-02-08,GH,paid_search,83.97
2025-02-08,GH,organic,6.13
2025-02-08,GH,social,39.58
2025-02-08,GH,email,4.48
2025-02-08,GH,referral,10.65
2025-02-09,GH,paid_search,96.59
2025-02-09,GH,organic,4.09
2025-02-09,GH,social,26.93
2025-02-09,GH,email,6.23
2025-02-09,GH,referral,9.01
2025-02-10,GH,paid_search,75.85
2025-02-10,GH,organic,7.83
2025-02-10,GH,social,20.87
2025-02-10,GH,email,6.93
2025-02-10,GH,referral,6.66
2025-02-11,GH,paid_search,75.7
2025-02-11,GH,organic,7.09
2025-02-11,GH,social,57.61
2025-02-11,GH,email,5.82
2025-02-11,GH,referral,10.88
2025-02-12,GH,paid_search,81.97
2025-02-12,GH,organic,8.68
2025-02-12,GH,social,35.76
2025-02-12,GH,email,4.51
2025-02-12,GH,referral,9.72
2025-02-13,GH,paid_search,38.41
2025-02-13,GH,organic,8.98
2025-02-13,GH,social,62.28
2025-02-13,GH,email,6.27
2025-02-13,GH,referral,10.85
2025-02-14,GH,paid_search,44.07
2025-02-14,GH,organic,6.37
2025-02-14,GH,social,44.05
2025-02-14,GH,email,3.83
2025-02-14,GH,referral,8.18
2025-02-15,GH,paid_search,82.22
2025-02-15,GH,organic,9.62
2025-02-15,GH,social,35.02
2025-02-15,GH,email,6.18
2025-02-15,GH,referral,10.3
2025-02-16,GH,paid_search,49.8
2025-02-16,GH,organic,7.85
2025-02-16,GH,social,38.18
2025-02-16,GH,email,5.87
2025-02-16,GH,referral,5.19
2025-02-17,GH,paid_search,99.64
2025-02-17,GH,organic,5.81
2025-02-17,GH,social,36.65
2025-02-17,GH,email,6.48
2025-02-17,GH,referral,8.86
2025-02-18,GH,paid_search,76.4
2025-02-18,GH,organic,6.45
2025-02-18,GH,social,55.32
2025-02-18,GH,email,5.61
2025-02-18,GH,referral,12.25
2025-02-19,GH,paid_search,52.33
2025-02-19,GH,organic,9.44
2025-02-19,GH,social,29.55
2025-02-19,GH,email,3.91
2025-02-19,GH,referral,7.34
2025-02-20,GH,paid_search,56.74
2025-02-20,GH,organic,8.22
2025-02-20,GH,social,61.88
2025-02-20,GH,email,10.1
2025-02-20,GH,referral,9.2
2025-02-21,GH,paid_search,89.27
2025-02-21,GH,organic,5.49
2025-02-21,GH,social,17.06
2025-02-21,GH,email,6.05
2025-02-21,GH,referral,11.37
2025-02-22,GH,paid_search,86.1
2025-02-22,GH,organic,10.16
2025-02-22,GH,social,33.03
2025-02-22,GH,email,6.11
2025-02-22,GH,referral,12.05
2025-02-23,GH,paid_search,93.48
2025-02-23,GH,organic,6.19
2025-02-23,GH,social,37.9
2025-02-23,GH,email,6.97
2025-02-23,GH,referral,10.37
2025-02-24,GH,paid_search,60.8
2025-02-24,GH,organic,8.01
2025-02-24,GH,social,40.77
2025-02-24,GH,email,4.86
2025-02-24,GH,referral,7.01
2025-02-25,GH,paid_search,109.07
2025-02-25,GH,organic,8.38
2025-02-25,GH,social,44.45
2025-02-25,GH,email,6.31
2025-02-25,GH,referral,12.63
2025-02-26,GH,paid_search,73.43
2025-02-26,GH,organic,9.17
2025-02-26,GH,social,26.01
2025-02-26,GH,email,3.35
2025-02-26,GH,referral,8.81
2025-02-27,GH,paid_search,46.34
2025-02-27,GH,organic,3.77
2025-02-27,GH,social,38.72
2025-02-27,GH,email,3.35
2025-02-27,GH,referral,12.37
2025-02-28,GH,paid_search,97.94
2025-02-28,GH,organic,5.11
2025-02-28,GH,social,38.6
2025-02-28,GH,email,8.79
2025-02-28,GH,referral,8.82
2025-03-01,GH,paid_search,83.0
2025-03-01,GH,organic,12.79
2025-03-01,GH,social,20.91
2025-03-01,GH,email,4.47
2025-03-01,GH,referral,11.41
2025-03-02,GH,paid_search,111.1
2025-03-02,GH,organic,6.58
2025-03-02,GH,social,57.92
2025-03-02,GH,email,6.2
2025-03-02,GH,referral,5.08
2025-03-03,GH,paid_search,100.63
2025-03-03,GH,organic,7.07
2025-03-03,GH,social,40.04
2025-03-03,GH,email,3.51
2025-03-03,GH,referral,8.12
2025-03-04,GH,paid_search,45.06
2025-03-04,GH,organic,4.79
2025-03-04,GH,social,36.88
2025-03-04,GH,email,6.85
2025-03-04,GH,referral,8.63
2025-03-05,GH,paid_search,46.13
2025-03-05,GH,organic,5.45
2025-03-05,GH,social,39.34
2025-03-05,GH,email,6.17
2025-03-05,GH,referral,10.97
2025-03-06,GH,paid_search,100.05
2025-03-06,GH,organic,9.15
2025-03-06,GH,social,39.68
2025-03-06,GH,email,9.55
2025-03-06,GH,referral,9.31
2025-03-07,GH,paid_search,114.91
2025-03-07,GH,organic,10.85
2025-03-07,GH,social,33.32
2025-03-07,GH,email,7.21
2025-03-07,GH,referral,9.46
2025-03-08,GH,paid_search,46.14
2025-03-08,GH,organic,7.98
2025-03-08,GH,social,22.8
2025-03-08,GH,email,6.35
2025-03-08,GH,referral,12.0
2025-03-09,GH,paid_search,68.1
2025-03-09,GH,organic,8.46
2025-03-09,GH,social,37.93
2025-03-09,GH,email,7.27
2025-03-09,GH,referral,10.22
2025-03-10,GH,paid_search,66.33
2025-03-10,GH,organic,9.6
2025-03-10,GH,social,37.43
2025-03-10,GH,email,2.8
2025-03-10,GH,referral,9.12
2025-03-11,GH,paid_search,62.69
2025-03-11,GH,organic,8.29
2025-03-11,GH,social,36.36
2025-03-11,GH,email,3.07
2025-03-11,GH,referral,6.27
2025-03-12,GH,paid_search,54.85
2025-03-12,GH,organic,8.13
2025-03-12,GH,social,45.66
2025-03-12,GH,email,3.59
2025-03-12,GH,referral,8.32
2025-03-13,GH,paid_search,71.13
2025-03-13,GH,organic,6.14
2025-03-13,GH,social,36.79
2025-03-13,GH,email,6.96
2025-03-13,GH,referral,8.11
2025-03-14,GH,paid_search,77.9
2025-03-14,GH,organic,7.77
2025-03-14,GH,social,25.66
2025-03-14,GH,email,5.79
2025-03-14,GH,referral,11.14
2025-03-15,GH,paid_search,97.45
2025-03-15,GH,organic,11.29
2025-03-15,GH,social,30.89
2025-03-15,GH,email,5.06
2025-03-15,GH,referral,10.1
2025-03-16,GH,paid_search,62.23
2025-03-16,GH,organic,10.43
2025-03-16,GH,social,36.91
2025-03-16,GH,email,6.08
2025-03-16,GH,referral,11.61
2025-03-17,GH,paid_search,74.88
2025-03-17,GH,organic,8.61
2025-03-17,GH,social,38.37
2025-03-17,GH,email,5.78
2025-03-17,GH,referral,7.74
2025-03-18,GH,paid_search,103.66
2025-03-18,GH,organic,6.19
2025-03-18,GH,social,50.89
2025-03-18,GH,email,6.51
2025-03-18,GH,referral,8.5
2025-03-19,GH,paid_search,81.99
2025-03-19,GH,organic,9.57
2025-03-19,GH,social,51.46
2025-03-19,GH,email,4.03
2025-03-19,GH,referral,9.65
2025-03-20,GH,paid_search,96.79
2025-03-20,GH,organic,9.49
2025-03-20,GH,social,40.37
2025-03-20,GH,email,8.22
2025-03-20,GH,referral,9.55
2025-03-21,GH,paid_search,28.84
2025-03-21,GH,organic,7.27
2025-03-21,GH,social,54.11
2025-03-21,GH,email,6.45
2025-03-21,GH,referral,7.89
2025-03-22,GH,paid_search,96.01
2025-03-22,GH,organic,9.69
2025-03-22,GH,social,37.32
2025-03-22,GH,email,6.88
2025-03-22,GH,referral,7.46
2025-03-23,GH,paid_search,65.48
2025-03-23,GH,organic,7.87
2025-03-23,GH,social,45.89
2025-03-23,GH,email,5.18
2025-03-23,GH,referral,9.94
2025-03-24,GH,paid_search,97.94
2025-03-24,GH,organic,13.05
2025-03-24,GH,social,28.16
2025-03-24,GH,email,6.21
2025-03-24,GH,referral,6.23
2025-03-25,GH,paid_search,71.74
2025-03-25,GH,organic,7.42
2025-03-25,GH,social,47.26
2025-03-25,GH,email,4.24
2025-03-25,GH,referral,6.73
2025-03-26,GH,paid_search,99.38
2025-03-26,GH,organic,6.73
2025-03-26,GH,social,37.78
2025-03-26,GH,email,6.44
2025-03-26,GH,referral,8.03
2025-03-27,GH,paid_search,57.85
2025-03-27,GH,organic,10.25
2025-03-27,GH,social,42.09
2025-03-27,GH,email,5.98
2025-03-27,GH,referral,9.66
2025-03-28,GH,paid_search,77.7
2025-03-28,GH,organic,8.76
2025-03-28,GH,social,47.35
2025-03-28,GH,email,5.97
2025-03-28,GH,referral,11.11
2025-03-29,GH,paid_search,84.93
2025-03-29,GH,organic,9.47
2025-03-29,GH,social,49.05
2025-03-29,GH,email,5.98
2025-03-29,GH,referral,8.59
2025-03-30,GH,paid_search,65.56
2025-03-30,GH,organic,9.28
2025-03-30,GH,social,35.03
2025-03-30,GH,email,9.43
2025-03-30,GH,referral,10.03
2025-03-31,GH,paid_search,54.81
2025-03-31,GH,organic,8.65
2025-03-31,GH,social,49.85
2025-03-31,GH,email,4.78
2025-03-31,GH,referral,7.89
2025-04-01,GH,paid_search,68.64
2025-04-01,GH,organic,6.71
2025-04-01,GH,social,23.85
2025-04-01,GH,email,3.69
2025-04-01,GH,referral,10.58
2025-04-02,GH,paid_search,84.87
2025-04-02,GH,organic,6.6
2025-04-02,GH,social,35.37
2025-04-02,GH,email,6.28
2025-04-02,GH,referral,7.24
2025-04-03,GH,paid_search,87.46
2025-04-03,GH,organic,8.42
2025-04-03,GH,social,40.72
2025-04-03,GH,email,7.02
2025-04-03,GH,referral,16.06
2025-04-04,GH,paid_search,53.56
2025-04-04,GH,organic,6.21
2025-04-04,GH,social,51.15
2025-04-04,GH,email,6.98
2025-04-04,GH,referral,10.17
2025-04-05,GH,paid_search,63.39
2025-04-05,GH,organic,7.54
2025-04-05,GH,social,34.09
2025-04-05,GH,email,3.76
2025-04-05,GH,referral,12.43
2025-04-06,GH,paid_search,35.81
2025-04-06,GH,organic,6.3
2025-04-06,GH,social,32.11
2025-04-06,GH,email,9.22
2025-04-06,GH,referral,9.75
2025-04-07,GH,paid_search,77.7
2025-04-07,GH,organic,6.25
2025-04-07,GH,social,43.82
2025-04-07,GH,email,10.43
2025-04-07,GH,referral,11.23
2025-04-08,GH,paid_search,65.96
2025-04-08,GH,organic,3.94
2025-04-08,GH,social,42.24
2025-04-08,GH,email,4.52
2025-04-08,GH,referral,8.11
2025-04-09,GH,paid_search,88.77
2025-04-09,GH,organic,7.05
2025-04-09,GH,social,35.15
2025-04-09,GH,email,7.12
2025-04-09,GH,referral,8.23
2025-04-10,GH,paid_search,48.8
2025-04-10,GH,organic,8.93
2025-04-10,GH,social,42.79
2025-04-10,GH,email,5.13
2025-04-10,GH,referral,8.43
2025-04-11,GH,paid_search,52.2
2025-04-11,GH,organic,9.43
2025-04-11,GH,social,53.27
2025-04-11,GH,email,7.4
2025-04-11,GH,referral,9.77
2025-04-12,GH,paid_search,84.9
2025-04-12,GH,organic,6.34
2025-04-12,GH,social,39.32
2025-04-12,GH,email,4.37
2025-04-12,GH,referral,9.69
2025-04-13,GH,paid_search,91.36
2025-04-13,GH,organic,9.62
2025-04-13,GH,social,41.12
2025-04-13,GH,email,6.62
2025-04-13,GH,referral,8.16
2025-04-14,GH,paid_search,74.56
2025-04-14,GH,organic,9.57
2025-04-14,GH,social,33.81
2025-04-14,GH,email,5.69
2025-04-14,GH,referral,8.82
2025-04-15,GH,paid_search,66.87
2025-04-15,GH,organic,6.45
2025-04-15,GH,social,36.22
2025-04-15,GH,email,5.52
2025-04-15,GH,referral,6.31
2025-04-16,GH,paid_search,118.82
2025-04-16,GH,organic,5.93
2025-04-16,GH,social,34.79
2025-04-16,GH,email,6.09
2025-04-16,GH,referral,8.66
2025-04-17,GH,paid_search,70.39
2025-04-17,GH,organic,6.36
2025-04-17,GH,social,42.54
2025-04-17,GH,email,5.97
2025-04-17,GH,referral,11.8
2025-04-18,GH,paid_search,98.46
2025-04-18,GH,organic,7.44
2025-04-18,GH,social,42.96
2025-04-18,GH,email,8.3
2025-04-18,GH,referral,9.69
2025-04-19,GH,paid_search,84.44
2025-04-19,GH,organic,7.07
2025-04-19,GH,social,46.77
2025-04-19,GH,email,5.25
2025-04-19,GH,referral,11.76
2025-04-20,GH,paid_search,89.91
2025-04-20,GH,organic,5.64
2025-04-20,GH,social,30.0
2025-04-20,GH,email,4.94
2025-04-20,GH,referral,12.7
2025-04-21,GH,paid_search,50.84
2025-04-21,GH,organic,8.65
2025-04-21,GH,social,42.54
2025-04-21,GH,email,6.25
2025-04-21,GH,referral,13.19
2025-04-22,GH,paid_search,37.36
2025-04-22,GH,organic,9.22
2025-04-22,GH,social,34.36
2025-04-22,GH,email,3.74
2025-04-22,GH,referral,7.3
2025-04-23,GH,paid_search,100.17
2025-04-23,GH,organic,9.26
2025-04-23,GH,social,43.22
2025-04-23,GH,email,7.44
2025-04-23,GH,referral,6.61
2025-04-24,GH,paid_search,76.42
2025-04-24,GH,organic,10.2
2025-04-24,GH,social,32.38
2025-04-24,GH,email,8.04
2025-04-24,GH,referral,8.47
2025-04-25,GH,paid_search,74.25
2025-04-25,GH,organic,8.8
2025-04-25,GH,social,42.79
2025-04-25,GH,email,5.57
2025-04-25,GH,referral,12.53
2025-04-26,GH,paid_search,79.7
2025-04-26,GH,organic,4.72
2025-04-26,GH,social,52.53
2025-04-26,GH,email,4.56
2025-04-26,GH,referral,14.8
2025-04-27,GH,paid_search,69.16
2025-04-27,GH,organic,7.31
2025-04-27,GH,social,39.59
2025-04-27,GH,email,4.95
2025-04-27,GH,referral,5.29
2025-04-28,GH,paid_search,70.03
2025-04-28,GH,organic,8.75
2025-04-28,GH,social,49.84
2025-04-28,GH,email,4.21
2025-04-28,GH,referral,11.45
2025-04-29,GH,paid_search,70.13
2025-04-29,GH,organic,8.07
2025-04-29,GH,social,44.75
2025-04-29,GH,email,5.23
2025-04-29,GH,referral,10.42
2025-04-30,GH,paid_search,91.62
2025-04-30,GH,organic,10.06
2025-04-30,GH,social,25.02
2025-04-30,GH,email,5.08
2025-04-30,GH,referral,9.64
2025-05-01,GH,paid_search,86.65
2025-05-01,GH,organic,7.5
2025-05-01,GH,social,36.74
2025-05-01,GH,email,7.88
2025-05-01,GH,referral,9.15
2025-05-02,GH,paid_search,98.52
2025-05-02,GH,organic,4.79
2025-05-02,GH,social,32.47
2025-05-02,GH,email,3.95
2025-05-02,GH,referral,10.29
2025-05-03,GH,paid_search,85.52
2025-05-03,GH,organic,7.68
2025-05-03,GH,social,31.73
2025-05-03,GH,email,3.96
2025-05-03,GH,referral,14.2
2025-05-04,GH,paid_search,71.6
2025-05-04,GH,organic,7.1
2025-05-04,GH,social,50.06
2025-05-04,GH,email,5.47
2025-05-04,GH,referral,7.72
2025-05-05,GH,paid_search,59.21
2025-05-05,GH,organic,6.29
2025-05-05,GH,social,26.41
2025-05-05,GH,email,4.96
2025-05-05,GH,referral,16.04
2025-05-06,GH,paid_search,51.3
2025-05-06,GH,organic,5.02
2025-05-06,GH,social,38.5
2025-05-06,GH,email,5.89
2025-05-06,GH,referral,11.65
2025-05-07,GH,paid_search,62.03
2025-05-07,GH,organic,6.26
2025-05-07,GH,social,51.06
2025-05-07,GH,email,3.58
2025-05-07,GH,referral,10.9
2025-05-08,GH,paid_search,84.43
2025-05-08,GH,organic,9.64
2025-05-08,GH,social,33.27
2025-05-08,GH,email,4.13
2025-05-08,GH,referral,13.75
2025-05-09,GH,paid_search,63.98
2025-05-09,GH,organic,11.06
2025-05-09,GH,social,39.31
2025-05-09,GH,email,5.27
2025-05-09,GH,referral,10.98
2025-05-10,GH,paid_search,92.71
2025-05-10,GH,organic,8.16
2025-05-10,GH,social,29.36
2025-05-10,GH,email,3.32
2025-05-10,GH,referral,8.94
2025-05-11,GH,paid_search,86.54
2025-05-11,GH,organic,5.98
2025-05-11,GH,social,42.13
2025-05-11,GH,email,6.04
2025-05-11,GH,referral,11.86
2025-05-12,GH,paid_search,29.89
2025-05-12,GH,organic,5.16
2025-05-12,GH,social,31.84
2025-05-12,GH,email,8.8
2025-05-12,GH,referral,8.11
2025-05-13,GH,paid_search,69.72
2025-05-13,GH,organic,12.3
2025-05-13,GH,social,39.86
2025-05-13,GH,email,7.29
2025-05-13,GH,referral,8.39
2025-05-14,GH,paid_search,93.22
2025-05-14,GH,organic,10.66
2025-05-14,GH,social,40.51
2025-05-14,GH,email,5.87
2025-05-14,GH,referral,11.4
2025-05-15,GH,paid_search,42.74
2025-05-15,GH,organic,10.18
2025-05-15,GH,social,28.36
2025-05-15,GH,email,5.58
2025-05-15,GH,referral,13.29
2025-05-16,GH,paid_search,91.76
2025-05-16,GH,organic,4.76
2025-05-16,GH,social,27.47
2025-05-16,GH,email,6.96
2025-05-16,GH,referral,5.65
2025-05-17,GH,paid_search,97.55
2025-05-17,GH,organic,8.24
2025-05-17,GH,social,48.72
2025-05-17,GH,email,4.88
2025-05-17,GH,referral,8.36
2025-05-18,GH,paid_search,90.61
2025-05-18,GH,organic,7.41
2025-05-18,GH,social,24.83
2025-05-18,GH,email,6.84
2025-05-18,GH,referral,6.02
2025-05-19,GH,paid_search,97.96
2025-05-19,GH,organic,8.37
2025-05-19,GH,social,27.99
2025-05-19,GH,email,7.72
2025-05-19,GH,referral,12.91
2025-05-20,GH,paid_search,72.07
2025-05-20,GH,organic,12.55
2025-05-20,GH,social,56.27
2025-05-20,GH,email,6.49
2025-05-20,GH,referral,12.66
2025-05-21,GH,paid_search,95.56
2025-05-21,GH,organic,5.73
2025-05-21,GH,social,38.58
2025-05-21,GH,email,4.98
2025-05-21,GH,referral,7.94
2025-05-22,GH,paid_search,74.19
2025-05-22,GH,organic,8.39
2025-05-22,GH,social,21.49
2025-05-22,GH,email,6.52
2025-05-22,GH,referral,9.37
2025-05-23,GH,paid_search,97.16
2025-05-23,GH,organic,10.33
2025-05-23,GH,social,28.3
2025-05-23,GH,email,7.97
2025-05-23,GH,referral,11.34
2025-05-24,GH,paid_search,68.07
2025-05-24,GH,organic,6.98
2025-05-24,GH,social,25.67
2025-05-24,GH,email,4.17
2025-05-24,GH,referral,5.43
2025-05-25,GH,paid_search,72.38
2025-05-25,GH,organic,3.88
2025-05-25,GH,social,28.2
2025-05-25,GH,email,6.99
2025-05-25,GH,referral,13.73
2025-05-26,GH,paid_search,51.33
2025-05-26,GH,organic,9.22
2025-05-26,GH,social,33.21
2025-05-26,GH,email,5.23
2025-05-26,GH,referral,10.39
2025-05-27,GH,paid_search,60.21
2025-05-27,GH,organic,7.83
2025-05-27,GH,social,36.64
2025-05-27,GH,email,7.74
2025-05-27,GH,referral,13.44
2025-05-28,GH,paid_search,61.23
2025-05-28,GH,organic,7.46
2025-05-28,GH,social,43.24
2025-05-28,GH,email,5.73
2025-05-28,GH,referral,11.79
2025-05-29,GH,paid_search,88.24
2025-05-29,GH,organic,10.04
2025-05-29,GH,social,36.79
2025-05-29,GH,email,4.25
2025-05-29,GH,referral,9.58
2025-05-30,GH,paid_search,62.87
2025-05-30,GH,organic,9.55
2025-05-30,GH,social,49.73
2025-05-30,GH,email,8.33
2025-05-30,GH,referral,12.21
2025-05-31,GH,paid_search,55.17
2025-05-31,GH,organic,10.81
2025-05-31,GH,social,39.84
2025-05-31,GH,email,4.76
2025-05-31,GH,referral,12.15
2025-06-01,GH,paid_search,68.02
2025-06-01,GH,organic,4.1
2025-06-01,GH,social,27.18
2025-06-01,GH,email,5.9
2025-06-01,GH,referral,9.74
2025-06-02,GH,paid_search,52.83
2025-06-02,GH,organic,9.5
2025-06-02,GH,social,40.68
2025-06-02,GH,email,3.85
2025-06-02,GH,referral,16.58
2025-06-03,GH,paid_search,50.14
2025-06-03,GH,organic,7.08
2025-06-03,GH,social,39.38
2025-06-03,GH,email,5.32
2025-06-03,GH,referral,13.64
2025-06-04,GH,paid_search,68.84
2025-06-04,GH,organic,6.16
2025-06-04,GH,social,41.53
2025-06-04,GH,email,1.65
2025-06-04,GH,referral,11.33
2025-06-05,GH,paid_search,95.22
2025-06-05,GH,organic,3.39
2025-06-05,GH,social,32.36
2025-06-05,GH,email,3.53
2025-06-05,GH,referral,10.03
2025-06-06,GH,paid_search,112.38
2025-06-06,GH,organic,8.46
2025-06-06,GH,social,34.03
2025-06-06,GH,email,1.76
2025-06-06,GH,referral,7.23
2025-06-07,GH,paid_search,69.61
2025-06-07,GH,organic,8.19
2025-06-07,GH,social,39.09
2025-06-07,GH,email,7.15
2025-06-07,GH,referral,7.74
2025-06-08,GH,paid_search,72.72
2025-06-08,GH,organic,7.01
2025-06-08,GH,social,27.55
2025-06-08,GH,email,4.69
2025-06-08,GH,referral,11.35
2025-06-09,GH,paid_search,25.84
2025-06-09,GH,organic,4.29
2025-06-09,GH,social,64.5
2025-06-09,GH,email,5.0
2025-06-09,GH,referral,13.67
2025-06-10,GH,paid_search,70.84
2025-06-10,GH,organic,6.88
2025-06-10,GH,social,41.91
2025-06-10,GH,email,6.12
2025-06-10,GH,referral,9.55
2025-06-11,GH,paid_search,71.21
2025-06-11,GH,organic,8.79
2025-06-11,GH,social,29.81
2025-06-11,GH,email,5.28
2025-06-11,GH,referral,7.56
2025-06-12,GH,paid_search,50.27
2025-06-12,GH,organic,11.7
2025-06-12,GH,social,27.84
2025-06-12,GH,email,7.5
2025-06-12,GH,referral,9.11
2025-06-13,GH,paid_search,81.73
2025-06-13,GH,organic,8.0
2025-06-13,GH,social,19.88
2025-06-13,GH,email,6.04
2025-06-13,GH,referral,11.51
2025-06-14,GH,paid_search,54.81
2025-06-14,GH,organic,12.64
2025-06-14,GH,social,43.31
2025-06-14,GH,email,7.23
2025-06-14,GH,referral,12.32
2025-06-15,GH,paid_search,29.99
2025-06-15,GH,organic,9.41
2025-06-15,GH,social,56.48
2025-06-15,GH,email,7.14
2025-06-15,GH,referral,9.34
2025-06-16,GH,paid_search,51.92
2025-06-16,GH,organic,5.58
2025-06-16,GH,social,24.01
2025-06-16,GH,email,5.4
2025-06-16,GH,referral,7.33
2025-06-17,GH,paid_search,69.26
2025-06-17,GH,organic,8.41
2025-06-17,GH,social,20.52
2025-06-17,GH,email,4.85
2025-06-17,GH,referral,8.55
2025-06-18,GH,paid_search,61.07
2025-06-18,GH,organic,8.04
2025-06-18,GH,social,37.12
2025-06-18,GH,email,5.36
2025-06-18,GH,referral,8.32
2025-06-19,GH,paid_search,71.63
2025-06-19,GH,organic,10.88
2025-06-19,GH,social,22.9
2025-06-19,GH,email,7.7
2025-06-19,GH,referral,5.92
2025-06-20,GH,paid_search,78.51
2025-06-20,GH,organic,10.1
2025-06-20,GH,social,24.09
2025-06-20,GH,email,6.53
2025-06-20,GH,referral,7.38
2025-06-21,GH,paid_search,93.07
2025-06-21,GH,organic,4.8
2025-06-21,GH,social,27.97
2025-06-21,GH,email,6.2
2025-06-21,GH,referral,11.78
2025-06-22,GH,paid_search,73.67
2025-06-22,GH,organic,8.99
2025-06-22,GH,social,31.06
2025-06-22,GH,email,4.36
2025-06-22,GH,referral,13.66
2025-06-23,GH,paid_search,80.98
2025-06-23,GH,organic,7.02
2025-06-23,GH,social,21.12
2025-06-23,GH,email,7.83
2025-06-23,GH,referral,13.16
2025-06-24,GH,paid_search,68.09
2025-06-24,GH,organic,6.68
2025-06-24,GH,social,33.67
2025-06-24,GH,email,5.68
2025-06-24,GH,referral,11.92
2025-06-25,GH,paid_search,51.52
2025-06-25,GH,organic,6.83
2025-06-25,GH,social,34.35
2025-06-25,GH,email,6.39
2025-06-25,GH,referral,12.17
2025-06-26,GH,paid_search,77.6
2025-06-26,GH,organic,11.5
2025-06-26,GH,social,27.08
2025-06-26,GH,email,8.19
2025-06-26,GH,referral,7.62
2025-06-27,GH,paid_search,64.88
2025-06-27,GH,organic,8.77
2025-06-27,GH,social,46.6
2025-06-27,GH,email,5.41
2025-06-27,GH,referral,10.98
2025-06-28,GH,paid_search,66.32
2025-06-28,GH,organic,3.41
2025-06-28,GH,social,35.65
2025-06-28,GH,email,4.14
2025-06-28,GH,referral,13.18
2025-06-29,GH,paid_search,95.01
2025-06-29,GH,organic,6.33
2025-06-29,GH,social,27.09
2025-06-29,GH,email,5.06
2025-06-29,GH,referral,11.33
2025-06-30,GH,paid_search,81.65
2025-06-30,GH,organic,14.82
2025-06-30,GH,social,33.22
2025-06-30,GH,email,6.14
2025-06-30,GH,referral,14.83
2025-07-01,GH,paid_search,77.15
2025-07-01,GH,organic,5.82
2025-07-01,GH,social,39.08
2025-07-01,GH,email,7.06
2025-07-01,GH,referral,9.15
2025-07-02,GH,paid_search,86.32
2025-07-02,GH,organic,9.41
2025-07-02,GH,social,31.87
2025-07-02,GH,email,8.33
2025-07-02,GH,referral,8.04
2025-07-03,GH,paid_search,79.87
2025-07-03,GH,organic,6.8
2025-07-03,GH,social,20.76
2025-07-03,GH,email,6.54
2025-07-03,GH,referral,14.82
2025-07-04,GH,paid_search,71.03
2025-07-04,GH,organic,5.01
2025-07-04,GH,social,38.0
2025-07-04,GH,email,4.77
2025-07-04,GH,referral,12.63
2025-07-05,GH,paid_search,67.88
2025-07-05,GH,organic,4.45
2025-07-05,GH,social,40.58
2025-07-05,GH,email,6.31
2025-07-05,GH,referral,9.25
2025-07-06,GH,paid_search,53.3
2025-07-06,GH,organic,11.58
2025-07-06,GH,social,31.93
2025-07-06,GH,email,7.35
2025-07-06,GH,referral,8.84
2025-07-07,GH,paid_search,84.25
2025-07-07,GH,organic,8.11
2025-07-07,GH,social,36.25
2025-07-07,GH,email,4.76
2025-07-07,GH,referral,11.32
2025-07-08,GH,paid_search,97.29
2025-07-08,GH,organic,5.93
2025-07-08,GH,social,28.51
2025-07-08,GH,email,10.42
2025-07-08,GH,referral,7.5
2025-07-09,GH,paid_search,62.02
2025-07-09,GH,organic,10.77
2025-07-09,GH,social,48.72
2025-07-09,GH,email,2.36
2025-07-09,GH,referral,11.91
2025-07-10,GH,paid_search,68.49
2025-07-10,GH,organic,7.7
2025-07-10,GH,social,46.49
2025-07-10,GH,email,5.48
2025-07-10,GH,referral,8.72
2025-07-11,GH,paid_search,66.21
2025-07-11,GH,organic,7.3
2025-07-11,GH,social,39.13
2025-07-11,GH,email,7.98
2025-07-11,GH,referral,11.07
2025-07-12,GH,paid_search,71.77
2025-07-12,GH,organic,9.09
2025-07-12,GH,social,43.02
2025-07-12,GH,email,6.87
2025-07-12,GH,referral,8.33
2025-07-13,GH,paid_search,79.64
2025-07-13,GH,organic,3.76
2025-07-13,GH,social,49.81
2025-07-13,GH,email,8.3
2025-07-13,GH,referral,12.22
2025-07-14,GH,paid_search,94.43
2025-07-14,GH,organic,7.85
2025-07-14,GH,social,29.25
2025-07-14,GH,email,4.12
2025-07-14,GH,referral,12.52
2025-07-15,GH,paid_search,58.49
2025-07-15,GH,organic,7.25
2025-07-15,GH,social,38.02
2025-07-15,GH,email,5.94
2025-07-15,GH,referral,10.66
2025-07-16,GH,paid_search,39.45
2025-07-16,GH,organic,7.53
2025-07-16,GH,social,43.42
2025-07-16,GH,email,5.35
2025-07-16,GH,referral,7.84
2025-07-17,GH,paid_search,89.19
2025-07-17,GH,organic,7.15
2025-07-17,GH,social,37.66
2025-07-17,GH,email,5.68
2025-07-17,GH,referral,10.0
2025-07-18,GH,paid_search,99.53
2025-07-18,GH,organic,9.14
2025-07-18,GH,social,25.0
2025-07-18,GH,email,5.44
2025-07-18,GH,referral,8.97
2025-07-19,GH,paid_search,75.89
2025-07-19,GH,organic,9.82
2025-07-19,GH,social,36.29
2025-07-19,GH,email,6.0
2025-07-19,GH,referral,4.42
2025-07-20,GH,paid_search,95.83
2025-07-20,GH,organic,7.66
2025-07-20,GH,social,38.33
2025-07-20,GH,email,6.38
2025-07-20,GH,referral,8.08
2025-07-21,GH,paid_search,67.61
2025-07-21,GH,organic,6.45
2025-07-21,GH,social,48.45
2025-07-21,GH,email,2.66
2025-07-21,GH,referral,7.62
2025-07-22,GH,paid_search,66.2
2025-07-22,GH,organic,10.99
2025-07-22,GH,social,42.37
2025-07-22,GH,email,3.54
2025-07-22,GH,referral,9.71
2025-07-23,GH,paid_search,84.98
2025-07-23,GH,organic,12.45
2025-07-23,GH,social,32.94
2025-07-23,GH,email,4.22
2025-07-23,GH,referral,10.81
2025-07-24,GH,paid_search,71.22
2025-07-24,GH,organic,8.93
2025-07-24,GH,social,42.21
2025-07-24,GH,email,6.48
2025-07-24,GH,referral,11.32
2025-07-25,GH,paid_search,101.44
2025-07-25,GH,organic,7.42
2025-07-25,GH,social,24.98
2025-07-25,GH,email,6.47
2025-07-25,GH,referral,6.8
2025-07-26,GH,paid_search,51.81
2025-07-26,GH,organic,6.36
2025-07-26,GH,social,24.74
2025-07-26,GH,email,7.75
2025-07-26,GH,referral,10.12
2025-07-27,GH,paid_search,84.72
2025-07-27,GH,organic,9.02
2025-07-27,GH,social,34.11
2025-07-27,GH,email,7.44
2025-07-27,GH,referral,8.79
2025-07-28,GH,paid_search,68.98
2025-07-28,GH,organic,6.58
2025-07-28,GH,social,48.6
2025-07-28,GH,email,5.84
2025-07-28,GH,referral,11.5
2025-07-29,GH,paid_search,61.53
2025-07-29,GH,organic,9.69
2025-07-29,GH,social,42.96
2025-07-29,GH,email,3.56
2025-07-29,GH,referral,10.01
2025-07-30,GH,paid_search,74.1
2025-07-30,GH,organic,7.4
2025-07-30,GH,social,48.46
2025-07-30,GH,email,4.17
2025-07-30,GH,referral,8.88
2025-07-31,GH,paid_search,56.71
2025-07-31,GH,organic,10.06
2025-07-31,GH,social,26.74
2025-07-31,GH,email,3.25
2025-07-31,GH,referral,11.08
2025-08-01,GH,paid_search,69.49
2025-08-01,GH,organic,10.08
2025-08-01,GH,social,43.31
2025-08-01,GH,email,5.94
2025-08-01,GH,referral,6.39
2025-08-02,GH,paid_search,50.43
2025-08-02,GH,organic,4.45
2025-08-02,GH,social,34.76
2025-08-02,GH,email,5.01
2025-08-02,GH,referral,9.55
2025-08-03,GH,paid_search,75.12
2025-08-03,GH,organic,11.8
2025-08-03,GH,social,41.23
2025-08-03,GH,email,6.11
2025-08-03,GH,referral,6.09
2025-08-04,GH,paid_search,72.47
2025-08-04,GH,organic,9.76
2025-08-04,GH,social,39.52
2025-08-04,GH,email,4.43
2025-08-04,GH,referral,9.06
2025-08-05,GH,paid_search,73.32
2025-08-05,GH,organic,7.18
2025-08-05,GH,social,30.45
2025-08-05,GH,email,2.78
2025-08-05,GH,referral,8.08
2025-08-06,GH,paid_search,76.52
2025-08-06,GH,organic,9.75
2025-08-06,GH,social,36.69
2025-08-06,GH,email,7.59
2025-08-06,GH,referral,9.8
2025-08-07,GH,paid_search,56.2
2025-08-07,GH,organic,7.05
2025-08-07,GH,social,40.49
2025-08-07,GH,email,5.6
2025-08-07,GH,referral,8.39
2025-08-08,GH,paid_search,43.96
2025-08-08,GH,organic,6.21
2025-08-08,GH,social,32.43
2025-08-08,GH,email,5.13
2025-08-08,GH,referral,7.56
2025-08-09,GH,paid_search,100.03
2025-08-09,GH,organic,9.2
2025-08-09,GH,social,55.73
2025-08-09,GH,email,3.59
2025-08-09,GH,referral,10.78
2025-08-10,GH,paid_search,64.18
2025-08-10,GH,organic,8.04
2025-08-10,GH,social,52.66
2025-08-10,GH,email,3.39
2025-08-10,GH,referral,8.57
2025-08-11,GH,paid_search,58.53
2025-08-11,GH,organic,6.86
2025-08-11,GH,social,17.0
2025-08-11,GH,email,7.93
2025-08-11,GH,referral,13.31
2025-08-12,GH,paid_search,82.47
2025-08-12,GH,organic,5.32
2025-08-12,GH,social,38.5
2025-08-12,GH,email,7.3
2025-08-12,GH,referral,10.97
2025-08-13,GH,paid_search,71.11
2025-08-13,GH,organic,10.82
2025-08-13,GH,social,29.62
2025-08-13,GH,email,5.75
2025-08-13,GH,referral,11.56
2025-08-14,GH,paid_search,77.72
2025-08-14,GH,organic,9.12
2025-08-14,GH,social,40.8
2025-08-14,GH,email,6.79
2025-08-14,GH,referral,9.09
2025-08-15,GH,paid_search,59.44
2025-08-15,GH,organic,8.27
2025-08-15,GH,social,49.6
2025-08-15,GH,email,5.96
2025-08-15,GH,referral,11.5
2025-08-16,GH,paid_search,74.02
2025-08-16,GH,organic,12.07
2025-08-16,GH,social,34.76
2025-08-16,GH,email,6.9
2025-08-16,GH,referral,8.2
2025-08-17,GH,paid_search,51.83
2025-08-17,GH,organic,7.99
2025-08-17,GH,social,46.63
2025-08-17,GH,email,6.95
2025-08-17,GH,referral,4.78
2025-08-18,GH,paid_search,85.19
2025-08-18,GH,organic,4.94
2025-08-18,GH,social,43.56
2025-08-18,GH,email,6.82
2025-08-18,GH,referral,9.63
2025-08-19,GH,paid_search,85.09
2025-08-19,GH,organic,7.47
2025-08-19,GH,social,37.34
2025-08-19,GH,email,3.84
2025-08-19,GH,referral,9.36
2025-08-20,GH,paid_search,88.63
2025-08-20,GH,organic,5.34
2025-08-20,GH,social,43.37
2025-08-20,GH,email,2.97
2025-08-20,GH,referral,7.03
2025-08-21,GH,paid_search,66.33
2025-08-21,GH,organic,8.31
2025-08-21,GH,social,30.85
2025-08-21,GH,email,5.1
2025-08-21,GH,referral,12.77
2025-08-22,GH,paid_search,93.4
2025-08-22,GH,organic,7.15
2025-08-22,GH,social,32.45
2025-08-22,GH,email,5.57
2025-08-22,GH,referral,15.54
2025-08-23,GH,paid_search,72.31
2025-08-23,GH,organic,11.14
2025-08-23,GH,social,42.59
2025-08-23,GH,email,5.84
2025-08-23,GH,referral,8.38
2025-08-24,GH,paid_search,86.03
2025-08-24,GH,organic,6.43
2025-08-24,GH,social,32.52
2025-08-24,GH,email,6.99
2025-08-24,GH,referral,9.4
2025-08-25,GH,paid_search,64.89
2025-08-25,GH,organic,7.38
2025-08-25,GH,social,29.82
2025-08-25,GH,email,6.67
2025-08-25,GH,referral,10.09
2025-08-26,GH,paid_search,47.59
2025-08-26,GH,organic,7.03
2025-08-26,GH,social,32.7
2025-08-26,GH,email,5.44
2025-08-26,GH,referral,11.5
2025-08-27,GH,paid_search,59.36
2025-08-27,GH,organic,13.41
2025-08-27,GH,social,48.47
2025-08-27,GH,email,8.07
2025-08-27,GH,referral,7.42
2025-08-28,GH,paid_search,35.45
2025-08-28,GH,organic,7.32
2025-08-28,GH,social,38.64
2025-08-28,GH,email,5.76
2025-08-28,GH,referral,8.68
2025-08-29,GH,paid_search,40.66
2025-08-29,GH,organic,6.66
2025-08-29,GH,social,33.81
2025-08-29,GH,email,5.26
2025-08-29,GH,referral,8.75
2025-08-30,GH,paid_search,57.63
2025-08-30,GH,organic,11.31
2025-08-30,GH,social,42.38
2025-08-30,GH,email,7.43
2025-08-30,GH,referral,10.68
2025-08-31,GH,paid_search,47.97
2025-08-31,GH,organic,9.48
2025-08-31,GH,social,48.13
2025-08-31,GH,email,8.24
2025-08-31,GH,referral,11.56
2025-09-01,GH,paid_search,72.02
2025-09-01,GH,organic,8.0
2025-09-01,GH,social,40.67
2025-09-01,GH,email,3.54
2025-09-01,GH,referral,11.6
2025-09-02,GH,paid_search,63.26
2025-09-02,GH,organic,12.42
2025-09-02,GH,social,33.3
2025-09-02,GH,email,6.29
2025-09-02,GH,referral,10.36
2025-09-03,GH,paid_search,59.54
2025-09-03,GH,organic,8.91
2025-09-03,GH,social,39.08
2025-09-03,GH,email,7.53
2025-09-03,GH,referral,11.8
2025-09-04,GH,paid_search,75.37
2025-09-04,GH,organic,6.36
2025-09-04,GH,social,28.89
2025-09-04,GH,email,8.49
2025-09-04,GH,referral,10.22
2025-09-05,GH,paid_search,109.38
2025-09-05,GH,organic,6.36
2025-09-05,GH,social,55.74
2025-09-05,GH,email,4.58
2025-09-05,GH,referral,8.9
2025-09-06,GH,paid_search,79.96
2025-09-06,GH,organic,10.0
2025-09-06,GH,social,42.1
2025-09-06,GH,email,3.13
2025-09-06,GH,referral,8.57
2025-09-07,GH,paid_search,51.38
2025-09-07,GH,organic,5.24
2025-09-07,GH,social,35.85
2025-09-07,GH,email,2.83
2025-09-07,GH,referral,12.5
2025-09-08,GH,paid_search,85.41
2025-09-08,GH,organic,11.24
2025-09-08,GH,social,26.4
2025-09-08,GH,email,4.55
2025-09-08,GH,referral,12.63
2025-09-09,GH,paid_search,92.3
2025-09-09,GH,organic,10.7
2025-09-09,GH,social,46.39
2025-09-09,GH,email,6.33
2025-09-09,GH,referral,8.85
2025-09-10,GH,paid_search,85.23
2025-09-10,GH,organic,7.12
2025-09-10,GH,social,36.95
2025-09-10,GH,email,5.43
2025-09-10,GH,referral,10.67
2025-09-11,GH,paid_search,94.36
2025-09-11,GH,organic,7.3
2025-09-11,GH,social,31.49
2025-09-11,GH,email,5.84
2025-09-11,GH,referral,7.05
2025-09-12,GH,paid_search,83.95
2025-09-12,GH,organic,8.23
2025-09-12,GH,social,35.68
2025-09-12,GH,email,6.49
2025-09-12,GH,referral,6.32
2025-09-13,GH,paid_search,97.21
2025-09-13,GH,organic,6.96
2025-09-13,GH,social,32.63
2025-09-13,GH,email,7.3
2025-09-13,GH,referral,11.53
2025-09-14,GH,paid_search,107.98
2025-09-14,GH,organic,6.07
2025-09-14,GH,social,27.56
2025-09-14,GH,email,4.21
2025-09-14,GH,referral,10.33
2025-09-15,GH,paid_search,67.13
2025-09-15,GH,organic,6.61
2025-09-15,GH,social,35.41
2025-09-15,GH,email,4.45
2025-09-15,GH,referral,13.86
2025-09-16,GH,paid_search,59.41
2025-09-16,GH,organic,6.86
2025-09-16,GH,social,14.52
2025-09-16,GH,email,3.53
2025-09-16,GH,referral,8.53
2025-09-17,GH,paid_search,66.5
2025-09-17,GH,organic,9.44
2025-09-17,GH,social,22.54
2025-09-17,GH,email,6.68
2025-09-17,GH,referral,11.56
2025-09-18,GH,paid_search,84.19
2025-09-18,GH,organic,10.07
2025-09-18,GH,social,25.54
2025-09-18,GH,email,6.81
2025-09-18,GH,referral,14.41
2025-09-19,GH,paid_search,97.2
2025-09-19,GH,organic,11.78
2025-09-19,GH,social,38.17
2025-09-19,GH,email,5.11
2025-09-19,GH,referral,3.67
2025-09-20,GH,paid_search,49.63
2025-09-20,GH,organic,6.95
2025-09-20,GH,social,32.89
2025-09-20,GH,email,4.81
2025-09-20,GH,referral,10.85
2025-09-21,GH,paid_search,75.51
2025-09-21,GH,organic,8.08
2025-09-21,GH,social,43.07
2025-09-21,GH,email,5.3
2025-09-21,GH,referral,12.74
2025-09-22,GH,paid_search,50.33
2025-09-22,GH,organic,7.39
2025-09-22,GH,social,38.87
2025-09-22,GH,email,3.12
2025-09-22,GH,referral,8.74
2025-09-23,GH,paid_search,84.81
2025-09-23,GH,organic,7.15
2025-09-23,GH,social,19.6
2025-09-23,GH,email,4.67
2025-09-23,GH,referral,6.64
2025-09-24,GH,paid_search,80.93
2025-09-24,GH,organic,8.23
2025-09-24,GH,social,21.95
2025-09-24,GH,email,3.54
2025-09-24,GH,referral,8.19
2025-09-25,GH,paid_search,72.56
2025-09-25,GH,organic,6.66
2025-09-25,GH,social,39.15
2025-09-25,GH,email,6.47
2025-09-25,GH,referral,11.33
2025-09-26,GH,paid_search,46.56
2025-09-26,GH,organic,7.45
2025-09-26,GH,social,45.68
2025-09-26,GH,email,4.99
2025-09-26,GH,referral,7.97
2025-09-27,GH,paid_search,63.21
2025-09-27,GH,organic,6.97
2025-09-27,GH,social,37.09
2025-09-27,GH,email,5.13
2025-09-27,GH,referral,4.95
2025-09-28,GH,paid_search,93.34
2025-09-28,GH,organic,9.01
2025-09-28,GH,social,37.34
2025-09-28,GH,email,5.86
2025-09-28,GH,referral,9.19
2025-09-29,GH,paid_search,57.6
2025-09-29,GH,organic,4.24
2025-09-29,GH,social,50.65
2025-09-29,GH,email,6.03
2025-09-29,GH,referral,5.97
2025-09-30,GH,paid_search,53.53
2025-09-30,GH,organic,8.61
2025-09-30,GH,social,38.56
2025-09-30,GH,email,4.88
2025-09-30,GH,referral,7.31
2025-10-01,GH,paid_search,61.7
2025-10-01,GH,organic,4.14
2025-10-01,GH,social,31.72
2025-10-01,GH,email,5.3
2025-10-01,GH,referral,13.82
2025-10-02,GH,paid_search,63.89
2025-10-02,GH,organic,8.51
2025-10-02,GH,social,50.38
2025-10-02,GH,email,4.4
2025-10-02,GH,referral,8.44
2025-10-03,GH,paid_search,62.29
2025-10-03,GH,organic,4.65
2025-10-03,GH,social,33.65
2025-10-03,GH,email,7.75
2025-10-03,GH,referral,12.11
2025-10-04,GH,paid_search,93.28
2025-10-04,GH,organic,6.73
2025-10-04,GH,social,25.84
2025-10-04,GH,email,9.38
2025-10-04,GH,referral,10.54
2025-10-05,GH,paid_search,42.98
2025-10-05,GH,organic,13.12
2025-10-05,GH,social,35.19
2025-10-05,GH,email,1.58
2025-10-05,GH,referral,13.64
2025-10-06,GH,paid_search,30.41
2025-10-06,GH,organic,8.58
2025-10-06,GH,social,43.58
2025-10-06,GH,email,7.02
2025-10-06,GH,referral,13.89
2025-10-07,GH,paid_search,90.31
2025-10-07,GH,organic,11.71
2025-10-07,GH,social,35.16
2025-10-07,GH,email,5.38
2025-10-07,GH,referral,9.13
2025-10-08,GH,paid_search,96.73
2025-10-08,GH,organic,6.72
2025-10-08,GH,social,43.63
2025-10-08,GH,email,4.71
2025-10-08,GH,referral,7.9
2025-10-09,GH,paid_search,93.32
2025-10-09,GH,organic,8.87
2025-10-09,GH,social,16.56
2025-10-09,GH,email,4.72
2025-10-09,GH,referral,3.57
2025-10-10,GH,paid_search,65.24
2025-10-10,GH,organic,7.45
2025-10-10,GH,social,31.73
2025-10-10,GH,email,7.81
2025-10-10,GH,referral,11.03
2025-10-11,GH,paid_search,116.39
2025-10-11,GH,organic,9.07
2025-10-11,GH,social,40.97
2025-10-11,GH,email,6.41
2025-10-11,GH,referral,9.33
2025-10-12,GH,paid_search,60.31
2025-10-12,GH,organic,7.53
2025-10-12,GH,social,34.3
2025-10-12,GH,email,5.86
2025-10-12,GH,referral,11.59
2025-10-13,GH,paid_search,77.4
2025-10-13,GH,organic,6.97
2025-10-13,GH,social,29.36
2025-10-13,GH,email,6.34
2025-10-13,GH,referral,7.68
2025-10-14,GH,paid_search,64.32
2025-10-14,GH,organic,6.94
2025-10-14,GH,social,57.83
2025-10-14,GH,email,4.09
2025-10-14,GH,referral,8.02
2025-10-15,GH,paid_search,62.0
2025-10-15,GH,organic,7.1
2025-10-15,GH,social,45.0
2025-10-15,GH,email,5.62
2025-10-15,GH,referral,6.69
2025-10-16,GH,paid_search,97.76
2025-10-16,GH,organic,8.53
2025-10-16,GH,social,39.78
2025-10-16,GH,email,6.98
2025-10-16,GH,referral,6.92
2025-10-17,GH,paid_search,71.88
2025-10-17,GH,organic,9.64
2025-10-17,GH,social,30.24
2025-10-17,GH,email,6.46
2025-10-17,GH,referral,11.36
2025-10-18,GH,paid_search,45.72
2025-10-18,GH,organic,5.94
2025-10-18,GH,social,15.44
2025-10-18,GH,email,6.34
2025-10-18,GH,referral,14.71
2025-10-19,GH,paid_search,59.54
2025-10-19,GH,organic,7.61
2025-10-19,GH,social,45.12
2025-10-19,GH,email,6.4
2025-10-19,GH,referral,7.57
2025-10-20,GH,paid_search,99.47
2025-10-20,GH,organic,8.39
2025-10-20,GH,social,33.91
2025-10-20,GH,email,5.78
2025-10-20,GH,referral,11.48
2025-10-21,GH,paid_search,60.96
2025-10-21,GH,organic,11.14
2025-10-21,GH,social,47.33
2025-10-21,GH,email,6.01
2025-10-21,GH,referral,10.15
2025-10-22,GH,paid_search,56.77
2025-10-22,GH,organic,6.73
2025-10-22,GH,social,25.78
2025-10-22,GH,email,5.69
2025-10-22,GH,referral,10.16
2025-10-23,GH,paid_search,43.38
2025-10-23,GH,organic,9.38
2025-10-23,GH,social,28.16
2025-10-23,GH,email,6.62
2025-10-23,GH,referral,12.02
2025-10-24,GH,paid_search,95.53
2025-10-24,GH,organic,10.19
2025-10-24,GH,social,50.91
2025-10-24,GH,email,7.22
2025-10-24,GH,referral,10.42
2025-10-25,GH,paid_search,63.49
2025-10-25,GH,organic,7.76
2025-10-25,GH,social,50.67
2025-10-25,GH,email,5.7
2025-10-25,GH,referral,9.99
2025-10-26,GH,paid_search,98.57
2025-10-26,GH,organic,7.53
2025-10-26,GH,social,28.85
2025-10-26,GH,email,7.7
2025-10-26,GH,referral,7.93
2025-10-27,GH,paid_search,79.27
2025-10-27,GH,organic,8.46
2025-10-27,GH,social,38.84
2025-10-27,GH,email,2.37
2025-10-27,GH,referral,11.95
2025-10-28,GH,paid_search,70.93
2025-10-28,GH,organic,9.23
2025-10-28,GH,social,40.51
2025-10-28,GH,email,6.47
2025-10-28,GH,referral,9.01
2025-10-29,GH,paid_search,65.05
2025-10-29,GH,organic,7.89
2025-10-29,GH,social,37.54
2025-10-29,GH,email,5.36
2025-10-29,GH,referral,12.36
2025-10-30,GH,paid_search,66.1
2025-10-30,GH,organic,6.04
2025-10-30,GH,social,41.36
2025-10-30,GH,email,8.82
2025-10-30,GH,referral,7.08
2025-10-31,GH,paid_search,69.74
2025-10-31,GH,organic,10.13
2025-10-31,GH,social,41.13
2025-10-31,GH,email,6.93
2025-10-31,GH,referral,10.08
2025-11-01,GH,paid_search,24.16
2025-11-01,GH,organic,8.52
2025-11-01,GH,social,39.36
2025-11-01,GH,email,7.69
2025-11-01,GH,referral,8.12
2025-11-02,GH,paid_search,102.29
2025-11-02,GH,organic,7.38
2025-11-02,GH,social,31.66
2025-11-02,GH,email,4.92
2025-11-02,GH,referral,12.62
2025-11-03,GH,paid_search,52.27
2025-11-03,GH,organic,9.26
2025-11-03,GH,social,28.73
2025-11-03,GH,email,5.93
2025-11-03,GH,referral,6.19
2025-11-04,GH,paid_search,86.14
2025-11-04,GH,organic,7.7
2025-11-04,GH,social,41.02
2025-11-04,GH,email,5.73
2025-11-04,GH,referral,11.32
2025-11-05,GH,paid_search,71.17
2025-11-05,GH,organic,9.48
2025-11-05,GH,social,40.8
2025-11-05,GH,email,6.29
2025-11-05,GH,referral,7.75
2025-11-06,GH,paid_search,64.13
2025-11-06,GH,organic,6.46
2025-11-06,GH,social,48.86
2025-11-06,GH,email,7.17
2025-11-06,GH,referral,10.09
2025-11-07,GH,paid_search,61.88
2025-11-07,GH,organic,6.42
2025-11-07,GH,social,37.1
2025-11-07,GH,email,8.76
2025-11-07,GH,referral,10.01
2025-11-08,GH,paid_search,93.63
2025-11-08,GH,organic,8.55
2025-11-08,GH,social,41.06
2025-11-08,GH,email,5.29
2025-11-08,GH,referral,9.51
2025-11-09,GH,paid_search,57.05
2025-11-09,GH,organic,8.61
2025-11-09,GH,social,33.81
2025-11-09,GH,email,6.54
2025-11-09,GH,referral,7.54
2025-11-10,GH,paid_search,80.2
2025-11-10,GH,organic,8.34
2025-11-10,GH,social,37.23
2025-11-10,GH,email,6.58
2025-11-10,GH,referral,9.41
2025-11-11,GH,paid_search,140.52
2025-11-11,GH,organic,8.94
2025-11-11,GH,social,36.95
2025-11-11,GH,email,7.11
2025-11-11,GH,referral,8.7
2025-11-12,GH,paid_search,62.02
2025-11-12,GH,organic,9.6
2025-11-12,GH,social,44.0
2025-11-12,GH,email,7.79
2025-11-12,GH,referral,6.44
2025-11-13,GH,paid_search,69.72
2025-11-13,GH,organic,8.66
2025-11-13,GH,social,42.48
2025-11-13,GH,email,6.79
2025-11-13,GH,referral,7.87
2025-11-14,GH,paid_search,81.27
2025-11-14,GH,organic,8.64
2025-11-14,GH,social,38.87
2025-11-14,GH,email,4.36
2025-11-14,GH,referral,7.66
2025-11-15,GH,paid_search,104.62
2025-11-15,GH,organic,9.97
2025-11-15,GH,social,35.43
2025-11-15,GH,email,5.93
2025-11-15,GH,referral,15.56
2025-11-16,GH,paid_search,72.82
2025-11-16,GH,organic,7.77
2025-11-16,GH,social,28.86
2025-11-16,GH,email,5.65
2025-11-16,GH,referral,5.79
2025-11-17,GH,paid_search,81.37
2025-11-17,GH,organic,10.52
2025-11-17,GH,social,47.43
2025-11-17,GH,email,4.95
2025-11-17,GH,referral,4.26
2025-11-18,GH,paid_search,78.11
2025-11-18,GH,organic,10.64
2025-11-18,GH,social,21.56
2025-11-18,GH,email,5.44
2025-11-18,GH,referral,10.89
2025-11-19,GH,paid_search,56.86
2025-11-19,GH,organic,4.54
2025-11-19,GH,social,29.31
2025-11-19,GH,email,5.15
2025-11-19,GH,referral,5.28
2025-11-20,GH,paid_search,91.29
2025-11-20,GH,organic,11.11
2025-11-20,GH,social,36.27
2025-11-20,GH,email,7.09
2025-11-20,GH,referral,6.3
2025-11-21,GH,paid_search,69.45
2025-11-21,GH,organic,6.84
2025-11-21,GH,social,39.7
2025-11-21,GH,email,1.95
2025-11-21,GH,referral,9.24
2025-11-22,GH,paid_search,83.31
2025-11-22,GH,organic,8.48
2025-11-22,GH,social,43.05
2025-11-22,GH,email,5.1
2025-11-22,GH,referral,2.94
2025-11-23,GH,paid_search,91.78
2025-11-23,GH,organic,9.52
2025-11-23,GH,social,50.12
2025-11-23,GH,email,6.11
2025-11-23,GH,referral,11.04
2025-11-24,GH,paid_search,113.93
2025-11-24,GH,organic,4.3
2025-11-24,GH,social,40.0
2025-11-24,GH,email,7.83
2025-11-24,GH,referral,10.53
2025-11-25,GH,paid_search,73.19
2025-11-25,GH,organic,5.03
2025-11-25,GH,social,49.21
2025-11-25,GH,email,7.6
2025-11-25,GH,referral,13.21
2025-11-26,GH,paid_search,71.61
2025-11-26,GH,organic,7.36
2025-11-26,GH,social,35.94
2025-11-26,GH,email,8.55
2025-11-26,GH,referral,9.35
2025-11-27,GH,paid_search,98.67
2025-11-27,GH,organic,7.71
2025-11-27,GH,social,28.28
2025-11-27,GH,email,2.88
2025-11-27,GH,referral,11.44
2025-11-28,GH,paid_search,85.83
2025-11-28,GH,organic,5.7
2025-11-28,GH,social,49.29
2025-11-28,GH,email,3.93
2025-11-28,GH,referral,11.77
2025-11-29,GH,paid_search,85.63
2025-11-29,GH,organic,10.15
2025-11-29,GH,social,18.26
2025-11-29,GH,email,7.6
2025-11-29,GH,referral,9.64
2025-11-30,GH,paid_search,65.87
2025-11-30,GH,organic,9.65
2025-11-30,GH,social,44.65
2025-11-30,GH,email,3.02
2025-11-30,GH,referral,6.78
2025-12-01,GH,paid_search,93.59
2025-12-01,GH,organic,8.95
2025-12-01,GH,social,37.64
2025-12-01,GH,email,4.52
2025-12-01,GH,referral,11.1
2025-12-02,GH,paid_search,93.94
2025-12-02,GH,organic,12.64
2025-12-02,GH,social,32.81
2025-12-02,GH,email,7.32
2025-12-02,GH,referral,14.64
2025-12-03,GH,paid_search,45.92
2025-12-03,GH,organic,11.6
2025-12-03,GH,social,37.81
2025-12-03,GH,email,6.11
2025-12-03,GH,referral,8.65
2025-12-04,GH,paid_search,65.45
2025-12-04,GH,organic,6.51
2025-12-04,GH,social,27.42
2025-12-04,GH,email,6.67
2025-12-04,GH,referral,12.78
2025-12-05,GH,paid_search,53.14
2025-12-05,GH,organic,6.61
2025-12-05,GH,social,38.31
2025-12-05,GH,email,4.33
2025-12-05,GH,referral,10.61
2025-12-06,GH,paid_search,67.15
2025-12-06,GH,organic,4.72
2025-12-06,GH,social,40.24
2025-12-06,GH,email,5.16
2025-12-06,GH,referral,12.56
2025-12-07,GH,paid_search,68.48
2025-12-07,GH,organic,6.58
2025-12-07,GH,social,35.7
2025-12-07,GH,email,7.86
2025-12-07,GH,referral,14.6
2025-12-08,GH,paid_search,82.68
2025-12-08,GH,organic,6.82
2025-12-08,GH,social,36.29
2025-12-08,GH,email,5.85
2025-12-08,GH,referral,9.62
2025-12-09,GH,paid_search,67.42
2025-12-09,GH,organic,6.07
2025-12-09,GH,social,44.78
2025-12-09,GH,email,7.29
2025-12-09,GH,referral,10.06
2025-12-10,GH,paid_search,94.66
2025-12-10,GH,organic,9.18
2025-12-10,GH,social,25.95
2025-12-10,GH,email,5.47
2025-12-10,GH,referral,13.7
2025-12-11,GH,paid_search,65.51
2025-12-11,GH,organic,6.61
2025-12-11,GH,social,42.5
2025-12-11,GH,email,5.58
2025-12-11,GH,referral,11.4
2025-12-12,GH,paid_search,71.35
2025-12-12,GH,organic,6.41
2025-12-12,GH,social,29.76
2025-12-12,GH,email,3.47
2025-12-12,GH,referral,7.24
2025-12-13,GH,paid_search,83.31
2025-12-13,GH,organic,10.41
2025-12-13,GH,social,30.51
2025-12-13,GH,email,3.94
2025-12-13,GH,referral,12.84
2025-12-14,GH,paid_search,93.01
2025-12-14,GH,organic,9.45
2025-12-14,GH,social,22.94
2025-12-14,GH,email,6.77
2025-12-14,GH,referral,11.38
2025-12-15,GH,paid_search,88.21
2025-12-15,GH,organic,8.3
2025-12-15,GH,social,29.25
2025-12-15,GH,email,5.39
2025-12-15,GH,referral,12.94
2025-12-16,GH,paid_search,78.83
2025-12-16,GH,organic,5.38
2025-12-16,GH,social,51.36
2025-12-16,GH,email,7.73
2025-12-16,GH,referral,14.16
2025-12-17,GH,paid_search,92.42
2025-12-17,GH,organic,6.14
2025-12-17,GH,social,38.97
2025-12-17,GH,email,6.91
2025-12-17,GH,referral,6.64
2025-12-18,GH,paid_search,50.9
2025-12-18,GH,organic,9.49
2025-12-18,GH,social,43.4
2025-12-18,GH,email,9.55
2025-12-18,GH,referral,9.35
2025-12-19,GH,paid_search,41.71
2025-12-19,GH,organic,7.7
2025-12-19,GH,social,43.59
2025-12-19,GH,email,5.45
2025-12-19,GH,referral,10.25
2025-12-20,GH,paid_search,60.44
2025-12-20,GH,organic,10.39
2025-12-20,GH,social,42.7
2025-12-20,GH,email,4.77
2025-12-20,GH,referral,8.7
2025-12-21,GH,paid_search,59.77
2025-12-21,GH,organic,4.28
2025-12-21,GH,social,29.14
2025-12-21,GH,email,3.34
2025-12-21,GH,referral,12.33
2025-12-22,GH,paid_search,90.23
2025-12-22,GH,organic,7.4
2025-12-22,GH,social,37.84
2025-12-22,GH,email,7.61
2025-12-22,GH,referral,11.96
2025-12-23,GH,paid_search,108.08
2025-12-23,GH,organic,8.52
2025-12-23,GH,social,49.07
2025-12-23,GH,email,6.14
2025-12-23,GH,referral,9.7
2025-12-24,GH,paid_search,84.22
2025-12-24,GH,organic,9.1
2025-12-24,GH,social,30.53
2025-12-24,GH,email,4.76
2025-12-24,GH,referral,10.19
2025-12-25,GH,paid_search,37.98
2025-12-25,GH,organic,7.38
2025-12-25,GH,social,27.16
2025-12-25,GH,email,5.14
2025-12-25,GH,referral,8.05
2025-12-26,GH,paid_search,85.82
2025-12-26,GH,organic,8.89
2025-12-26,GH,social,36.48
2025-12-26,GH,email,5.42
2025-12-26,GH,referral,12.59
2025-12-27,GH,paid_search,88.21
2025-12-27,GH,organic,7.78
2025-12-27,GH,social,48.19
2025-12-27,GH,email,5.72
2025-12-27,GH,referral,10.51
2025-12-28,GH,paid_search,61.66
2025-12-28,GH,organic,7.21
2025-12-28,GH,social,30.36
2025-12-28,GH,email,7.03
2025-12-28,GH,referral,10.94
2025-12-29,GH,paid_search,53.05
2025-12-29,GH,organic,9.13
2025-12-29,GH,social,52.14
2025-12-29,GH,email,5.01
2025-12-29,GH,referral,8.21
2025-12-30,GH,paid_search,72.15
2025-12-30,GH,organic,10.76
2025-12-30,GH,social,32.06
2025-12-30,GH,email,8.76
2025-12-30,GH,referral,7.36
2025-12-31,GH,paid_search,75.38
2025-12-31,GH,organic,4.6
2025-12-31,GH,social,27.57
2025-12-31,GH,email,5.68
2025-12-31,GH,referral,10.68
