order_id,customer_id,region,currency_code,amount_local_currency,amount_display,product_category,order_date,delivered_date,is_refunded,refund_date,review_score,order_status
DE-ORD-000000,DE-CUST-00086,DE,EUR,3.0,3.0,Health,2023-06-24 00:00:00,26.06.2023,False,,4.0,completed
DE-ORD-000001,DE-CUST-00129,DE,EUR,13.77,13.77,Automotive,18-Nov-2023,29.11.2023,True,2023-12-07 00:00:00,,completed
DE-ORD-000002,DE-CUST-00085,DE,EUR,137.21,137.21,Fashion,2024-11-26 00:00:00,12/01/2024 00:49,False,,5.0,completed
DE-ORD-000003,DE-CUST-00077,DE,EUR,79.86,79.86,Beauty,28.09.2025,2025-10-03 06:01:49,False,,3.0,completed
DE-ORD-000004,DE-CUST-00001,DE,EUR,40.52,40.52,Toys,01-Aug-2025,06.08.2025,False,,5.0,completed
DE-ORD-000005,DE-CUST-00325,DE,EUR,123.53,123.53,Automotive,2024-12-10 00:00:00,2024-12-12 16:05:08,False,,3.0,cancelled
DE-ORD-000006,DE-CUST-00218,DE,EUR,36.35,36.35,Electronics,30.12.2023,01/03/2024 01:46,False,,5.0,completed
DE-ORD-000007,DE-CUST-00048,DE,EUR,3.0,3.24,Home & Kitchen,24.04.2023,28-Apr-2023,False,,3.0,cancelled
DE-ORD-000008,DE-CUST-00149,DE,EUR,69.31,74.85,Sports,02/26/2024 00:00,01.03.2024,False,,3.0,completed
DE-ORD-000009,DE-CUST-00321,DE,EUR,61.06,61.06,,2025-10-31 00:00:00,11/03/2025 04:18,False,,,completed
DE-ORD-000010,DE-CUST-00560,DE,EUR,101.87,101.87,Toys,07/29/2024 00:00,08/02/2024 03:04,False,,4.0,completed
DE-ORD-000011,DE-CUST-00396,DE,EUR,16.7,16.7,,2024-04-28 00:00:00,04/30/2024 22:22,False,,4.0,completed
DE-ORD-000012,DE-CUST-00088,DE,EUR,66.43,66.43,Beauty,21-Apr-2025,,False,,,completed
DE-ORD-000013,DE-CUST-00043,DE,EUR,132.13,132.13,,2025-02-18 00:00:00,23.02.2025,False,,4.0,completed
DE-ORD-000014,DE-CUST-00275,DE,EUR,45.58,45.58,Sports,15.06.2023,21-Jun-2023,False,,3.0,completed
DE-ORD-000015,DE-CUST-00112,DE,EUR,52.61,56.82,Health,2023-02-26 00:00:00,03/02/2023 02:03,False,,3.0,completed
DE-ORD-000016,DE-CUST-00117,DE,EUR,52.83,52.83,Books,09/14/2024 00:00,14-Sep-2024,False,,3.0,completed
DE-ORD-000017,DE-CUST-00144,DE,EUR,83.11,83.11,Fashion,17-Oct-2025,2025-10-23 01:46:21,False,,4.0,completed
DE-ORD-000018,DE-CUST-00025,DE,EUR,77.46,77.46,Toys,26.12.2024,30-Dec-2024,False,,3.0,completed
DE-ORD-000019,DE-CUST-00143,DE,EUR,78.94,78.94,Grocery,02/29/2024 00:00,02-Mar-2024,False,,4.0,completed
DE-ORD-000020,DE-CUST-00223,DE,EUR,70.75,70.75,Toys,2024-08-14 00:00:00,17-Aug-2024,False,,3.0,completed
DE-ORD-000021,DE-CUST-00383,DE,EUR,91.87,91.87,Fashion,08/15/2023 00:00,2023-08-21 15:02:58,False,,3.0,completed
DE-ORD-000022,DE-CUST-00027,DE,EUR,52.09,52.09,Fashion,09.04.2024,12-Apr-2024,False,,4.0,completed
DE-ORD-000023,DE-CUST-00236,DE,EUR,43.74,43.74,Health,2025-02-11 00:00:00,11-Feb-2025,False,,5.0,completed
DE-ORD-000024,DE-CUST-00352,DE,EUR,93.9,93.9,Grocery,03/26/2024 00:00,03/26/2024 21:15,False,,3.0,completed
DE-ORD-000025,DE-CUST-00286,DE,EUR,124.59,124.59,Automotive,2023-10-24 00:00:00,29-Oct-2023,False,,4.0,completed
DE-ORD-000026,DE-CUST-00131,DE,EUR,58.31,58.31,Electronics,06/25/2024 00:00,06/28/2024 14:59,False,,3.0,completed
DE-ORD-000027,DE-CUST-00054,DE,EUR,107.87,107.87,Health,12-Sep-2023,22-Sep-2023,False,,,completed
DE-ORD-000028,DE-CUST-00459,DE,EUR,34.38,34.38,Health,2025-07-06 00:00:00,11.07.2025,False,,4.0,completed
DE-ORD-000029,DE-CUST-00566,DE,EUR,117.38,117.38,Fashion,2023-10-04 00:00:00,24.10.2023,False,,4.0,completed
DE-ORD-000030,DE-CUST-00204,DE,EUR,29.95,29.95,Toys,2023-01-20 00:00:00,23.01.2023,False,,,completed
DE-ORD-000031,DE-CUST-00118-DUP,DE,EUR,8.82,8.82,Books,02.08.2025,08/04/2025 18:26,False,,2.0,completed
DE-ORD-000032,DE-CUST-00181-DUP,DE,EUR,91.37,91.37,Grocery,2024-03-22 00:00:00,2024-03-26 13:47:49,False,,2.0,completed
DE-ORD-000033,DE-CUST-00193,DE,EUR,115.69,115.69,Electronics,12/08/2023 00:00,2023-12-15 05:54:25,False,,4.0,completed
DE-ORD-000034,DE-CUST-00592,DE,EUR,40.64,40.64,Beauty,2024-03-30 00:00:00,2024-04-18 17:40:33,False,,2.0,completed
DE-ORD-000035,DE-CUST-00302,DE,EUR,65.76,65.76,Sports,03.04.2023,04/06/2023 18:27,False,,5.0,completed
DE-ORD-000036,DE-CUST-00126,DE,EUR,78.67,78.67,Health,11/12/2024 00:00,11/14/2024 18:02,False,,3.0,completed
DE-ORD-000037,DE-CUST-00278,DE,EUR,52.01,52.01,Beauty,2024-07-24 00:00:00,25.07.2024,False,,4.0,completed
DE-ORD-000038,DE-CUST-00108,DE,EUR,43.56,43.56,Books,01/13/2024 00:00,14.01.2024,False,,,completed
DE-ORD-000039,DE-CUST-00212,DE,EUR,112.7,112.7,Electronics,11.04.2025,04/13/2025 18:05,False,,2.0,completed
DE-ORD-000040,DE-CUST-00345,DE,EUR,58.61,58.61,Books,2023-07-12 00:00:00,07/15/2023 14:27,True,20-Aug-2023,2.0,completed
DE-ORD-000041,DE-CUST-00575,DE,EUR,77.6,77.6,Sports,05/27/2025 00:00,28-May-2025,False,,5.0,completed
DE-ORD-000042,DE-CUST-00410,DE,EUR,84.91,84.91,Grocery,2025-08-01 00:00:00,03.08.2025,False,,3.0,completed
DE-ORD-000043,DE-CUST-00490,DE,EUR,61.01,61.01,Beauty,02/27/2024 00:00,02-Mar-2024,False,,4.0,completed
DE-ORD-000044,DE-CUST-00537,DE,EUR,56.75,56.75,Home & Kitchen,01/23/2023 00:00,01/26/2023 14:06,False,,3.0,completed
DE-ORD-000045,DE-CUST-00557,DE,EUR,51.96,51.96,Toys,2023-05-06 00:00:00,05/06/2023 08:54,False,,4.0,completed
DE-ORD-000046,DE-CUST-00286,DE,EUR,76.35,76.35,Sports,09/26/2024 00:00,28.09.2024,False,,5.0,completed
DE-ORD-000047,DE-CUST-00527,DE,EUR,68.31,68.31,Electronics,23-Jan-2025,24-Jan-2025,False,,4.0,completed
DE-ORD-000048,DE-CUST-00316,DE,EUR,80.13,80.13,Toys,19-Nov-2024,,False,,,completed
DE-ORD-000049,DE-CUST-00057,DE,EUR,48.82,48.82,Beauty,05/14/2023 00:00,05/18/2023 04:13,False,,3.0,completed
DE-ORD-000050,DE-CUST-00469-DUP,DE,EUR,86.13,86.13,,06/05/2023 00:00,05-Jun-2023,False,,3.0,completed
DE-ORD-000051,DE-CUST-00177,DE,EUR,130.44,130.44,Beauty,12/24/2023 00:00,26-Dec-2023,False,,3.0,completed
DE-ORD-000052,DE-CUST-00196,DE,EUR,47.98,47.98,Beauty,2024-04-23 00:00:00,2024-05-07 16:16:01,False,,2.0,completed
DE-ORD-000053,DE-CUST-00524,DE,EUR,56.24,56.24,Sports,04/17/2024 00:00,04/20/2024 16:53,False,,4.0,completed
DE-ORD-000054,DE-CUST-00104,DE,EUR,59.49,59.49,Beauty,27-Jan-2024,01/30/2024 13:32,False,,5.0,completed
DE-ORD-000055,DE-CUST-00575,DE,EUR,57.76,57.76,Electronics,06/05/2024 00:00,07.06.2024,False,,3.0,completed
DE-ORD-000056,DE-CUST-00022,DE,EUR,87.02,87.02,Health,01.10.2023,,False,,,completed
DE-ORD-000057,DE-CUST-00437,DE,EUR,41.13,41.13,Automotive,07-Dec-2025,10-Dec-2025,False,,4.0,completed
DE-ORD-000058,DE-CUST-00562,DE,EUR,27.28,29.46,Books,03/05/2024 00:00,08-Mar-2024,False,,2.0,cancelled
DE-ORD-000059,DE-CUST-00411,DE,EUR,3.0,3.0,Sports,27-Nov-2024,01-Dec-2024,False,,3.0,completed
DE-ORD-000060,DE-CUST-00022,DE,EUR,72.69,72.69,Toys,07-Jun-2025,10.06.2025,False,,3.0,completed
DE-ORD-000061,DE-CUST-00458,DE,EUR,63.28,63.28,Sports,2023-06-24 00:00:00,2023-06-25 15:36:30,True,08/02/2023 00:00,5.0,completed
DE-ORD-000062,DE-CUST-00432,DE,EUR,13.47,13.47,Books,2025-09-10 00:00:00,2025-09-13 04:57:06,False,,3.0,completed
DE-ORD-000063,DE-CUST-00376,DE,EUR,86.68,86.68,Grocery,26-Feb-2025,03/01/2025 00:04,False,,,completed
DE-ORD-000064,DE-CUST-00418,DE,EUR,45.29,45.29,Electronics,02-Nov-2024,06.11.2024,False,,4.0,completed
DE-ORD-000065,DE-CUST-00270,DE,EUR,84.63,84.63,Grocery,04/14/2024 00:00,,False,,,completed
DE-ORD-000066,DE-CUST-00034,DE,EUR,11.62,11.62,Fashion,06/09/2025 00:00,06/12/2025 15:51,False,,3.0,completed
DE-ORD-000067,DE-CUST-00308,DE,EUR,88.8,88.8,Health,2024-05-07 00:00:00,10-May-2024,False,,4.0,completed
DE-ORD-000068,DE-CUST-00200,DE,EUR,3.31,3.31,Health,25.05.2024,31-May-2024,False,,3.0,completed
DE-ORD-000069,DE-CUST-00086,DE,EUR,91.51,91.51,Electronics,03/28/2024 00:00,04/06/2024 05:54,False,,4.0,cancelled
DE-ORD-000070,DE-CUST-00221,DE,EUR,15.49,15.49,Health,25-Aug-2024,18-Sep-2024,False,,3.0,completed
DE-ORD-000071,DE-CUST-00349-DUP,DE,EUR,66.11,66.11,Electronics,28.10.2023,11/01/2023 13:07,False,,2.0,completed
DE-ORD-000072,DE-CUST-00090,DE,EUR,38.99,38.99,Beauty,12-Feb-2025,02/16/2025 04:27,False,,5.0,completed
DE-ORD-000073,DE-CUST-00438,DE,EUR,59.75,59.75,Grocery,04/08/2023 00:00,12-Apr-2023,False,,4.0,completed
DE-ORD-000074,DE-CUST-00567,DE,EUR,138.81,138.81,Toys,06-Oct-2023,06.10.2023,False,,,completed
DE-ORD-000075,DE-CUST-00514,DE,EUR,68.6,68.6,Grocery,26.06.2024,27.06.2024,False,,,completed
DE-ORD-000076,DE-CUST-00245,DE,EUR,3.0,3.0,Beauty,26-Dec-2024,29.12.2024,False,,,completed
DE-ORD-000077,DE-CUST-00491,DE,EUR,70.3,75.92,Health,09-May-2025,,False,,,completed
DE-ORD-000078,DE-CUST-00212,DE,EUR,60.96,60.96,Sports,2023-06-14 00:00:00,22.06.2023,True,09-Jul-2023,3.0,completed
DE-ORD-000079,DE-CUST-00418,DE,EUR,84.38,84.38,Electronics,30.04.2023,,False,,,completed
DE-ORD-000080,DE-CUST-00341,DE,EUR,76.22,76.22,Home & Kitchen,02-Nov-2025,05.11.2025,False,,,completed
DE-ORD-000081,DE-CUST-00013,DE,EUR,49.4,49.4,Home & Kitchen,2024-12-01 00:00:00,12/07/2024 05:28,False,,5.0,completed
DE-ORD-000082,DE-CUST-00598,DE,EUR,70.2,70.2,Automotive,01.03.2023,,False,,,completed
DE-ORD-000083,DE-CUST-00104,DE,EUR,51.28,51.28,Fashion,09.06.2023,16-Jun-2023,False,,3.0,completed
DE-ORD-000084,DE-CUST-00435,DE,EUR,106.92,106.92,Sports,2025-07-06 00:00:00,,False,,,completed
DE-ORD-000085,DE-CUST-00421,DE,EUR,73.32,73.32,Health,16-Apr-2025,,False,,,completed
DE-ORD-000086,DE-CUST-00351,DE,EUR,3.0,3.0,Health,24.02.2025,2025-02-28 12:37:47,False,,3.0,cancelled
DE-ORD-000087,DE-CUST-00017,DE,EUR,71.69,71.69,Sports,19.05.2023,05/20/2023 15:00,True,06/08/2023 00:00,,completed
DE-ORD-000088,DE-CUST-00544,DE,EUR,54.92,59.31,Beauty,12-Sep-2025,09/15/2025 13:12,True,28.09.2025,,completed
DE-ORD-000089,DE-CUST-00512,DE,EUR,75.21,75.21,Grocery,23.09.2024,09/24/2024 19:51,False,,5.0,completed
DE-ORD-000090,DE-CUST-00017,DE,EUR,42.32,42.32,Sports,07/21/2025 00:00,2025-07-21 23:43:08,False,,4.0,completed
DE-ORD-000091,DE-CUST-00416,DE,EUR,66.31,66.31,Health,07-Apr-2024,10.04.2024,False,,5.0,completed
DE-ORD-000092,DE-CUST-00008,DE,EUR,56.01,56.01,Grocery,10/14/2025 00:00,10/17/2025 07:41,False,,3.0,completed
DE-ORD-000093,DE-CUST-00215,DE,EUR,96.18,96.18,Beauty,04.02.2025,07-Feb-2025,False,,3.0,completed
DE-ORD-000094,DE-CUST-00077,DE,EUR,3.0,3.0,Grocery,09/01/2023 00:00,2023-09-06 15:59:55,False,,2.0,completed
DE-ORD-000095,DE-CUST-00220,DE,EUR,42.53,42.53,Books,02/07/2025 00:00,2025-02-11 00:54:01,False,,3.0,completed
DE-ORD-000096,DE-CUST-00056,DE,EUR,8.25,8.25,Automotive,07/18/2023 00:00,2023-07-18 07:32:16,False,,4.0,completed
DE-ORD-000097,DE-CUST-00160,DE,EUR,44.28,44.28,Sports,2023-05-14 00:00:00,05/21/2023 21:22,False,,3.0,completed
DE-ORD-000098,DE-CUST-00064,DE,EUR,29.98,29.98,Automotive,27.01.2025,2025-01-29 15:38:45,False,,4.0,completed
DE-ORD-000099,DE-CUST-00364,DE,EUR,47.13,47.13,Sports,31.01.2024,2024-02-21 10:02:38,False,,,completed
DE-ORD-000100,DE-CUST-00451,DE,EUR,27.81,30.03,Fashion,2023-04-21 00:00:00,,True,15.05.2023,,completed
DE-ORD-000101,DE-CUST-00320,DE,EUR,3.0,3.0,Electronics,24.07.2023,24-Jul-2023,False,,3.0,completed
DE-ORD-000102,DE-CUST-00118-DUP,DE,EUR,53.56,53.56,Beauty,2025-06-04 00:00:00,06.06.2025,False,,,completed
DE-ORD-000103,DE-CUST-00023,DE,EUR,112.25,112.25,Books,30-Jun-2024,2024-07-05 08:12:32,False,,3.0,completed
DE-ORD-000104,DE-CUST-00126,DE,EUR,3.0,3.0,Toys,22-Feb-2025,03/02/2025 15:35,False,,3.0,completed
DE-ORD-000105,DE-CUST-00411,DE,EUR,40.03,40.03,Health,05/04/2025 00:00,2025-05-06 10:52:55,False,,,completed
DE-ORD-000106,DE-CUST-00088,DE,EUR,40.17,40.17,Automotive,2025-02-19 00:00:00,02/21/2025 22:05,True,12.03.2025,3.0,cancelled
DE-ORD-000107,DE-CUST-00466,DE,EUR,72.92,72.92,Home & Kitchen,2024-04-16 00:00:00,20.04.2024,False,,3.0,completed
DE-ORD-000108,DE-CUST-00505,DE,EUR,113.3,113.3,,11/20/2023 00:00,22-Nov-2023,False,,2.0,completed
DE-ORD-000109,DE-CUST-00045,DE,EUR,79.47,79.47,Health,27.01.2024,2024-02-14 06:34:23,False,,4.0,completed
DE-ORD-000110,DE-CUST-00177,DE,EUR,3.0,3.24,Electronics,11/14/2025 00:00,2025-12-06 14:07:42,False,,4.0,completed
DE-ORD-000111,DE-CUST-00349,DE,EUR,7.98,7.98,Books,2025-05-07 00:00:00,08.05.2025,False,,5.0,completed
DE-ORD-000112,DE-CUST-00036,DE,EUR,36.98,36.98,Sports,2023-02-17 00:00:00,19.02.2023,False,,2.0,completed
DE-ORD-000113,DE-CUST-00243,DE,EUR,51.67,51.67,Books,2024-11-05 00:00:00,28-Nov-2024,False,,4.0,completed
DE-ORD-000114,DE-CUST-00100,DE,EUR,11.84,12.79,Toys,04/18/2023 00:00,04/19/2023 05:16,False,,4.0,completed
DE-ORD-000115,DE-CUST-00015,DE,EUR,103.26,103.26,Sports,01/19/2023 00:00,20-Jan-2023,False,,5.0,completed
DE-ORD-000116,DE-CUST-00330,DE,EUR,66.43,66.43,Books,02/29/2024 00:00,05.03.2024,False,,4.0,completed
DE-ORD-000117,DE-CUST-00370,DE,EUR,3.0,3.0,Sports,08/16/2024 00:00,2024-08-19 06:31:45,False,,5.0,completed
DE-ORD-000118,DE-CUST-00057,DE,EUR,31.04,31.04,Health,20.09.2023,2023-09-22 22:01:59,False,,3.0,completed
DE-ORD-000119,DE-CUST-00541,DE,EUR,3.0,3.0,Toys,16-Sep-2023,22.09.2023,False,,3.0,completed
DE-ORD-000120,DE-CUST-00190,DE,EUR,84.22,84.22,Toys,11/10/2024 00:00,23.11.2024,False,,5.0,completed
DE-ORD-000121,DE-CUST-00042,DE,EUR,80.43,80.43,Health,04-Dec-2023,2023-12-07 03:32:33,False,,3.0,completed
DE-ORD-000122,DE-CUST-00018,DE,EUR,95.32,95.32,Books,19-Nov-2025,19-Nov-2025,False,,4.0,completed
DE-ORD-000123,DE-CUST-00236,DE,EUR,23.24,23.24,Grocery,24.03.2024,29.03.2024,False,,4.0,completed
DE-ORD-000124,DE-CUST-00500,DE,EUR,89.48,89.48,Grocery,16.06.2023,19.06.2023,False,,2.0,completed
DE-ORD-000125,DE-CUST-00160,DE,EUR,32.29,32.29,Sports,25-Jul-2025,29.07.2025,False,,,completed
DE-ORD-000126,DE-CUST-00364,DE,EUR,71.33,71.33,Fashion,04.09.2023,09-Sep-2023,False,,4.0,completed
DE-ORD-000127,DE-CUST-00008,DE,EUR,28.27,28.27,Toys,2025-01-03 00:00:00,22-Jan-2025,False,,,completed
DE-ORD-000128,DE-CUST-00038,DE,EUR,68.91,68.91,Books,2024-02-28 00:00:00,2024-02-28 00:41:39,False,,5.0,completed
DE-ORD-000129,DE-CUST-00554,DE,EUR,81.79,81.79,Automotive,11/01/2024 00:00,11/06/2024 08:10,False,,2.0,completed
DE-ORD-000130,DE-CUST-00518,DE,EUR,112.29,112.29,Grocery,2023-12-09 00:00:00,15.12.2023,False,,,completed
DE-ORD-000131,DE-CUST-00247,DE,EUR,14.81,14.81,Beauty,22.02.2024,2024-02-26 15:46:13,False,,4.0,completed
DE-ORD-000132,DE-CUST-00016,DE,EUR,6.31,6.31,Toys,15.12.2025,2025-12-19 05:44:37,False,,4.0,completed
DE-ORD-000133,DE-CUST-00412,DE,EUR,42.16,42.16,,11/12/2023 00:00,17-Nov-2023,False,,2.0,completed
DE-ORD-000134,DE-CUST-00156,DE,EUR,8.2,8.86,Books,09.04.2023,12.04.2023,False,,4.0,completed
DE-ORD-000135,DE-CUST-00365,DE,EUR,37.77,37.77,Health,11.11.2023,,False,,,completed
DE-ORD-000136,DE-CUST-00327,DE,EUR,85.17,85.17,Health,03/21/2024 00:00,,False,,,completed
DE-ORD-000137,DE-CUST-00404,DE,EUR,60.32,60.32,Toys,2023-11-22 00:00:00,26.11.2023,False,,3.0,completed
DE-ORD-000138,DE-CUST-00586,DE,EUR,143.05,143.05,Grocery,15.02.2023,2023-02-25 06:44:54,False,,5.0,completed
DE-ORD-000139,DE-CUST-00532,DE,EUR,66.33,66.33,Automotive,09/20/2024 00:00,2024-09-21 10:28:53,False,,5.0,completed
DE-ORD-000140,DE-CUST-00037,DE,EUR,69.78,69.78,Automotive,19-Nov-2024,23-Nov-2024,False,,5.0,cancelled
DE-ORD-000141,DE-CUST-00442,DE,EUR,77.84,77.84,Sports,29-Oct-2024,10/31/2024 14:40,False,,,completed
DE-ORD-000142,DE-CUST-00272,DE,EUR,102.08,102.08,Books,2023-07-28 00:00:00,07/31/2023 12:01,False,,4.0,completed
DE-ORD-000143,DE-CUST-00048,DE,EUR,3.0,3.0,Sports,2024-05-08 00:00:00,12.05.2024,False,,,completed
DE-ORD-000144,DE-CUST-00268,DE,EUR,40.73,40.73,Sports,13-Nov-2024,18.11.2024,False,,4.0,completed
DE-ORD-000145,DE-CUST-00499,DE,EUR,74.11,74.11,Books,22.12.2024,26-Dec-2024,False,,3.0,completed
DE-ORD-000146,DE-CUST-00148,DE,EUR,126.68,126.68,Books,29.12.2025,01/04/2026 11:41,False,,4.0,completed
DE-ORD-000147,DE-CUST-00370,DE,EUR,125.44,125.44,,2024-12-16 00:00:00,18.12.2024,False,,3.0,completed
DE-ORD-000148,DE-CUST-00171,DE,EUR,66.56,66.56,Electronics,04/04/2025 00:00,08.04.2025,False,,3.0,completed
DE-ORD-000149,DE-CUST-00469-DUP,DE,EUR,85.44,85.44,,10-Sep-2024,,False,,,completed
DE-ORD-000150,DE-CUST-00297,DE,EUR,27.06,27.06,Sports,2023-07-16 00:00:00,20-Jul-2023,False,,4.0,completed
DE-ORD-000151,DE-CUST-00290,DE,EUR,71.52,71.52,Automotive,16.10.2024,,False,,,completed
DE-ORD-000152,DE-CUST-00019,DE,EUR,18.74,18.74,Electronics,2025-04-04 00:00:00,,False,,,completed
DE-ORD-000153,DE-CUST-00276,DE,EUR,20.53,20.53,Electronics,2023-03-05 00:00:00,2023-03-06 19:53:35,False,,3.0,completed
DE-ORD-000154,DE-CUST-00112,DE,EUR,29.2,29.2,Automotive,04.06.2025,06.06.2025,False,,3.0,completed
DE-ORD-000155,DE-CUST-00202,DE,EUR,96.81,96.81,Health,29-Apr-2024,02-May-2024,False,,2.0,completed
DE-ORD-000156,DE-CUST-00219,DE,EUR,108.32,108.32,Books,06.05.2024,08-May-2024,True,22-May-2024,4.0,completed
DE-ORD-000157,DE-CUST-00479,DE,EUR,81.97,81.97,Beauty,13.03.2024,03/16/2024 19:11,False,,5.0,completed
DE-ORD-000158,DE-CUST-00423,DE,EUR,83.2,83.2,Automotive,26-Sep-2024,09/28/2024 04:59,False,,5.0,completed
DE-ORD-000159,DE-CUST-00011,DE,EUR,72.38,72.38,Sports,2023-05-09 00:00:00,,False,,,completed
DE-ORD-000160,DE-CUST-00525,DE,EUR,101.63,101.63,Books,04/12/2024 00:00,15.04.2024,False,,4.0,completed
DE-ORD-000161,DE-CUST-00270,DE,EUR,159.7,159.7,Home & Kitchen,2024-12-02 00:00:00,12/05/2024 02:05,False,,3.0,completed
DE-ORD-000162,DE-CUST-00170,DE,EUR,69.43,69.43,Health,2025-11-03 00:00:00,2025-11-08 02:34:28,True,11/22/2025 00:00,2.0,completed
DE-ORD-000163,DE-CUST-00559,DE,EUR,3.0,3.0,Books,12/07/2023 00:00,2023-12-09 14:51:49,False,,2.0,completed
DE-ORD-000164,DE-CUST-00381,DE,EUR,48.86,48.86,Toys,09/18/2024 00:00,22-Sep-2024,False,,3.0,completed
DE-ORD-000165,DE-CUST-00545,DE,EUR,10.78,10.78,Sports,11.10.2024,,False,,,completed
DE-ORD-000166,DE-CUST-00552,DE,EUR,97.78,97.78,Grocery,2025-02-21 00:00:00,21.02.2025,False,,4.0,completed
DE-ORD-000167,DE-CUST-00508,DE,EUR,96.06,96.06,Grocery,2024-03-19 00:00:00,23.03.2024,False,,,completed
DE-ORD-000168,DE-CUST-00248,DE,EUR,111.3,111.3,,03.10.2023,,False,,,completed
DE-ORD-000169,DE-CUST-00493,DE,EUR,51.47,55.59,Fashion,03-May-2023,05/06/2023 15:56,False,,3.0,completed
DE-ORD-000170,DE-CUST-00556,DE,EUR,65.08,65.08,,08/17/2025 00:00,22-Aug-2025,False,,2.0,completed
DE-ORD-000171,DE-CUST-00426,DE,EUR,32.28,32.28,Home & Kitchen,02/11/2025 00:00,16-Feb-2025,False,,5.0,completed
DE-ORD-000172,DE-CUST-00399,DE,EUR,51.2,51.2,,10/18/2025 00:00,22-Oct-2025,False,,4.0,completed
DE-ORD-000173,DE-CUST-00565-DUP,DE,EUR,122.01,122.01,Toys,2023-11-28 00:00:00,01-Dec-2023,False,,5.0,completed
DE-ORD-000174,DE-CUST-00582,DE,EUR,165.4,165.4,Beauty,2024-10-23 00:00:00,,False,,,completed
DE-ORD-000175,DE-CUST-00382,DE,EUR,66.87,66.87,Electronics,2025-09-23 00:00:00,05-Oct-2025,False,,3.0,completed
DE-ORD-000176,DE-CUST-00252,DE,EUR,155.74,155.74,Automotive,2023-10-19 00:00:00,22-Oct-2023,False,,3.0,completed
DE-ORD-000177,DE-CUST-00433,DE,EUR,33.24,35.9,Home & Kitchen,2025-03-26 00:00:00,03/31/2025 03:29,False,,4.0,completed
DE-ORD-000178,DE-CUST-00203,DE,EUR,46.1,46.1,Grocery,10.11.2025,2025-11-14 08:45:08,False,,2.0,completed
DE-ORD-000179,DE-CUST-00086,DE,EUR,72.03,72.03,Sports,28-Oct-2025,2025-11-01 04:17:57,True,23-Nov-2025,5.0,completed
DE-ORD-000180,DE-CUST-00311,DE,EUR,35.71,35.71,Toys,2024-06-03 00:00:00,04.06.2024,False,,3.0,completed
DE-ORD-000181,DE-CUST-00596,DE,EUR,14.21,14.21,Home & Kitchen,01-Jul-2023,2023-07-06 12:07:10,False,,,completed
DE-ORD-000182,DE-CUST-00497,DE,EUR,123.85,123.85,Beauty,2023-01-25 00:00:00,28-Jan-2023,False,,5.0,completed
DE-ORD-000183,DE-CUST-00401,DE,EUR,70.09,75.7,Toys,08.12.2024,11.12.2024,True,31-Dec-2024,3.0,completed
DE-ORD-000184,DE-CUST-00464,DE,EUR,53.21,53.21,Health,19-Apr-2024,20-Apr-2024,False,,4.0,completed
DE-ORD-000185,DE-CUST-00419-DUP,DE,EUR,63.47,63.47,,11-Jun-2025,15.06.2025,False,,4.0,completed
DE-ORD-000186,DE-CUST-00462,DE,EUR,58.82,58.82,Fashion,22.04.2024,04/24/2024 04:38,True,05/14/2024 00:00,4.0,completed
DE-ORD-000187,DE-CUST-00044,DE,EUR,93.05,93.05,Sports,20.10.2025,2025-10-21 18:50:23,False,,4.0,completed
DE-ORD-000188,DE-CUST-00166,DE,EUR,73.86,73.86,Beauty,17-Jun-2025,19.06.2025,False,,3.0,completed
DE-ORD-000189,DE-CUST-00495,DE,EUR,73.76,73.76,Automotive,07-Jan-2025,08-Jan-2025,False,,4.0,completed
DE-ORD-000190,DE-CUST-00466,DE,EUR,30.98,30.98,Books,07/09/2025 00:00,14-Jul-2025,False,,5.0,completed
DE-ORD-000191,DE-CUST-00264,DE,EUR,32.29,32.29,Sports,06-Mar-2024,2024-03-10 07:13:53,False,,3.0,completed
DE-ORD-000192,DE-CUST-00417,DE,EUR,104.56,104.56,,2024-12-15 00:00:00,12/16/2024 14:27,False,,4.0,completed
DE-ORD-000193,DE-CUST-00383,DE,EUR,31.83,31.83,Toys,28-Sep-2023,01-Oct-2023,False,,3.0,completed
DE-ORD-000194,DE-CUST-00454,DE,EUR,96.25,96.25,Automotive,2024-02-25 00:00:00,02/27/2024 05:52,False,,4.0,completed
DE-ORD-000195,DE-CUST-00191,DE,EUR,51.92,51.92,Electronics,2023-06-24 00:00:00,27.06.2023,False,,4.0,completed
DE-ORD-000196,DE-CUST-00258,DE,EUR,36.05,36.05,Sports,10.12.2023,12/13/2023 19:34,True,12/29/2023 00:00,,completed
DE-ORD-000197,DE-CUST-00002,DE,EUR,123.15,123.15,Electronics,01-Apr-2025,03-Apr-2025,False,,5.0,completed
DE-ORD-000198,DE-CUST-00139,DE,EUR,121.93,121.93,Beauty,25.09.2023,27-Sep-2023,False,,2.0,completed
DE-ORD-000199,DE-CUST-00294,DE,EUR,76.47,76.47,Electronics,10-Apr-2023,12.04.2023,False,,5.0,completed
DE-ORD-000200,DE-CUST-00146,DE,EUR,66.32,66.32,Beauty,2024-11-28 00:00:00,2024-11-30 07:07:14,False,,,completed
DE-ORD-000201,DE-CUST-00434,DE,EUR,21.41,21.41,Toys,28-Jun-2025,07/03/2025 03:14,False,,3.0,completed
DE-ORD-000202,DE-CUST-00492,DE,EUR,66.67,66.67,,2023-02-26 00:00:00,03/02/2023 22:24,False,,3.0,completed
DE-ORD-000203,DE-CUST-00590,DE,EUR,63.25,63.25,Automotive,07/10/2023 00:00,13-Jul-2023,False,,,completed
DE-ORD-000204,DE-CUST-00161,DE,EUR,90.97,90.97,Automotive,24.08.2025,28-Aug-2025,False,,3.0,completed
DE-ORD-000205,DE-CUST-00187,DE,EUR,67.42,67.42,Home & Kitchen,2025-04-17 00:00:00,06.05.2025,False,,2.0,completed
DE-ORD-000206,DE-CUST-00081,DE,EUR,74.79,74.79,Books,02/09/2023 00:00,,False,,,completed
DE-ORD-000207,DE-CUST-00278,DE,EUR,31.42,31.42,Home & Kitchen,2023-10-29 00:00:00,2023-10-31 08:10:15,True,11-Dec-2023,3.0,completed
DE-ORD-000208,DE-CUST-00477,DE,EUR,92.53,92.53,Grocery,21.12.2025,2025-12-25 04:08:43,True,02.02.2026,3.0,completed
DE-ORD-000209,DE-CUST-00407,DE,EUR,30.12,30.12,Fashion,2023-02-06 00:00:00,09-Feb-2023,False,,2.0,completed
DE-ORD-000210,DE-CUST-00505,DE,EUR,70.45,70.45,Sports,11/30/2024 00:00,12/04/2024 19:22,False,,2.0,completed
DE-ORD-000211,DE-CUST-00157,DE,EUR,6.76,6.76,Toys,03/18/2024 00:00,23-Mar-2024,True,04.04.2024,,completed
DE-ORD-000212,DE-CUST-00007,DE,EUR,41.75,41.75,Fashion,2025-09-21 00:00:00,26.09.2025,False,,3.0,completed
DE-ORD-000213,DE-CUST-00075,DE,EUR,58.85,63.56,Automotive,08/07/2023 00:00,11-Aug-2023,False,,3.0,completed
DE-ORD-000214,DE-CUST-00003,DE,EUR,70.03,70.03,Health,13.11.2023,11/15/2023 22:15,False,,2.0,completed
DE-ORD-000215,DE-CUST-00380,DE,EUR,77.82,77.82,Grocery,09.02.2024,2024-02-12 02:31:15,False,,3.0,completed
DE-ORD-000216,DE-CUST-00477,DE,EUR,19.01,19.01,Toys,08.06.2023,13-Jun-2023,True,07/12/2023 00:00,,completed
DE-ORD-000217,DE-CUST-00596,DE,EUR,98.32,98.32,Sports,30-Jul-2025,08/17/2025 22:42,False,,3.0,completed
DE-ORD-000218,DE-CUST-00481,DE,EUR,3.0,3.0,Books,24-Sep-2023,09/30/2023 10:18,False,,4.0,completed
DE-ORD-000219,DE-CUST-00350,DE,EUR,36.55,36.55,Grocery,08.06.2025,12.06.2025,False,,5.0,completed
DE-ORD-000220,DE-CUST-00314,DE,EUR,64.12,64.12,Health,08/05/2025 00:00,10-Aug-2025,False,,,completed
DE-ORD-000221,DE-CUST-00303,DE,EUR,106.15,106.15,Home & Kitchen,03/30/2023 00:00,03/31/2023 21:15,False,,3.0,completed
DE-ORD-000222,DE-CUST-00489,DE,EUR,101.39,101.39,Electronics,07-May-2025,07.05.2025,True,24-May-2025,3.0,completed
DE-ORD-000223,DE-CUST-00033,DE,EUR,10.63,10.63,Toys,12/10/2023 00:00,12/12/2023 18:50,False,,3.0,completed
DE-ORD-000224,DE-CUST-00247,DE,EUR,51.39,51.39,Electronics,2024-04-17 00:00:00,2024-05-02 16:07:06,False,,3.0,completed
DE-ORD-000225,DE-CUST-00336,DE,EUR,152.09,152.09,Grocery,21-Aug-2023,27.08.2023,False,,,completed
DE-ORD-000226,DE-CUST-00337,DE,EUR,20.84,20.84,Electronics,27.01.2023,02/01/2023 20:57,False,,3.0,completed
DE-ORD-000227,DE-CUST-00330,DE,EUR,69.91,69.91,Home & Kitchen,19-Sep-2024,09/22/2024 09:43,False,,3.0,completed
DE-ORD-000228,DE-CUST-00441,DE,EUR,102.39,110.58,Grocery,09/12/2025 00:00,10/01/2025 16:31,False,,3.0,completed
DE-ORD-000229,DE-CUST-00576,DE,EUR,15.43,15.43,Beauty,2025-08-10 00:00:00,,False,,,completed
DE-ORD-000230,DE-CUST-00462,DE,EUR,3.0,3.0,Toys,24-Apr-2023,2023-04-27 12:26:24,False,,3.0,completed
DE-ORD-000231,DE-CUST-00504,DE,EUR,54.91,54.91,Books,10/27/2024 00:00,01.11.2024,False,,5.0,completed
DE-ORD-000232,DE-CUST-00236,DE,EUR,63.77,63.77,Toys,06-May-2023,09.05.2023,False,,5.0,completed
DE-ORD-000233,DE-CUST-00480,DE,EUR,84.79,84.79,Books,07/21/2024 00:00,07/24/2024 00:11,False,,2.0,completed
DE-ORD-000234,DE-CUST-00238,DE,EUR,79.97,79.97,Beauty,10.02.2024,2024-02-14 17:51:20,False,,,completed
DE-ORD-000235,DE-CUST-00487,DE,EUR,41.0,41.0,Electronics,02.03.2024,05.03.2024,False,,3.0,completed
DE-ORD-000236,DE-CUST-00074,DE,EUR,58.01,58.01,Beauty,05-Feb-2025,2025-02-05 00:00:00,False,,3.0,completed
DE-ORD-000237,DE-CUST-00547,DE,EUR,101.84,101.84,Home & Kitchen,24-May-2024,26-May-2024,False,,4.0,completed
DE-ORD-000238,DE-CUST-00469-DUP,DE,EUR,36.27,36.27,Electronics,06/30/2024 00:00,04.07.2024,False,,3.0,completed
DE-ORD-000239,DE-CUST-00093,DE,EUR,29.31,29.31,Fashion,02/01/2025 00:00,2025-02-06 11:58:18,False,,4.0,completed
DE-ORD-000240,DE-CUST-00070,DE,EUR,42.01,42.01,Electronics,08-Dec-2024,12.12.2024,False,,4.0,completed
DE-ORD-000241,DE-CUST-00134,DE,EUR,89.41,89.41,Books,15.10.2025,15-Oct-2025,False,,,completed
DE-ORD-000242,DE-CUST-00442,DE,EUR,103.25,103.25,Toys,02/05/2023 00:00,2023-02-07 15:29:27,False,,3.0,completed
DE-ORD-000243,DE-CUST-00394,DE,EUR,165.24,165.24,Electronics,19.01.2023,22.01.2023,True,2023-02-07 00:00:00,3.0,completed
DE-ORD-000244,DE-CUST-00024,DE,EUR,3.0,3.0,Automotive,2025-05-10 00:00:00,15.05.2025,False,,,completed
DE-ORD-000245,DE-CUST-00369-DUP,DE,EUR,13.88,13.88,,03/19/2023 00:00,20-Mar-2023,False,,3.0,completed
DE-ORD-000246,DE-CUST-00117,DE,EUR,118.82,118.82,Health,17-Nov-2025,2025-12-02 15:50:11,False,,3.0,completed
DE-ORD-000247,DE-CUST-00046,DE,EUR,76.72,76.72,Fashion,07.12.2025,09.12.2025,True,17.01.2026,,completed
DE-ORD-000248,DE-CUST-00490,DE,EUR,70.31,70.31,Books,02/20/2025 00:00,02/23/2025 14:38,False,,4.0,completed
DE-ORD-000249,DE-CUST-00158,DE,EUR,101.75,101.75,Electronics,11/17/2023 00:00,2023-11-21 05:46:59,False,,3.0,completed
DE-ORD-000250,DE-CUST-00546,DE,EUR,93.19,93.19,Toys,12/21/2024 00:00,12/24/2024 08:41,False,,3.0,completed
DE-ORD-000251,DE-CUST-00561,DE,EUR,49.68,49.68,Automotive,03/30/2025 00:00,02.04.2025,False,,,completed
DE-ORD-000252,DE-CUST-00427,DE,EUR,99.59,99.59,Sports,12-Jun-2023,2023-06-15 05:23:34,False,,3.0,completed
DE-ORD-000253,DE-CUST-00374,DE,EUR,67.16,67.16,Grocery,22-Nov-2024,09.12.2024,False,,4.0,completed
DE-ORD-000254,DE-CUST-00033,DE,EUR,99.96,99.96,Beauty,09/13/2024 00:00,24-Sep-2024,False,,3.0,completed
DE-ORD-000255,DE-CUST-00247,DE,EUR,41.59,41.59,Toys,2024-12-09 00:00:00,12/10/2024 22:33,False,,4.0,completed
DE-ORD-000256,DE-CUST-00380,DE,EUR,120.06,120.06,Toys,23.07.2023,2023-07-26 00:39:25,False,,3.0,completed
DE-ORD-000257,DE-CUST-00328,DE,EUR,120.74,120.74,Electronics,2023-11-11 00:00:00,11/21/2023 06:12,False,,4.0,completed
DE-ORD-000258,DE-CUST-00577,DE,EUR,19.75,19.75,Sports,12/01/2024 00:00,,False,,,completed
DE-ORD-000259,DE-CUST-00013,DE,EUR,29.69,29.69,Toys,10/12/2025 00:00,13-Oct-2025,False,,3.0,completed
DE-ORD-000260,DE-CUST-00314,DE,EUR,42.74,42.74,Beauty,07/31/2024 00:00,2024-08-03 04:01:20,True,2024-09-02 00:00:00,2.0,completed
DE-ORD-000261,DE-CUST-00156,DE,EUR,101.44,101.44,Sports,04-Oct-2025,09-Oct-2025,False,,2.0,completed
DE-ORD-000262,DE-CUST-00413,DE,EUR,102.18,102.18,Fashion,2025-01-05 00:00:00,01/07/2025 06:49,False,,4.0,cancelled
DE-ORD-000263,DE-CUST-00104,DE,EUR,62.4,62.4,,09/18/2023 00:00,21.09.2023,True,15-Oct-2023,3.0,completed
DE-ORD-000264,DE-CUST-00169,DE,EUR,111.06,111.06,Health,2025-01-25 00:00:00,,False,,,completed
DE-ORD-000265,DE-CUST-00539,DE,EUR,88.1,88.1,Toys,25.04.2025,2025-04-30 03:38:52,False,,4.0,completed
DE-ORD-000266,DE-CUST-00330,DE,EUR,153.34,153.34,,22.09.2025,09/24/2025 16:57,False,,4.0,completed
DE-ORD-000267,DE-CUST-00402,DE,EUR,60.97,60.97,Electronics,11/15/2023 00:00,20.11.2023,False,,4.0,completed
DE-ORD-000268,DE-CUST-00075,DE,EUR,50.26,50.26,Grocery,2024-05-15 00:00:00,,False,,,completed
DE-ORD-000269,DE-CUST-00254,DE,EUR,46.32,46.32,Home & Kitchen,06-Mar-2023,2023-03-07 09:08:30,False,,3.0,cancelled
DE-ORD-000270,DE-CUST-00104,DE,EUR,88.52,88.52,Electronics,06/24/2023 00:00,2023-06-29 14:06:48,False,,4.0,completed
DE-ORD-000271,DE-CUST-00296,DE,EUR,115.09,115.09,Automotive,2025-02-13 00:00:00,14-Feb-2025,False,,3.0,completed
DE-ORD-000272,DE-CUST-00106,DE,EUR,54.03,54.03,Sports,27.03.2024,2024-04-06 07:52:33,False,,,cancelled
DE-ORD-000273,DE-CUST-00002,DE,EUR,68.2,68.2,Fashion,01.12.2024,05.12.2024,False,,3.0,completed
DE-ORD-000274,DE-CUST-00395,DE,EUR,70.28,70.28,Health,20-Mar-2023,,False,,,completed
DE-ORD-000275,DE-CUST-00362,DE,EUR,29.82,29.82,Grocery,27-Oct-2025,,False,,,completed
DE-ORD-000276,DE-CUST-00055,DE,EUR,59.54,59.54,Home & Kitchen,28-Aug-2025,31.08.2025,False,,4.0,completed
DE-ORD-000277,DE-CUST-00537,DE,EUR,67.88,67.88,Beauty,25-Feb-2023,27-Feb-2023,False,,5.0,cancelled
DE-ORD-000278,DE-CUST-00190,DE,EUR,20.56,20.56,Beauty,15-Apr-2024,17-Apr-2024,False,,5.0,completed
DE-ORD-000279,DE-CUST-00461,DE,EUR,25.56,25.56,Electronics,26.05.2023,,False,,,completed
DE-ORD-000280,DE-CUST-00027,DE,EUR,92.91,92.91,,14-May-2023,14-May-2023,False,,3.0,completed
DE-ORD-000281,DE-CUST-00062,DE,EUR,146.54,146.54,Toys,27.08.2024,08/28/2024 04:22,False,,2.0,completed
DE-ORD-000282,DE-CUST-00284-DUP,DE,EUR,8.03,8.03,Toys,03.12.2025,07-Dec-2025,False,,5.0,completed
DE-ORD-000283,DE-CUST-00466,DE,EUR,45.52,45.52,Fashion,24-Nov-2025,11/28/2025 12:35,False,,,cancelled
DE-ORD-000284,DE-CUST-00349-DUP,DE,EUR,117.83,117.83,Grocery,05/28/2023 00:00,06/03/2023 04:20,False,,,completed
DE-ORD-000285,DE-CUST-00053,DE,EUR,55.64,55.64,Grocery,2023-03-17 00:00:00,24-Mar-2023,False,,3.0,completed
DE-ORD-000286,DE-CUST-00458,DE,EUR,48.78,48.78,Home & Kitchen,18.02.2023,21.02.2023,True,30.03.2023,3.0,completed
DE-ORD-000287,DE-CUST-00165,DE,EUR,107.52,107.52,Health,04/22/2024 00:00,27-Apr-2024,False,,3.0,completed
DE-ORD-000288,DE-CUST-00249,DE,EUR,106.74,106.74,Grocery,2023-08-12 00:00:00,,False,,,completed
DE-ORD-000289,DE-CUST-00395,DE,EUR,67.45,67.45,Sports,2023-04-24 00:00:00,04/28/2023 20:38,False,,4.0,completed
DE-ORD-000290,DE-CUST-00158,DE,EUR,143.2,143.2,Grocery,05.09.2025,09/06/2025 08:13,False,,3.0,completed
DE-ORD-000291,DE-CUST-00249,DE,EUR,60.19,60.19,Beauty,11/08/2023 00:00,12.11.2023,False,,5.0,completed
DE-ORD-000292,DE-CUST-00493,DE,EUR,64.07,64.07,Health,05-Mar-2025,03/13/2025 08:47,False,,4.0,completed
DE-ORD-000293,DE-CUST-00128,DE,EUR,93.69,93.69,,2023-03-10 00:00:00,2023-03-10 14:05:35,False,,4.0,completed
DE-ORD-000294,DE-CUST-00192,DE,EUR,4.57,4.57,Toys,06.09.2023,,False,,,completed
DE-ORD-000295,DE-CUST-00335,DE,EUR,30.69,30.69,Sports,16.03.2025,20-Mar-2025,True,30.04.2025,4.0,completed
DE-ORD-000296,DE-CUST-00553,DE,EUR,16.15,16.15,Automotive,17-Apr-2024,04/21/2024 19:40,False,,2.0,completed
DE-ORD-000297,DE-CUST-00054,DE,EUR,77.54,77.54,Books,2023-11-06 00:00:00,2023-11-08 06:41:44,False,,3.0,completed
DE-ORD-000298,DE-CUST-00599,DE,EUR,84.16,84.16,Fashion,14-Jun-2023,2023-06-18 06:46:19,False,,5.0,completed
DE-ORD-000299,DE-CUST-00048,DE,EUR,61.87,61.87,Sports,06/12/2024 00:00,2024-06-15 23:01:56,False,,3.0,completed
DE-ORD-000300,DE-CUST-00574,DE,EUR,71.92,71.92,Health,31-Jan-2024,04-Feb-2024,False,,4.0,completed
DE-ORD-000301,DE-CUST-00477,DE,EUR,3.0,3.0,Beauty,02/07/2024 00:00,10.02.2024,False,,,completed
DE-ORD-000302,DE-CUST-00543,DE,EUR,78.85,78.85,Books,04/25/2025 00:00,2025-04-27 11:30:49,False,,2.0,completed
DE-ORD-000303,DE-CUST-00228,DE,EUR,121.08,121.08,Toys,2023-02-12 00:00:00,05.03.2023,False,,3.0,completed
DE-ORD-000304,DE-CUST-00284-DUP,DE,EUR,21.79,21.79,Sports,2025-04-26 00:00:00,28-Apr-2025,False,,5.0,completed
DE-ORD-000305,DE-CUST-00585,DE,EUR,70.23,70.23,Toys,08/05/2025 00:00,08/07/2025 16:10,False,,4.0,completed
DE-ORD-000306,DE-CUST-00030-DUP,DE,EUR,34.05,34.05,Home & Kitchen,12/04/2024 00:00,09-Dec-2024,False,,5.0,completed
DE-ORD-000307,DE-CUST-00424,DE,EUR,47.27,47.27,Automotive,16.06.2024,06/18/2024 13:22,False,,,completed
DE-ORD-000308,DE-CUST-00115,DE,EUR,3.0,3.0,Sports,2025-12-01 00:00:00,02-Dec-2025,False,,2.0,completed
DE-ORD-000309,DE-CUST-00341,DE,EUR,70.14,70.14,,31.03.2024,2024-04-03 00:15:20,False,,2.0,completed
DE-ORD-000310,DE-CUST-00364,DE,EUR,54.32,54.32,Toys,2023-04-25 00:00:00,29-Apr-2023,False,,4.0,completed
DE-ORD-000311,DE-CUST-00406,DE,EUR,3.0,3.0,Sports,02-Feb-2023,05-Feb-2023,False,,,completed
DE-ORD-000312,DE-CUST-00352,DE,EUR,12.43,13.42,Home & Kitchen,19-Mar-2024,2024-03-23 20:27:44,False,,4.0,completed
DE-ORD-000313,DE-CUST-00592,DE,EUR,30.87,30.87,Grocery,10.04.2024,04/12/2024 08:25,False,,3.0,completed
DE-ORD-000314,DE-CUST-00065,DE,EUR,3.0,3.0,Automotive,19-May-2023,23.05.2023,False,,3.0,completed
DE-ORD-000315,DE-CUST-00474,DE,EUR,101.87,101.87,,12-Mar-2025,13-Mar-2025,False,,,completed
DE-ORD-000316,DE-CUST-00043,DE,EUR,41.47,44.79,Books,25.11.2023,11/26/2023 05:45,False,,3.0,completed
DE-ORD-000317,DE-CUST-00572,DE,EUR,20.08,20.08,Electronics,05/25/2024 00:00,05/29/2024 23:51,False,,3.0,completed
DE-ORD-000318,DE-CUST-00537,DE,EUR,69.72,69.72,Home & Kitchen,04/02/2024 00:00,,False,,,completed
DE-ORD-000319,DE-CUST-00136,DE,EUR,16.76,16.76,Beauty,2025-06-22 00:00:00,25.06.2025,False,,4.0,completed
DE-ORD-000320,DE-CUST-00164,DE,EUR,19.11,20.64,Electronics,08-Jul-2025,01.08.2025,False,,3.0,completed
DE-ORD-000321,DE-CUST-00093,DE,EUR,46.65,46.65,Beauty,2025-05-30 00:00:00,06/03/2025 07:06,False,,3.0,cancelled
DE-ORD-000322,DE-CUST-00212,DE,EUR,66.43,66.43,,2025-01-14 00:00:00,31.01.2025,False,,,cancelled
DE-ORD-000323,DE-CUST-00278,DE,EUR,69.92,75.51,Electronics,05/06/2025 00:00,18.05.2025,True,06/13/2025 00:00,,completed
DE-ORD-000324,DE-CUST-00144,DE,EUR,3.0,3.0,Beauty,2024-07-16 00:00:00,07/20/2024 10:10,False,,5.0,completed
DE-ORD-000325,DE-CUST-00571,DE,EUR,30.4,30.4,Toys,18-Aug-2023,21-Aug-2023,False,,4.0,completed
DE-ORD-000326,DE-CUST-00019,DE,EUR,91.34,91.34,Electronics,17-Sep-2024,17.09.2024,False,,3.0,completed
DE-ORD-000327,DE-CUST-00339,DE,EUR,52.36,52.36,Sports,2025-03-11 00:00:00,,False,,,completed
DE-ORD-000328,DE-CUST-00121,DE,EUR,159.94,159.94,Grocery,14.07.2023,08/04/2023 03:47,False,,2.0,cancelled
DE-ORD-000329,DE-CUST-00337,DE,EUR,80.29,80.29,Automotive,02/07/2023 00:00,12-Feb-2023,False,,4.0,completed
DE-ORD-000330,DE-CUST-00332,DE,EUR,30.55,30.55,Home & Kitchen,02/01/2025 00:00,02/05/2025 22:29,False,,,completed
DE-ORD-000331,DE-CUST-00414,DE,EUR,90.21,90.21,Sports,06/30/2025 00:00,2025-07-01 23:03:39,False,,4.0,completed
DE-ORD-000332,DE-CUST-00332,DE,EUR,102.9,102.9,Automotive,11.02.2024,2024-02-16 06:32:52,False,,4.0,completed
DE-ORD-000333,DE-CUST-00282,DE,EUR,51.39,51.39,Home & Kitchen,2025-06-10 00:00:00,06/15/2025 08:10,False,,,completed
DE-ORD-000334,DE-CUST-00556,DE,EUR,19.01,19.01,Sports,10-Feb-2023,2023-02-14 03:47:19,False,,2.0,completed
DE-ORD-000335,DE-CUST-00302,DE,EUR,105.48,105.48,Home & Kitchen,25.09.2024,09/28/2024 02:42,False,,,completed
DE-ORD-000336,DE-CUST-00090,DE,EUR,113.21,113.21,Electronics,2024-01-06 00:00:00,10-Jan-2024,False,,2.0,completed
DE-ORD-000337,DE-CUST-00452,DE,EUR,119.14,119.14,Automotive,08.07.2025,13.07.2025,False,,,completed
DE-ORD-000338,DE-CUST-00365,DE,EUR,98.53,98.53,Fashion,02-Aug-2023,,False,,,completed
DE-ORD-000339,DE-CUST-00534,DE,EUR,53.37,53.37,Fashion,21-Mar-2023,03/24/2023 17:14,False,,3.0,completed
DE-ORD-000340,DE-CUST-00528,DE,EUR,129.31,129.31,Beauty,11/18/2025 00:00,2025-11-21 17:11:44,False,,1.0,cancelled
DE-ORD-000341,DE-CUST-00490,DE,EUR,77.9,77.9,Sports,10/12/2025 00:00,10/22/2025 23:27,False,,4.0,completed
DE-ORD-000342,DE-CUST-00531,DE,EUR,50.99,50.99,Toys,03.11.2024,11/07/2024 17:03,False,,5.0,completed
DE-ORD-000343,DE-CUST-00264,DE,EUR,75.76,75.76,Health,10/26/2023 00:00,28-Oct-2023,False,,4.0,completed
DE-ORD-000344,DE-CUST-00004,DE,EUR,65.74,65.74,Toys,15-Aug-2025,,False,,,completed
DE-ORD-000345,DE-CUST-00258,DE,EUR,87.0,87.0,Automotive,05.08.2024,09.08.2024,False,,5.0,completed
DE-ORD-000346,DE-CUST-00351,DE,EUR,112.7,112.7,Grocery,30.03.2023,04/01/2023 11:18,False,,4.0,completed
DE-ORD-000347,DE-CUST-00265,DE,EUR,28.86,31.17,Grocery,09/01/2024 00:00,2024-09-05 13:03:12,False,,3.0,completed
DE-ORD-000348,DE-CUST-00439,DE,EUR,26.12,26.12,Beauty,21.11.2025,2025-11-24 22:04:53,False,,1.0,completed
DE-ORD-000349,DE-CUST-00073,DE,EUR,3.0,3.0,Grocery,05-Oct-2024,08-Oct-2024,False,,4.0,completed
DE-ORD-000350,DE-CUST-00453,DE,EUR,50.97,50.97,Beauty,2024-09-25 00:00:00,26-Sep-2024,False,,3.0,completed
DE-ORD-000351,DE-CUST-00520,DE,EUR,79.87,79.87,Grocery,08/12/2025 00:00,27.08.2025,False,,4.0,completed
DE-ORD-000352,DE-CUST-00595,DE,EUR,108.96,108.96,Home & Kitchen,17.11.2023,21.11.2023,False,,3.0,completed
DE-ORD-000353,DE-CUST-00200,DE,EUR,54.34,54.34,Electronics,11/13/2024 00:00,11/14/2024 09:29,False,,4.0,completed
DE-ORD-000354,DE-CUST-00143,DE,EUR,107.26,107.26,Books,10/04/2024 00:00,08-Oct-2024,False,,5.0,completed
DE-ORD-000355,DE-CUST-00321,DE,EUR,53.49,53.49,Grocery,14.09.2025,19.09.2025,False,,3.0,completed
DE-ORD-000356,DE-CUST-00316,DE,EUR,120.92,120.92,Electronics,13.07.2025,22-Jul-2025,False,,4.0,completed
DE-ORD-000357,DE-CUST-00255,DE,EUR,121.05,121.05,Automotive,2025-01-08 00:00:00,11-Jan-2025,False,,4.0,completed
DE-ORD-000358,DE-CUST-00414,DE,EUR,113.98,113.98,Grocery,2023-10-30 00:00:00,2023-11-02 07:12:42,False,,2.0,completed
DE-ORD-000359,DE-CUST-00303,DE,EUR,146.43,146.43,Home & Kitchen,12.12.2023,12/14/2023 19:05,False,,4.0,completed
DE-ORD-000360,DE-CUST-00340,DE,EUR,108.93,108.93,Beauty,2024-12-23 00:00:00,25.12.2024,False,,3.0,completed
DE-ORD-000361,DE-CUST-00319,DE,EUR,74.64,74.64,Beauty,04/15/2025 00:00,15-Apr-2025,False,,3.0,completed
DE-ORD-000362,DE-CUST-00532,DE,EUR,74.31,74.31,Grocery,10/08/2023 00:00,2023-10-11 02:16:54,False,,2.0,completed
DE-ORD-000363,DE-CUST-00017,DE,EUR,125.58,125.58,Toys,05/15/2024 00:00,05/18/2024 15:43,False,,,completed
DE-ORD-000364,DE-CUST-00038,DE,EUR,119.38,119.38,Home & Kitchen,12-Jan-2024,15.01.2024,False,,3.0,completed
DE-ORD-000365,DE-CUST-00039,DE,EUR,75.23,75.23,Electronics,2025-08-04 00:00:00,,False,,,completed
DE-ORD-000366,DE-CUST-00167,DE,EUR,20.25,20.25,Sports,2024-03-03 00:00:00,,False,,,completed
DE-ORD-000367,DE-CUST-00055-DUP,DE,EUR,41.35,41.35,Health,06/01/2023 00:00,06/01/2023 17:45,False,,5.0,completed
DE-ORD-000368,DE-CUST-00087,DE,EUR,45.84,49.51,Automotive,02/12/2025 00:00,,False,,,completed
DE-ORD-000369,DE-CUST-00455,DE,EUR,3.0,3.0,Electronics,05.05.2025,05/11/2025 02:40,False,,2.0,completed
DE-ORD-000370,DE-CUST-00170,DE,EUR,67.22,67.22,Books,04/21/2023 00:00,25-Apr-2023,False,,4.0,completed
DE-ORD-000371,DE-CUST-00590,DE,EUR,62.73,62.73,Home & Kitchen,2024-02-01 00:00:00,2024-02-01 22:44:24,False,,3.0,completed
DE-ORD-000372,DE-CUST-00013,DE,EUR,72.14,72.14,Toys,13-Jun-2024,15.06.2024,False,,4.0,completed
DE-ORD-000373,DE-CUST-00350,DE,EUR,90.91,90.91,Toys,02/09/2023 00:00,13-Feb-2023,False,,,completed
DE-ORD-000374,DE-CUST-00452,DE,EUR,18.41,18.41,Grocery,2024-03-21 00:00:00,27-Mar-2024,False,,4.0,completed
DE-ORD-000375,DE-CUST-00526,DE,EUR,64.93,64.93,Toys,12-Jul-2024,2024-07-17 03:13:23,False,,,completed
DE-ORD-000376,DE-CUST-00150,DE,EUR,154.89,154.89,Health,10-Nov-2023,2023-11-11 08:12:21,False,,3.0,completed
DE-ORD-000377,DE-CUST-00528,DE,EUR,3.0,3.0,Toys,26-May-2023,2023-05-29 18:56:07,False,,4.0,completed
DE-ORD-000378,DE-CUST-00411,DE,EUR,63.51,63.51,Toys,03-Mar-2025,,False,,,completed
DE-ORD-000379,DE-CUST-00178,DE,EUR,3.0,3.0,Automotive,24.08.2025,08/28/2025 01:26,False,,,completed
DE-ORD-000380,DE-CUST-00569,DE,EUR,120.31,120.31,Beauty,09.01.2025,11.01.2025,True,2025-02-05 00:00:00,4.0,completed
DE-ORD-000381,DE-CUST-00375,DE,EUR,5.41,5.41,,12/05/2025 00:00,09-Dec-2025,True,05-Jan-2026,,completed
DE-ORD-000382,DE-CUST-00231,DE,EUR,50.05,54.05,Fashion,08/15/2025 00:00,,False,,,completed
DE-ORD-000383,DE-CUST-00054,DE,EUR,36.11,36.11,Grocery,02.02.2025,02/04/2025 21:49,False,,4.0,completed
DE-ORD-000384,DE-CUST-00370,DE,EUR,15.14,15.14,Electronics,2023-07-07 00:00:00,2023-07-09 21:42:13,True,2023-08-06 00:00:00,4.0,completed
DE-ORD-000385,DE-CUST-00235,DE,EUR,23.24,23.24,,01/25/2023 00:00,31.01.2023,False,,3.0,completed
DE-ORD-000386,DE-CUST-00471,DE,EUR,39.56,39.56,Home & Kitchen,25.01.2023,27.01.2023,False,,5.0,completed
DE-ORD-000387,DE-CUST-00354,DE,EUR,86.01,86.01,Books,05/14/2025 00:00,16-May-2025,False,,5.0,completed
DE-ORD-000388,DE-CUST-00040,DE,EUR,72.63,72.63,Home & Kitchen,12.06.2024,2024-06-29 21:15:40,False,,3.0,completed
DE-ORD-000389,DE-CUST-00404,DE,EUR,36.52,36.52,Beauty,20-Jan-2024,01/24/2024 00:09,False,,3.0,completed
DE-ORD-000390,DE-CUST-00090,DE,EUR,134.04,134.04,Toys,24-Aug-2023,,False,,,completed
DE-ORD-000391,DE-CUST-00035,DE,EUR,123.37,123.37,Books,2023-04-06 00:00:00,09-Apr-2023,False,,4.0,completed
DE-ORD-000392,DE-CUST-00027,DE,EUR,96.66,96.66,Health,22-Nov-2024,2024-11-24 13:18:39,False,,4.0,completed
DE-ORD-000393,DE-CUST-00092,DE,EUR,3.0,3.0,Books,2024-06-13 00:00:00,15-Jun-2024,False,,,completed
DE-ORD-000394,DE-CUST-00567,DE,EUR,29.89,29.89,Books,27.11.2025,28.11.2025,False,,3.0,completed
DE-ORD-000395,DE-CUST-00464,DE,EUR,79.66,79.66,Fashion,12/06/2023 00:00,10-Dec-2023,False,,4.0,completed
DE-ORD-000396,DE-CUST-00428,DE,EUR,39.7,39.7,Electronics,25.12.2025,,False,,,completed
DE-ORD-000397,DE-CUST-00495,DE,EUR,69.72,69.72,,2025-10-11 00:00:00,15.10.2025,False,,4.0,completed
DE-ORD-000398,DE-CUST-00286,DE,EUR,66.16,66.16,Fashion,16-Oct-2023,18-Oct-2023,False,,3.0,completed
DE-ORD-000399,DE-CUST-00258,DE,EUR,44.11,44.11,Sports,11-Jan-2023,14-Jan-2023,False,,4.0,completed
DE-ORD-000400,DE-CUST-00048,DE,EUR,92.18,92.18,Fashion,05.01.2024,,False,,,completed
DE-ORD-000401,DE-CUST-00515,DE,EUR,65.61,65.61,Automotive,23-Oct-2023,26-Oct-2023,False,,3.0,completed
DE-ORD-000402,DE-CUST-00301,DE,EUR,29.84,29.84,Grocery,2025-12-10 00:00:00,10.12.2025,False,,3.0,completed
DE-ORD-000403,DE-CUST-00218,DE,EUR,82.98,82.98,Fashion,09-Jan-2023,01/11/2023 10:41,False,,3.0,completed
DE-ORD-000404,DE-CUST-00595,DE,EUR,82.72,82.72,Books,01/07/2023 00:00,11-Jan-2023,False,,,completed
DE-ORD-000405,DE-CUST-00357,DE,EUR,23.98,23.98,Health,25-May-2024,11.06.2024,False,,5.0,completed
DE-ORD-000406,DE-CUST-00063,DE,EUR,22.07,22.07,Books,24-May-2023,05/26/2023 06:20,False,,5.0,completed
DE-ORD-000407,DE-CUST-00133,DE,EUR,59.42,59.42,Books,07-May-2025,07.05.2025,False,,2.0,completed
DE-ORD-000408,DE-CUST-00503,DE,EUR,55.52,55.52,Beauty,2024-09-05 00:00:00,06-Sep-2024,False,,,completed
DE-ORD-000409,DE-CUST-00107,DE,EUR,49.29,49.29,Sports,11/28/2023 00:00,01.12.2023,False,,5.0,completed
DE-ORD-000410,DE-CUST-00048,DE,EUR,53.96,53.96,Health,05-Mar-2024,03/10/2024 02:36,False,,5.0,completed
DE-ORD-000411,DE-CUST-00333,DE,EUR,119.5,119.5,Sports,15.10.2024,18.10.2024,False,,2.0,completed
DE-ORD-000412,DE-CUST-00535,DE,EUR,82.51,82.51,Home & Kitchen,28-Feb-2023,03/05/2023 01:44,False,,4.0,completed
DE-ORD-000413,DE-CUST-00317,DE,EUR,131.29,131.29,Books,03/26/2023 00:00,30-Mar-2023,False,,4.0,completed
DE-ORD-000414,DE-CUST-00225,DE,EUR,106.28,114.78,Health,11/17/2023 00:00,2023-11-21 00:00:04,False,,1.0,completed
DE-ORD-000415,DE-CUST-00442,DE,EUR,46.03,46.03,Fashion,31-Jul-2025,08/05/2025 07:05,False,,3.0,completed
DE-ORD-000416,DE-CUST-00346,DE,EUR,56.51,56.51,Home & Kitchen,08/23/2024 00:00,24-Aug-2024,False,,,completed
DE-ORD-000417,DE-CUST-00459,DE,EUR,132.79,132.79,Grocery,12/19/2025 00:00,12/25/2025 00:32,False,,,completed
DE-ORD-000418,DE-CUST-00227,DE,EUR,31.41,31.41,Fashion,15.06.2025,,False,,,completed
DE-ORD-000419,DE-CUST-00463,DE,EUR,39.14,39.14,Books,11-Dec-2024,15-Dec-2024,False,,4.0,completed
DE-ORD-000420,DE-CUST-00128,DE,EUR,95.84,95.84,Electronics,16-Mar-2023,19.03.2023,False,,5.0,completed
DE-ORD-000421,DE-CUST-00260,DE,EUR,25.94,28.02,Home & Kitchen,2023-09-17 00:00:00,17-Sep-2023,False,,3.0,completed
DE-ORD-000422,DE-CUST-00228,DE,EUR,5.42,5.42,Books,09-Nov-2023,10-Nov-2023,False,,3.0,completed
DE-ORD-000423,DE-CUST-00292,DE,EUR,29.96,29.96,Electronics,27-Jul-2025,2025-08-18 01:38:01,False,,4.0,completed
DE-ORD-000424,DE-CUST-00285,DE,EUR,45.76,49.42,Beauty,31.07.2025,03.08.2025,False,,,completed
DE-ORD-000425,DE-CUST-00290,DE,EUR,98.98,98.98,Grocery,02.06.2025,06/04/2025 08:24,False,,3.0,completed
DE-ORD-000426,DE-CUST-00320,DE,EUR,78.9,78.9,,10.08.2025,10-Aug-2025,False,,1.0,completed
DE-ORD-000427,DE-CUST-00048,DE,EUR,78.15,78.15,,05/13/2025 00:00,17.05.2025,False,,,completed
DE-ORD-000428,DE-CUST-00384,DE,EUR,143.44,143.44,Automotive,05/16/2024 00:00,05/19/2024 17:41,False,,4.0,completed
DE-ORD-000429,DE-CUST-00039,DE,EUR,57.57,57.57,Books,2024-05-22 00:00:00,25.05.2024,False,,,completed
DE-ORD-000430,DE-CUST-00460,DE,EUR,128.36,128.36,Beauty,19-Jan-2025,01/19/2025 07:32,False,,4.0,completed
DE-ORD-000431,DE-CUST-00595,DE,EUR,146.15,146.15,Fashion,01.08.2025,04.08.2025,False,,5.0,completed
DE-ORD-000432,DE-CUST-00245,DE,EUR,41.09,44.38,Books,10-Oct-2025,13.10.2025,False,,4.0,completed
DE-ORD-000433,DE-CUST-00164,DE,EUR,3.0,3.0,Grocery,19.06.2023,20.06.2023,False,,3.0,completed
DE-ORD-000434,DE-CUST-00542,DE,EUR,96.24,96.24,Home & Kitchen,01/21/2025 00:00,,False,,,completed
DE-ORD-000435,DE-CUST-00302,DE,EUR,77.31,77.31,Toys,02.06.2023,06/13/2023 17:40,False,,3.0,completed
DE-ORD-000436,DE-CUST-00268,DE,EUR,110.67,110.67,,03-May-2023,05/06/2023 12:18,False,,4.0,completed
DE-ORD-000437,DE-CUST-00176,DE,EUR,54.91,54.91,Health,2025-11-16 00:00:00,11/20/2025 12:38,False,,,completed
DE-ORD-000438,DE-CUST-00022,DE,EUR,48.99,48.99,,05.08.2024,08/09/2024 23:09,False,,3.0,completed
DE-ORD-000439,DE-CUST-00062,DE,EUR,23.24,23.24,Health,2023-07-01 00:00:00,07/05/2023 12:44,False,,4.0,completed
DE-ORD-000440,DE-CUST-00078-DUP,DE,EUR,47.75,47.75,Automotive,2025-09-06 00:00:00,09/22/2025 20:02,False,,3.0,completed
DE-ORD-000441,DE-CUST-00070,DE,EUR,57.39,57.39,Beauty,08/22/2023 00:00,08/27/2023 14:22,False,,5.0,completed
DE-ORD-000442,DE-CUST-00119,DE,EUR,124.75,124.75,Home & Kitchen,06/04/2025 00:00,07-Jun-2025,True,07/04/2025 00:00,5.0,completed
DE-ORD-000443,DE-CUST-00296,DE,EUR,28.94,28.94,Automotive,05.12.2023,12/07/2023 03:21,False,,1.0,completed
DE-ORD-000444,DE-CUST-00369,DE,EUR,128.57,128.57,Automotive,11/30/2023 00:00,2023-12-02 04:53:48,False,,3.0,completed
DE-ORD-000445,DE-CUST-00196,DE,EUR,30.41,30.41,Automotive,09.08.2023,,False,,,completed
DE-ORD-000446,DE-CUST-00307,DE,EUR,50.73,50.73,Fashion,2024-02-28 00:00:00,29-Feb-2024,False,,4.0,completed
DE-ORD-000447,DE-CUST-00490,DE,EUR,10.52,10.52,Electronics,24.06.2023,2023-06-26 05:51:12,False,,2.0,completed
DE-ORD-000448,DE-CUST-00010-DUP,DE,EUR,10.89,10.89,Fashion,03.03.2023,03/06/2023 18:25,True,04/15/2023 00:00,2.0,completed
DE-ORD-000449,DE-CUST-00355,DE,EUR,8.72,8.72,Fashion,10/06/2025 00:00,09-Oct-2025,False,,3.0,completed
DE-ORD-000450,DE-CUST-00509,DE,EUR,140.7,151.96,Home & Kitchen,2025-07-29 00:00:00,08/04/2025 06:01,False,,3.0,completed
DE-ORD-000451,DE-CUST-00587,DE,EUR,86.17,86.17,Books,23-Apr-2023,27-Apr-2023,False,,,completed
DE-ORD-000452,DE-CUST-00406,DE,EUR,42.3,42.3,Electronics,26-Feb-2024,2024-02-27 06:09:37,True,31.03.2024,4.0,completed
DE-ORD-000453,DE-CUST-00009,DE,EUR,58.43,58.43,Home & Kitchen,2024-05-17 00:00:00,19-May-2024,True,2024-06-16 00:00:00,4.0,completed
DE-ORD-000454,DE-CUST-00031,DE,EUR,36.47,36.47,Sports,15-May-2023,05/16/2023 18:31,False,,4.0,completed
DE-ORD-000455,DE-CUST-00343,DE,EUR,79.67,79.67,Grocery,2025-12-30 00:00:00,12/31/2025 17:38,False,,4.0,completed
DE-ORD-000456,DE-CUST-00382,DE,EUR,3.0,3.0,Home & Kitchen,06.10.2025,08.10.2025,False,,3.0,completed
DE-ORD-000457,DE-CUST-00531,DE,EUR,40.82,40.82,Books,12/30/2024 00:00,09-Jan-2025,False,,,completed
DE-ORD-000458,DE-CUST-00576,DE,EUR,136.1,136.1,Toys,04/26/2024 00:00,04/28/2024 05:22,False,,5.0,completed
DE-ORD-000459,DE-CUST-00423,DE,EUR,81.61,81.61,,07-May-2024,05/10/2024 15:18,False,,4.0,completed
DE-ORD-000460,DE-CUST-00133,DE,EUR,161.14,161.14,Health,2024-07-14 00:00:00,16.07.2024,False,,3.0,completed
DE-ORD-000461,DE-CUST-00525,DE,EUR,36.32,39.23,Grocery,05.08.2023,08-Aug-2023,False,,2.0,cancelled
DE-ORD-000462,DE-CUST-00319,DE,EUR,65.85,65.85,Fashion,07/31/2023 00:00,2023-08-06 00:58:03,False,,4.0,completed
DE-ORD-000463,DE-CUST-00384,DE,EUR,53.88,53.88,Fashion,2023-05-21 00:00:00,2023-05-23 13:44:46,False,,,completed
DE-ORD-000464,DE-CUST-00276,DE,EUR,99.14,99.14,Toys,07-Dec-2023,,False,,,completed
DE-ORD-000465,DE-CUST-00237,DE,EUR,135.16,135.16,Home & Kitchen,12-Jun-2024,06/18/2024 09:36,False,,,completed
DE-ORD-000466,DE-CUST-00580,DE,EUR,74.76,74.76,Electronics,30.06.2024,03.07.2024,False,,,completed
DE-ORD-000467,DE-CUST-00140,DE,EUR,104.17,104.17,,05/18/2025 00:00,2025-05-23 03:24:45,False,,3.0,completed
DE-ORD-000468,DE-CUST-00455,DE,EUR,44.99,44.99,Beauty,11/03/2023 00:00,04-Nov-2023,False,,4.0,completed
DE-ORD-000469,DE-CUST-00461,DE,EUR,90.33,90.33,Beauty,2025-12-22 00:00:00,2025-12-23 11:24:09,False,,3.0,completed
DE-ORD-000470,DE-CUST-00556,DE,EUR,13.8,13.8,,2024-02-01 00:00:00,2024-02-03 03:38:35,False,,4.0,completed
DE-ORD-000471,DE-CUST-00575,DE,EUR,37.13,37.13,Sports,23.04.2025,2025-04-26 01:10:12,False,,2.0,completed
DE-ORD-000472,DE-CUST-00590,DE,EUR,72.11,72.11,,28.08.2025,08/31/2025 10:24,False,,3.0,completed
DE-ORD-000473,DE-CUST-00589,DE,EUR,57.82,57.82,Sports,12.09.2023,15.09.2023,False,,3.0,completed
DE-ORD-000474,DE-CUST-00512,DE,EUR,8.9,8.9,Grocery,2023-06-23 00:00:00,29.06.2023,False,,3.0,completed
DE-ORD-000475,DE-CUST-00472,DE,EUR,61.32,61.32,Toys,18.08.2023,2023-08-23 00:23:24,False,,5.0,completed
DE-ORD-000476,DE-CUST-00166,DE,EUR,17.71,17.71,Automotive,15-Oct-2024,2024-10-19 04:11:37,False,,3.0,completed
DE-ORD-000477,DE-CUST-00105,DE,EUR,44.53,48.09,Automotive,11/19/2025 00:00,2025-11-27 10:04:20,False,,3.0,completed
DE-ORD-000478,DE-CUST-00295,DE,EUR,63.43,63.43,Books,08/04/2024 00:00,08/05/2024 06:55,True,27.08.2024,4.0,completed
DE-ORD-000479,DE-CUST-00483,DE,EUR,67.09,67.09,Books,17.05.2024,05/21/2024 03:12,False,,3.0,completed
DE-ORD-000480,DE-CUST-00280,DE,EUR,51.05,51.05,Automotive,04-Oct-2025,2025-10-18 22:21:08,False,,3.0,completed
DE-ORD-000481,DE-CUST-00537,DE,EUR,51.4,51.4,Fashion,25-Aug-2025,08/27/2025 05:03,False,,3.0,completed
DE-ORD-000482,DE-CUST-00426,DE,EUR,3.0,3.0,Automotive,2025-12-04 00:00:00,2025-12-09 12:12:56,False,,3.0,completed
DE-ORD-000483,DE-CUST-00246,DE,EUR,109.21,109.21,Sports,2025-04-01 00:00:00,2025-04-06 02:28:35,False,,,completed
DE-ORD-000484,DE-CUST-00528,DE,EUR,16.13,16.13,Books,25.07.2025,26.07.2025,False,,,completed
DE-ORD-000485,DE-CUST-00507,DE,EUR,162.3,162.3,Beauty,14-Jan-2024,20-Jan-2024,False,,4.0,cancelled
DE-ORD-000486,DE-CUST-00088,DE,EUR,74.78,74.78,Health,2025-08-18 00:00:00,29.08.2025,False,,4.0,completed
DE-ORD-000487,DE-CUST-00019,DE,EUR,37.75,37.75,Home & Kitchen,12/01/2023 00:00,2023-12-01 10:50:06,False,,2.0,completed
DE-ORD-000488,DE-CUST-00542,DE,EUR,65.8,65.8,Beauty,01/08/2025 00:00,09.01.2025,False,,4.0,completed
DE-ORD-000489,DE-CUST-00499,DE,EUR,24.16,24.16,Electronics,2023-01-03 00:00:00,05-Jan-2023,True,2023-02-11 00:00:00,4.0,completed
DE-ORD-000490,DE-CUST-00037,DE,EUR,74.4,74.4,Toys,14-Nov-2025,17-Nov-2025,False,,4.0,completed
DE-ORD-000491,DE-CUST-00445,DE,EUR,83.26,83.26,Automotive,13-Mar-2023,03/18/2023 16:04,False,,3.0,completed
DE-ORD-000492,DE-CUST-00275,DE,EUR,48.67,48.67,Toys,20.06.2025,21-Jun-2025,False,,3.0,completed
DE-ORD-000493,DE-CUST-00110-DUP,DE,EUR,101.66,101.66,Home & Kitchen,23.06.2025,28.06.2025,True,07/27/2025 00:00,4.0,completed
DE-ORD-000494,DE-CUST-00062,DE,EUR,3.0,3.0,Electronics,12/17/2024 00:00,12/22/2024 02:59,False,,2.0,completed
DE-ORD-000495,DE-CUST-00261,DE,EUR,99.13,99.13,Toys,03.01.2024,2024-01-05 22:45:35,False,,4.0,completed
DE-ORD-000496,DE-CUST-00472,DE,EUR,14.37,14.37,Grocery,30.01.2025,,False,,,completed
DE-ORD-000497,DE-CUST-00490,DE,EUR,9.33,9.33,Toys,22.03.2023,04/08/2023 11:56,False,,3.0,completed
DE-ORD-000498,DE-CUST-00409,DE,EUR,3.0,3.0,Health,02-Dec-2024,2024-12-05 15:24:10,True,11.01.2025,,completed
DE-ORD-000499,DE-CUST-00363,DE,EUR,133.63,133.63,Beauty,03-Mar-2024,03/10/2024 12:00,False,,4.0,completed
DE-ORD-000500,DE-CUST-00593,DE,EUR,107.43,107.43,Beauty,11/30/2025 00:00,12/03/2025 20:21,False,,4.0,completed
DE-ORD-000501,DE-CUST-00034,DE,EUR,52.0,52.0,Beauty,04/22/2024 00:00,2024-04-25 19:01:21,True,29.05.2024,4.0,completed
DE-ORD-000502,DE-CUST-00526,DE,EUR,43.02,43.02,Sports,01/23/2023 00:00,01/26/2023 09:12,False,,4.0,completed
DE-ORD-000503,DE-CUST-00012,DE,EUR,96.4,96.4,Toys,21.01.2025,01/22/2025 21:37,False,,4.0,completed
DE-ORD-000504,DE-CUST-00431,DE,EUR,137.66,137.66,Fashion,19-Jun-2025,24.06.2025,False,,5.0,completed
DE-ORD-000505,DE-CUST-00376,DE,EUR,65.93,65.93,Sports,01-Mar-2025,04.03.2025,False,,5.0,completed
DE-ORD-000506,DE-CUST-00030-DUP,DE,EUR,124.29,124.29,Grocery,31-Mar-2024,31.03.2024,True,04/21/2024 00:00,2.0,completed
DE-ORD-000507,DE-CUST-00585,DE,EUR,114.76,114.76,Automotive,2025-01-12 00:00:00,01/15/2025 02:01,False,,3.0,completed
DE-ORD-000508,DE-CUST-00243,DE,EUR,17.34,17.34,Automotive,07/24/2025 00:00,07/26/2025 16:01,False,,2.0,completed
DE-ORD-000509,DE-CUST-00030,DE,EUR,144.46,144.46,Books,11/10/2025 00:00,13-Nov-2025,False,,4.0,completed
DE-ORD-000510,DE-CUST-00468,DE,EUR,87.35,87.35,Toys,03/22/2025 00:00,26-Mar-2025,False,,4.0,completed
DE-ORD-000511,DE-CUST-00091,DE,EUR,105.8,105.8,Toys,2025-10-09 00:00:00,11-Oct-2025,False,,3.0,completed
DE-ORD-000512,DE-CUST-00410,DE,EUR,94.22,94.22,Home & Kitchen,11/16/2024 00:00,18-Nov-2024,False,,4.0,completed
DE-ORD-000513,DE-CUST-00055-DUP,DE,EUR,80.15,80.15,Sports,23.06.2025,27-Jun-2025,False,,2.0,cancelled
DE-ORD-000514,DE-CUST-00076,DE,EUR,92.16,92.16,Books,13-Dec-2024,16.12.2024,False,,4.0,completed
DE-ORD-000515,DE-CUST-00208,DE,EUR,94.52,94.52,,01-Oct-2025,2025-10-13 21:53:05,False,,,completed
DE-ORD-000516,DE-CUST-00209,DE,EUR,116.43,116.43,Home & Kitchen,29.03.2024,03-Apr-2024,False,,5.0,completed
DE-ORD-000517,DE-CUST-00594,DE,EUR,76.07,76.07,Sports,2025-07-14 00:00:00,2025-07-17 13:09:31,False,,4.0,completed
DE-ORD-000518,DE-CUST-00157,DE,EUR,92.82,92.82,Sports,22-Jan-2023,2023-01-25 00:52:25,False,,,completed
DE-ORD-000519,DE-CUST-00286,DE,EUR,80.38,80.38,Health,2025-07-05 00:00:00,07/08/2025 10:44,False,,3.0,completed
DE-ORD-000520,DE-CUST-00299,DE,EUR,114.04,114.04,Electronics,01.06.2025,2025-06-04 13:59:13,False,,,completed
DE-ORD-000521,DE-CUST-00307,DE,EUR,142.85,142.85,Electronics,09.08.2023,08/10/2023 01:28,False,,,completed
DE-ORD-000522,DE-CUST-00333,DE,EUR,43.84,43.84,Beauty,03/13/2024 00:00,2024-03-16 13:10:29,False,,,completed
DE-ORD-000523,DE-CUST-00310,DE,EUR,108.22,108.22,Books,03-Mar-2023,2023-03-07 02:22:51,False,,4.0,completed
DE-ORD-000524,DE-CUST-00412,DE,EUR,22.16,22.16,Health,18.12.2025,19.12.2025,False,,4.0,completed
DE-ORD-000525,DE-CUST-00284-DUP,DE,EUR,13.16,14.21,Electronics,27-Oct-2025,2025-10-29 16:51:08,False,,,completed
DE-ORD-000526,DE-CUST-00181,DE,EUR,84.03,84.03,Sports,2023-12-05 00:00:00,12/07/2023 00:38,False,,5.0,completed
DE-ORD-000527,DE-CUST-00429,DE,EUR,111.51,111.51,Books,29.07.2023,30-Jul-2023,True,2023-08-29 00:00:00,,completed
DE-ORD-000528,DE-CUST-00282,DE,EUR,29.57,29.57,Sports,02-Jan-2023,,False,,,completed
DE-ORD-000529,DE-CUST-00588,DE,EUR,35.26,38.08,Fashion,08-Sep-2023,2023-09-12 15:35:23,False,,3.0,completed
DE-ORD-000530,DE-CUST-00309,DE,EUR,82.51,82.51,Health,2024-12-20 00:00:00,2024-12-21 05:11:45,False,,4.0,completed
DE-ORD-000531,DE-CUST-00000,DE,EUR,43.91,43.91,Beauty,2024-03-29 00:00:00,19-Apr-2024,True,05/09/2024 00:00,4.0,completed
DE-ORD-000532,DE-CUST-00301,DE,EUR,16.68,16.68,Grocery,24.11.2024,2024-11-25 18:29:20,False,,4.0,completed
DE-ORD-000533,DE-CUST-00109-DUP,DE,EUR,80.16,80.16,Health,13.07.2023,2023-07-18 01:48:06,False,,4.0,completed
DE-ORD-000534,DE-CUST-00469-DUP,DE,EUR,70.43,70.43,Beauty,08/26/2023 00:00,26.08.2023,True,21.09.2023,3.0,completed
DE-ORD-000535,DE-CUST-00151,DE,EUR,63.96,63.96,Health,04/23/2025 00:00,29-Apr-2025,True,2025-05-08 00:00:00,4.0,completed
DE-ORD-000536,DE-CUST-00225,DE,EUR,123.37,123.37,Electronics,01/18/2025 00:00,2025-01-22 09:30:40,False,,,completed
DE-ORD-000537,DE-CUST-00218,DE,EUR,37.97,41.01,Beauty,02-Jun-2023,06/05/2023 16:12,True,14.07.2023,4.0,completed
DE-ORD-000538,DE-CUST-00007,DE,EUR,29.31,29.31,Grocery,30-May-2023,01.06.2023,False,,3.0,completed
DE-ORD-000539,DE-CUST-00397,DE,EUR,126.01,126.01,Home & Kitchen,20.05.2023,05/20/2023 09:05,False,,,completed
DE-ORD-000540,DE-CUST-00555,DE,EUR,110.82,119.69,Books,2025-05-29 00:00:00,2025-06-08 02:16:31,False,,2.0,completed
DE-ORD-000541,DE-CUST-00520,DE,EUR,109.84,109.84,Beauty,27-Sep-2023,10/01/2023 14:20,False,,5.0,completed
DE-ORD-000542,DE-CUST-00440,DE,EUR,95.43,95.43,Electronics,2023-10-05 00:00:00,2023-10-11 14:09:15,False,,4.0,completed
DE-ORD-000543,DE-CUST-00091,DE,EUR,59.05,59.05,Fashion,2025-03-03 00:00:00,2025-03-07 00:20:43,False,,5.0,completed
DE-ORD-000544,DE-CUST-00105,DE,EUR,35.38,35.38,Beauty,2023-04-11 00:00:00,,False,,,completed
DE-ORD-000545,DE-CUST-00565,DE,EUR,53.26,53.26,Electronics,04/13/2025 00:00,13-Apr-2025,False,,4.0,completed
DE-ORD-000546,DE-CUST-00340,DE,EUR,3.0,3.24,Sports,2024-10-28 00:00:00,2024-10-31 13:54:36,False,,4.0,completed
DE-ORD-000547,DE-CUST-00356,DE,EUR,46.88,46.88,Grocery,2023-09-27 00:00:00,10/03/2023 00:22,False,,,completed
DE-ORD-000548,DE-CUST-00016,DE,EUR,9.5,9.5,Automotive,18.10.2023,,False,,,completed
DE-ORD-000549,DE-CUST-00415,DE,EUR,90.66,90.66,Grocery,19-Jul-2025,07/19/2025 22:13,False,,5.0,completed
DE-ORD-000550,DE-CUST-00126,DE,EUR,62.58,62.58,,08-Dec-2024,10.12.2024,False,,2.0,completed
DE-ORD-000551,DE-CUST-00456,DE,EUR,56.64,56.64,Health,07-Feb-2025,02/10/2025 07:24,False,,4.0,completed
DE-ORD-000552,DE-CUST-00534,DE,EUR,53.68,53.68,Toys,03/10/2025 00:00,14-Mar-2025,False,,3.0,completed
DE-ORD-000553,DE-CUST-00387,DE,EUR,3.0,3.24,Health,03/30/2025 00:00,02-Apr-2025,False,,1.0,completed
DE-ORD-000554,DE-CUST-00135,DE,EUR,78.44,78.44,,10/02/2025 00:00,,False,,,completed
DE-ORD-000555,DE-CUST-00034,DE,EUR,71.21,71.21,Books,2023-10-30 00:00:00,11/04/2023 11:18,False,,3.0,completed
DE-ORD-000556,DE-CUST-00057,DE,EUR,105.33,105.33,Automotive,06.12.2025,2025-12-08 20:23:52,False,,,completed
DE-ORD-000557,DE-CUST-00527,DE,EUR,131.62,131.62,Books,17.01.2023,19.01.2023,False,,3.0,completed
DE-ORD-000558,DE-CUST-00126,DE,EUR,91.12,91.12,Electronics,2025-04-27 00:00:00,04/29/2025 20:18,False,,3.0,completed
DE-ORD-000559,DE-CUST-00076,DE,EUR,46.84,46.84,Automotive,28.10.2023,10/31/2023 10:23,False,,5.0,completed
DE-ORD-000560,DE-CUST-00493,DE,EUR,3.0,3.0,Health,09/21/2025 00:00,09/24/2025 12:49,False,,,completed
DE-ORD-000561,DE-CUST-00503,DE,EUR,88.75,88.75,Electronics,2024-09-14 00:00:00,25-Sep-2024,False,,5.0,completed
DE-ORD-000562,DE-CUST-00474,DE,EUR,62.17,62.17,Electronics,01-Feb-2023,02/04/2023 05:21,False,,4.0,completed
DE-ORD-000563,DE-CUST-00427,DE,EUR,68.77,68.77,Books,11/11/2024 00:00,13.11.2024,False,,,completed
DE-ORD-000564,DE-CUST-00152,DE,EUR,84.61,84.61,Health,07.09.2024,09/09/2024 12:30,False,,3.0,completed
DE-ORD-000565,DE-CUST-00255,DE,EUR,44.94,44.94,Home & Kitchen,16.01.2024,2024-01-21 12:42:37,True,02/14/2024 00:00,1.0,completed
DE-ORD-000566,DE-CUST-00484,DE,EUR,80.03,80.03,Health,16-Apr-2024,19-Apr-2024,False,,2.0,completed
DE-ORD-000567,DE-CUST-00457,DE,EUR,76.77,76.77,Electronics,2025-02-14 00:00:00,18-Feb-2025,False,,4.0,completed
DE-ORD-000568,DE-CUST-00399,DE,EUR,3.0,3.0,Electronics,22.09.2023,2023-09-27 13:11:24,False,,3.0,completed
DE-ORD-000569,DE-CUST-00302,DE,EUR,91.09,91.09,Books,2023-07-30 00:00:00,03-Aug-2023,False,,3.0,completed
DE-ORD-000570,DE-CUST-00364,DE,EUR,90.1,90.1,,06/23/2024 00:00,2024-06-25 22:07:20,False,,,completed
DE-ORD-000571,DE-CUST-00490,DE,EUR,3.0,3.0,Sports,2025-02-21 00:00:00,26.02.2025,False,,3.0,completed
DE-ORD-000572,DE-CUST-00442,DE,EUR,32.53,32.53,Beauty,12-Jan-2025,14.01.2025,False,,4.0,completed
DE-ORD-000573,DE-CUST-00373,DE,EUR,62.82,62.82,Electronics,21.02.2023,25.02.2023,False,,2.0,completed
DE-ORD-000574,DE-CUST-00133,DE,EUR,36.79,36.79,Fashion,2025-04-26 00:00:00,2025-04-29 07:49:26,False,,5.0,completed
DE-ORD-000575,DE-CUST-00295,DE,EUR,60.68,60.68,Grocery,2023-11-11 00:00:00,16-Nov-2023,False,,4.0,completed
DE-ORD-000576,DE-CUST-00449,DE,EUR,46.62,46.62,Beauty,2024-03-07 00:00:00,03/10/2024 03:07,False,,3.0,completed
DE-ORD-000577,DE-CUST-00482,DE,EUR,87.94,87.94,Fashion,28-Feb-2024,03/04/2024 13:29,False,,4.0,completed
DE-ORD-000578,DE-CUST-00386,DE,EUR,110.11,118.92,Electronics,07/29/2025 00:00,31.07.2025,False,,,completed
DE-ORD-000579,DE-CUST-00515,DE,EUR,49.24,49.24,Fashion,13-Nov-2023,11/15/2023 09:55,False,,4.0,completed
DE-ORD-000580,DE-CUST-00588-DUP,DE,EUR,51.36,51.36,Grocery,12/04/2023 00:00,08-Dec-2023,False,,3.0,completed
DE-ORD-000581,DE-CUST-00411,DE,EUR,66.64,66.64,Sports,23-Jan-2023,27-Jan-2023,False,,2.0,completed
DE-ORD-000582,DE-CUST-00270,DE,EUR,145.62,145.62,Electronics,03/24/2025 00:00,03/27/2025 01:48,False,,2.0,completed
DE-ORD-000583,DE-CUST-00443,DE,EUR,71.01,71.01,Sports,03.12.2025,2025-12-06 13:12:14,False,,4.0,completed
DE-ORD-000584,DE-CUST-00019,DE,EUR,102.67,102.67,Home & Kitchen,19.06.2024,06/23/2024 14:54,False,,4.0,completed
DE-ORD-000585,DE-CUST-00565,DE,EUR,82.11,82.11,Toys,06.04.2024,2024-04-09 08:14:35,True,04.05.2024,,completed
DE-ORD-000586,DE-CUST-00198,DE,EUR,132.47,132.47,Home & Kitchen,12-Jun-2024,06/13/2024 06:44,False,,,completed
DE-ORD-000587,DE-CUST-00572,DE,EUR,70.31,70.31,Home & Kitchen,13-Oct-2025,16-Oct-2025,False,,4.0,completed
DE-ORD-000588,DE-CUST-00568,DE,EUR,32.93,32.93,Fashion,2024-09-24 00:00:00,2024-09-24 21:13:40,False,,4.0,completed
DE-ORD-000589,DE-CUST-00501,DE,EUR,75.69,75.69,Home & Kitchen,01-Sep-2024,09/06/2024 17:37,False,,2.0,completed
DE-ORD-000590,DE-CUST-00187,DE,EUR,108.88,108.88,Electronics,02/26/2023 00:00,13.03.2023,False,,3.0,completed
DE-ORD-000591,DE-CUST-00537,DE,EUR,15.94,15.94,Grocery,29-May-2024,31.05.2024,False,,4.0,completed
DE-ORD-000592,DE-CUST-00212-DUP,DE,EUR,86.42,86.42,Sports,2025-02-26 00:00:00,2025-02-28 14:42:35,False,,5.0,completed
DE-ORD-000593,DE-CUST-00236,DE,EUR,22.65,22.65,Beauty,12-Sep-2025,12-Sep-2025,False,,5.0,completed
DE-ORD-000594,DE-CUST-00177,DE,EUR,3.0,3.0,Automotive,2023-03-16 00:00:00,03/29/2023 04:39,False,,5.0,completed
DE-ORD-000595,DE-CUST-00372,DE,EUR,64.54,64.54,Automotive,03.03.2025,04.03.2025,False,,4.0,completed
DE-ORD-000596,DE-CUST-00315,DE,EUR,63.07,63.07,Automotive,2025-06-28 00:00:00,01-Jul-2025,False,,4.0,completed
DE-ORD-000597,DE-CUST-00565,DE,EUR,25.51,25.51,Grocery,13-Aug-2025,19-Aug-2025,True,27-Sep-2025,4.0,completed
DE-ORD-000598,DE-CUST-00490,DE,EUR,92.62,92.62,Health,13.03.2023,03/15/2023 13:23,False,,,completed
DE-ORD-000599,DE-CUST-00504,DE,EUR,113.88,113.88,Toys,03-Feb-2024,2024-02-06 02:44:46,False,,4.0,completed
DE-ORD-000600,DE-CUST-00396,DE,EUR,29.54,29.54,Automotive,19-Dec-2024,21.12.2024,False,,4.0,completed
DE-ORD-000601,DE-CUST-00327,DE,EUR,48.14,48.14,Grocery,2024-06-26 00:00:00,06/28/2024 05:15,False,,3.0,completed
DE-ORD-000602,DE-CUST-00279,DE,EUR,91.56,91.56,,23-Sep-2023,25-Sep-2023,False,,3.0,completed
DE-ORD-000603,DE-CUST-00033,DE,EUR,65.57,65.57,Automotive,09-Apr-2024,04/09/2024 14:58,False,,2.0,completed
DE-ORD-000604,DE-CUST-00123,DE,EUR,77.78,77.78,Beauty,02/06/2025 00:00,08.02.2025,False,,5.0,completed
DE-ORD-000605,DE-CUST-00214,DE,EUR,101.74,109.88,Sports,2025-02-16 00:00:00,20.02.2025,False,,5.0,completed
DE-ORD-000606,DE-CUST-00030,DE,EUR,61.84,61.84,Fashion,16.07.2024,20-Jul-2024,False,,3.0,completed
DE-ORD-000607,DE-CUST-00298,DE,EUR,158.19,158.19,Toys,17-Oct-2023,23-Oct-2023,False,,4.0,completed
DE-ORD-000608,DE-CUST-00139,DE,EUR,79.69,79.69,Sports,24-May-2025,29-May-2025,False,,3.0,completed
DE-ORD-000609,DE-CUST-00071,DE,EUR,40.05,40.05,Sports,2025-08-29 00:00:00,2025-09-02 19:27:49,False,,4.0,completed
DE-ORD-000610,DE-CUST-00335,DE,EUR,71.95,71.95,Home & Kitchen,2023-02-13 00:00:00,15-Feb-2023,False,,,completed
DE-ORD-000611,DE-CUST-00022,DE,EUR,3.0,3.0,Sports,26-Nov-2025,29-Nov-2025,False,,4.0,completed
DE-ORD-000612,DE-CUST-00215,DE,EUR,56.42,56.42,Beauty,30.05.2024,04.06.2024,False,,3.0,completed
DE-ORD-000613,DE-CUST-00061,DE,EUR,24.92,24.92,Home & Kitchen,05-Dec-2024,08-Dec-2024,True,01-Jan-2025,4.0,completed
DE-ORD-000614,DE-CUST-00130,DE,EUR,94.26,94.26,Home & Kitchen,09/03/2023 00:00,05-Sep-2023,False,,5.0,completed
DE-ORD-000615,DE-CUST-00212,DE,EUR,139.74,139.74,Books,06/03/2024 00:00,06.06.2024,False,,5.0,completed
DE-ORD-000616,DE-CUST-00414,DE,EUR,24.85,26.84,,22.10.2025,2025-10-27 02:42:28,False,,5.0,completed
DE-ORD-000617,DE-CUST-00308,DE,EUR,97.81,97.81,Toys,03-Mar-2023,06-Mar-2023,False,,1.0,completed
DE-ORD-000618,DE-CUST-00218,DE,EUR,40.61,40.61,Health,04-Jul-2024,07/06/2024 13:28,False,,3.0,completed
DE-ORD-000619,DE-CUST-00132,DE,EUR,69.65,69.65,Sports,03-Nov-2024,,False,,,completed
DE-ORD-000620,DE-CUST-00262,DE,EUR,33.66,33.66,,04/29/2023 00:00,05/19/2023 21:52,False,,3.0,completed
DE-ORD-000621,DE-CUST-00564,DE,EUR,107.62,107.62,Toys,19.06.2023,21.06.2023,False,,,completed
DE-ORD-000622,DE-CUST-00350,DE,EUR,45.43,45.43,Electronics,03/17/2024 00:00,2024-03-19 19:33:31,False,,4.0,completed
DE-ORD-000623,DE-CUST-00411,DE,EUR,82.34,82.34,Fashion,21-Apr-2023,2023-04-21 00:00:00,False,,5.0,completed
DE-ORD-000624,DE-CUST-00003,DE,EUR,119.58,119.58,Automotive,02/13/2023 00:00,02/14/2023 22:11,False,,3.0,completed
DE-ORD-000625,DE-CUST-00167,DE,EUR,47.89,47.89,Books,2023-08-29 00:00:00,2023-08-31 08:47:01,False,,4.0,completed
DE-ORD-000626,DE-CUST-00544,DE,EUR,3.0,3.0,Beauty,01/01/2025 00:00,02.01.2025,True,01/25/2025 00:00,5.0,completed
DE-ORD-000627,DE-CUST-00580,DE,EUR,29.73,29.73,Health,02/26/2025 00:00,03.03.2025,False,,4.0,completed
DE-ORD-000628,DE-CUST-00497,DE,EUR,3.0,3.0,Books,25-Apr-2023,29-Apr-2023,False,,3.0,completed
DE-ORD-000629,DE-CUST-00086,DE,EUR,47.69,47.69,Home & Kitchen,12/12/2025 00:00,15.12.2025,False,,4.0,completed
DE-ORD-000630,DE-CUST-00100,DE,EUR,91.89,91.89,Health,20.01.2024,25.01.2024,False,,,completed
DE-ORD-000631,DE-CUST-00054,DE,EUR,80.51,80.51,Books,2025-01-12 00:00:00,2025-01-13 10:28:37,False,,3.0,completed
DE-ORD-000632,DE-CUST-00301,DE,EUR,176.84,176.84,Sports,03.11.2024,07-Nov-2024,False,,5.0,completed
DE-ORD-000633,DE-CUST-00042,DE,EUR,118.03,118.03,Books,08/24/2023 00:00,08/27/2023 20:42,False,,4.0,completed
DE-ORD-000634,DE-CUST-00215,DE,EUR,63.61,63.61,Grocery,24.02.2023,24.02.2023,False,,4.0,completed
DE-ORD-000635,DE-CUST-00156,DE,EUR,111.01,111.01,Health,07-Nov-2025,,False,,,completed
DE-ORD-000636,DE-CUST-00184,DE,EUR,80.65,80.65,Sports,06.11.2024,10-Nov-2024,False,,3.0,completed
DE-ORD-000637,DE-CUST-00055-DUP,DE,EUR,47.85,47.85,Home & Kitchen,29-Aug-2023,30.08.2023,False,,3.0,completed
DE-ORD-000638,DE-CUST-00317,DE,EUR,16.07,16.07,Grocery,04-Feb-2023,06.02.2023,False,,5.0,completed
DE-ORD-000639,DE-CUST-00372,DE,EUR,30.21,30.21,Fashion,06/27/2024 00:00,15-Jul-2024,False,,3.0,completed
DE-ORD-000640,DE-CUST-00126,DE,EUR,109.8,109.8,Home & Kitchen,03/03/2023 00:00,08.03.2023,False,,4.0,completed
DE-ORD-000641,DE-CUST-00376,DE,EUR,76.63,82.76,Grocery,2023-11-10 00:00:00,13.11.2023,False,,3.0,completed
DE-ORD-000642,DE-CUST-00296,DE,EUR,138.85,138.85,Sports,18.02.2024,2024-02-20 08:39:06,True,13.03.2024,4.0,completed
DE-ORD-000643,DE-CUST-00219,DE,EUR,105.26,105.26,Books,11/19/2024 00:00,2024-11-21 16:00:35,False,,,completed
DE-ORD-000644,DE-CUST-00007,DE,EUR,104.44,104.44,Toys,17.09.2025,,False,,,completed
DE-ORD-000645,DE-CUST-00337,DE,EUR,130.66,130.66,Electronics,07-Jul-2023,2023-07-09 19:06:12,False,,2.0,completed
DE-ORD-000646,DE-CUST-00248,DE,EUR,45.79,45.79,Fashion,2023-11-21 00:00:00,11/24/2023 19:31,False,,,completed
DE-ORD-000647,DE-CUST-00377,DE,EUR,67.21,72.59,Electronics,10.05.2025,12.05.2025,False,,2.0,completed
DE-ORD-000648,DE-CUST-00194,DE,EUR,82.88,89.51,Automotive,02/08/2024 00:00,02/25/2024 11:00,True,06.03.2024,4.0,completed
DE-ORD-000649,DE-CUST-00241,DE,EUR,88.15,88.15,Beauty,06-Jun-2025,,False,,,completed
DE-ORD-000650,DE-CUST-00422,DE,EUR,80.09,80.09,Health,09-May-2023,13.05.2023,False,,4.0,completed
DE-ORD-000651,DE-CUST-00190,DE,EUR,53.12,53.12,Sports,23.05.2024,2024-05-25 07:20:39,False,,3.0,completed
DE-ORD-000652,DE-CUST-00572,DE,EUR,76.94,76.94,Toys,04/08/2025 00:00,11-Apr-2025,False,,4.0,completed
DE-ORD-000653,DE-CUST-00095,DE,EUR,81.69,81.69,Grocery,07-Dec-2023,12/11/2023 17:59,False,,5.0,completed
DE-ORD-000654,DE-CUST-00263,DE,EUR,67.96,67.96,Sports,11-Sep-2024,12-Sep-2024,False,,3.0,completed
DE-ORD-000655,DE-CUST-00318,DE,EUR,66.67,66.67,Automotive,03/20/2024 00:00,2024-03-20 17:54:44,False,,5.0,completed
DE-ORD-000656,DE-CUST-00274,DE,EUR,70.41,70.41,Electronics,25-Jul-2024,2024-07-29 01:43:43,False,,5.0,completed
DE-ORD-000657,DE-CUST-00139,DE,EUR,41.05,41.05,Fashion,29.11.2025,12/13/2025 08:39,False,,4.0,completed
DE-ORD-000658,DE-CUST-00571,DE,EUR,58.0,58.0,Home & Kitchen,01.10.2025,,False,,,completed
DE-ORD-000659,DE-CUST-00507,DE,EUR,128.29,128.29,Fashion,03/03/2025 00:00,05.03.2025,False,,,completed
DE-ORD-000660,DE-CUST-00380,DE,EUR,91.58,91.58,Books,27-Jun-2024,27.06.2024,False,,5.0,completed
DE-ORD-000661,DE-CUST-00434,DE,EUR,104.98,104.98,Electronics,05.01.2023,01/08/2023 15:30,False,,3.0,completed
DE-ORD-000662,DE-CUST-00444,DE,EUR,80.2,80.2,Beauty,24.06.2024,06/30/2024 22:23,False,,2.0,completed
DE-ORD-000663,DE-CUST-00522,DE,EUR,94.72,94.72,Sports,29-May-2024,,False,,,completed
DE-ORD-000664,DE-CUST-00022,DE,EUR,64.24,64.24,Fashion,22.07.2025,06.08.2025,True,2025-08-24 00:00:00,3.0,completed
DE-ORD-000665,DE-CUST-00190,DE,EUR,64.6,64.6,Beauty,27-Jul-2023,28.07.2023,True,13.08.2023,,completed
DE-ORD-000666,DE-CUST-00098,DE,EUR,104.11,104.11,Beauty,2025-04-21 00:00:00,2025-04-21 19:24:39,False,,4.0,completed
DE-ORD-000667,DE-CUST-00273,DE,EUR,52.59,52.59,Automotive,01.11.2025,02-Nov-2025,True,11/27/2025 00:00,4.0,completed
DE-ORD-000668,DE-CUST-00184,DE,EUR,5.84,5.84,Automotive,28.08.2024,2024-08-31 13:25:46,False,,2.0,completed
DE-ORD-000669,DE-CUST-00045,DE,EUR,82.53,82.53,Fashion,29.05.2025,05/31/2025 02:43,False,,3.0,completed
DE-ORD-000670,DE-CUST-00349-DUP,DE,EUR,76.17,82.26,Grocery,01/13/2023 00:00,15.01.2023,False,,4.0,completed
DE-ORD-000671,DE-CUST-00112,DE,EUR,7.47,7.47,Fashion,14.10.2023,18.10.2023,False,,5.0,completed
DE-ORD-000672,DE-CUST-00423,DE,EUR,171.1,171.1,,04-May-2024,05/07/2024 15:16,False,,4.0,completed
DE-ORD-000673,DE-CUST-00022,DE,EUR,3.0,3.0,Electronics,26-Mar-2025,2025-03-31 18:05:54,False,,4.0,completed
DE-ORD-000674,DE-CUST-00247,DE,EUR,46.61,46.61,Grocery,28-May-2024,02-Jun-2024,False,,3.0,completed
DE-ORD-000675,DE-CUST-00447,DE,EUR,47.6,47.6,Electronics,26-Aug-2025,2025-08-30 05:06:43,True,08.10.2025,3.0,completed
DE-ORD-000676,DE-CUST-00093,DE,EUR,103.82,103.82,Books,06-Jan-2023,,True,2023-01-26 00:00:00,,completed
DE-ORD-000677,DE-CUST-00236,DE,EUR,25.1,25.1,Home & Kitchen,2024-02-19 00:00:00,02/21/2024 03:15,False,,4.0,completed
DE-ORD-000678,DE-CUST-00484,DE,EUR,41.56,41.56,Sports,2025-01-28 00:00:00,29.01.2025,False,,3.0,completed
DE-ORD-000679,DE-CUST-00422,DE,EUR,63.78,63.78,Beauty,30.08.2024,2024-09-12 17:29:05,False,,3.0,completed
DE-ORD-000680,DE-CUST-00516,DE,EUR,145.23,145.23,Fashion,2024-11-08 00:00:00,16.11.2024,True,2024-12-17 00:00:00,3.0,completed
DE-ORD-000681,DE-CUST-00426,DE,EUR,51.04,51.04,Electronics,07/21/2023 00:00,23-Jul-2023,False,,4.0,completed
DE-ORD-000682,DE-CUST-00591,DE,EUR,101.03,101.03,Books,14.01.2023,17.01.2023,False,,2.0,completed
DE-ORD-000683,DE-CUST-00276,DE,EUR,113.43,113.43,Beauty,23-Jun-2024,06/26/2024 08:34,False,,5.0,completed
DE-ORD-000684,DE-CUST-00217,DE,EUR,3.0,3.0,Books,12-Jan-2024,01/15/2024 19:02,False,,5.0,completed
DE-ORD-000685,DE-CUST-00242,DE,EUR,51.58,51.58,Toys,02/05/2025 00:00,08-Feb-2025,False,,4.0,completed
DE-ORD-000686,DE-CUST-00253,DE,EUR,43.77,43.77,Electronics,2023-05-22 00:00:00,2023-05-25 00:45:55,False,,3.0,completed
DE-ORD-000687,DE-CUST-00303,DE,EUR,41.16,44.45,Toys,09.03.2024,14.03.2024,False,,4.0,completed
DE-ORD-000688,DE-CUST-00267,DE,EUR,74.52,74.52,Automotive,15-Nov-2024,19-Nov-2024,True,15-Dec-2024,3.0,completed
DE-ORD-000689,DE-CUST-00113,DE,EUR,35.58,35.58,Grocery,01/26/2023 00:00,28-Jan-2023,False,,4.0,completed
DE-ORD-000690,DE-CUST-00020,DE,EUR,24.75,24.75,Toys,2023-09-21 00:00:00,2023-09-23 17:59:26,False,,,completed
DE-ORD-000691,DE-CUST-00569,DE,EUR,45.39,45.39,Toys,2024-03-27 00:00:00,2024-04-02 16:29:02,False,,1.0,completed
DE-ORD-000692,DE-CUST-00352,DE,EUR,58.17,58.17,Electronics,11-Apr-2023,17-Apr-2023,False,,4.0,completed
DE-ORD-000693,DE-CUST-00102,DE,EUR,93.63,93.63,Grocery,2025-10-02 00:00:00,10/24/2025 15:35,False,,,completed
DE-ORD-000694,DE-CUST-00078-DUP,DE,EUR,39.64,39.64,Automotive,24.05.2025,2025-05-24 03:17:27,False,,4.0,completed
DE-ORD-000695,DE-CUST-00582,DE,EUR,35.53,35.53,Automotive,18-Aug-2023,2023-09-05 07:11:16,False,,3.0,completed
DE-ORD-000696,DE-CUST-00478,DE,EUR,131.3,131.3,Automotive,22.12.2025,,False,,,completed
DE-ORD-000697,DE-CUST-00508,DE,EUR,73.25,73.25,Toys,11.12.2025,2025-12-13 19:16:06,False,,3.0,completed
DE-ORD-000698,DE-CUST-00381,DE,EUR,82.8,82.8,Grocery,31-Jul-2024,06.08.2024,False,,3.0,completed
DE-ORD-000699,DE-CUST-00260,DE,EUR,3.0,3.24,Fashion,19-Aug-2025,2025-08-29 12:07:18,False,,4.0,completed
DE-ORD-000700,DE-CUST-00215,DE,EUR,4.74,4.74,Home & Kitchen,10.09.2023,2023-09-13 18:21:12,False,,4.0,completed
DE-ORD-000701,DE-CUST-00543,DE,EUR,62.22,67.2,Beauty,03/18/2023 00:00,20-Mar-2023,False,,5.0,completed
DE-ORD-000702,DE-CUST-00109-DUP,DE,EUR,49.67,49.67,Books,04.09.2025,05.09.2025,False,,2.0,completed
DE-ORD-000703,DE-CUST-00297,DE,EUR,112.91,112.91,Sports,02.10.2025,10/16/2025 10:11,False,,4.0,completed
DE-ORD-000704,DE-CUST-00522,DE,EUR,48.27,48.27,Automotive,17-Apr-2024,04/19/2024 16:57,False,,3.0,completed
DE-ORD-000705,DE-CUST-00323,DE,EUR,48.6,48.6,Beauty,17.01.2023,17-Jan-2023,False,,3.0,completed
DE-ORD-000706,DE-CUST-00308,DE,EUR,53.18,53.18,Grocery,10/10/2025 00:00,14-Oct-2025,False,,4.0,completed
DE-ORD-000707,DE-CUST-00144,DE,EUR,95.21,95.21,Beauty,15-Oct-2024,2024-10-20 12:34:07,True,09-Nov-2024,,completed
DE-ORD-000708,DE-CUST-00360,DE,EUR,105.21,105.21,,10-Jul-2024,14-Jul-2024,False,,4.0,completed
DE-ORD-000709,DE-CUST-00332,DE,EUR,27.73,27.73,Beauty,2024-06-09 00:00:00,30-Jun-2024,False,,5.0,completed
DE-ORD-000710,DE-CUST-00069,DE,EUR,78.0,78.0,Beauty,2024-07-11 00:00:00,17.07.2024,False,,2.0,completed
DE-ORD-000711,DE-CUST-00001,DE,EUR,21.14,21.14,Automotive,2025-09-23 00:00:00,27.09.2025,False,,4.0,completed
DE-ORD-000712,DE-CUST-00219,DE,EUR,114.92,114.92,Health,05/26/2023 00:00,29-May-2023,False,,3.0,completed
DE-ORD-000713,DE-CUST-00079,DE,EUR,56.88,56.88,Books,2024-05-17 00:00:00,05/18/2024 04:49,False,,,completed
DE-ORD-000714,DE-CUST-00421,DE,EUR,22.11,22.11,Electronics,19.10.2025,23.10.2025,False,,,completed
DE-ORD-000715,DE-CUST-00003,DE,EUR,98.17,98.17,Toys,11/27/2023 00:00,01.12.2023,False,,,completed
DE-ORD-000716,DE-CUST-00501,DE,EUR,3.0,3.0,Books,2024-04-17 00:00:00,04/19/2024 23:05,False,,2.0,completed
DE-ORD-000717,DE-CUST-00265,DE,EUR,109.71,109.71,Sports,19-May-2024,2024-05-21 14:59:09,False,,,completed
DE-ORD-000718,DE-CUST-00136,DE,EUR,23.74,23.74,Toys,2023-04-14 00:00:00,2023-04-17 13:04:21,True,17.05.2023,3.0,completed
DE-ORD-000719,DE-CUST-00392,DE,EUR,121.38,121.38,,2023-06-24 00:00:00,26.06.2023,False,,2.0,completed
DE-ORD-000720,DE-CUST-00445,DE,EUR,3.0,3.0,Toys,22-Nov-2024,25.11.2024,False,,3.0,completed
DE-ORD-000721,DE-CUST-00327,DE,EUR,10.7,10.7,Home & Kitchen,2023-01-26 00:00:00,2023-01-31 06:48:43,False,,4.0,completed
DE-ORD-000722,DE-CUST-00010-DUP,DE,EUR,63.93,63.93,Books,07/22/2023 00:00,2023-07-27 13:06:56,False,,4.0,completed
DE-ORD-000723,DE-CUST-00086,DE,EUR,33.73,33.73,Fashion,08/26/2023 00:00,27.08.2023,False,,4.0,completed
DE-ORD-000724,DE-CUST-00005,DE,EUR,80.06,80.06,Toys,2025-01-11 00:00:00,2025-01-14 18:06:39,False,,3.0,completed
DE-ORD-000725,DE-CUST-00515,DE,EUR,88.1,88.1,Fashion,04-Mar-2023,03/06/2023 08:48,True,16.04.2023,4.0,completed
DE-ORD-000726,DE-CUST-00394,DE,EUR,119.98,119.98,Health,31-Aug-2024,02-Sep-2024,False,,2.0,completed
DE-ORD-000727,DE-CUST-00320,DE,EUR,25.0,25.0,Automotive,10/31/2024 00:00,04.11.2024,False,,4.0,completed
DE-ORD-000728,DE-CUST-00222,DE,EUR,60.1,60.1,Health,2023-08-21 00:00:00,2023-08-23 17:40:21,False,,,completed
DE-ORD-000729,DE-CUST-00128,DE,EUR,83.44,83.44,Home & Kitchen,12/28/2025 00:00,12/30/2025 05:25,False,,,completed
DE-ORD-000730,DE-CUST-00142,DE,EUR,76.62,76.62,Toys,30.05.2024,2024-06-01 09:40:29,False,,3.0,completed
DE-ORD-000731,DE-CUST-00137,DE,EUR,40.78,40.78,Home & Kitchen,06/02/2024 00:00,2024-06-04 22:29:07,False,,4.0,completed
DE-ORD-000732,DE-CUST-00040,DE,EUR,73.95,73.95,Toys,07-Oct-2025,07.10.2025,True,08-Nov-2025,3.0,completed
DE-ORD-000733,DE-CUST-00036,DE,EUR,50.12,50.12,Sports,01.01.2024,,False,,,completed
DE-ORD-000734,DE-CUST-00352,DE,EUR,23.96,23.96,Automotive,08.02.2023,02/11/2023 17:51,False,,,completed
DE-ORD-000735,DE-CUST-00239,DE,EUR,121.81,121.81,Sports,10.12.2024,12/11/2024 12:43,False,,4.0,completed
DE-ORD-000736,DE-CUST-00390,DE,EUR,34.51,34.51,Health,03/25/2024 00:00,03/27/2024 17:49,False,,3.0,completed
DE-ORD-000737,DE-CUST-00280,DE,EUR,37.19,37.19,Grocery,12/07/2023 00:00,2023-12-14 13:59:19,False,,,completed
DE-ORD-000738,DE-CUST-00082,DE,EUR,97.09,97.09,Books,20-Apr-2024,04/25/2024 03:39,True,24.05.2024,4.0,completed
DE-ORD-000739,DE-CUST-00480,DE,EUR,3.96,3.96,Fashion,2024-01-19 00:00:00,23.01.2024,False,,5.0,completed
DE-ORD-000740,DE-CUST-00409,DE,EUR,32.57,32.57,Electronics,02/06/2025 00:00,10.02.2025,False,,4.0,completed
DE-ORD-000741,DE-CUST-00011,DE,EUR,135.38,135.38,Toys,23.07.2025,25-Jul-2025,False,,3.0,completed
DE-ORD-000742,DE-CUST-00379,DE,EUR,51.26,51.26,Fashion,04.01.2025,09.01.2025,False,,2.0,completed
DE-ORD-000743,DE-CUST-00362,DE,EUR,3.0,3.0,Beauty,2024-02-06 00:00:00,2024-02-09 15:13:05,False,,3.0,completed
DE-ORD-000744,DE-CUST-00439,DE,EUR,65.29,65.29,Electronics,07/23/2023 00:00,27.07.2023,False,,,completed
DE-ORD-000745,DE-CUST-00145,DE,EUR,44.0,44.0,,12/29/2024 00:00,2024-12-29 16:34:18,False,,5.0,completed
DE-ORD-000746,DE-CUST-00203,DE,EUR,27.11,27.11,Toys,10/03/2023 00:00,04-Oct-2023,False,,,completed
DE-ORD-000747,DE-CUST-00327,DE,EUR,106.94,106.94,Home & Kitchen,08/18/2023 00:00,08/20/2023 22:09,False,,4.0,completed
DE-ORD-000748,DE-CUST-00509,DE,EUR,83.35,83.35,Fashion,09/03/2023 00:00,08.09.2023,False,,3.0,completed
DE-ORD-000749,DE-CUST-00165,DE,EUR,122.76,122.76,Automotive,09/18/2024 00:00,2024-09-18 07:06:40,False,,4.0,completed
DE-ORD-000750,DE-CUST-00545,DE,EUR,33.1,35.75,Books,2025-06-03 00:00:00,08.06.2025,False,,4.0,completed
DE-ORD-000751,DE-CUST-00132,DE,EUR,39.43,39.43,Beauty,2023-02-08 00:00:00,12.02.2023,False,,,completed
DE-ORD-000752,DE-CUST-00432,DE,EUR,98.94,98.94,Fashion,2024-09-15 00:00:00,,True,10/01/2024 00:00,,completed
DE-ORD-000753,DE-CUST-00587,DE,EUR,25.87,27.94,Health,21-Aug-2025,08/23/2025 18:34,False,,4.0,completed
DE-ORD-000754,DE-CUST-00218,DE,EUR,63.43,63.43,Beauty,01/23/2023 00:00,27.01.2023,False,,2.0,completed
DE-ORD-000755,DE-CUST-00067,DE,EUR,77.7,77.7,,2023-09-23 00:00:00,2023-09-26 01:33:38,False,,3.0,completed
DE-ORD-000756,DE-CUST-00048,DE,EUR,36.79,36.79,Beauty,15-Aug-2023,18.08.2023,False,,1.0,completed
DE-ORD-000757,DE-CUST-00133,DE,EUR,38.35,38.35,Home & Kitchen,2023-10-28 00:00:00,30.10.2023,False,,4.0,completed
DE-ORD-000758,DE-CUST-00502,DE,EUR,34.39,34.39,Health,07-Jun-2023,10-Jun-2023,False,,5.0,completed
DE-ORD-000759,DE-CUST-00549,DE,EUR,102.79,102.79,Books,2025-06-15 00:00:00,19-Jun-2025,False,,3.0,completed
DE-ORD-000760,DE-CUST-00119,DE,EUR,85.64,85.64,Automotive,02.04.2024,04/05/2024 03:34,True,03-May-2024,3.0,completed
DE-ORD-000761,DE-CUST-00228,DE,EUR,80.57,80.57,Toys,23.10.2025,2025-10-25 14:30:29,False,,5.0,completed
DE-ORD-000762,DE-CUST-00109,DE,EUR,58.92,58.92,Grocery,04.03.2023,08-Mar-2023,False,,5.0,completed
DE-ORD-000763,DE-CUST-00400,DE,EUR,104.2,104.2,Health,10/15/2024 00:00,2024-10-16 09:16:44,False,,4.0,completed
DE-ORD-000764,DE-CUST-00031,DE,EUR,97.33,97.33,Sports,25-Jul-2024,07/29/2024 20:06,False,,3.0,completed
DE-ORD-000765,DE-CUST-00076,DE,EUR,40.03,40.03,Toys,05.10.2024,,False,,,completed
DE-ORD-000766,DE-CUST-00224,DE,EUR,36.05,36.05,Home & Kitchen,25.07.2024,28.07.2024,False,,5.0,completed
DE-ORD-000767,DE-CUST-00538,DE,EUR,63.18,63.18,Grocery,03/15/2023 00:00,17-Mar-2023,False,,3.0,completed
DE-ORD-000768,DE-CUST-00009,DE,EUR,77.64,77.64,Fashion,05.10.2023,,True,11/13/2023 00:00,,completed
DE-ORD-000769,DE-CUST-00412,DE,EUR,55.6,55.6,Grocery,2024-09-27 00:00:00,,False,,,completed
DE-ORD-000770,DE-CUST-00023,DE,EUR,114.37,114.37,Grocery,21.01.2025,,False,,,completed
DE-ORD-000771,DE-CUST-00307,DE,EUR,37.87,37.87,Grocery,17-Apr-2025,22.04.2025,False,,3.0,completed
DE-ORD-000772,DE-CUST-00477,DE,EUR,18.04,18.04,Automotive,2024-06-13 00:00:00,2024-06-16 05:48:23,False,,5.0,completed
DE-ORD-000773,DE-CUST-00029,DE,EUR,71.28,71.28,Books,18-Nov-2023,,False,,,completed
DE-ORD-000774,DE-CUST-00061,DE,EUR,127.21,127.21,Toys,09/22/2024 00:00,23-Sep-2024,False,,2.0,completed
DE-ORD-000775,DE-CUST-00512,DE,EUR,3.6,3.6,Sports,04/27/2023 00:00,2023-05-01 01:24:55,False,,4.0,completed
DE-ORD-000776,DE-CUST-00095,DE,EUR,123.62,123.62,Sports,26-Nov-2023,2023-11-29 20:45:54,False,,3.0,completed
DE-ORD-000777,DE-CUST-00127,DE,EUR,65.07,65.07,Beauty,08/13/2024 00:00,29.08.2024,False,,2.0,completed
DE-ORD-000778,DE-CUST-00158,DE,EUR,167.99,167.99,Grocery,15.06.2023,06/19/2023 06:42,False,,4.0,completed
DE-ORD-000779,DE-CUST-00158,DE,EUR,88.38,88.38,,08/18/2025 00:00,22.08.2025,False,,3.0,completed
DE-ORD-000780,DE-CUST-00027,DE,EUR,41.01,41.01,Sports,11/20/2024 00:00,,False,,,completed
DE-ORD-000781,DE-CUST-00316,DE,EUR,79.66,79.66,Grocery,24.01.2023,01/26/2023 06:50,True,09.02.2023,5.0,completed
DE-ORD-000782,DE-CUST-00323,DE,EUR,76.15,76.15,Grocery,18-May-2025,22.05.2025,False,,5.0,completed
DE-ORD-000783,DE-CUST-00087,DE,EUR,65.83,65.83,Fashion,18.04.2025,21.04.2025,False,,4.0,completed
DE-ORD-000784,DE-CUST-00377,DE,EUR,37.46,37.46,Books,2024-11-05 00:00:00,08.11.2024,False,,4.0,completed
DE-ORD-000785,DE-CUST-00199,DE,EUR,28.67,28.67,Automotive,06.07.2024,12.07.2024,False,,2.0,completed
DE-ORD-000786,DE-CUST-00344,DE,EUR,15.67,15.67,Books,2024-04-16 00:00:00,21.04.2024,False,,4.0,completed
DE-ORD-000787,DE-CUST-00461,DE,EUR,26.01,26.01,,10/12/2025 00:00,2025-10-16 09:51:44,False,,5.0,completed
DE-ORD-000788,DE-CUST-00280,DE,EUR,63.85,63.85,Home & Kitchen,26-Aug-2024,02-Sep-2024,False,,2.0,completed
DE-ORD-000789,DE-CUST-00138,DE,EUR,91.37,91.37,Electronics,17-May-2024,2024-05-22 05:59:42,True,01-Jun-2024,,completed
DE-ORD-000790,DE-CUST-00469-DUP,DE,EUR,98.87,98.87,Home & Kitchen,06/08/2025 00:00,11.06.2025,False,,3.0,completed
DE-ORD-000791,DE-CUST-00024,DE,EUR,81.88,88.43,Sports,21-Dec-2024,2024-12-25 17:22:01,False,,4.0,completed
DE-ORD-000792,DE-CUST-00061,DE,EUR,104.52,112.88,Sports,01/08/2025 00:00,01/09/2025 23:19,False,,3.0,completed
DE-ORD-000793,DE-CUST-00106,DE,EUR,29.28,29.28,,01-Jun-2024,03-Jun-2024,False,,,completed
DE-ORD-000794,DE-CUST-00598,DE,EUR,103.58,103.58,Toys,12.09.2023,15.09.2023,True,10/23/2023 00:00,,completed
DE-ORD-000795,DE-CUST-00248,DE,EUR,164.06,164.06,Health,07-Nov-2025,11/10/2025 18:57,False,,4.0,completed
DE-ORD-000796,DE-CUST-00362,DE,EUR,69.03,69.03,Automotive,19.10.2025,21.10.2025,False,,4.0,completed
DE-ORD-000797,DE-CUST-00147,DE,EUR,107.86,107.86,Fashion,04-Nov-2025,2025-11-07 16:06:10,False,,3.0,completed
DE-ORD-000798,DE-CUST-00132,DE,EUR,29.85,29.85,Beauty,19-Dec-2025,2026-01-03 19:47:33,False,,4.0,completed
DE-ORD-000799,DE-CUST-00398,DE,EUR,110.36,110.36,Toys,03.08.2025,2025-08-04 11:44:32,False,,3.0,completed
DE-ORD-000800,DE-CUST-00139,DE,EUR,70.48,70.48,Fashion,07/23/2023 00:00,2023-07-23 17:59:11,False,,3.0,completed
DE-ORD-000801,DE-CUST-00538,DE,EUR,39.16,39.16,Electronics,11/28/2023 00:00,30.11.2023,False,,,completed
DE-ORD-000802,DE-CUST-00234,DE,EUR,72.29,72.29,Grocery,10-May-2025,05/13/2025 06:13,False,,3.0,completed
DE-ORD-000803,DE-CUST-00352,DE,EUR,81.26,81.26,Grocery,2023-09-30 00:00:00,06-Oct-2023,False,,5.0,completed
DE-ORD-000804,DE-CUST-00394,DE,EUR,3.0,3.0,,10-Oct-2023,10/14/2023 08:46,True,31.10.2023,3.0,completed
DE-ORD-000805,DE-CUST-00114,DE,EUR,70.9,70.9,Beauty,2024-12-04 00:00:00,,False,,,completed
DE-ORD-000806,DE-CUST-00370,DE,EUR,69.47,69.47,Health,2023-01-09 00:00:00,12-Jan-2023,False,,3.0,completed
DE-ORD-000807,DE-CUST-00197,DE,EUR,30.94,30.94,Beauty,05.03.2024,03/07/2024 19:50,False,,4.0,completed
DE-ORD-000808,DE-CUST-00382,DE,EUR,87.76,87.76,Health,2024-09-29 00:00:00,10/03/2024 18:43,False,,,completed
DE-ORD-000809,DE-CUST-00489,DE,EUR,46.22,49.92,Health,2025-04-23 00:00:00,,True,05/12/2025 00:00,,completed
DE-ORD-000810,DE-CUST-00331,DE,EUR,101.58,101.58,Health,06-Sep-2023,11.09.2023,False,,,completed
DE-ORD-000811,DE-CUST-00030,DE,EUR,62.76,62.76,Beauty,09/27/2023 00:00,30-Sep-2023,False,,4.0,completed
DE-ORD-000812,DE-CUST-00289,DE,EUR,21.31,23.01,Health,2023-01-29 00:00:00,,False,,,completed
DE-ORD-000813,DE-CUST-00525,DE,EUR,93.29,93.29,Home & Kitchen,25-Jan-2023,2023-01-29 11:06:36,False,,3.0,completed
DE-ORD-000814,DE-CUST-00419-DUP,DE,EUR,73.27,73.27,Health,16.12.2024,18.12.2024,False,,,completed
DE-ORD-000815,DE-CUST-00298,DE,EUR,91.73,91.73,Sports,18-Jul-2023,21-Jul-2023,False,,3.0,completed
DE-ORD-000816,DE-CUST-00231,DE,EUR,51.25,51.25,Health,31.12.2023,2024-01-03 09:44:08,False,,3.0,completed
DE-ORD-000817,DE-CUST-00198,DE,EUR,90.01,90.01,Electronics,25.10.2024,27-Oct-2024,False,,5.0,completed
DE-ORD-000818,DE-CUST-00573,DE,EUR,120.68,130.33,Automotive,17-Feb-2024,07-Mar-2024,False,,4.0,completed
DE-ORD-000819,DE-CUST-00447,DE,EUR,40.28,40.28,Health,07-Jan-2025,2025-01-10 00:14:26,False,,5.0,completed
DE-ORD-000820,DE-CUST-00324,DE,EUR,53.31,53.31,Sports,05/28/2025 00:00,06/01/2025 00:58,False,,4.0,completed
DE-ORD-000821,DE-CUST-00364,DE,EUR,26.98,26.98,Fashion,04/18/2023 00:00,04/20/2023 05:12,False,,3.0,completed
DE-ORD-000822,DE-CUST-00077-DUP,DE,EUR,31.33,33.84,Beauty,06/13/2024 00:00,2024-06-13 00:00:00,False,,4.0,completed
DE-ORD-000823,DE-CUST-00142,DE,EUR,143.06,143.06,Health,2023-05-20 00:00:00,05/23/2023 17:19,False,,,completed
DE-ORD-000824,DE-CUST-00495,DE,EUR,11.18,11.18,Home & Kitchen,03/27/2024 00:00,29.03.2024,False,,3.0,completed
DE-ORD-000825,DE-CUST-00419-DUP,DE,EUR,26.33,26.33,,2023-11-13 00:00:00,17.11.2023,False,,4.0,completed
DE-ORD-000826,DE-CUST-00502,DE,EUR,21.09,21.09,Sports,10/18/2023 00:00,22-Oct-2023,True,2023-11-20 00:00:00,5.0,completed
DE-ORD-000827,DE-CUST-00193,DE,EUR,137.3,137.3,,04/05/2023 00:00,12.04.2023,True,05/19/2023 00:00,3.0,completed
DE-ORD-000828,DE-CUST-00028,DE,EUR,172.32,172.32,Toys,23-Oct-2024,25-Oct-2024,False,,3.0,completed
DE-ORD-000829,DE-CUST-00455,DE,EUR,77.43,77.43,,2025-05-22 00:00:00,24-May-2025,False,,4.0,completed
DE-ORD-000830,DE-CUST-00396,DE,EUR,14.84,14.84,Automotive,22-Jul-2024,25-Jul-2024,False,,5.0,completed
DE-ORD-000831,DE-CUST-00489,DE,EUR,62.83,62.83,Beauty,20-Feb-2025,23-Feb-2025,False,,4.0,completed
DE-ORD-000832,DE-CUST-00552,DE,EUR,109.49,109.49,Books,13-Jan-2023,14-Jan-2023,False,,4.0,completed
DE-ORD-000833,DE-CUST-00515,DE,EUR,54.81,54.81,Home & Kitchen,15-Jul-2024,07/18/2024 17:59,False,,5.0,completed
DE-ORD-000834,DE-CUST-00599,DE,EUR,19.62,19.62,Sports,02/29/2024 00:00,03/01/2024 23:32,False,,2.0,completed
DE-ORD-000835,DE-CUST-00296,DE,EUR,44.13,44.13,Electronics,18.02.2023,02/23/2023 11:53,False,,3.0,completed
DE-ORD-000836,DE-CUST-00388,DE,EUR,14.08,14.08,Books,13-Jun-2024,15-Jun-2024,True,24.07.2024,,cancelled
DE-ORD-000837,DE-CUST-00317,DE,EUR,8.46,8.46,Toys,08.10.2024,2024-10-09 19:29:35,False,,4.0,completed
DE-ORD-000838,DE-CUST-00485,DE,EUR,20.39,20.39,Grocery,31-Mar-2025,05-Apr-2025,False,,4.0,completed
DE-ORD-000839,DE-CUST-00350,DE,EUR,68.25,73.71,Grocery,05/30/2024 00:00,,False,,,completed
DE-ORD-000840,DE-CUST-00550,DE,EUR,94.37,101.92,Books,28-Sep-2024,2024-10-02 16:11:37,False,,4.0,completed
DE-ORD-000841,DE-CUST-00078,DE,EUR,86.46,86.46,Grocery,23.10.2025,26.10.2025,False,,4.0,completed
DE-ORD-000842,DE-CUST-00282,DE,EUR,52.16,52.16,Automotive,2025-04-28 00:00:00,01-May-2025,False,,3.0,completed
DE-ORD-000843,DE-CUST-00089,DE,EUR,47.63,51.44,Home & Kitchen,07.09.2025,09-Sep-2025,False,,4.0,completed
DE-ORD-000844,DE-CUST-00114,DE,EUR,114.8,123.98,Fashion,02.02.2024,02/07/2024 06:09,False,,2.0,completed
DE-ORD-000845,DE-CUST-00296,DE,EUR,113.99,113.99,Books,31.03.2025,03.04.2025,False,,4.0,completed
DE-ORD-000846,DE-CUST-00535,DE,EUR,30.56,30.56,Fashion,03/15/2025 00:00,18-Mar-2025,False,,4.0,completed
DE-ORD-000847,DE-CUST-00357,DE,EUR,8.59,8.59,Automotive,16-Jul-2025,20-Jul-2025,False,,5.0,completed
DE-ORD-000848,DE-CUST-00256,DE,EUR,58.36,58.36,Beauty,2025-06-03 00:00:00,08.06.2025,False,,3.0,completed
DE-ORD-000849,DE-CUST-00113,DE,EUR,97.28,97.28,Home & Kitchen,29-Dec-2025,2025-12-29 04:07:53,False,,5.0,completed
DE-ORD-000850,DE-CUST-00549,DE,EUR,121.83,121.83,Automotive,19.05.2025,05/22/2025 01:45,False,,,completed
DE-ORD-000851,DE-CUST-00049,DE,EUR,3.0,3.0,Books,2025-12-11 00:00:00,14-Dec-2025,False,,2.0,completed
DE-ORD-000852,DE-CUST-00320,DE,EUR,81.9,81.9,Home & Kitchen,01/09/2023 00:00,13-Jan-2023,False,,3.0,completed
DE-ORD-000853,DE-CUST-00374,DE,EUR,107.6,107.6,Health,2024-01-20 00:00:00,2024-01-24 17:00:02,False,,,completed
DE-ORD-000854,DE-CUST-00187,DE,EUR,102.08,102.08,Books,07/15/2024 00:00,18.07.2024,False,,2.0,completed
DE-ORD-000855,DE-CUST-00534,DE,EUR,102.16,102.16,Books,03/11/2025 00:00,03/14/2025 02:15,False,,2.0,completed
DE-ORD-000856,DE-CUST-00506,DE,EUR,116.38,125.69,Toys,27.09.2023,2023-10-03 15:34:43,False,,4.0,completed
DE-ORD-000857,DE-CUST-00354,DE,EUR,147.05,147.05,Sports,2025-12-15 00:00:00,12/18/2025 15:17,True,27.01.2026,3.0,completed
DE-ORD-000858,DE-CUST-00055,DE,EUR,41.04,41.04,Electronics,25-Jan-2025,01/30/2025 22:56,False,,3.0,completed
DE-ORD-000859,DE-CUST-00570,DE,EUR,92.94,92.94,,06/26/2024 00:00,06/28/2024 15:52,True,2024-08-09 00:00:00,3.0,completed
DE-ORD-000860,DE-CUST-00351,DE,EUR,104.15,104.15,Beauty,03.11.2024,25-Nov-2024,False,,3.0,completed
DE-ORD-000861,DE-CUST-00295,DE,EUR,108.05,108.05,Grocery,13-May-2023,05/18/2023 21:30,False,,,completed
DE-ORD-000862,DE-CUST-00272,DE,EUR,89.5,89.5,Toys,01/04/2024 00:00,01/18/2024 12:25,False,,,completed
DE-ORD-000863,DE-CUST-00255,DE,EUR,45.6,45.6,Home & Kitchen,2023-04-15 00:00:00,2023-04-18 14:52:37,False,,,completed
DE-ORD-000864,DE-CUST-00484,DE,EUR,77.2,77.2,Automotive,08/25/2025 00:00,27.08.2025,False,,4.0,completed
DE-ORD-000865,DE-CUST-00112,DE,EUR,68.25,68.25,Home & Kitchen,05/24/2023 00:00,2023-05-24 22:14:04,False,,3.0,completed
DE-ORD-000866,DE-CUST-00294,DE,EUR,45.84,45.84,Automotive,12/10/2024 00:00,13.12.2024,False,,5.0,completed
DE-ORD-000867,DE-CUST-00333,DE,EUR,74.05,74.05,Toys,2023-07-03 00:00:00,07/05/2023 05:43,True,16-Aug-2023,4.0,completed
DE-ORD-000868,DE-CUST-00164,DE,EUR,51.62,51.62,Sports,19-Jul-2024,07/22/2024 23:41,False,,4.0,completed
DE-ORD-000869,DE-CUST-00452,DE,EUR,110.95,110.95,Home & Kitchen,01-Jun-2024,2024-06-04 11:07:32,False,,5.0,completed
DE-ORD-000870,DE-CUST-00057,DE,EUR,99.5,99.5,Books,05/04/2024 00:00,06-May-2024,False,,5.0,completed
DE-ORD-000871,DE-CUST-00143,DE,EUR,77.43,77.43,,01.02.2025,,True,17-Feb-2025,,completed
DE-ORD-000872,DE-CUST-00169,DE,EUR,127.81,127.81,Grocery,18.05.2025,24.05.2025,False,,4.0,completed
DE-ORD-000873,DE-CUST-00362,DE,EUR,45.86,45.86,Beauty,26-Feb-2023,03/01/2023 05:47,False,,4.0,completed
DE-ORD-000874,DE-CUST-00123,DE,EUR,113.56,113.56,Sports,18-Dec-2025,22.12.2025,False,,4.0,completed
DE-ORD-000875,DE-CUST-00405,DE,EUR,121.92,121.92,Books,22-Feb-2024,25.02.2024,False,,,completed
DE-ORD-000876,DE-CUST-00322,DE,EUR,104.17,104.17,Automotive,01/09/2025 00:00,2025-01-12 01:37:47,True,02/22/2025 00:00,4.0,completed
DE-ORD-000877,DE-CUST-00094,DE,EUR,60.68,60.68,Sports,20.03.2025,2025-03-23 09:59:21,True,04/09/2025 00:00,3.0,completed
DE-ORD-000878,DE-CUST-00423,DE,EUR,116.1,116.1,Automotive,2025-09-09 00:00:00,09/11/2025 09:36,False,,3.0,completed
DE-ORD-000879,DE-CUST-00079,DE,EUR,145.6,145.6,Home & Kitchen,08/06/2024 00:00,2024-08-10 23:12:09,False,,1.0,completed
DE-ORD-000880,DE-CUST-00194,DE,EUR,43.52,43.52,Home & Kitchen,11/14/2023 00:00,11/19/2023 18:46,False,,3.0,completed
DE-ORD-000881,DE-CUST-00026,DE,EUR,3.0,3.0,Electronics,26-Jan-2025,29.01.2025,False,,3.0,completed
DE-ORD-000882,DE-CUST-00301,DE,EUR,67.28,67.28,Beauty,03-Nov-2024,04-Nov-2024,False,,,completed
DE-ORD-000883,DE-CUST-00386,DE,EUR,68.15,68.15,Electronics,19.02.2023,02/21/2023 21:03,False,,,completed
DE-ORD-000884,DE-CUST-00364,DE,EUR,122.07,122.07,Toys,2024-03-30 00:00:00,04.04.2024,False,,4.0,completed
DE-ORD-000885,DE-CUST-00389,DE,EUR,52.59,52.59,Automotive,11/17/2024 00:00,23-Nov-2024,False,,2.0,completed
DE-ORD-000886,DE-CUST-00422,DE,EUR,11.66,11.66,Books,10/20/2023 00:00,23-Oct-2023,False,,5.0,completed
DE-ORD-000887,DE-CUST-00440,DE,EUR,57.31,57.31,Sports,23-Apr-2023,04/26/2023 05:24,False,,,completed
DE-ORD-000888,DE-CUST-00514,DE,EUR,10.21,10.21,Books,05-Apr-2023,09-Apr-2023,True,21-Apr-2023,4.0,completed
DE-ORD-000889,DE-CUST-00260,DE,EUR,94.98,94.98,Health,2025-11-30 00:00:00,12/02/2025 13:20,False,,,completed
DE-ORD-000890,DE-CUST-00279,DE,EUR,38.15,38.15,Fashion,2025-01-07 00:00:00,08.01.2025,False,,4.0,completed
DE-ORD-000891,DE-CUST-00480,DE,EUR,23.94,23.94,Beauty,11-Apr-2024,2024-04-12 17:36:46,False,,3.0,completed
DE-ORD-000892,DE-CUST-00093,DE,EUR,46.41,46.41,Beauty,10/04/2023 00:00,10/06/2023 16:37,False,,4.0,completed
DE-ORD-000893,DE-CUST-00155,DE,EUR,68.0,68.0,Fashion,02/26/2023 00:00,03/17/2023 01:37,True,04/02/2023 00:00,4.0,completed
DE-ORD-000894,DE-CUST-00566,DE,EUR,27.32,27.32,Beauty,02/04/2024 00:00,02/07/2024 15:47,False,,4.0,completed
DE-ORD-000895,DE-CUST-00356,DE,EUR,7.88,7.88,Electronics,2025-09-20 00:00:00,12-Oct-2025,False,,3.0,completed
DE-ORD-000896,DE-CUST-00007,DE,EUR,68.43,68.43,Fashion,2024-05-16 00:00:00,21.05.2024,False,,4.0,completed
DE-ORD-000897,DE-CUST-00316,DE,EUR,66.3,66.3,Grocery,06/12/2023 00:00,06/14/2023 22:57,False,,4.0,completed
DE-ORD-000898,DE-CUST-00311,DE,EUR,90.64,90.64,Health,23-Mar-2024,25.03.2024,False,,3.0,completed
DE-ORD-000899,DE-CUST-00011,DE,EUR,3.0,3.0,Grocery,08/21/2023 00:00,,False,,,completed
DE-ORD-000900,DE-CUST-00206,DE,EUR,61.86,61.86,Home & Kitchen,27.12.2025,2026-01-01 04:54:10,True,2026-01-18 00:00:00,4.0,completed
DE-ORD-000901,DE-CUST-00369-DUP,DE,EUR,115.7,124.96,Home & Kitchen,08/22/2023 00:00,24-Aug-2023,False,,5.0,completed
DE-ORD-000902,DE-CUST-00151,DE,EUR,44.9,44.9,Health,2023-06-05 00:00:00,09.06.2023,False,,2.0,completed
DE-ORD-000903,DE-CUST-00220,DE,EUR,73.94,73.94,Beauty,06/30/2023 00:00,30.06.2023,False,,,completed
DE-ORD-000904,DE-CUST-00479,DE,EUR,54.85,54.85,Electronics,08-Oct-2025,12-Oct-2025,False,,3.0,completed
DE-ORD-000905,DE-CUST-00239,DE,EUR,25.08,25.08,Home & Kitchen,2023-01-15 00:00:00,19-Jan-2023,False,,4.0,completed
DE-ORD-000906,DE-CUST-00012,DE,EUR,46.4,50.11,Automotive,25.03.2023,04/12/2023 13:30,False,,,completed
DE-ORD-000907,DE-CUST-00327,DE,EUR,165.19,178.41,Automotive,2023-06-08 00:00:00,2023-06-13 05:31:33,False,,5.0,completed
DE-ORD-000908,DE-CUST-00256,DE,EUR,81.55,81.55,Books,24-Oct-2025,27-Oct-2025,False,,1.0,completed
DE-ORD-000909,DE-CUST-00301,DE,EUR,39.2,39.2,Electronics,2025-10-04 00:00:00,10/06/2025 18:41,False,,2.0,completed
DE-ORD-000910,DE-CUST-00349-DUP,DE,EUR,21.02,21.02,Beauty,10-Nov-2025,2025-11-10 12:41:23,True,12/23/2025 00:00,4.0,completed
DE-ORD-000911,DE-CUST-00241,DE,EUR,96.11,96.11,Health,10/09/2023 00:00,,False,,,cancelled
DE-ORD-000912,DE-CUST-00200,DE,EUR,80.76,87.22,Fashion,10-Aug-2023,,False,,,completed
DE-ORD-000913,DE-CUST-00480,DE,EUR,3.0,3.0,Automotive,30.05.2023,05/30/2023 20:45,False,,2.0,completed
DE-ORD-000914,DE-CUST-00450,DE,EUR,31.22,31.22,Fashion,30-Aug-2025,02-Sep-2025,False,,3.0,completed
DE-ORD-000915,DE-CUST-00304,DE,EUR,77.88,77.88,Beauty,2025-04-10 00:00:00,2025-04-26 03:38:17,False,,4.0,completed
DE-ORD-000916,DE-CUST-00343,DE,EUR,108.33,108.33,Fashion,03-Dec-2025,2025-12-04 17:30:41,False,,4.0,completed
DE-ORD-000917,DE-CUST-00098,DE,EUR,64.47,64.47,Grocery,03-Apr-2025,05.04.2025,False,,4.0,completed
DE-ORD-000918,DE-CUST-00041,DE,EUR,98.4,98.4,Fashion,11/10/2023 00:00,2023-11-12 01:55:34,False,,,completed
DE-ORD-000919,DE-CUST-00166,DE,EUR,58.08,58.08,,26-Feb-2024,29.02.2024,False,,3.0,completed
DE-ORD-000920,DE-CUST-00186,DE,EUR,87.23,87.23,Books,06.10.2023,2023-10-09 22:07:22,False,,5.0,completed
DE-ORD-000921,DE-CUST-00194,DE,EUR,6.85,6.85,Beauty,08/29/2025 00:00,09/01/2025 07:35,False,,3.0,completed
DE-ORD-000922,DE-CUST-00248,DE,EUR,87.96,87.96,Grocery,26-Nov-2024,11/27/2024 01:46,False,,,completed
DE-ORD-000923,DE-CUST-00465,DE,EUR,78.16,78.16,Automotive,02/05/2024 00:00,07-Feb-2024,False,,3.0,completed
DE-ORD-000924,DE-CUST-00566,DE,EUR,10.03,10.03,Books,21-Apr-2024,23.04.2024,False,,5.0,completed
DE-ORD-000925,DE-CUST-00240,DE,EUR,64.04,64.04,Home & Kitchen,09.04.2025,04/13/2025 10:35,False,,5.0,completed
DE-ORD-000926,DE-CUST-00136,DE,EUR,75.02,75.02,Home & Kitchen,2025-03-10 00:00:00,03/30/2025 15:52,False,,4.0,completed
DE-ORD-000927,DE-CUST-00540,DE,EUR,44.32,44.32,Sports,06-Feb-2024,02/08/2024 17:50,False,,2.0,completed
DE-ORD-000928,DE-CUST-00120,DE,EUR,100.2,100.2,Beauty,20.03.2024,,False,,,completed
DE-ORD-000929,DE-CUST-00340,DE,EUR,71.92,71.92,Home & Kitchen,17-Aug-2024,02.09.2024,False,,,completed
DE-ORD-000930,DE-CUST-00243,DE,EUR,81.57,81.57,Fashion,2023-12-08 00:00:00,10.12.2023,False,,3.0,completed
DE-ORD-000931,DE-CUST-00257,DE,EUR,98.36,98.36,Home & Kitchen,02-Jun-2023,24.06.2023,False,,4.0,completed
DE-ORD-000932,DE-CUST-00540,DE,EUR,3.0,3.0,Grocery,23-Oct-2025,10/30/2025 23:44,False,,5.0,completed
DE-ORD-000933,DE-CUST-00267,DE,EUR,92.46,92.46,Books,31.08.2023,,False,,,completed
DE-ORD-000934,DE-CUST-00476,DE,EUR,60.68,60.68,Health,06/04/2023 00:00,06/06/2023 16:26,False,,5.0,completed
DE-ORD-000935,DE-CUST-00244,DE,EUR,74.98,74.98,,07-Feb-2024,02/09/2024 07:46,False,,,completed
DE-ORD-000936,DE-CUST-00430,DE,EUR,47.11,47.11,Home & Kitchen,25-Feb-2025,2025-03-02 04:21:45,False,,5.0,completed
DE-ORD-000937,DE-CUST-00104,DE,EUR,123.08,123.08,Toys,02/24/2023 00:00,28-Feb-2023,False,,3.0,completed
DE-ORD-000938,DE-CUST-00272,DE,EUR,3.0,3.24,Health,11-May-2023,2023-05-14 22:41:51,False,,4.0,completed
DE-ORD-000939,DE-CUST-00045,DE,EUR,70.32,70.32,Fashion,2023-01-19 00:00:00,2023-01-22 13:56:25,False,,2.0,completed
DE-ORD-000940,DE-CUST-00232,DE,EUR,86.18,86.18,Home & Kitchen,04/18/2023 00:00,22-Apr-2023,False,,4.0,completed
DE-ORD-000941,DE-CUST-00380,DE,EUR,100.97,100.97,Electronics,2023-12-20 00:00:00,24.12.2023,False,,3.0,completed
DE-ORD-000942,DE-CUST-00063,DE,EUR,62.31,62.31,Toys,2025-03-20 00:00:00,23-Mar-2025,False,,4.0,completed
DE-ORD-000943,DE-CUST-00546,DE,EUR,102.93,102.93,Sports,23-Jul-2024,27-Jul-2024,False,,5.0,completed
DE-ORD-000944,DE-CUST-00467,DE,EUR,148.85,148.85,Automotive,25.12.2024,28.12.2024,False,,1.0,completed
DE-ORD-000945,DE-CUST-00489,DE,EUR,112.0,120.96,Beauty,13-Jun-2025,06/15/2025 16:32,False,,3.0,completed
DE-ORD-000946,DE-CUST-00110-DUP,DE,EUR,49.86,49.86,Beauty,12/30/2025 00:00,01-Jan-2026,False,,4.0,completed
DE-ORD-000947,DE-CUST-00444,DE,EUR,5.74,5.74,,2023-07-31 00:00:00,08/01/2023 21:12,False,,4.0,completed
DE-ORD-000948,DE-CUST-00216,DE,EUR,88.67,95.76,Books,22.12.2025,26-Dec-2025,False,,3.0,completed
DE-ORD-000949,DE-CUST-00297,DE,EUR,27.83,27.83,,08/16/2025 00:00,2025-08-18 17:45:40,False,,4.0,completed
DE-ORD-000950,DE-CUST-00284,DE,EUR,121.45,121.45,Toys,08.10.2023,2023-10-08 10:17:32,False,,3.0,completed
DE-ORD-000951,DE-CUST-00283,DE,EUR,14.36,14.36,Health,05/05/2023 00:00,05/06/2023 00:31,False,,4.0,completed
DE-ORD-000952,DE-CUST-00330,DE,EUR,85.7,85.7,Automotive,17-Jul-2025,21-Jul-2025,False,,4.0,completed
DE-ORD-000953,DE-CUST-00174,DE,EUR,46.77,46.77,Sports,09/22/2025 00:00,24.09.2025,False,,5.0,completed
DE-ORD-000954,DE-CUST-00491,DE,EUR,55.63,55.63,Toys,08/17/2024 00:00,2024-08-21 14:27:53,True,16.09.2024,,completed
DE-ORD-000955,DE-CUST-00577,DE,EUR,65.24,65.24,Books,2025-05-26 00:00:00,26-May-2025,False,,2.0,completed
DE-ORD-000956,DE-CUST-00350,DE,EUR,43.0,43.0,Health,2024-04-03 00:00:00,,True,05.05.2024,,completed
DE-ORD-000957,DE-CUST-00348,DE,EUR,94.96,94.96,Home & Kitchen,2024-08-02 00:00:00,06-Aug-2024,False,,3.0,completed
DE-ORD-000958,DE-CUST-00319,DE,EUR,126.4,126.4,Automotive,02/18/2024 00:00,02/20/2024 01:15,False,,4.0,completed
DE-ORD-000959,DE-CUST-00078,DE,EUR,64.61,64.61,Electronics,2023-12-10 00:00:00,12/13/2023 05:44,True,01/19/2024 00:00,,completed
DE-ORD-000960,DE-CUST-00193,DE,EUR,115.87,115.87,Health,10/17/2025 00:00,10/19/2025 10:36,False,,,completed
DE-ORD-000961,DE-CUST-00049,DE,EUR,13.72,13.72,Sports,03/26/2023 00:00,2023-03-29 12:43:11,False,,3.0,completed
DE-ORD-000962,DE-CUST-00440,DE,EUR,193.34,193.34,Electronics,2024-04-18 00:00:00,22.04.2024,True,23.05.2024,3.0,completed
DE-ORD-000963,DE-CUST-00594,DE,EUR,24.87,24.87,Automotive,02/02/2023 00:00,2023-02-22 16:18:34,False,,3.0,completed
DE-ORD-000964,DE-CUST-00467,DE,EUR,69.37,69.37,Toys,21-Sep-2025,26-Sep-2025,False,,5.0,completed
DE-ORD-000965,DE-CUST-00338,DE,EUR,73.71,73.71,Sports,14.12.2024,12/17/2024 00:21,False,,4.0,completed
DE-ORD-000966,DE-CUST-00138,DE,EUR,45.29,45.29,Fashion,08/16/2023 00:00,02.09.2023,False,,3.0,completed
DE-ORD-000967,DE-CUST-00029,DE,EUR,61.72,61.72,Fashion,22-Jan-2024,2024-01-22 04:13:49,False,,3.0,completed
DE-ORD-000968,DE-CUST-00126,DE,EUR,96.79,96.79,,10.02.2025,2025-03-01 21:33:43,False,,3.0,completed
DE-ORD-000969,DE-CUST-00139,DE,EUR,95.12,95.12,Grocery,04-Nov-2025,23.11.2025,False,,,completed
DE-ORD-000970,DE-CUST-00172,DE,EUR,105.2,105.2,Beauty,17.07.2025,2025-07-19 16:50:34,False,,3.0,completed
DE-ORD-000971,DE-CUST-00114,DE,EUR,22.29,22.29,Home & Kitchen,03/10/2023 00:00,14.03.2023,False,,5.0,completed
DE-ORD-000972,DE-CUST-00307,DE,EUR,94.7,94.7,Health,06.01.2024,2024-01-08 04:53:08,False,,5.0,completed
DE-ORD-000973,DE-CUST-00321,DE,EUR,52.97,52.97,Books,25-Feb-2025,,False,,,completed
DE-ORD-000974,DE-CUST-00074,DE,EUR,95.65,95.65,Sports,23.08.2024,08/23/2024 00:00,False,,3.0,completed
DE-ORD-000975,DE-CUST-00514,DE,EUR,100.89,100.89,Health,16-Nov-2023,19.11.2023,False,,3.0,completed
DE-ORD-000976,DE-CUST-00233,DE,EUR,40.92,44.19,Electronics,10-Dec-2024,10-Dec-2024,False,,,completed
DE-ORD-000977,DE-CUST-00033,DE,EUR,61.64,61.64,Electronics,04-Dec-2024,2024-12-10 19:35:05,True,10.01.2025,4.0,completed
DE-ORD-000978,DE-CUST-00130,DE,EUR,148.24,160.1,Electronics,2025-05-17 00:00:00,05/29/2025 19:45,False,,5.0,completed
DE-ORD-000979,DE-CUST-00206,DE,EUR,140.01,140.01,Books,07/03/2024 00:00,07-Jul-2024,False,,3.0,completed
DE-ORD-000980,DE-CUST-00400,DE,EUR,104.24,104.24,Grocery,2025-03-29 00:00:00,2025-04-03 16:20:17,False,,3.0,completed
DE-ORD-000981,DE-CUST-00573,DE,EUR,37.58,37.58,Fashion,16.08.2025,19-Aug-2025,False,,4.0,completed
DE-ORD-000982,DE-CUST-00379,DE,EUR,95.33,102.96,Toys,05.05.2024,06.05.2024,False,,5.0,completed
DE-ORD-000983,DE-CUST-00192,DE,EUR,40.64,40.64,Fashion,04/26/2025 00:00,,False,,,completed
DE-ORD-000984,DE-CUST-00439,DE,EUR,30.7,30.7,Fashion,30-Jan-2025,06-Feb-2025,True,2025-02-18 00:00:00,4.0,completed
DE-ORD-000985,DE-CUST-00584,DE,EUR,32.66,32.66,Health,30-Sep-2024,04-Oct-2024,False,,4.0,completed
DE-ORD-000986,DE-CUST-00209,DE,EUR,57.87,57.87,Automotive,24-Jun-2023,28.06.2023,False,,3.0,completed
DE-ORD-000987,DE-CUST-00123,DE,EUR,46.27,46.27,Home & Kitchen,01/11/2024 00:00,2024-01-11 11:37:55,False,,2.0,completed
DE-ORD-000988,DE-CUST-00092,DE,EUR,133.69,133.69,Automotive,10-Apr-2025,2025-04-15 23:05:29,False,,4.0,completed
DE-ORD-000989,DE-CUST-00193,DE,EUR,128.19,128.19,Health,04.02.2023,07-Feb-2023,True,03/16/2023 00:00,3.0,completed
DE-ORD-000990,DE-CUST-00066,DE,EUR,67.15,67.15,Books,2024-02-27 00:00:00,01.03.2024,False,,3.0,completed
DE-ORD-000991,DE-CUST-00536,DE,EUR,108.45,108.45,Electronics,01/18/2023 00:00,21-Jan-2023,False,,4.0,completed
DE-ORD-000992,DE-CUST-00423,DE,EUR,104.19,104.19,Toys,2024-09-15 00:00:00,09/19/2024 01:58,False,,3.0,completed
DE-ORD-000993,DE-CUST-00596,DE,EUR,13.59,13.59,,20.11.2025,2025-11-23 17:21:21,False,,3.0,completed
DE-ORD-000994,DE-CUST-00105,DE,EUR,68.32,68.32,Home & Kitchen,2025-04-25 00:00:00,04/28/2025 11:25,False,,,completed
DE-ORD-000995,DE-CUST-00394,DE,EUR,163.18,163.18,Health,02-Dec-2023,2023-12-03 12:06:42,False,,2.0,completed
DE-ORD-000996,DE-CUST-00334,DE,EUR,77.63,77.63,Grocery,14.09.2024,,False,,,completed
DE-ORD-000997,DE-CUST-00031,DE,EUR,77.01,77.01,Beauty,01/30/2024 00:00,2024-02-03 09:01:11,False,,5.0,completed
DE-ORD-000998,DE-CUST-00351,DE,EUR,7.73,7.73,Books,03/23/2024 00:00,2024-03-25 15:57:29,False,,4.0,completed
DE-ORD-000999,DE-CUST-00465,DE,EUR,94.28,101.82,Books,2025-07-06 00:00:00,12.07.2025,True,08/15/2025 00:00,4.0,completed
DE-ORD-001000,DE-CUST-00554,DE,EUR,62.84,62.84,Home & Kitchen,2023-05-18 00:00:00,20.05.2023,False,,3.0,completed
DE-ORD-001001,DE-CUST-00123,DE,EUR,42.48,42.48,Automotive,24.11.2023,11/28/2023 11:35,False,,4.0,completed
DE-ORD-001002,DE-CUST-00451,DE,EUR,14.7,14.7,Grocery,23-Jun-2025,06/25/2025 20:18,False,,,completed
DE-ORD-001003,DE-CUST-00581,DE,EUR,98.35,98.35,Health,09.10.2023,10/13/2023 00:39,False,,4.0,completed
DE-ORD-001004,DE-CUST-00262,DE,EUR,79.55,79.55,Home & Kitchen,18.02.2023,23.02.2023,False,,4.0,completed
DE-ORD-001005,DE-CUST-00034,DE,EUR,50.33,50.33,Toys,2025-04-18 00:00:00,20-Apr-2025,False,,4.0,completed
DE-ORD-001006,DE-CUST-00373,DE,EUR,3.0,3.0,Toys,12/10/2024 00:00,12/13/2024 05:21,False,,3.0,completed
DE-ORD-001007,DE-CUST-00575,DE,EUR,13.15,14.2,Fashion,01.02.2023,02/03/2023 02:34,False,,4.0,completed
DE-ORD-001008,DE-CUST-00143,DE,EUR,73.77,73.77,Electronics,2025-04-19 00:00:00,2025-04-22 15:39:51,False,,4.0,completed
DE-ORD-001009,DE-CUST-00437,DE,EUR,68.52,68.52,Beauty,02-Apr-2024,2024-04-07 08:44:34,False,,4.0,completed
DE-ORD-001010,DE-CUST-00515,DE,EUR,9.59,9.59,Beauty,05/27/2025 00:00,06/01/2025 22:41,False,,4.0,completed
DE-ORD-001011,DE-CUST-00002,DE,EUR,42.61,42.61,Books,07.02.2025,,False,,,completed
DE-ORD-001012,DE-CUST-00266,DE,EUR,80.04,80.04,Grocery,29-Oct-2024,11/01/2024 07:46,False,,5.0,completed
DE-ORD-001013,DE-CUST-00435,DE,EUR,51.86,51.86,Automotive,17-Feb-2024,2024-02-19 05:51:15,False,,4.0,completed
DE-ORD-001014,DE-CUST-00217,DE,EUR,100.16,108.17,Electronics,2024-05-08 00:00:00,11-May-2024,False,,4.0,completed
DE-ORD-001015,DE-CUST-00049,DE,EUR,63.57,63.57,Toys,2023-12-27 00:00:00,30.12.2023,False,,5.0,completed
DE-ORD-001016,DE-CUST-00478,DE,EUR,88.76,88.76,Electronics,2025-11-22 00:00:00,25.11.2025,False,,5.0,completed
DE-ORD-001017,DE-CUST-00263,DE,EUR,3.0,3.0,Automotive,25-May-2023,2023-05-31 13:52:28,False,,,completed
DE-ORD-001018,DE-CUST-00033,DE,EUR,3.0,3.0,Sports,19.04.2024,21-Apr-2024,False,,4.0,completed
DE-ORD-001019,DE-CUST-00205,DE,EUR,59.43,59.43,Automotive,2023-08-08 00:00:00,13-Aug-2023,False,,3.0,completed
DE-ORD-001020,DE-CUST-00596,DE,EUR,74.91,80.9,Health,2023-09-15 00:00:00,09/17/2023 15:11,False,,4.0,completed
DE-ORD-001021,DE-CUST-00185,DE,EUR,62.54,62.54,Automotive,24.12.2024,27.12.2024,False,,3.0,completed
DE-ORD-001022,DE-CUST-00396,DE,EUR,45.62,45.62,Beauty,03/16/2023 00:00,07-Apr-2023,False,,4.0,completed
DE-ORD-001023,DE-CUST-00017,DE,EUR,42.27,42.27,Automotive,12/08/2025 00:00,2025-12-10 04:43:27,False,,4.0,completed
DE-ORD-001024,DE-CUST-00102,DE,EUR,63.76,63.76,Health,08/21/2025 00:00,25.08.2025,False,,3.0,completed
DE-ORD-001025,DE-CUST-00248,DE,EUR,3.0,3.0,Automotive,11/26/2023 00:00,28-Nov-2023,False,,3.0,completed
DE-ORD-001026,DE-CUST-00107,DE,EUR,62.01,62.01,Fashion,2025-08-24 00:00:00,2025-08-26 13:04:24,False,,4.0,completed
DE-ORD-001027,DE-CUST-00139,DE,EUR,54.05,54.05,Toys,11/09/2025 00:00,12-Nov-2025,False,,4.0,completed
DE-ORD-001028,DE-CUST-00515,DE,EUR,72.41,72.41,Electronics,04/11/2024 00:00,14-Apr-2024,False,,4.0,completed
DE-ORD-001029,DE-CUST-00173,DE,EUR,34.77,34.77,Beauty,27.01.2023,01-Feb-2023,False,,,completed
DE-ORD-001030,DE-CUST-00488,DE,EUR,56.01,56.01,Home & Kitchen,24.08.2025,25-Aug-2025,True,07-Oct-2025,4.0,completed
DE-ORD-001031,DE-CUST-00304,DE,EUR,32.66,32.66,Sports,07/14/2023 00:00,07/18/2023 11:57,False,,,completed
DE-ORD-001032,DE-CUST-00106,DE,EUR,148.97,148.97,Home & Kitchen,2024-10-23 00:00:00,2024-10-25 07:41:00,False,,4.0,completed
DE-ORD-001033,DE-CUST-00438,DE,EUR,3.0,3.0,Toys,06.10.2024,10/10/2024 04:20,False,,3.0,completed
DE-ORD-001034,DE-CUST-00544,DE,EUR,41.26,41.26,Electronics,2025-10-09 00:00:00,,False,,,completed
DE-ORD-001035,DE-CUST-00496,DE,EUR,92.82,92.82,Health,19.02.2024,02/24/2024 00:15,False,,4.0,completed
DE-ORD-001036,DE-CUST-00553,DE,EUR,32.15,32.15,Electronics,05/27/2025 00:00,01.06.2025,False,,,completed
DE-ORD-001037,DE-CUST-00345,DE,EUR,36.48,36.48,Home & Kitchen,06-Jan-2025,2025-01-06 06:10:00,False,,,completed
DE-ORD-001038,DE-CUST-00148,DE,EUR,82.42,82.42,Toys,01-Oct-2023,10/02/2023 20:13,False,,,completed
DE-ORD-001039,DE-CUST-00386,DE,EUR,102.57,102.57,Health,14-Aug-2023,08/16/2023 22:16,False,,,completed
DE-ORD-001040,DE-CUST-00352,DE,EUR,87.94,94.98,Grocery,28.05.2024,06/02/2024 14:27,False,,3.0,completed
DE-ORD-001041,DE-CUST-00287,DE,EUR,43.49,43.49,Home & Kitchen,2025-06-28 00:00:00,2025-07-12 09:16:33,False,,5.0,completed
DE-ORD-001042,DE-CUST-00189,DE,EUR,39.98,39.98,Beauty,26.12.2023,2023-12-28 14:35:52,False,,,completed
DE-ORD-001043,DE-CUST-00168,DE,EUR,83.17,89.82,Fashion,28.05.2024,30.05.2024,False,,4.0,completed
DE-ORD-001044,DE-CUST-00207,DE,EUR,6.04,6.04,Beauty,12/21/2025 00:00,2025-12-27 19:42:57,False,,2.0,completed
DE-ORD-001045,DE-CUST-00559,DE,EUR,52.77,52.77,Grocery,01-Jun-2025,2025-06-04 10:49:50,False,,5.0,completed
DE-ORD-001046,DE-CUST-00375,DE,EUR,14.66,14.66,Toys,2023-07-25 00:00:00,31-Jul-2023,False,,4.0,completed
DE-ORD-001047,DE-CUST-00395,DE,EUR,80.85,80.85,Health,2023-12-20 00:00:00,22-Dec-2023,False,,4.0,completed
DE-ORD-001048,DE-CUST-00449,DE,EUR,37.51,37.51,Health,12/08/2025 00:00,,False,,,completed
DE-ORD-001049,DE-CUST-00016,DE,EUR,28.1,28.1,Toys,15.08.2024,08/18/2024 07:55,False,,3.0,completed
DE-ORD-001050,DE-CUST-00414,DE,EUR,27.47,29.67,Grocery,31.07.2023,08/04/2023 14:41,False,,,completed
DE-ORD-001051,DE-CUST-00245,DE,EUR,85.35,85.35,Sports,21.11.2025,26.11.2025,False,,2.0,completed
DE-ORD-001052,DE-CUST-00147,DE,EUR,105.44,105.44,Electronics,31.03.2024,15-Apr-2024,False,,3.0,completed
DE-ORD-001053,DE-CUST-00387,DE,EUR,137.02,137.02,Sports,10/13/2024 00:00,16.10.2024,False,,,completed
DE-ORD-001054,DE-CUST-00424,DE,EUR,12.85,12.85,Fashion,2024-12-21 00:00:00,29.12.2024,False,,5.0,completed
DE-ORD-001055,DE-CUST-00268,DE,EUR,33.15,35.8,Home & Kitchen,04.05.2023,06.05.2023,False,,4.0,completed
DE-ORD-001056,DE-CUST-00557,DE,EUR,65.12,65.12,Toys,05.08.2023,23.08.2023,True,20-Aug-2023,4.0,completed
DE-ORD-001057,DE-CUST-00280,DE,EUR,83.23,83.23,Beauty,08/21/2025 00:00,30-Aug-2025,False,,,completed
DE-ORD-001058,DE-CUST-00069,DE,EUR,73.81,79.71,Automotive,2025-12-10 00:00:00,12.12.2025,False,,5.0,completed
DE-ORD-001059,DE-CUST-00354,DE,EUR,40.9,40.9,Automotive,2023-12-18 00:00:00,,False,,,completed
DE-ORD-001060,DE-CUST-00511,DE,EUR,56.12,56.12,Grocery,2025-06-07 00:00:00,06/10/2025 19:16,False,,3.0,completed
DE-ORD-001061,DE-CUST-00169,DE,EUR,26.39,26.39,Books,10.10.2024,10/10/2024 21:11,False,,3.0,completed
DE-ORD-001062,DE-CUST-00110-DUP,DE,EUR,52.69,52.69,,31.12.2023,2024-01-03 19:37:39,False,,5.0,completed
DE-ORD-001063,DE-CUST-00335,DE,EUR,48.06,48.06,Toys,2025-06-21 00:00:00,03-Jul-2025,False,,,completed
DE-ORD-001064,DE-CUST-00252,DE,EUR,10.18,10.18,Home & Kitchen,04/11/2024 00:00,2024-04-15 05:16:56,False,,5.0,completed
DE-ORD-001065,DE-CUST-00288,DE,EUR,113.12,113.12,Grocery,11.12.2023,12/15/2023 13:33,False,,4.0,completed
DE-ORD-001066,DE-CUST-00575,DE,EUR,129.51,129.51,Grocery,20.04.2024,04/23/2024 23:57,False,,4.0,completed
DE-ORD-001067,DE-CUST-00098,DE,EUR,52.81,52.81,Beauty,09.02.2023,,False,,,completed
DE-ORD-001068,DE-CUST-00058,DE,EUR,39.01,42.13,Home & Kitchen,18.05.2024,,False,,,completed
DE-ORD-001069,DE-CUST-00216,DE,EUR,67.31,67.31,Grocery,12-Nov-2025,2025-11-18 09:20:46,False,,4.0,completed
DE-ORD-001070,DE-CUST-00109,DE,EUR,109.8,109.8,Electronics,2023-08-03 00:00:00,05.08.2023,False,,3.0,completed
DE-ORD-001071,DE-CUST-00403,DE,EUR,14.5,14.5,Sports,19.09.2025,,False,,,completed
DE-ORD-001072,DE-CUST-00414,DE,EUR,85.03,85.03,Toys,21-Dec-2025,12/24/2025 12:16,False,,4.0,completed
DE-ORD-001073,DE-CUST-00269,DE,EUR,71.89,71.89,Home & Kitchen,2025-06-25 00:00:00,2025-06-27 23:18:41,False,,5.0,completed
DE-ORD-001074,DE-CUST-00135,DE,EUR,61.43,61.43,,05.08.2023,08/10/2023 05:52,False,,3.0,cancelled
DE-ORD-001075,DE-CUST-00135,DE,EUR,91.96,91.96,Automotive,18-Mar-2024,22-Mar-2024,True,14.04.2024,4.0,completed
DE-ORD-001076,DE-CUST-00470,DE,EUR,3.0,3.0,Health,16.08.2024,2024-08-19 12:39:25,False,,5.0,completed
DE-ORD-001077,DE-CUST-00235,DE,EUR,85.04,85.04,Beauty,05/18/2023 00:00,22.05.2023,False,,,cancelled
DE-ORD-001078,DE-CUST-00185,DE,EUR,3.0,3.0,Beauty,02-Jan-2025,2025-01-21 10:03:49,False,,4.0,completed
DE-ORD-001079,DE-CUST-00278,DE,EUR,80.59,80.59,Electronics,17-Aug-2024,22-Aug-2024,False,,,completed
DE-ORD-001080,DE-CUST-00212-DUP,DE,EUR,59.5,59.5,,09.07.2025,2025-07-13 02:36:34,False,,4.0,completed
DE-ORD-001081,DE-CUST-00205,DE,EUR,27.5,27.5,Books,08.03.2025,03/08/2025 02:47,False,,,completed
DE-ORD-001082,DE-CUST-00300,DE,EUR,81.38,81.38,Beauty,2025-08-20 00:00:00,2025-08-23 18:15:43,False,,3.0,completed
DE-ORD-001083,DE-CUST-00514,DE,EUR,3.47,3.47,Books,14-Oct-2025,10/18/2025 10:40,True,11/25/2025 00:00,,completed
DE-ORD-001084,DE-CUST-00420,DE,EUR,54.9,54.9,Toys,05/20/2023 00:00,2023-05-24 08:02:50,False,,5.0,completed
DE-ORD-001085,DE-CUST-00460,DE,EUR,3.0,3.0,,2023-05-24 00:00:00,26.05.2023,False,,3.0,completed
DE-ORD-001086,DE-CUST-00120,DE,EUR,120.28,120.28,Books,02/27/2025 00:00,2025-02-28 01:05:22,False,,5.0,completed
DE-ORD-001087,DE-CUST-00414,DE,EUR,70.16,70.16,Health,2025-12-29 00:00:00,01.01.2026,False,,3.0,completed
DE-ORD-001088,DE-CUST-00063,DE,EUR,48.42,48.42,Fashion,21.08.2024,26.08.2024,False,,3.0,completed
DE-ORD-001089,DE-CUST-00445,DE,EUR,78.13,84.38,Beauty,02.05.2025,04-May-2025,False,,3.0,completed
DE-ORD-001090,DE-CUST-00455,DE,EUR,163.27,176.33,Sports,15.07.2023,,True,22.08.2023,,completed
DE-ORD-001091,DE-CUST-00455,DE,EUR,88.3,88.3,Beauty,02-Nov-2023,2023-11-07 04:57:35,False,,2.0,completed
DE-ORD-001092,DE-CUST-00211,DE,EUR,131.59,131.59,Health,21.04.2025,21.04.2025,False,,3.0,completed
DE-ORD-001093,DE-CUST-00491,DE,EUR,47.56,47.56,Automotive,09/21/2025 00:00,25.09.2025,False,,,completed
DE-ORD-001094,DE-CUST-00249,DE,EUR,73.31,73.31,Books,15-Apr-2025,18.04.2025,False,,4.0,completed
DE-ORD-001095,DE-CUST-00440,DE,EUR,27.84,27.84,Books,03-May-2023,05/04/2023 06:05,False,,4.0,completed
DE-ORD-001096,DE-CUST-00229,DE,EUR,91.36,91.36,Beauty,2024-10-25 00:00:00,,False,,,completed
DE-ORD-001097,DE-CUST-00406,DE,EUR,34.98,34.98,Books,20-Nov-2023,2023-11-24 12:56:28,False,,3.0,completed
DE-ORD-001098,DE-CUST-00458,DE,EUR,110.24,110.24,Grocery,30-Oct-2023,,False,,,completed
DE-ORD-001099,DE-CUST-00469,DE,EUR,73.03,73.03,Beauty,05/30/2025 00:00,01-Jun-2025,False,,4.0,completed
DE-ORD-001100,DE-CUST-00138,DE,EUR,89.58,89.58,Sports,02/18/2023 00:00,2023-02-20 11:21:36,False,,2.0,completed
DE-ORD-001101,DE-CUST-00237,DE,EUR,54.04,54.04,Electronics,2025-06-16 00:00:00,06/21/2025 18:33,False,,,completed
DE-ORD-001102,DE-CUST-00478,DE,EUR,108.57,108.57,Toys,09/24/2024 00:00,25.09.2024,False,,3.0,completed
DE-ORD-001103,DE-CUST-00359,DE,EUR,113.44,113.44,Beauty,2023-04-02 00:00:00,,False,,,completed
DE-ORD-001104,DE-CUST-00095,DE,EUR,84.35,84.35,Toys,01/14/2024 00:00,2024-01-16 13:49:17,False,,5.0,completed
DE-ORD-001105,DE-CUST-00183,DE,EUR,35.72,38.58,Toys,24.04.2023,29.04.2023,False,,4.0,completed
DE-ORD-001106,DE-CUST-00444,DE,EUR,74.58,74.58,Toys,2023-08-22 00:00:00,22.08.2023,False,,,completed
DE-ORD-001107,DE-CUST-00340,DE,EUR,3.0,3.0,Books,25-Jan-2023,,False,,,completed
DE-ORD-001108,DE-CUST-00418,DE,EUR,74.38,74.38,Beauty,2023-08-26 00:00:00,27-Aug-2023,False,,3.0,completed
DE-ORD-001109,DE-CUST-00160,DE,EUR,86.34,93.25,,03.03.2023,07.03.2023,False,,,completed
DE-ORD-001110,DE-CUST-00110-DUP,DE,EUR,59.77,59.77,Health,27-Mar-2025,31.03.2025,False,,3.0,completed
DE-ORD-001111,DE-CUST-00191,DE,EUR,51.47,51.47,Health,13.10.2024,18-Oct-2024,False,,4.0,completed
DE-ORD-001112,DE-CUST-00205,DE,EUR,69.8,69.8,Books,09-May-2023,15-May-2023,False,,,completed
DE-ORD-001113,DE-CUST-00202,DE,EUR,11.82,11.82,Automotive,27.05.2024,,False,,,completed
DE-ORD-001114,DE-CUST-00114,DE,EUR,128.23,128.23,Books,05/29/2024 00:00,,True,28-Jun-2024,,completed
DE-ORD-001115,DE-CUST-00441,DE,EUR,97.67,97.67,Fashion,03.05.2025,2025-05-05 00:38:50,False,,3.0,completed
DE-ORD-001116,DE-CUST-00276,DE,EUR,79.63,79.63,Home & Kitchen,2023-10-17 00:00:00,21-Oct-2023,True,2023-11-22 00:00:00,5.0,completed
DE-ORD-001117,DE-CUST-00257,DE,EUR,124.65,124.65,Fashion,06/25/2025 00:00,2025-06-28 09:34:18,False,,,completed
DE-ORD-001118,DE-CUST-00499,DE,EUR,110.36,110.36,Health,09/10/2024 00:00,2024-09-12 23:40:37,False,,4.0,cancelled
DE-ORD-001119,DE-CUST-00042,DE,EUR,72.88,72.88,Health,2023-01-30 00:00:00,2023-02-03 04:02:39,False,,,completed
DE-ORD-001120,DE-CUST-00049,DE,EUR,81.09,81.09,Beauty,30.01.2024,31.01.2024,False,,3.0,completed
DE-ORD-001121,DE-CUST-00188,DE,EUR,68.9,68.9,Books,2024-03-29 00:00:00,29-Mar-2024,False,,4.0,completed
DE-ORD-001122,DE-CUST-00076,DE,EUR,98.12,98.12,Fashion,05/21/2023 00:00,24.05.2023,False,,,completed
DE-ORD-001123,DE-CUST-00355,DE,EUR,22.4,22.4,Toys,08/18/2024 00:00,23.08.2024,False,,5.0,completed
DE-ORD-001124,DE-CUST-00076,DE,EUR,70.59,70.59,Electronics,11/22/2023 00:00,26.11.2023,False,,4.0,completed
DE-ORD-001125,DE-CUST-00378,DE,EUR,85.15,85.15,Electronics,01-Nov-2023,,False,,,completed
DE-ORD-001126,DE-CUST-00524,DE,EUR,63.69,63.69,Grocery,2024-12-25 00:00:00,29-Dec-2024,False,,,completed
DE-ORD-001127,DE-CUST-00405,DE,EUR,154.13,154.13,Automotive,07.08.2024,08.08.2024,False,,4.0,completed
DE-ORD-001128,DE-CUST-00330,DE,EUR,20.14,20.14,Sports,03/25/2025 00:00,03/30/2025 21:18,False,,3.0,completed
DE-ORD-001129,DE-CUST-00565,DE,EUR,10.16,10.16,Home & Kitchen,24-Sep-2023,,False,,,completed
DE-ORD-001130,DE-CUST-00257,DE,EUR,131.28,131.28,Home & Kitchen,12.07.2023,16.07.2023,False,,4.0,completed
DE-ORD-001131,DE-CUST-00530,DE,EUR,80.55,80.55,Health,08/31/2023 00:00,09/05/2023 14:56,False,,,completed
DE-ORD-001132,DE-CUST-00176,DE,EUR,31.78,31.78,Home & Kitchen,2024-07-25 00:00:00,28.07.2024,False,,3.0,completed
DE-ORD-001133,DE-CUST-00469,DE,EUR,20.62,20.62,Books,23-Feb-2025,26.02.2025,False,,5.0,completed
DE-ORD-001134,DE-CUST-00545,DE,EUR,86.53,86.53,Beauty,10/12/2023 00:00,10/16/2023 11:11,False,,4.0,completed
DE-ORD-001135,DE-CUST-00137,DE,EUR,84.89,84.89,Books,2024-12-06 00:00:00,2024-12-08 07:10:43,False,,,completed
DE-ORD-001136,DE-CUST-00018,DE,EUR,53.24,53.24,Grocery,07/19/2025 00:00,22-Jul-2025,False,,,completed
DE-ORD-001137,DE-CUST-00288,DE,EUR,75.55,75.55,Sports,08/09/2024 00:00,08/12/2024 23:31,False,,3.0,completed
DE-ORD-001138,DE-CUST-00437,DE,EUR,50.66,50.66,Beauty,04-Mar-2023,2023-03-12 05:40:47,False,,4.0,completed
DE-ORD-001139,DE-CUST-00052,DE,EUR,80.7,80.7,Toys,2023-04-13 00:00:00,16.04.2023,False,,3.0,completed
DE-ORD-001140,DE-CUST-00403,DE,EUR,60.03,60.03,,2023-05-06 00:00:00,09.05.2023,False,,2.0,completed
DE-ORD-001141,DE-CUST-00289,DE,EUR,5.36,5.36,Grocery,07/04/2025 00:00,06.07.2025,False,,,completed
DE-ORD-001142,DE-CUST-00488,DE,EUR,72.87,72.87,Automotive,09-Mar-2024,03/12/2024 03:23,False,,5.0,completed
DE-ORD-001143,DE-CUST-00288,DE,EUR,8.67,8.67,Grocery,22.07.2025,24.07.2025,True,09.08.2025,5.0,completed
DE-ORD-001144,DE-CUST-00500,DE,EUR,69.98,69.98,Beauty,13.03.2023,03/17/2023 19:51,False,,5.0,completed
DE-ORD-001145,DE-CUST-00457,DE,EUR,38.64,38.64,Sports,02-Feb-2023,02/05/2023 08:25,False,,3.0,completed
DE-ORD-001146,DE-CUST-00133,DE,EUR,3.0,3.0,Automotive,2025-02-24 00:00:00,02/27/2025 00:49,False,,4.0,completed
DE-ORD-001147,DE-CUST-00455,DE,EUR,85.54,85.54,Sports,11-Oct-2024,15-Oct-2024,False,,3.0,completed
DE-ORD-001148,DE-CUST-00230,DE,EUR,40.07,40.07,Health,20.05.2023,25-May-2023,False,,,completed
DE-ORD-001149,DE-CUST-00177,DE,EUR,46.1,46.1,Books,08/18/2024 00:00,2024-08-21 22:35:13,False,,4.0,completed
DE-ORD-001150,DE-CUST-00201,DE,EUR,120.55,120.55,Electronics,11-Nov-2024,11/15/2024 22:58,False,,2.0,completed
DE-ORD-001151,DE-CUST-00567,DE,EUR,19.87,19.87,Sports,12/24/2024 00:00,28-Dec-2024,False,,4.0,completed
DE-ORD-001152,DE-CUST-00417,DE,EUR,47.7,47.7,,04-Oct-2023,2023-10-09 00:33:45,True,2023-10-19 00:00:00,4.0,completed
DE-ORD-001153,DE-CUST-00043,DE,EUR,66.99,66.99,Home & Kitchen,20-Mar-2025,24.03.2025,False,,,completed
DE-ORD-001154,DE-CUST-00160,DE,EUR,50.75,50.75,,01/29/2023 00:00,03.02.2023,False,,3.0,completed
DE-ORD-001155,DE-CUST-00045,DE,EUR,89.96,89.96,Automotive,23.08.2024,08/28/2024 15:37,False,,2.0,completed
DE-ORD-001156,DE-CUST-00210,DE,EUR,51.95,51.95,Automotive,09/12/2023 00:00,2023-09-17 05:07:10,False,,,completed
DE-ORD-001157,DE-CUST-00133,DE,EUR,108.98,108.98,Grocery,03-Jun-2025,06-Jun-2025,False,,,completed
DE-ORD-001158,DE-CUST-00181-DUP,DE,EUR,37.08,40.05,Health,16-Nov-2024,11/20/2024 22:24,False,,5.0,completed
DE-ORD-001159,DE-CUST-00087,DE,EUR,20.74,22.4,Electronics,2024-06-09 00:00:00,06/10/2024 16:39,False,,4.0,completed
DE-ORD-001160,DE-CUST-00485,DE,EUR,88.92,88.92,Toys,06/25/2024 00:00,28-Jun-2024,False,,4.0,completed
DE-ORD-001161,DE-CUST-00250,DE,EUR,38.01,38.01,Grocery,2023-07-04 00:00:00,04.07.2023,False,,3.0,completed
DE-ORD-001162,DE-CUST-00456,DE,EUR,67.4,67.4,Beauty,14-Dec-2024,17.12.2024,False,,3.0,completed
DE-ORD-001163,DE-CUST-00229,DE,EUR,3.0,3.0,Electronics,17.10.2024,2024-10-19 17:29:34,False,,4.0,completed
DE-ORD-001164,DE-CUST-00209,DE,EUR,112.74,112.74,Sports,01-Mar-2025,2025-03-06 06:45:27,False,,3.0,completed
DE-ORD-001165,DE-CUST-00594,DE,EUR,21.16,21.16,Fashion,2024-04-29 00:00:00,03-May-2024,False,,4.0,completed
DE-ORD-001166,DE-CUST-00205,DE,EUR,80.21,86.63,Automotive,11-May-2023,11-May-2023,False,,3.0,completed
DE-ORD-001167,DE-CUST-00473,DE,EUR,63.87,63.87,Electronics,2023-08-30 00:00:00,,False,,,completed
DE-ORD-001168,DE-CUST-00487,DE,EUR,94.16,94.16,Fashion,10/23/2025 00:00,26.10.2025,False,,4.0,completed
DE-ORD-001169,DE-CUST-00557,DE,EUR,68.22,68.22,Home & Kitchen,17-Jan-2025,01/21/2025 12:40,False,,4.0,completed
DE-ORD-001170,DE-CUST-00393,DE,EUR,67.5,67.5,Electronics,2025-08-18 00:00:00,2025-08-21 02:20:19,False,,4.0,completed
DE-ORD-001171,DE-CUST-00131,DE,EUR,83.41,83.41,,10-Jan-2024,01/13/2024 21:37,False,,4.0,completed
DE-ORD-001172,DE-CUST-00085,DE,EUR,116.02,116.02,Grocery,02/04/2024 00:00,02/07/2024 21:32,True,03.03.2024,3.0,completed
DE-ORD-001173,DE-CUST-00484,DE,EUR,98.58,98.58,Health,19-May-2023,20.05.2023,True,21.06.2023,3.0,completed
DE-ORD-001174,DE-CUST-00559,DE,EUR,77.76,77.76,Books,16.01.2025,01/20/2025 06:35,False,,2.0,completed
DE-ORD-001175,DE-CUST-00181,DE,EUR,50.45,50.45,Toys,02/22/2023 00:00,02/24/2023 14:10,False,,,completed
DE-ORD-001176,DE-CUST-00109-DUP,DE,EUR,46.51,46.51,Home & Kitchen,31-Dec-2024,04-Jan-2025,False,,4.0,completed
DE-ORD-001177,DE-CUST-00034,DE,EUR,64.27,64.27,Toys,17-Nov-2023,19-Nov-2023,False,,2.0,completed
DE-ORD-001178,DE-CUST-00361,DE,EUR,118.97,118.97,Beauty,2025-11-30 00:00:00,,False,,,completed
DE-ORD-001179,DE-CUST-00346,DE,EUR,38.15,38.15,Health,2023-04-11 00:00:00,15.04.2023,False,,4.0,completed
DE-ORD-001180,DE-CUST-00430,DE,EUR,54.09,54.09,,17-Oct-2024,,False,,,completed
DE-ORD-001181,DE-CUST-00561,DE,EUR,36.82,36.82,Sports,16-Jun-2024,,False,,,completed
DE-ORD-001182,DE-CUST-00587,DE,EUR,69.62,69.62,Sports,25-Feb-2025,02/27/2025 18:01,False,,4.0,completed
DE-ORD-001183,DE-CUST-00174,DE,EUR,136.02,136.02,Grocery,2024-02-11 00:00:00,02/13/2024 08:50,False,,2.0,completed
DE-ORD-001184,DE-CUST-00295,DE,EUR,3.0,3.0,,02.06.2023,05.06.2023,False,,3.0,completed
DE-ORD-001185,DE-CUST-00484,DE,EUR,72.9,78.73,Fashion,12/04/2023 00:00,,False,,,completed
DE-ORD-001186,DE-CUST-00419-DUP,DE,EUR,4.08,4.08,Automotive,24-Feb-2023,24-Feb-2023,False,,4.0,completed
DE-ORD-001187,DE-CUST-00305,DE,EUR,70.15,70.15,,19-Apr-2025,21.04.2025,False,,2.0,completed
DE-ORD-001188,DE-CUST-00306,DE,EUR,82.91,82.91,Toys,19.04.2024,24-Apr-2024,False,,4.0,completed
DE-ORD-001189,DE-CUST-00399,DE,EUR,32.8,32.8,Grocery,2025-01-11 00:00:00,27.01.2025,False,,2.0,completed
DE-ORD-001190,DE-CUST-00161,DE,EUR,105.2,105.2,Automotive,2024-05-12 00:00:00,15.05.2024,False,,2.0,completed
DE-ORD-001191,DE-CUST-00083,DE,EUR,53.57,53.57,Sports,05-Nov-2025,09-Nov-2025,False,,,completed
DE-ORD-001192,DE-CUST-00029,DE,EUR,52.34,52.34,Automotive,2025-10-06 00:00:00,10/09/2025 02:04,False,,2.0,completed
DE-ORD-001193,DE-CUST-00033,DE,EUR,86.53,86.53,Books,26.01.2023,28-Jan-2023,False,,2.0,completed
DE-ORD-001194,DE-CUST-00480,DE,EUR,50.89,50.89,Automotive,2023-05-18 00:00:00,05/22/2023 23:19,False,,3.0,completed
DE-ORD-001195,DE-CUST-00207,DE,EUR,131.04,131.04,Automotive,21.01.2024,2024-01-25 03:26:34,False,,4.0,completed
DE-ORD-001196,DE-CUST-00190,DE,EUR,60.12,60.12,Books,2024-02-03 00:00:00,2024-02-06 09:32:30,False,,3.0,completed
DE-ORD-001197,DE-CUST-00149,DE,EUR,53.51,53.51,Health,01-Jan-2023,05.01.2023,False,,,completed
DE-ORD-001198,DE-CUST-00253,DE,EUR,29.44,29.44,Toys,10-Aug-2025,11-Aug-2025,False,,3.0,completed
DE-ORD-001199,DE-CUST-00011,DE,EUR,142.73,142.73,Electronics,2025-04-23 00:00:00,27-Apr-2025,False,,4.0,completed
DE-ORD-001200,DE-CUST-00027,DE,EUR,24.81,24.81,Sports,2024-08-21 00:00:00,25-Aug-2024,False,,3.0,cancelled
DE-ORD-001201,DE-CUST-00353,DE,EUR,73.14,73.14,Automotive,23.06.2025,06/25/2025 00:50,False,,4.0,completed
DE-ORD-001202,DE-CUST-00327,DE,EUR,48.89,48.89,Books,02/02/2023 00:00,04.02.2023,False,,4.0,completed
DE-ORD-001203,DE-CUST-00566,DE,EUR,6.57,6.57,Home & Kitchen,24-Jun-2025,2025-06-28 08:19:55,False,,4.0,completed
DE-ORD-001204,DE-CUST-00373,DE,EUR,31.57,31.57,Health,11/02/2025 00:00,04.11.2025,False,,3.0,completed
DE-ORD-001205,DE-CUST-00046,DE,EUR,75.72,75.72,Automotive,24-Nov-2024,08.12.2024,True,2024-12-23 00:00:00,4.0,completed
DE-ORD-001206,DE-CUST-00028,DE,EUR,131.99,131.99,Home & Kitchen,07/07/2025 00:00,17.07.2025,False,,2.0,completed
DE-ORD-001207,DE-CUST-00174,DE,EUR,96.39,96.39,Books,02.12.2025,12/08/2025 00:35,False,,4.0,completed
DE-ORD-001208,DE-CUST-00579,DE,EUR,23.67,23.67,Fashion,2025-08-26 00:00:00,,False,,,completed
DE-ORD-001209,DE-CUST-00513,DE,EUR,22.5,22.5,Books,12/19/2025 00:00,,False,,,completed
DE-ORD-001210,DE-CUST-00423,DE,EUR,13.65,13.65,Health,2025-05-20 00:00:00,05/23/2025 01:11,False,,3.0,completed
DE-ORD-001211,DE-CUST-00334,DE,EUR,69.82,69.82,Grocery,30.08.2025,01.09.2025,False,,,completed
DE-ORD-001212,DE-CUST-00012,DE,EUR,71.72,71.72,Books,07.01.2023,10-Jan-2023,False,,3.0,completed
DE-ORD-001213,DE-CUST-00154,DE,EUR,88.82,88.82,Health,11/03/2024 00:00,2024-11-06 10:14:39,True,05.12.2024,3.0,completed
DE-ORD-001214,DE-CUST-00293,DE,EUR,150.16,150.16,Sports,2025-10-28 00:00:00,11/01/2025 05:09,True,11/12/2025 00:00,3.0,completed
DE-ORD-001215,DE-CUST-00117,DE,EUR,118.78,118.78,Sports,2025-08-14 00:00:00,2025-09-06 06:18:19,False,,3.0,completed
DE-ORD-001216,DE-CUST-00046,DE,EUR,78.2,78.2,Toys,2025-01-21 00:00:00,2025-02-06 00:25:54,False,,3.0,completed
DE-ORD-001217,DE-CUST-00133,DE,EUR,57.44,57.44,Books,30-Sep-2024,,False,,,completed
DE-ORD-001218,DE-CUST-00518,DE,EUR,77.64,77.64,Toys,2023-03-18 00:00:00,03/22/2023 08:09,False,,4.0,completed
DE-ORD-001219,DE-CUST-00333,DE,EUR,18.99,18.99,Toys,2024-04-06 00:00:00,08.04.2024,False,,3.0,completed
DE-ORD-001220,DE-CUST-00188,DE,EUR,54.27,54.27,Beauty,09.12.2025,,False,,,completed
DE-ORD-001221,DE-CUST-00216,DE,EUR,20.81,20.81,Toys,2025-04-13 00:00:00,2025-04-15 23:07:59,False,,4.0,completed
DE-ORD-001222,DE-CUST-00448,DE,EUR,53.6,53.6,Grocery,2025-05-04 00:00:00,2025-05-08 04:34:29,False,,3.0,completed
DE-ORD-001223,DE-CUST-00407,DE,EUR,74.76,74.76,Grocery,25-Oct-2025,2025-10-28 03:46:29,False,,4.0,completed
DE-ORD-001224,DE-CUST-00098,DE,EUR,6.29,6.29,Beauty,30.07.2023,01.08.2023,False,,4.0,completed
DE-ORD-001225,DE-CUST-00158,DE,EUR,85.28,85.28,Sports,19.02.2025,24-Feb-2025,False,,3.0,completed
DE-ORD-001226,DE-CUST-00598,DE,EUR,121.22,121.22,Home & Kitchen,10.08.2023,12-Aug-2023,False,,5.0,completed
DE-ORD-001227,DE-CUST-00237,DE,EUR,96.06,96.06,Grocery,09/24/2024 00:00,,True,27-Oct-2024,,completed
DE-ORD-001228,DE-CUST-00271,DE,EUR,76.67,76.67,Grocery,20.11.2024,23.11.2024,False,,4.0,completed
DE-ORD-001229,DE-CUST-00353,DE,EUR,56.52,56.52,,05/04/2025 00:00,2025-05-07 00:56:20,False,,5.0,completed
DE-ORD-001230,DE-CUST-00474,DE,EUR,61.25,61.25,Automotive,2025-04-28 00:00:00,02.05.2025,True,2025-06-03 00:00:00,,completed
DE-ORD-001231,DE-CUST-00168,DE,EUR,56.44,56.44,Grocery,02.11.2025,11/18/2025 23:59,False,,,completed
DE-ORD-001232,DE-CUST-00276,DE,EUR,39.22,39.22,,2025-08-31 00:00:00,02.09.2025,False,,5.0,completed
DE-ORD-001233,DE-CUST-00202,DE,EUR,48.09,48.09,Fashion,06/10/2025 00:00,06/15/2025 21:38,False,,4.0,completed
DE-ORD-001234,DE-CUST-00074,DE,EUR,59.12,59.12,Home & Kitchen,2025-05-31 00:00:00,31.05.2025,False,,4.0,completed
DE-ORD-001235,DE-CUST-00376,DE,EUR,68.86,68.86,Sports,21-Dec-2024,26.12.2024,False,,5.0,completed
DE-ORD-001236,DE-CUST-00154,DE,EUR,38.97,38.97,Electronics,27-Oct-2025,10/31/2025 16:50,False,,4.0,completed
DE-ORD-001237,DE-CUST-00254,DE,EUR,105.79,105.79,Electronics,09/20/2024 00:00,09/24/2024 05:57,False,,2.0,completed
DE-ORD-001238,DE-CUST-00449,DE,EUR,59.09,59.09,Grocery,21.11.2023,22-Nov-2023,False,,3.0,completed
DE-ORD-001239,DE-CUST-00468,DE,EUR,102.24,102.24,Health,18.11.2024,21.11.2024,False,,5.0,completed
DE-ORD-001240,DE-CUST-00506,DE,EUR,77.99,77.99,Automotive,11/06/2023 00:00,11/07/2023 13:15,False,,1.0,completed
DE-ORD-001241,DE-CUST-00432,DE,EUR,70.65,70.65,Toys,05-Apr-2025,2025-04-08 04:17:55,False,,3.0,completed
DE-ORD-001242,DE-CUST-00211,DE,EUR,3.0,3.0,,2024-03-04 00:00:00,,False,,,completed
DE-ORD-001243,DE-CUST-00226,DE,EUR,57.61,57.61,Books,01/31/2023 00:00,,False,,,completed
DE-ORD-001244,DE-CUST-00138,DE,EUR,72.17,77.94,Fashion,2024-10-15 00:00:00,06.11.2024,False,,3.0,completed
DE-ORD-001245,DE-CUST-00246,DE,EUR,98.48,98.48,Health,30-Mar-2024,02.04.2024,False,,4.0,completed
DE-ORD-001246,DE-CUST-00386,DE,EUR,48.41,48.41,Books,13-Jul-2023,2023-07-18 02:34:49,False,,4.0,cancelled
DE-ORD-001247,DE-CUST-00178,DE,EUR,39.18,42.31,Home & Kitchen,05/10/2025 00:00,2025-05-13 11:34:01,False,,3.0,completed
DE-ORD-001248,DE-CUST-00436,DE,EUR,83.59,83.59,Health,2025-10-09 00:00:00,2025-10-25 17:31:40,False,,4.0,completed
DE-ORD-001249,DE-CUST-00595,DE,EUR,80.02,80.02,,16-May-2024,2024-05-19 13:11:19,True,2024-06-09 00:00:00,,completed
DE-ORD-001250,DE-CUST-00432,DE,EUR,116.18,116.18,Toys,06-Feb-2023,2023-02-10 15:51:53,True,12-Mar-2023,4.0,completed
DE-ORD-001251,DE-CUST-00167,DE,EUR,73.23,73.23,Electronics,2025-02-05 00:00:00,2025-02-08 22:38:38,False,,4.0,completed
DE-ORD-001252,DE-CUST-00010,DE,EUR,3.0,3.0,Beauty,06/25/2025 00:00,28-Jun-2025,True,07/18/2025 00:00,2.0,completed
DE-ORD-001253,DE-CUST-00181,DE,EUR,113.57,113.57,Books,17.04.2023,20-Apr-2023,False,,3.0,completed
DE-ORD-001254,DE-CUST-00338,DE,EUR,99.08,99.08,Books,11/17/2025 00:00,11/21/2025 03:12,True,07-Dec-2025,3.0,completed
DE-ORD-001255,DE-CUST-00303,DE,EUR,62.31,62.31,Home & Kitchen,02/29/2024 00:00,03/02/2024 23:56,False,,2.0,completed
DE-ORD-001256,DE-CUST-00318,DE,EUR,38.77,38.77,Grocery,28.08.2024,08/31/2024 05:23,False,,3.0,completed
DE-ORD-001257,DE-CUST-00409,DE,EUR,8.68,8.68,Health,19-Jul-2025,07/24/2025 05:27,False,,4.0,completed
DE-ORD-001258,DE-CUST-00557,DE,EUR,66.43,66.43,Beauty,12/07/2025 00:00,11.12.2025,False,,,completed
DE-ORD-001259,DE-CUST-00192,DE,EUR,35.05,35.05,,2025-01-09 00:00:00,13-Jan-2025,False,,3.0,completed
DE-ORD-001260,DE-CUST-00419-DUP,DE,EUR,30.93,30.93,Fashion,2023-10-24 00:00:00,,False,,,completed
DE-ORD-001261,DE-CUST-00085,DE,EUR,121.68,121.68,Beauty,05.03.2024,09-Mar-2024,False,,4.0,completed
DE-ORD-001262,DE-CUST-00170,DE,EUR,45.22,48.84,Automotive,07/05/2023 00:00,07/06/2023 02:29,False,,,completed
DE-ORD-001263,DE-CUST-00232,DE,EUR,121.63,121.63,Electronics,02/23/2025 00:00,01-Mar-2025,False,,5.0,completed
DE-ORD-001264,DE-CUST-00459,DE,EUR,52.24,56.42,Sports,2023-07-13 00:00:00,07/14/2023 18:25,False,,3.0,completed
DE-ORD-001265,DE-CUST-00586,DE,EUR,3.0,3.0,Books,27.08.2024,2024-08-30 08:08:03,False,,5.0,completed
DE-ORD-001266,DE-CUST-00340,DE,EUR,59.62,59.62,Automotive,31-May-2023,,False,,,completed
DE-ORD-001267,DE-CUST-00442,DE,EUR,117.27,117.27,Books,04/21/2024 00:00,04/23/2024 21:27,False,,5.0,completed
DE-ORD-001268,DE-CUST-00385,DE,EUR,140.7,140.7,Fashion,24-Jun-2024,06/27/2024 07:16,False,,,completed
DE-ORD-001269,DE-CUST-00375,DE,EUR,43.05,43.05,Toys,22-Apr-2023,2023-04-26 13:06:02,False,,,completed
DE-ORD-001270,DE-CUST-00131,DE,EUR,51.79,51.79,Fashion,11-Aug-2024,12.08.2024,False,,5.0,completed
DE-ORD-001271,DE-CUST-00536,DE,EUR,111.23,111.23,Books,2025-10-07 00:00:00,10.10.2025,False,,2.0,completed
DE-ORD-001272,DE-CUST-00512,DE,EUR,18.28,18.28,Fashion,25.05.2024,2024-06-05 15:51:36,True,14.06.2024,3.0,completed
DE-ORD-001273,DE-CUST-00076,DE,EUR,52.04,52.04,Toys,17-Sep-2024,,False,,,completed
DE-ORD-001274,DE-CUST-00325,DE,EUR,92.86,92.86,Fashion,2024-06-24 00:00:00,29-Jun-2024,False,,,completed
DE-ORD-001275,DE-CUST-00092,DE,EUR,27.36,27.36,Electronics,01-Sep-2025,,False,,,completed
DE-ORD-001276,DE-CUST-00226,DE,EUR,93.84,93.84,,2023-07-02 00:00:00,2023-07-12 04:07:50,False,,5.0,completed
DE-ORD-001277,DE-CUST-00419-DUP,DE,EUR,80.98,80.98,Fashion,05-Dec-2025,,False,,,completed
DE-ORD-001278,DE-CUST-00132,DE,EUR,85.52,85.52,,14-May-2025,,True,22.06.2025,,completed
DE-ORD-001279,DE-CUST-00176,DE,EUR,52.71,52.71,Health,15.06.2025,2025-07-02 12:30:51,False,,4.0,completed
DE-ORD-001280,DE-CUST-00147,DE,EUR,126.29,126.29,Fashion,23.05.2023,27.05.2023,False,,,completed
DE-ORD-001281,DE-CUST-00129,DE,EUR,61.84,61.84,Home & Kitchen,2025-12-17 00:00:00,2025-12-22 13:35:02,False,,,completed
DE-ORD-001282,DE-CUST-00118-DUP,DE,EUR,3.0,3.0,Health,15.05.2025,,False,,,completed
DE-ORD-001283,DE-CUST-00507,DE,EUR,90.9,90.9,Automotive,23.11.2024,26-Nov-2024,False,,4.0,completed
DE-ORD-001284,DE-CUST-00009,DE,EUR,67.45,67.45,Beauty,27-Oct-2024,31-Oct-2024,False,,3.0,completed
DE-ORD-001285,DE-CUST-00229,DE,EUR,86.68,86.68,Sports,24.10.2024,10/28/2024 23:47,False,,5.0,completed
DE-ORD-001286,DE-CUST-00046,DE,EUR,141.52,141.52,Fashion,10-May-2024,,False,,,completed
DE-ORD-001287,DE-CUST-00232,DE,EUR,75.41,75.41,Grocery,2024-10-19 00:00:00,,False,,,completed
DE-ORD-001288,DE-CUST-00480,DE,EUR,44.81,44.81,Sports,10/22/2024 00:00,25-Oct-2024,False,,5.0,completed
DE-ORD-001289,DE-CUST-00078,DE,EUR,41.78,41.78,Electronics,05-Sep-2025,09.09.2025,False,,4.0,completed
DE-ORD-001290,DE-CUST-00084,DE,EUR,58.27,58.27,Electronics,2024-10-16 00:00:00,,False,,,completed
DE-ORD-001291,DE-CUST-00335,DE,EUR,50.14,50.14,Health,25.03.2025,2025-03-27 20:33:16,False,,2.0,completed
DE-ORD-001292,DE-CUST-00407,DE,EUR,55.58,55.58,Grocery,2024-12-18 00:00:00,2024-12-20 18:43:16,False,,3.0,completed
DE-ORD-001293,DE-CUST-00275,DE,EUR,80.84,80.84,Automotive,2024-02-25 00:00:00,29.02.2024,True,2024-04-10 00:00:00,4.0,completed
DE-ORD-001294,DE-CUST-00055,DE,EUR,102.83,102.83,Home & Kitchen,19-Feb-2025,2025-02-23 08:43:12,False,,3.0,completed
DE-ORD-001295,DE-CUST-00567,DE,EUR,47.41,47.41,Fashion,02/17/2024 00:00,2024-02-20 23:15:41,False,,4.0,completed
DE-ORD-001296,DE-CUST-00219,DE,EUR,118.12,118.12,Beauty,25.11.2023,15-Dec-2023,False,,3.0,completed
DE-ORD-001297,DE-CUST-00178,DE,EUR,61.12,61.12,Fashion,28-May-2025,2025-06-01 12:09:23,False,,5.0,completed
DE-ORD-001298,DE-CUST-00103,DE,EUR,100.68,100.68,Beauty,09.10.2025,12-Oct-2025,False,,2.0,completed
DE-ORD-001299,DE-CUST-00267,DE,EUR,27.04,27.04,Automotive,2023-01-25 00:00:00,,False,,,completed
DE-ORD-001300,DE-CUST-00337,DE,EUR,78.0,84.24,Grocery,11/06/2025 00:00,07.11.2025,False,,,completed
DE-ORD-001301,DE-CUST-00560,DE,EUR,66.69,66.69,Beauty,06-Nov-2024,2024-11-10 10:43:26,False,,3.0,completed
DE-ORD-001302,DE-CUST-00227,DE,EUR,106.99,106.99,Toys,2024-04-03 00:00:00,05-Apr-2024,False,,5.0,completed
DE-ORD-001303,DE-CUST-00212,DE,EUR,44.73,44.73,Home & Kitchen,2023-05-27 00:00:00,2023-06-12 23:02:29,False,,3.0,completed
DE-ORD-001304,DE-CUST-00285,DE,EUR,61.38,61.38,Books,31.08.2025,2025-09-02 22:00:53,False,,,completed
DE-ORD-001305,DE-CUST-00571,DE,EUR,56.79,56.79,Home & Kitchen,01-Aug-2023,08/05/2023 00:01,False,,,completed
DE-ORD-001306,DE-CUST-00107,DE,EUR,58.5,58.5,Books,12/08/2025 00:00,11-Dec-2025,True,16.01.2026,2.0,completed
DE-ORD-001307,DE-CUST-00114,DE,EUR,79.88,79.88,Books,14-Dec-2025,12/17/2025 08:47,False,,5.0,completed
DE-ORD-001308,DE-CUST-00381,DE,EUR,29.3,29.3,Home & Kitchen,2024-01-16 00:00:00,,True,02/25/2024 00:00,,completed
DE-ORD-001309,DE-CUST-00448,DE,EUR,88.49,88.49,Grocery,06/02/2023 00:00,06/06/2023 00:28,False,,3.0,completed
DE-ORD-001310,DE-CUST-00375,DE,EUR,6.87,6.87,Beauty,16.07.2023,21.07.2023,False,,5.0,completed
DE-ORD-001311,DE-CUST-00364,DE,EUR,3.0,3.0,Grocery,19.06.2025,,False,,,completed
DE-ORD-001312,DE-CUST-00523,DE,EUR,128.24,128.24,Health,2025-11-05 00:00:00,07.11.2025,False,,3.0,completed
DE-ORD-001313,DE-CUST-00503,DE,EUR,54.26,54.26,Automotive,02-Jan-2024,03.01.2024,True,02/15/2024 00:00,2.0,completed
DE-ORD-001314,DE-CUST-00301,DE,EUR,105.0,105.0,Books,2023-12-06 00:00:00,12/06/2023 17:39,False,,4.0,completed
DE-ORD-001315,DE-CUST-00062,DE,EUR,98.69,98.69,Beauty,25-Apr-2024,2024-04-26 07:45:21,False,,,completed
DE-ORD-001316,DE-CUST-00181-DUP,DE,EUR,29.88,29.88,Fashion,22.04.2024,2024-04-27 07:40:28,False,,,completed
DE-ORD-001317,DE-CUST-00499,DE,EUR,85.25,85.25,Electronics,27-Mar-2024,2024-03-29 13:46:39,False,,5.0,completed
DE-ORD-001318,DE-CUST-00293,DE,EUR,110.85,110.85,Electronics,13.08.2025,08/16/2025 21:41,True,08/31/2025 00:00,,completed
DE-ORD-001319,DE-CUST-00441,DE,EUR,30.79,30.79,Grocery,03.04.2023,15.04.2023,False,,4.0,completed
DE-ORD-001320,DE-CUST-00024,DE,EUR,57.83,57.83,Home & Kitchen,14.05.2024,18.05.2024,True,11.06.2024,2.0,completed
DE-ORD-001321,DE-CUST-00035,DE,EUR,8.22,8.22,Toys,24.03.2024,2024-03-27 18:30:40,False,,,completed
DE-ORD-001322,DE-CUST-00424,DE,EUR,46.32,46.32,Beauty,16.02.2023,18.02.2023,True,2023-03-20 00:00:00,2.0,completed
DE-ORD-001323,DE-CUST-00189,DE,EUR,65.74,65.74,Books,2025-06-10 00:00:00,2025-06-13 10:06:02,False,,4.0,completed
DE-ORD-001324,DE-CUST-00333,DE,EUR,67.62,67.62,Electronics,17-Jun-2024,2024-06-20 07:13:34,False,,,completed
DE-ORD-001325,DE-CUST-00234-DUP,DE,EUR,109.73,109.73,Electronics,07/28/2024 00:00,2024-07-29 12:45:04,False,,4.0,completed
DE-ORD-001326,DE-CUST-00551,DE,EUR,3.0,3.24,Fashion,2023-02-19 00:00:00,2023-02-21 05:49:08,False,,3.0,completed
DE-ORD-001327,DE-CUST-00005,DE,EUR,94.71,94.71,Electronics,2025-09-07 00:00:00,10.09.2025,False,,4.0,cancelled
DE-ORD-001328,DE-CUST-00541,DE,EUR,22.94,22.94,,08/24/2024 00:00,27.08.2024,False,,3.0,completed
DE-ORD-001329,DE-CUST-00288,DE,EUR,79.57,79.57,Books,21-Jun-2025,23.06.2025,False,,5.0,completed
DE-ORD-001330,DE-CUST-00091,DE,EUR,3.0,3.0,Grocery,2024-10-09 00:00:00,2024-10-22 06:57:55,False,,5.0,completed
DE-ORD-001331,DE-CUST-00023,DE,EUR,48.46,48.46,Toys,07.08.2023,08.08.2023,True,2023-09-12 00:00:00,4.0,completed
DE-ORD-001332,DE-CUST-00281,DE,EUR,46.94,46.94,Electronics,23-Nov-2024,2024-11-25 05:54:31,False,,3.0,completed
DE-ORD-001333,DE-CUST-00160,DE,EUR,170.2,170.2,Toys,09/18/2025 00:00,2025-09-21 02:56:38,False,,,completed
DE-ORD-001334,DE-CUST-00299,DE,EUR,3.0,3.0,Toys,28.07.2025,02.08.2025,False,,4.0,completed
DE-ORD-001335,DE-CUST-00555,DE,EUR,35.87,35.87,Sports,05/08/2025 00:00,05/10/2025 02:24,False,,,completed
DE-ORD-001336,DE-CUST-00285,DE,EUR,90.59,90.59,Fashion,18-May-2023,21-May-2023,False,,2.0,completed
DE-ORD-001337,DE-CUST-00542,DE,EUR,132.92,132.92,Automotive,18.11.2023,2023-11-20 20:22:34,False,,5.0,completed
DE-ORD-001338,DE-CUST-00593,DE,EUR,113.58,113.58,Automotive,01/11/2023 00:00,12.01.2023,False,,,completed
DE-ORD-001339,DE-CUST-00249,DE,EUR,104.26,104.26,Health,15-Aug-2024,17-Aug-2024,False,,2.0,completed
DE-ORD-001340,DE-CUST-00254,DE,EUR,48.87,48.87,Toys,04.09.2025,08-Sep-2025,False,,3.0,completed
DE-ORD-001341,DE-CUST-00457,DE,EUR,53.33,53.33,Fashion,19.12.2024,24-Dec-2024,False,,4.0,completed
DE-ORD-001342,DE-CUST-00194,DE,EUR,32.95,32.95,Toys,26.07.2025,2025-07-30 13:16:23,False,,4.0,completed
DE-ORD-001343,DE-CUST-00015,DE,EUR,3.0,3.0,Home & Kitchen,02.06.2024,06/06/2024 03:25,False,,4.0,completed
DE-ORD-001344,DE-CUST-00217,DE,EUR,65.76,65.76,Books,05-Jul-2025,,False,,,completed
DE-ORD-001345,DE-CUST-00363,DE,EUR,39.45,39.45,Sports,12-Sep-2024,16-Sep-2024,False,,2.0,completed
DE-ORD-001346,DE-CUST-00262,DE,EUR,80.47,80.47,Electronics,16.08.2025,2025-08-22 10:18:36,False,,,completed
DE-ORD-001347,DE-CUST-00562,DE,EUR,27.2,27.2,Grocery,18.10.2024,11/06/2024 08:38,False,,3.0,completed
DE-ORD-001348,DE-CUST-00188,DE,EUR,69.94,69.94,Grocery,2024-11-20 00:00:00,21-Nov-2024,False,,4.0,completed
DE-ORD-001349,DE-CUST-00481,DE,EUR,97.18,97.18,Electronics,11/14/2024 00:00,11/18/2024 07:14,False,,2.0,completed
DE-ORD-001350,DE-CUST-00436,DE,EUR,102.82,102.82,Grocery,20-Oct-2023,24-Oct-2023,True,26.11.2023,,completed
DE-ORD-001351,DE-CUST-00270,DE,EUR,96.55,96.55,Toys,04/19/2025 00:00,04/23/2025 01:25,False,,,completed
DE-ORD-001352,DE-CUST-00407,DE,EUR,73.37,73.37,Beauty,2024-08-07 00:00:00,,False,,,completed
DE-ORD-001353,DE-CUST-00294,DE,EUR,138.09,138.09,Grocery,2024-04-03 00:00:00,05.04.2024,False,,5.0,completed
DE-ORD-001354,DE-CUST-00180,DE,EUR,61.72,61.72,Beauty,08.03.2025,11.03.2025,True,18-Apr-2025,2.0,completed
DE-ORD-001355,DE-CUST-00213,DE,EUR,54.18,54.18,Automotive,2025-03-06 00:00:00,08-Mar-2025,False,,3.0,completed
DE-ORD-001356,DE-CUST-00491,DE,EUR,23.27,23.27,Electronics,05.04.2023,07.04.2023,False,,3.0,completed
DE-ORD-001357,DE-CUST-00388,DE,EUR,68.68,68.68,Automotive,04.06.2025,05.06.2025,False,,2.0,completed
DE-ORD-001358,DE-CUST-00109,DE,EUR,78.75,78.75,Fashion,08/30/2023 00:00,01.09.2023,False,,5.0,completed
DE-ORD-001359,DE-CUST-00193,DE,EUR,73.56,73.56,Sports,07/13/2023 00:00,17.07.2023,False,,5.0,completed
DE-ORD-001360,DE-CUST-00222,DE,EUR,53.23,53.23,Books,02.05.2023,04-May-2023,False,,4.0,completed
DE-ORD-001361,DE-CUST-00248,DE,EUR,84.36,84.36,Grocery,01-Mar-2024,04.03.2024,False,,5.0,completed
DE-ORD-001362,DE-CUST-00459,DE,EUR,56.93,56.93,Sports,09-May-2024,12.05.2024,True,2024-05-31 00:00:00,4.0,completed
DE-ORD-001363,DE-CUST-00360,DE,EUR,29.49,31.85,Grocery,06/12/2023 00:00,15-Jun-2023,False,,5.0,completed
DE-ORD-001364,DE-CUST-00477,DE,EUR,81.91,81.91,Automotive,06/27/2025 00:00,30.06.2025,False,,3.0,completed
DE-ORD-001365,DE-CUST-00539,DE,EUR,77.57,77.57,Grocery,02-Aug-2025,06.08.2025,False,,4.0,completed
DE-ORD-001366,DE-CUST-00453,DE,EUR,52.39,52.39,Grocery,03-Nov-2025,06-Nov-2025,False,,4.0,completed
DE-ORD-001367,DE-CUST-00324,DE,EUR,26.73,26.73,Automotive,05-Dec-2023,08-Dec-2023,False,,2.0,completed
DE-ORD-001368,DE-CUST-00070,DE,EUR,83.34,83.34,Electronics,11/18/2025 00:00,22.11.2025,True,2025-12-31 00:00:00,4.0,completed
DE-ORD-001369,DE-CUST-00541,DE,EUR,49.99,49.99,Beauty,2024-07-27 00:00:00,2024-07-30 23:07:32,False,,5.0,completed
DE-ORD-001370,DE-CUST-00081,DE,EUR,118.72,118.72,Beauty,2025-03-21 00:00:00,2025-03-24 10:56:59,False,,,completed
DE-ORD-001371,DE-CUST-00058,DE,EUR,70.29,70.29,Health,2024-10-24 00:00:00,10/29/2024 03:59,False,,2.0,completed
DE-ORD-001372,DE-CUST-00238,DE,EUR,52.72,52.72,Grocery,2023-05-15 00:00:00,20-May-2023,False,,4.0,completed
DE-ORD-001373,DE-CUST-00005,DE,EUR,79.03,79.03,Grocery,2023-08-01 00:00:00,02-Aug-2023,False,,4.0,completed
DE-ORD-001374,DE-CUST-00267,DE,EUR,42.58,42.58,Automotive,2024-08-15 00:00:00,08/18/2024 23:55,False,,3.0,completed
DE-ORD-001375,DE-CUST-00054,DE,EUR,26.02,26.02,Fashion,05/01/2025 00:00,01.05.2025,False,,,completed
DE-ORD-001376,DE-CUST-00482,DE,EUR,111.43,120.34,Fashion,2024-10-03 00:00:00,05.10.2024,False,,4.0,completed
DE-ORD-001377,DE-CUST-00115,DE,EUR,64.91,64.91,Electronics,05.03.2023,2023-03-06 21:34:20,False,,,completed
DE-ORD-001378,DE-CUST-00280,DE,EUR,17.16,17.16,Electronics,12-Apr-2025,13-Apr-2025,False,,,completed
DE-ORD-001379,DE-CUST-00279,DE,EUR,37.52,37.52,,06/14/2025 00:00,18.06.2025,False,,3.0,completed
DE-ORD-001380,DE-CUST-00112,DE,EUR,131.37,131.37,Sports,31-Mar-2025,05.04.2025,False,,4.0,completed
DE-ORD-001381,DE-CUST-00099,DE,EUR,60.45,60.45,Fashion,12-Jun-2024,17-Jun-2024,False,,3.0,completed
DE-ORD-001382,DE-CUST-00411,DE,EUR,63.81,63.81,Fashion,13-Feb-2023,16.02.2023,False,,4.0,completed
DE-ORD-001383,DE-CUST-00140,DE,EUR,89.2,89.2,Books,20.02.2025,22.02.2025,False,,,completed
DE-ORD-001384,DE-CUST-00044,DE,EUR,44.75,44.75,Grocery,2025-04-08 00:00:00,,False,,,completed
DE-ORD-001385,DE-CUST-00258,DE,EUR,92.18,92.18,Beauty,11-Sep-2023,13-Sep-2023,False,,2.0,completed
DE-ORD-001386,DE-CUST-00455,DE,EUR,57.12,57.12,Sports,20-Oct-2023,2023-10-24 10:26:48,False,,,completed
DE-ORD-001387,DE-CUST-00225,DE,EUR,133.61,133.61,Grocery,10-Jun-2023,,False,,,completed
DE-ORD-001388,DE-CUST-00320,DE,EUR,48.79,48.79,Home & Kitchen,25.08.2025,27-Aug-2025,False,,5.0,completed
DE-ORD-001389,DE-CUST-00468,DE,EUR,63.67,68.76,Fashion,29.07.2025,,False,,,completed
DE-ORD-001390,DE-CUST-00256,DE,EUR,86.23,86.23,Health,08/16/2023 00:00,,False,,,completed
DE-ORD-001391,DE-CUST-00134,DE,EUR,18.47,19.95,Books,2025-01-23 00:00:00,12-Feb-2025,False,,5.0,completed
DE-ORD-001392,DE-CUST-00154,DE,EUR,79.6,85.97,Home & Kitchen,2023-11-23 00:00:00,2023-11-26 15:52:45,False,,3.0,completed
DE-ORD-001393,DE-CUST-00287,DE,EUR,76.1,76.1,Home & Kitchen,2025-07-15 00:00:00,07/18/2025 22:05,False,,4.0,completed
DE-ORD-001394,DE-CUST-00293,DE,EUR,69.36,69.36,Home & Kitchen,29-Jul-2023,,False,,,completed
DE-ORD-001395,DE-CUST-00414,DE,EUR,65.88,65.88,Automotive,03/11/2025 00:00,2025-03-13 00:47:39,False,,3.0,completed
DE-ORD-001396,DE-CUST-00366,DE,EUR,3.0,3.24,Toys,18-Mar-2024,,False,,,completed
DE-ORD-001397,DE-CUST-00246,DE,EUR,97.78,97.78,Fashion,20-Mar-2023,03/22/2023 06:07,False,,3.0,completed
DE-ORD-001398,DE-CUST-00078,DE,EUR,40.8,40.8,Books,31-Jan-2025,2025-02-05 19:31:54,False,,,completed
DE-ORD-001399,DE-CUST-00197,DE,EUR,11.04,11.04,Automotive,07-Nov-2023,10.11.2023,False,,,completed
DE-ORD-001400,DE-CUST-00062,DE,EUR,60.88,60.88,Home & Kitchen,04/22/2023 00:00,26-Apr-2023,False,,4.0,completed
DE-ORD-001401,DE-CUST-00572,DE,EUR,3.0,3.0,,19-Jul-2024,2024-07-22 02:57:35,False,,3.0,completed
DE-ORD-001402,DE-CUST-00057,DE,EUR,68.02,68.02,Fashion,2025-10-16 00:00:00,10/21/2025 15:37,False,,2.0,completed
DE-ORD-001403,DE-CUST-00577,DE,EUR,34.59,34.59,Toys,06/14/2025 00:00,16.06.2025,False,,3.0,completed
DE-ORD-001404,DE-CUST-00546,DE,EUR,93.12,93.12,Sports,12-Jan-2023,15.01.2023,False,,4.0,completed
DE-ORD-001405,DE-CUST-00289,DE,EUR,41.22,41.22,Sports,25-Feb-2025,02/28/2025 20:16,False,,4.0,completed
DE-ORD-001406,DE-CUST-00542,DE,EUR,37.17,40.14,Books,2023-04-15 00:00:00,2023-04-19 16:07:44,False,,4.0,completed
DE-ORD-001407,DE-CUST-00051,DE,EUR,104.73,104.73,Toys,2025-07-21 00:00:00,2025-08-04 04:44:55,False,,4.0,completed
DE-ORD-001408,DE-CUST-00391,DE,EUR,63.46,63.46,Grocery,11/02/2024 00:00,2024-11-05 08:32:10,False,,4.0,completed
DE-ORD-001409,DE-CUST-00143,DE,EUR,85.4,85.4,Books,23.10.2025,24.10.2025,False,,5.0,completed
DE-ORD-001410,DE-CUST-00522,DE,EUR,3.0,3.0,Electronics,27-Jan-2025,29.01.2025,False,,4.0,completed
DE-ORD-001411,DE-CUST-00104,DE,EUR,80.67,80.67,Electronics,12/08/2024 00:00,21.12.2024,True,23.12.2024,2.0,completed
DE-ORD-001412,DE-CUST-00594,DE,EUR,45.71,45.71,Grocery,01/07/2023 00:00,07.01.2023,False,,4.0,completed
DE-ORD-001413,DE-CUST-00458,DE,EUR,75.32,75.32,Grocery,11/12/2023 00:00,17-Nov-2023,False,,4.0,completed
DE-ORD-001414,DE-CUST-00052,DE,EUR,104.67,104.67,Electronics,20.02.2024,24.02.2024,False,,3.0,completed
DE-ORD-001415,DE-CUST-00088,DE,EUR,11.46,11.46,Electronics,04/22/2025 00:00,05/03/2025 21:54,False,,2.0,completed
DE-ORD-001416,DE-CUST-00437,DE,EUR,114.22,114.22,Automotive,23.05.2023,26.05.2023,False,,5.0,completed
DE-ORD-001417,DE-CUST-00381,DE,EUR,46.75,46.75,Fashion,04-Feb-2024,07.02.2024,False,,4.0,completed
DE-ORD-001418,DE-CUST-00238,DE,EUR,63.29,63.29,,2023-08-29 00:00:00,31.08.2023,False,,4.0,completed
DE-ORD-001419,DE-CUST-00215,DE,EUR,29.81,32.19,Toys,09/07/2025 00:00,2025-09-08 16:27:37,False,,5.0,completed
DE-ORD-001420,DE-CUST-00157,DE,EUR,92.63,100.04,Health,27-Nov-2025,30-Nov-2025,True,16.12.2025,5.0,cancelled
DE-ORD-001421,DE-CUST-00041,DE,EUR,54.82,54.82,Electronics,12-Jan-2023,17-Jan-2023,False,,4.0,completed
DE-ORD-001422,DE-CUST-00207,DE,EUR,26.06,26.06,Electronics,07-Mar-2025,13-Mar-2025,False,,,completed
DE-ORD-001423,DE-CUST-00150,DE,EUR,102.65,102.65,Beauty,12/31/2024 00:00,2025-01-03 07:38:35,False,,,completed
DE-ORD-001424,DE-CUST-00370,DE,EUR,92.63,100.04,Automotive,2023-03-30 00:00:00,11.04.2023,False,,4.0,completed
DE-ORD-001425,DE-CUST-00178,DE,EUR,3.0,3.0,Home & Kitchen,2025-03-22 00:00:00,23-Mar-2025,False,,4.0,completed
DE-ORD-001426,DE-CUST-00064,DE,EUR,55.51,55.51,,03/04/2025 00:00,07-Mar-2025,False,,,completed
DE-ORD-001427,DE-CUST-00023,DE,EUR,13.82,13.82,Sports,07-Apr-2023,04/13/2023 06:31,False,,5.0,completed
DE-ORD-001428,DE-CUST-00453,DE,EUR,57.37,57.37,Grocery,2023-06-03 00:00:00,05.06.2023,False,,5.0,completed
DE-ORD-001429,DE-CUST-00264,DE,EUR,140.33,140.33,Health,26.03.2023,2023-03-30 22:20:07,False,,5.0,completed
DE-ORD-001430,DE-CUST-00426,DE,EUR,29.95,29.95,Health,22.07.2025,24.07.2025,False,,3.0,completed
DE-ORD-001431,DE-CUST-00424,DE,EUR,81.79,81.79,Home & Kitchen,26.07.2025,07/29/2025 18:19,True,2025-08-26 00:00:00,3.0,completed
DE-ORD-001432,DE-CUST-00216,DE,EUR,95.75,95.75,Sports,02-Sep-2025,,False,,,completed
DE-ORD-001433,DE-CUST-00327,DE,EUR,7.02,7.02,Beauty,15-Nov-2024,2024-12-07 14:30:32,False,,4.0,completed
DE-ORD-001434,DE-CUST-00489,DE,EUR,47.23,47.23,Beauty,21.07.2023,2023-07-23 07:15:52,False,,,completed
DE-ORD-001435,DE-CUST-00557,DE,EUR,103.7,103.7,Sports,10/09/2023 00:00,10.10.2023,False,,3.0,completed
DE-ORD-001436,DE-CUST-00014,DE,EUR,77.49,83.69,Books,21-Mar-2023,23-Mar-2023,False,,4.0,completed
DE-ORD-001437,DE-CUST-00142,DE,EUR,43.38,43.38,Sports,2025-04-01 00:00:00,06.04.2025,False,,,completed
DE-ORD-001438,DE-CUST-00307,DE,EUR,60.22,60.22,Health,09/21/2025 00:00,25.09.2025,False,,4.0,completed
DE-ORD-001439,DE-CUST-00430,DE,EUR,41.15,41.15,Toys,14-May-2025,2025-05-14 10:04:28,False,,,completed
DE-ORD-001440,DE-CUST-00238,DE,EUR,78.71,78.71,Toys,31-Mar-2023,2023-04-16 14:36:08,False,,4.0,completed
DE-ORD-001441,DE-CUST-00399,DE,EUR,56.39,56.39,Beauty,12/12/2025 00:00,12/14/2025 20:30,False,,5.0,completed
DE-ORD-001442,DE-CUST-00061,DE,EUR,9.05,9.05,Toys,06/01/2024 00:00,06/05/2024 14:25,False,,,completed
DE-ORD-001443,DE-CUST-00312,DE,EUR,43.17,43.17,Grocery,02/02/2025 00:00,04.02.2025,False,,3.0,completed
DE-ORD-001444,DE-CUST-00079,DE,EUR,34.47,37.23,Beauty,09/12/2025 00:00,,False,,,completed
DE-ORD-001445,DE-CUST-00037,DE,EUR,117.84,117.84,Sports,2025-04-24 00:00:00,2025-04-28 04:55:13,False,,4.0,cancelled
DE-ORD-001446,DE-CUST-00254,DE,EUR,27.52,27.52,Toys,2023-08-06 00:00:00,10.08.2023,False,,,completed
DE-ORD-001447,DE-CUST-00160,DE,EUR,146.94,146.94,Health,2025-08-29 00:00:00,08/31/2025 22:17,False,,3.0,completed
DE-ORD-001448,DE-CUST-00406,DE,EUR,43.68,43.68,Home & Kitchen,06.10.2024,10/27/2024 18:22,True,11/14/2024 00:00,1.0,completed
DE-ORD-001449,DE-CUST-00413,DE,EUR,80.39,80.39,Automotive,2025-03-29 00:00:00,,False,,,completed
DE-ORD-001450,DE-CUST-00416,DE,EUR,3.81,3.81,Fashion,10.10.2025,2025-10-14 15:06:53,False,,,completed
DE-ORD-001451,DE-CUST-00423,DE,EUR,23.88,23.88,Toys,27.07.2025,29.07.2025,False,,5.0,completed
DE-ORD-001452,DE-CUST-00269,DE,EUR,11.45,11.45,Books,2025-06-01 00:00:00,06/02/2025 04:49,False,,4.0,completed
DE-ORD-001453,DE-CUST-00562,DE,EUR,108.68,108.68,Electronics,22-Apr-2025,23.04.2025,False,,,completed
DE-ORD-001454,DE-CUST-00330,DE,EUR,80.49,86.93,Books,10/07/2025 00:00,2025-10-11 08:54:57,False,,2.0,completed
DE-ORD-001455,DE-CUST-00280,DE,EUR,95.34,95.34,Home & Kitchen,12/20/2025 00:00,,False,,,completed
DE-ORD-001456,DE-CUST-00148,DE,EUR,53.15,53.15,Home & Kitchen,19.05.2024,24.05.2024,False,,5.0,completed
DE-ORD-001457,DE-CUST-00055,DE,EUR,68.92,68.92,Health,24.07.2025,26-Jul-2025,False,,,completed
DE-ORD-001458,DE-CUST-00522,DE,EUR,28.03,28.03,Grocery,08/25/2025 00:00,28-Aug-2025,False,,4.0,completed
DE-ORD-001459,DE-CUST-00076,DE,EUR,52.68,52.68,Fashion,2024-08-28 00:00:00,,False,,,completed
DE-ORD-001460,DE-CUST-00265,DE,EUR,113.21,113.21,Health,06/24/2025 00:00,06/27/2025 18:50,False,,3.0,completed
DE-ORD-001461,DE-CUST-00184,DE,EUR,97.57,105.38,Home & Kitchen,26.10.2025,31-Oct-2025,False,,,completed
DE-ORD-001462,DE-CUST-00267,DE,EUR,3.0,3.0,Electronics,05/27/2023 00:00,2023-05-31 03:38:00,False,,2.0,completed
DE-ORD-001463,DE-CUST-00478,DE,EUR,83.97,83.97,Toys,2024-12-19 00:00:00,12/31/2024 16:36,False,,4.0,completed
DE-ORD-001464,DE-CUST-00330,DE,EUR,46.03,46.03,Toys,11-Feb-2023,02/11/2023 16:33,False,,3.0,completed
DE-ORD-001465,DE-CUST-00535,DE,EUR,80.46,80.46,Books,07/05/2024 00:00,07/10/2024 00:33,False,,3.0,completed
DE-ORD-001466,DE-CUST-00262,DE,EUR,104.03,104.03,Fashion,26.07.2023,07/28/2023 12:40,False,,4.0,completed
DE-ORD-001467,DE-CUST-00379,DE,EUR,45.62,45.62,Automotive,2025-10-31 00:00:00,03-Nov-2025,True,16.11.2025,4.0,completed
DE-ORD-001468,DE-CUST-00207,DE,EUR,18.37,18.37,Toys,09/24/2023 00:00,26-Sep-2023,False,,4.0,completed
DE-ORD-001469,DE-CUST-00247,DE,EUR,156.26,156.26,,16-Jul-2025,2025-07-18 04:55:30,False,,5.0,completed
DE-ORD-001470,DE-CUST-00199,DE,EUR,141.17,141.17,Grocery,25-Nov-2025,11/28/2025 08:29,False,,3.0,completed
DE-ORD-001471,DE-CUST-00229,DE,EUR,38.7,38.7,Health,11.08.2023,2023-08-14 09:32:40,False,,2.0,completed
DE-ORD-001472,DE-CUST-00323,DE,EUR,62.1,62.1,Health,11.11.2023,2023-11-16 17:53:15,False,,3.0,completed
DE-ORD-001473,DE-CUST-00229,DE,EUR,55.85,55.85,Grocery,08/04/2024 00:00,04-Aug-2024,False,,4.0,completed
DE-ORD-001474,DE-CUST-00506,DE,EUR,75.05,75.05,Grocery,25.05.2023,2023-05-28 14:17:35,False,,3.0,completed
DE-ORD-001475,DE-CUST-00020,DE,EUR,53.88,53.88,Automotive,2023-05-11 00:00:00,15-May-2023,False,,4.0,completed
DE-ORD-001476,DE-CUST-00475,DE,EUR,76.97,76.97,Grocery,2023-12-18 00:00:00,21.12.2023,False,,5.0,completed
DE-ORD-001477,DE-CUST-00431,DE,EUR,90.73,90.73,Fashion,12/19/2024 00:00,12/22/2024 18:56,False,,,completed
DE-ORD-001478,DE-CUST-00478,DE,EUR,122.7,122.7,Books,01/06/2023 00:00,10-Jan-2023,False,,5.0,completed
DE-ORD-001479,DE-CUST-00487,DE,EUR,88.06,88.06,Sports,16.10.2025,10/16/2025 17:41,False,,5.0,completed
DE-ORD-001480,DE-CUST-00455,DE,EUR,70.14,70.14,Books,07.06.2023,06/10/2023 10:07,False,,4.0,completed
DE-ORD-001481,DE-CUST-00117,DE,EUR,51.89,51.89,Fashion,30-Jan-2024,02.02.2024,False,,3.0,completed
DE-ORD-001482,DE-CUST-00284,DE,EUR,113.42,113.42,Automotive,2024-10-08 00:00:00,11-Oct-2024,False,,3.0,completed
DE-ORD-001483,DE-CUST-00423,DE,EUR,29.85,29.85,Grocery,16.10.2023,19.10.2023,False,,4.0,cancelled
DE-ORD-001484,DE-CUST-00091,DE,EUR,79.76,79.76,Electronics,29-Jun-2025,09.07.2025,True,2025-08-12 00:00:00,,completed
DE-ORD-001485,DE-CUST-00417,DE,EUR,4.16,4.16,Grocery,08-Feb-2023,25.02.2023,False,,5.0,completed
DE-ORD-001486,DE-CUST-00083,DE,EUR,26.0,26.0,Electronics,2025-02-09 00:00:00,2025-02-14 21:13:11,False,,,completed
DE-ORD-001487,DE-CUST-00404,DE,EUR,75.79,75.79,Books,14.03.2025,17.03.2025,False,,3.0,completed
DE-ORD-001488,DE-CUST-00021,DE,EUR,12.39,13.38,Home & Kitchen,01/30/2024 00:00,03.02.2024,True,15.02.2024,3.0,completed
DE-ORD-001489,DE-CUST-00496,DE,EUR,35.37,35.37,Automotive,2023-04-22 00:00:00,26-Apr-2023,False,,2.0,completed
DE-ORD-001490,DE-CUST-00208,DE,EUR,7.1,7.1,Toys,20.07.2023,23-Jul-2023,False,,4.0,completed
DE-ORD-001491,DE-CUST-00592,DE,EUR,83.42,83.42,Grocery,01/01/2023 00:00,,False,,,completed
DE-ORD-001492,DE-CUST-00442,DE,EUR,161.15,161.15,Fashion,12-Feb-2025,,False,,,completed
DE-ORD-001493,DE-CUST-00471,DE,EUR,56.23,60.73,Beauty,22-Apr-2023,2023-04-24 07:18:30,False,,4.0,completed
DE-ORD-001494,DE-CUST-00396,DE,EUR,88.37,95.44,Beauty,2025-06-01 00:00:00,06.06.2025,False,,,completed
DE-ORD-001495,DE-CUST-00523,DE,EUR,8.41,8.41,Automotive,07/09/2024 00:00,,False,,,cancelled
DE-ORD-001496,DE-CUST-00156,DE,EUR,81.97,81.97,Health,30.09.2025,04-Oct-2025,False,,,completed
DE-ORD-001497,DE-CUST-00259,DE,EUR,65.25,65.25,Books,07/21/2025 00:00,25-Jul-2025,False,,3.0,completed
DE-ORD-001498,DE-CUST-00363,DE,EUR,124.2,124.2,Electronics,2024-04-24 00:00:00,28-Apr-2024,True,19.05.2024,2.0,completed
DE-ORD-001499,DE-CUST-00067,DE,EUR,24.15,24.15,Beauty,03.02.2024,2024-02-04 22:18:38,True,28-Feb-2024,4.0,cancelled
DE-ORD-001500,DE-CUST-00121,DE,EUR,16.18,16.18,Health,11/23/2023 00:00,26-Nov-2023,False,,4.0,completed
DE-ORD-001501,DE-CUST-00382,DE,EUR,62.49,62.49,Books,10-May-2025,05/13/2025 21:19,False,,3.0,completed
DE-ORD-001502,DE-CUST-00247,DE,EUR,87.6,87.6,Health,18-Aug-2025,2025-08-20 13:55:27,False,,3.0,completed
DE-ORD-001503,DE-CUST-00268,DE,EUR,74.03,74.03,Electronics,2023-02-17 00:00:00,2023-02-20 15:42:38,False,,4.0,completed
DE-ORD-001504,DE-CUST-00095,DE,EUR,36.48,36.48,Books,2023-05-13 00:00:00,16.05.2023,False,,4.0,completed
DE-ORD-001505,DE-CUST-00432,DE,EUR,12.75,12.75,Toys,2023-11-25 00:00:00,2023-11-27 19:20:55,True,26-Dec-2023,4.0,completed
DE-ORD-001506,DE-CUST-00477,DE,EUR,16.46,16.46,Sports,08/19/2024 00:00,24-Aug-2024,False,,5.0,completed
DE-ORD-001507,DE-CUST-00352,DE,EUR,17.68,17.68,Home & Kitchen,07/23/2024 00:00,28-Jul-2024,True,07.08.2024,3.0,completed
DE-ORD-001508,DE-CUST-00034,DE,EUR,80.9,80.9,Sports,01/24/2023 00:00,26.01.2023,False,,,completed
DE-ORD-001509,DE-CUST-00445,DE,EUR,100.08,100.08,Books,06/21/2023 00:00,25-Jun-2023,False,,3.0,completed
DE-ORD-001510,DE-CUST-00077-DUP,DE,EUR,20.72,20.72,Automotive,27.09.2024,28-Sep-2024,False,,4.0,completed
DE-ORD-001511,DE-CUST-00139,DE,EUR,86.75,86.75,Home & Kitchen,09-Mar-2024,,False,,,completed
DE-ORD-001512,DE-CUST-00056,DE,EUR,60.52,60.52,Automotive,21.06.2024,22-Jun-2024,False,,3.0,completed
DE-ORD-001513,DE-CUST-00262,DE,EUR,108.79,108.79,Toys,12/05/2023 00:00,07.12.2023,False,,4.0,completed
DE-ORD-001514,DE-CUST-00379,DE,EUR,24.13,24.13,Electronics,2025-12-06 00:00:00,10.12.2025,False,,3.0,completed
DE-ORD-001515,DE-CUST-00506,DE,EUR,104.78,113.16,Books,01/12/2025 00:00,01/16/2025 15:50,False,,3.0,completed
DE-ORD-001516,DE-CUST-00209,DE,EUR,60.19,60.19,Home & Kitchen,16.10.2024,10/30/2024 16:09,False,,2.0,completed
DE-ORD-001517,DE-CUST-00228,DE,EUR,32.42,35.01,Automotive,15.09.2025,18-Sep-2025,False,,4.0,cancelled
DE-ORD-001518,DE-CUST-00530,DE,EUR,70.64,76.29,Sports,05/10/2025 00:00,13.05.2025,False,,,completed
DE-ORD-001519,DE-CUST-00534,DE,EUR,100.46,100.46,Electronics,22-Aug-2024,08/25/2024 14:17,False,,4.0,completed
DE-ORD-001520,DE-CUST-00474,DE,EUR,3.0,3.0,,01/23/2024 00:00,01/23/2024 00:00,False,,4.0,completed
DE-ORD-001521,DE-CUST-00084,DE,EUR,10.86,10.86,Electronics,08-Dec-2025,12/11/2025 04:21,False,,,completed
DE-ORD-001522,DE-CUST-00220,DE,EUR,53.52,53.52,Electronics,03.02.2025,02/08/2025 21:08,False,,4.0,completed
DE-ORD-001523,DE-CUST-00431,DE,EUR,71.3,71.3,Grocery,08/07/2024 00:00,11-Aug-2024,False,,4.0,completed
DE-ORD-001524,DE-CUST-00597,DE,EUR,47.61,47.61,Beauty,2023-07-03 00:00:00,08-Jul-2023,True,18.07.2023,3.0,completed
DE-ORD-001525,DE-CUST-00372,DE,EUR,77.28,77.28,Beauty,11/04/2023 00:00,05-Nov-2023,False,,4.0,completed
DE-ORD-001526,DE-CUST-00173,DE,EUR,72.33,72.33,Toys,09/23/2025 00:00,2025-09-29 00:21:08,False,,2.0,cancelled
DE-ORD-001527,DE-CUST-00395,DE,EUR,42.17,42.17,Sports,2024-02-25 00:00:00,29.02.2024,False,,4.0,completed
DE-ORD-001528,DE-CUST-00207,DE,EUR,71.85,71.85,Grocery,27.04.2023,29-Apr-2023,True,04-Jun-2023,3.0,completed
DE-ORD-001529,DE-CUST-00596,DE,EUR,112.31,112.31,Toys,17-Mar-2023,03/20/2023 10:08,False,,4.0,cancelled
DE-ORD-001530,DE-CUST-00012,DE,EUR,60.62,60.62,Grocery,15.01.2024,2024-01-16 17:24:32,False,,4.0,completed
DE-ORD-001531,DE-CUST-00143,DE,EUR,84.12,84.12,Toys,11/13/2024 00:00,2024-11-19 23:00:10,False,,3.0,completed
DE-ORD-001532,DE-CUST-00531,DE,EUR,96.26,96.26,Health,18-Dec-2025,2025-12-19 12:47:03,False,,,completed
DE-ORD-001533,DE-CUST-00209,DE,EUR,70.98,70.98,Fashion,11-Dec-2025,15-Dec-2025,False,,2.0,completed
DE-ORD-001534,DE-CUST-00499,DE,EUR,57.21,57.21,,04/27/2025 00:00,29.04.2025,False,,3.0,completed
DE-ORD-001535,DE-CUST-00572,DE,EUR,79.64,79.64,Home & Kitchen,02/11/2024 00:00,16-Feb-2024,False,,3.0,completed
DE-ORD-001536,DE-CUST-00246,DE,EUR,72.81,72.81,Automotive,2023-05-29 00:00:00,2023-06-01 16:06:54,False,,,completed
DE-ORD-001537,DE-CUST-00568,DE,EUR,65.07,65.07,Automotive,2025-08-18 00:00:00,19-Aug-2025,False,,5.0,completed
DE-ORD-001538,DE-CUST-00233,DE,EUR,76.22,76.22,Fashion,2023-03-09 00:00:00,13-Mar-2023,False,,3.0,completed
DE-ORD-001539,DE-CUST-00073,DE,EUR,47.55,47.55,Books,02-Mar-2025,05-Mar-2025,True,03/18/2025 00:00,2.0,completed
DE-ORD-001540,DE-CUST-00094,DE,EUR,3.0,3.0,Electronics,2025-07-06 00:00:00,07/08/2025 14:22,False,,4.0,completed
DE-ORD-001541,DE-CUST-00133,DE,EUR,40.18,40.18,Electronics,08-Dec-2023,,False,,,completed
DE-ORD-001542,DE-CUST-00019,DE,EUR,34.04,34.04,Fashion,2025-03-22 00:00:00,2025-03-24 19:36:27,False,,,completed
DE-ORD-001543,DE-CUST-00220,DE,EUR,51.55,51.55,Books,06-Jan-2024,01/12/2024 17:57,False,,5.0,completed
DE-ORD-001544,DE-CUST-00283,DE,EUR,103.94,103.94,Electronics,28-Dec-2023,2024-01-02 06:04:08,False,,3.0,completed
DE-ORD-001545,DE-CUST-00502,DE,EUR,18.55,18.55,Beauty,06/18/2023 00:00,,False,,,completed
DE-ORD-001546,DE-CUST-00359,DE,EUR,115.71,115.71,,08/01/2024 00:00,2024-08-03 16:18:03,False,,2.0,completed
DE-ORD-001547,DE-CUST-00319,DE,EUR,48.62,48.62,,28.02.2024,03/02/2024 03:24,False,,4.0,completed
DE-ORD-001548,DE-CUST-00102,DE,EUR,74.54,74.54,Grocery,09/02/2023 00:00,04.09.2023,False,,,completed
DE-ORD-001549,DE-CUST-00153,DE,EUR,91.05,91.05,Electronics,15.09.2023,2023-09-17 12:59:20,False,,3.0,completed
DE-ORD-001550,DE-CUST-00244,DE,EUR,91.1,91.1,Sports,09/05/2025 00:00,07.09.2025,False,,3.0,completed
DE-ORD-001551,DE-CUST-00565-DUP,DE,EUR,87.48,87.48,Toys,31.03.2024,02.04.2024,False,,3.0,completed
DE-ORD-001552,DE-CUST-00044,DE,EUR,86.12,86.12,,2023-02-09 00:00:00,2023-02-15 13:56:50,False,,4.0,completed
DE-ORD-001553,DE-CUST-00379,DE,EUR,82.96,82.96,Health,31.05.2025,21.06.2025,True,2025-07-11 00:00:00,3.0,completed
DE-ORD-001554,DE-CUST-00021,DE,EUR,69.39,69.39,Toys,08/17/2024 00:00,08/20/2024 10:55,True,2024-09-17 00:00:00,,completed
DE-ORD-001555,DE-CUST-00498,DE,EUR,77.22,83.4,Fashion,05.01.2023,2023-01-08 16:11:39,False,,4.0,completed
DE-ORD-001556,DE-CUST-00362,DE,EUR,53.16,53.16,Fashion,2024-12-04 00:00:00,12/07/2024 14:06,False,,2.0,completed
DE-ORD-001557,DE-CUST-00354,DE,EUR,52.84,52.84,Toys,12-Jul-2023,17.07.2023,False,,4.0,completed
DE-ORD-001558,DE-CUST-00082,DE,EUR,64.21,64.21,,2025-10-19 00:00:00,25.10.2025,False,,,completed
DE-ORD-001559,DE-CUST-00480,DE,EUR,13.29,13.29,Books,2025-02-24 00:00:00,25.02.2025,True,03/20/2025 00:00,5.0,completed
DE-ORD-001560,DE-CUST-00363,DE,EUR,66.75,66.75,Sports,2025-06-15 00:00:00,,False,,,completed
DE-ORD-001561,DE-CUST-00481,DE,EUR,19.43,19.43,Electronics,04/15/2023 00:00,2023-04-19 04:07:01,False,,4.0,completed
DE-ORD-001562,DE-CUST-00038,DE,EUR,23.41,23.41,Sports,2025-05-19 00:00:00,05/22/2025 06:57,False,,3.0,completed
DE-ORD-001563,DE-CUST-00042,DE,EUR,74.73,74.73,Sports,11/23/2023 00:00,2023-11-24 19:42:25,False,,5.0,completed
DE-ORD-001564,DE-CUST-00207,DE,EUR,99.8,99.8,Electronics,2025-05-06 00:00:00,14-May-2025,True,26.05.2025,3.0,completed
DE-ORD-001565,DE-CUST-00503,DE,EUR,59.82,59.82,Grocery,11.07.2023,2023-07-13 07:58:51,False,,,completed
DE-ORD-001566,DE-CUST-00567,DE,EUR,48.15,48.15,Fashion,03/06/2023 00:00,09-Mar-2023,False,,5.0,completed
DE-ORD-001567,DE-CUST-00556,DE,EUR,100.97,100.97,Beauty,07/01/2025 00:00,05-Jul-2025,False,,4.0,completed
DE-ORD-001568,DE-CUST-00491,DE,EUR,22.54,22.54,Books,16-May-2025,25-May-2025,False,,4.0,completed
DE-ORD-001569,DE-CUST-00313,DE,EUR,17.19,18.57,Toys,12/29/2024 00:00,02.01.2025,False,,5.0,completed
DE-ORD-001570,DE-CUST-00526,DE,EUR,105.35,105.35,Books,14-Nov-2023,,False,,,completed
DE-ORD-001571,DE-CUST-00330,DE,EUR,73.3,73.3,Health,23.10.2023,2023-10-27 22:50:43,False,,,completed
DE-ORD-001572,DE-CUST-00125,DE,EUR,37.72,37.72,Home & Kitchen,2024-05-19 00:00:00,23-May-2024,False,,4.0,completed
DE-ORD-001573,DE-CUST-00443,DE,EUR,76.02,76.02,Health,16-Jan-2024,2024-01-21 11:22:34,False,,3.0,completed
DE-ORD-001574,DE-CUST-00019,DE,EUR,57.89,57.89,Health,2023-01-31 00:00:00,,False,,,completed
DE-ORD-001575,DE-CUST-00336,DE,EUR,25.87,25.87,Grocery,2025-08-30 00:00:00,2025-09-02 20:10:10,False,,2.0,completed
DE-ORD-001576,DE-CUST-00284,DE,EUR,104.78,104.78,Automotive,2023-07-27 00:00:00,30-Jul-2023,False,,3.0,completed
DE-ORD-001577,DE-CUST-00119,DE,EUR,33.29,33.29,Sports,27.08.2023,30-Aug-2023,False,,4.0,completed
DE-ORD-001578,DE-CUST-00418,DE,EUR,85.81,85.81,Toys,02/02/2025 00:00,04-Feb-2025,False,,3.0,completed
DE-ORD-001579,DE-CUST-00080,DE,EUR,89.96,97.16,Beauty,2025-09-01 00:00:00,09/03/2025 09:59,False,,4.0,completed
DE-ORD-001580,DE-CUST-00406,DE,EUR,69.7,69.7,Books,04/10/2025 00:00,13.04.2025,True,02.05.2025,,completed
DE-ORD-001581,DE-CUST-00362,DE,EUR,97.61,97.61,Grocery,2025-11-04 00:00:00,2025-11-05 14:32:00,False,,2.0,completed
DE-ORD-001582,DE-CUST-00220,DE,EUR,43.44,43.44,Electronics,22-Aug-2025,08/28/2025 04:51,False,,5.0,completed
DE-ORD-001583,DE-CUST-00076,DE,EUR,134.58,134.58,Fashion,04/03/2023 00:00,,False,,,completed
DE-ORD-001584,DE-CUST-00293,DE,EUR,3.0,3.24,Fashion,13-Sep-2025,09/13/2025 00:00,False,,3.0,completed
DE-ORD-001585,DE-CUST-00319,DE,EUR,57.47,57.47,Electronics,2023-12-16 00:00:00,21-Dec-2023,False,,4.0,completed
DE-ORD-001586,DE-CUST-00100,DE,EUR,73.64,73.64,Books,24-Oct-2024,26.10.2024,False,,3.0,completed
DE-ORD-001587,DE-CUST-00535,DE,EUR,74.66,80.63,Automotive,31.10.2024,04-Nov-2024,False,,4.0,completed
DE-ORD-001588,DE-CUST-00414,DE,EUR,25.69,25.69,Electronics,03.02.2024,07.02.2024,False,,,completed
DE-ORD-001589,DE-CUST-00070,DE,EUR,81.18,81.18,Health,2023-01-21 00:00:00,,False,,,completed
DE-ORD-001590,DE-CUST-00478,DE,EUR,35.2,35.2,Sports,09/23/2023 00:00,09/27/2023 12:47,False,,3.0,completed
DE-ORD-001591,DE-CUST-00080,DE,EUR,125.39,125.39,Electronics,12.02.2025,16-Feb-2025,False,,3.0,completed
DE-ORD-001592,DE-CUST-00007,DE,EUR,64.61,64.61,Health,11.07.2023,07/14/2023 14:16,False,,3.0,completed
DE-ORD-001593,DE-CUST-00293,DE,EUR,30.32,30.32,Electronics,14-Apr-2024,04/18/2024 13:15,False,,4.0,completed
DE-ORD-001594,DE-CUST-00486,DE,EUR,87.94,87.94,Grocery,01/14/2024 00:00,19-Jan-2024,False,,,completed
DE-ORD-001595,DE-CUST-00593,DE,EUR,44.41,44.41,Grocery,11/27/2023 00:00,2023-12-03 00:16:25,False,,,completed
DE-ORD-001596,DE-CUST-00244,DE,EUR,30.76,30.76,Health,10/28/2025 00:00,2025-10-29 23:32:35,False,,2.0,completed
DE-ORD-001597,DE-CUST-00014,DE,EUR,48.06,48.06,Grocery,29-May-2023,2023-05-31 17:51:57,False,,4.0,completed
DE-ORD-001598,DE-CUST-00090,DE,EUR,74.27,74.27,Health,28-May-2024,,False,,,completed
DE-ORD-001599,DE-CUST-00336,DE,EUR,50.08,50.08,Home & Kitchen,06/02/2023 00:00,04-Jun-2023,False,,2.0,completed
DE-ORD-001600,DE-CUST-00280,DE,EUR,27.72,27.72,Health,29-Apr-2023,05/01/2023 08:15,False,,5.0,completed
DE-ORD-001601,DE-CUST-00178,DE,EUR,72.28,72.28,Automotive,2024-05-26 00:00:00,30-May-2024,False,,2.0,completed
DE-ORD-001602,DE-CUST-00163,DE,EUR,110.38,110.38,Health,09/07/2024 00:00,2024-09-12 10:50:22,False,,2.0,completed
DE-ORD-001603,DE-CUST-00038,DE,EUR,38.2,38.2,Grocery,2025-03-07 00:00:00,,False,,,completed
DE-ORD-001604,DE-CUST-00162,DE,EUR,89.49,89.49,Home & Kitchen,2023-06-08 00:00:00,10.06.2023,False,,,completed
DE-ORD-001605,DE-CUST-00459,DE,EUR,53.39,53.39,Toys,17-Feb-2024,19.02.2024,False,,4.0,completed
DE-ORD-001606,DE-CUST-00192,DE,EUR,110.49,119.33,Beauty,09.09.2025,30-Sep-2025,False,,5.0,completed
DE-ORD-001607,DE-CUST-00422,DE,EUR,35.3,35.3,Toys,06.05.2024,2024-05-08 05:29:07,False,,4.0,completed
DE-ORD-001608,DE-CUST-00087,DE,EUR,100.03,100.03,Toys,30.04.2025,05/04/2025 18:39,False,,2.0,completed
DE-ORD-001609,DE-CUST-00347,DE,EUR,47.29,47.29,Grocery,12/02/2024 00:00,06.12.2024,False,,4.0,completed
DE-ORD-001610,DE-CUST-00038,DE,EUR,24.2,24.2,Beauty,16.11.2025,11/20/2025 04:29,False,,,completed
DE-ORD-001611,DE-CUST-00490,DE,EUR,37.84,40.87,,06/30/2024 00:00,06-Jul-2024,False,,5.0,completed
DE-ORD-001612,DE-CUST-00077-DUP,DE,EUR,87.96,87.96,Toys,27.05.2023,06/01/2023 12:59,False,,4.0,cancelled
DE-ORD-001613,DE-CUST-00562,DE,EUR,94.09,94.09,Electronics,2025-11-06 00:00:00,2025-11-11 17:11:52,False,,,completed
DE-ORD-001614,DE-CUST-00003,DE,EUR,74.33,74.33,Books,07-Feb-2025,2025-02-28 02:48:47,False,,,completed
DE-ORD-001615,DE-CUST-00482,DE,EUR,3.0,3.0,Beauty,25.10.2025,2025-10-28 09:00:25,False,,4.0,completed
DE-ORD-001616,DE-CUST-00373,DE,EUR,100.93,100.93,Books,07.01.2024,,False,,,completed
DE-ORD-001617,DE-CUST-00003,DE,EUR,44.43,44.43,Health,09.09.2024,2024-09-09 12:50:03,False,,3.0,completed
DE-ORD-001618,DE-CUST-00029,DE,EUR,53.43,53.43,Books,21-Nov-2024,24.11.2024,False,,4.0,completed
DE-ORD-001619,DE-CUST-00387,DE,EUR,140.46,140.46,Toys,27-Aug-2023,2023-08-30 16:26:49,False,,3.0,completed
DE-ORD-001620,DE-CUST-00218,DE,EUR,55.15,55.15,Sports,12/03/2023 00:00,06-Dec-2023,False,,3.0,completed
DE-ORD-001621,DE-CUST-00017,DE,EUR,69.57,69.57,Automotive,03-Mar-2025,07.03.2025,False,,4.0,completed
DE-ORD-001622,DE-CUST-00317,DE,EUR,82.39,82.39,Home & Kitchen,03-Jul-2024,07/07/2024 03:36,False,,2.0,completed
DE-ORD-001623,DE-CUST-00037,DE,EUR,89.2,89.2,Electronics,11.02.2025,2025-02-13 11:50:36,False,,3.0,completed
DE-ORD-001624,DE-CUST-00399,DE,EUR,23.03,23.03,Beauty,2023-02-10 00:00:00,14.02.2023,False,,3.0,completed
DE-ORD-001625,DE-CUST-00022,DE,EUR,3.0,3.0,Grocery,08.05.2024,05/12/2024 05:12,False,,2.0,completed
DE-ORD-001626,DE-CUST-00031,DE,EUR,70.31,70.31,Home & Kitchen,2023-05-24 00:00:00,27.05.2023,False,,4.0,completed
DE-ORD-001627,DE-CUST-00214,DE,EUR,132.7,132.7,Toys,02-Dec-2024,03-Dec-2024,False,,4.0,completed
DE-ORD-001628,DE-CUST-00053,DE,EUR,54.5,54.5,Beauty,15.12.2025,,False,,,completed
DE-ORD-001629,DE-CUST-00206,DE,EUR,73.2,73.2,Grocery,03/28/2025 00:00,30-Mar-2025,False,,3.0,completed
DE-ORD-001630,DE-CUST-00336,DE,EUR,22.57,22.57,Sports,29-Sep-2023,10/03/2023 23:33,False,,4.0,completed
DE-ORD-001631,DE-CUST-00284,DE,EUR,99.88,107.87,,31.08.2023,03.09.2023,False,,3.0,completed
DE-ORD-001632,DE-CUST-00397,DE,EUR,24.02,24.02,Home & Kitchen,18-Dec-2025,22-Dec-2025,False,,3.0,completed
DE-ORD-001633,DE-CUST-00530,DE,EUR,135.25,146.07,Toys,02-Dec-2025,03-Dec-2025,False,,4.0,completed
DE-ORD-001634,DE-CUST-00292,DE,EUR,124.54,124.54,Sports,2023-06-11 00:00:00,15.06.2023,False,,,completed
DE-ORD-001635,DE-CUST-00154,DE,EUR,71.68,71.68,Sports,19-Aug-2024,2024-08-21 01:08:04,False,,2.0,completed
DE-ORD-001636,DE-CUST-00325,DE,EUR,94.26,94.26,Electronics,2023-05-11 00:00:00,05/16/2023 18:13,False,,3.0,completed
DE-ORD-001637,DE-CUST-00031,DE,EUR,21.72,21.72,Automotive,05/18/2024 00:00,2024-05-18 00:00:00,False,,,completed
DE-ORD-001638,DE-CUST-00480,DE,EUR,27.73,27.73,Automotive,07.12.2025,15.12.2025,False,,5.0,completed
DE-ORD-001639,DE-CUST-00489,DE,EUR,90.58,90.58,Automotive,27.01.2024,01/30/2024 22:58,False,,,completed
DE-ORD-001640,DE-CUST-00540,DE,EUR,49.8,49.8,Beauty,18-Mar-2025,20-Mar-2025,True,04/14/2025 00:00,5.0,completed
DE-ORD-001641,DE-CUST-00419,DE,EUR,72.63,72.63,Beauty,04/21/2024 00:00,2024-04-21 08:18:22,False,,3.0,completed
DE-ORD-001642,DE-CUST-00498,DE,EUR,32.39,32.39,Toys,22-Nov-2025,24-Nov-2025,False,,4.0,completed
DE-ORD-001643,DE-CUST-00294,DE,EUR,60.92,60.92,Beauty,2024-10-02 00:00:00,10/05/2024 09:13,False,,5.0,completed
DE-ORD-001644,DE-CUST-00255,DE,EUR,38.53,38.53,Toys,10.08.2025,2025-08-16 07:06:40,False,,,completed
DE-ORD-001645,DE-CUST-00019,DE,EUR,39.49,39.49,,01.12.2023,,False,,,completed
DE-ORD-001646,DE-CUST-00039,DE,EUR,54.31,54.31,,2025-02-28 00:00:00,03-Mar-2025,False,,4.0,completed
DE-ORD-001647,DE-CUST-00125,DE,EUR,81.49,88.01,Beauty,23.03.2024,03/25/2024 08:53,False,,3.0,completed
DE-ORD-001648,DE-CUST-00095,DE,EUR,160.12,160.12,Health,10/31/2024 00:00,11/02/2024 18:34,False,,,completed
DE-ORD-001649,DE-CUST-00020,DE,EUR,91.57,91.57,Beauty,2024-02-09 00:00:00,10-Feb-2024,False,,,completed
DE-ORD-001650,DE-CUST-00179,DE,EUR,54.37,54.37,Books,09.06.2024,2024-06-12 07:25:14,False,,4.0,completed
DE-ORD-001651,DE-CUST-00417,DE,EUR,3.0,3.0,Sports,28.04.2025,01.05.2025,True,02-Jun-2025,3.0,completed
DE-ORD-001652,DE-CUST-00063,DE,EUR,77.33,77.33,Sports,03/10/2024 00:00,11.03.2024,False,,3.0,completed
DE-ORD-001653,DE-CUST-00525,DE,EUR,54.6,58.97,Toys,07/28/2024 00:00,29.07.2024,False,,,completed
DE-ORD-001654,DE-CUST-00268,DE,EUR,46.93,46.93,Automotive,11/10/2025 00:00,11/11/2025 17:02,False,,2.0,completed
DE-ORD-001655,DE-CUST-00523,DE,EUR,103.68,103.68,Home & Kitchen,2025-05-30 00:00:00,31-May-2025,False,,3.0,completed
DE-ORD-001656,DE-CUST-00044,DE,EUR,93.61,93.61,Health,23-May-2024,25.05.2024,False,,3.0,completed
DE-ORD-001657,DE-CUST-00266,DE,EUR,73.6,73.6,Health,2023-06-30 00:00:00,05.07.2023,False,,,completed
DE-ORD-001658,DE-CUST-00111,DE,EUR,20.57,20.57,Sports,2024-10-07 00:00:00,10/10/2024 06:35,True,2024-11-10 00:00:00,2.0,completed
DE-ORD-001659,DE-CUST-00323,DE,EUR,50.06,50.06,Automotive,15.12.2024,12/18/2024 13:13,False,,3.0,completed
DE-ORD-001660,DE-CUST-00017,DE,EUR,47.63,47.63,Automotive,2024-04-11 00:00:00,04/12/2024 09:18,False,,4.0,completed
DE-ORD-001661,DE-CUST-00350,DE,EUR,105.12,105.12,Beauty,12/04/2023 00:00,2023-12-05 20:30:10,False,,3.0,completed
DE-ORD-001662,DE-CUST-00397,DE,EUR,84.1,84.1,Beauty,03/19/2023 00:00,03/24/2023 07:38,False,,2.0,completed
DE-ORD-001663,DE-CUST-00151,DE,EUR,58.59,58.59,Books,08.11.2024,11.11.2024,False,,4.0,completed
DE-ORD-001664,DE-CUST-00234,DE,EUR,3.0,3.0,Toys,01/30/2025 00:00,03-Feb-2025,False,,,completed
DE-ORD-001665,DE-CUST-00543,DE,EUR,122.73,122.73,Beauty,08/15/2024 00:00,18.08.2024,True,16.09.2024,3.0,completed
DE-ORD-001666,DE-CUST-00456,DE,EUR,45.5,45.5,Electronics,12/20/2025 00:00,26-Dec-2025,False,,4.0,cancelled
DE-ORD-001667,DE-CUST-00535,DE,EUR,89.32,89.32,Health,26.05.2023,30.05.2023,False,,3.0,completed
DE-ORD-001668,DE-CUST-00478,DE,EUR,57.38,57.38,Grocery,2023-02-06 00:00:00,09-Feb-2023,False,,4.0,completed
DE-ORD-001669,DE-CUST-00593,DE,EUR,122.34,122.34,Grocery,2023-11-17 00:00:00,22-Nov-2023,False,,2.0,completed
DE-ORD-001670,DE-CUST-00213,DE,EUR,73.51,73.51,Grocery,2023-03-12 00:00:00,03/16/2023 14:31,True,2023-04-08 00:00:00,,completed
DE-ORD-001671,DE-CUST-00261,DE,EUR,88.52,95.6,Health,15.06.2024,06/17/2024 13:20,False,,5.0,cancelled
DE-ORD-001672,DE-CUST-00000,DE,EUR,16.47,16.47,Beauty,2025-09-05 00:00:00,2025-09-06 21:00:18,False,,4.0,completed
DE-ORD-001673,DE-CUST-00404,DE,EUR,145.44,145.44,Beauty,29.04.2023,05/01/2023 05:53,False,,3.0,completed
DE-ORD-001674,DE-CUST-00029,DE,EUR,105.94,105.94,Fashion,06-Jun-2025,09-Jun-2025,False,,3.0,completed
DE-ORD-001675,DE-CUST-00253,DE,EUR,86.49,86.49,Books,2024-03-26 00:00:00,29.03.2024,False,,5.0,completed
DE-ORD-001676,DE-CUST-00537,DE,EUR,114.08,114.08,Electronics,01/30/2024 00:00,,False,,,completed
DE-ORD-001677,DE-CUST-00392,DE,EUR,76.09,76.09,Home & Kitchen,07-Nov-2024,2024-11-10 19:42:28,False,,4.0,completed
DE-ORD-001678,DE-CUST-00240,DE,EUR,67.1,67.1,Beauty,2024-07-02 00:00:00,2024-07-05 11:58:41,False,,,completed
DE-ORD-001679,DE-CUST-00118,DE,EUR,110.47,110.47,Beauty,2023-10-15 00:00:00,20-Oct-2023,False,,2.0,completed
DE-ORD-001680,DE-CUST-00168,DE,EUR,65.38,65.38,Electronics,2025-03-16 00:00:00,03/18/2025 11:12,False,,3.0,completed
DE-ORD-001681,DE-CUST-00545,DE,EUR,80.3,80.3,Electronics,2023-08-30 00:00:00,2023-09-03 12:05:59,False,,3.0,completed
DE-ORD-001682,DE-CUST-00338,DE,EUR,3.0,3.0,Grocery,14.07.2023,16-Jul-2023,False,,4.0,completed
DE-ORD-001683,DE-CUST-00077-DUP,DE,EUR,3.0,3.0,Grocery,16.01.2025,01/21/2025 06:44,False,,4.0,completed
DE-ORD-001684,DE-CUST-00552,DE,EUR,115.01,115.01,Electronics,20-Jun-2023,06/23/2023 04:51,False,,2.0,completed
DE-ORD-001685,DE-CUST-00557,DE,EUR,81.35,81.35,Electronics,03/20/2024 00:00,03/25/2024 09:53,False,,4.0,completed
DE-ORD-001686,DE-CUST-00444,DE,EUR,39.82,39.82,,06.08.2025,09-Aug-2025,False,,3.0,completed
DE-ORD-001687,DE-CUST-00207,DE,EUR,33.87,33.87,Toys,2023-07-03 00:00:00,2023-07-14 22:23:38,False,,3.0,completed
DE-ORD-001688,DE-CUST-00029,DE,EUR,31.03,31.03,Health,2024-12-15 00:00:00,12/16/2024 20:15,False,,2.0,completed
DE-ORD-001689,DE-CUST-00080,DE,EUR,70.56,70.56,Health,2024-06-12 00:00:00,2024-06-17 05:48:50,False,,3.0,completed
DE-ORD-001690,DE-CUST-00102,DE,EUR,7.78,7.78,,01/22/2025 00:00,01/26/2025 18:14,True,16-Feb-2025,5.0,completed
DE-ORD-001691,DE-CUST-00425,DE,EUR,40.44,40.44,Health,08-Apr-2025,2025-04-10 18:46:19,False,,,completed
DE-ORD-001692,DE-CUST-00074,DE,EUR,84.6,84.6,Home & Kitchen,2025-01-22 00:00:00,27-Jan-2025,False,,3.0,completed
DE-ORD-001693,DE-CUST-00103,DE,EUR,14.37,14.37,Toys,14.01.2023,18-Jan-2023,False,,4.0,completed
DE-ORD-001694,DE-CUST-00298,DE,EUR,65.23,65.23,Books,04/26/2024 00:00,28-Apr-2024,False,,4.0,completed
DE-ORD-001695,DE-CUST-00586,DE,EUR,85.07,85.07,Grocery,12.10.2024,14-Oct-2024,False,,4.0,completed
DE-ORD-001696,DE-CUST-00271,DE,EUR,13.64,13.64,Electronics,2025-03-01 00:00:00,03/05/2025 12:41,False,,3.0,completed
DE-ORD-001697,DE-CUST-00389,DE,EUR,48.44,48.44,Electronics,12/23/2024 00:00,2024-12-26 10:48:59,False,,4.0,completed
DE-ORD-001698,DE-CUST-00370,DE,EUR,99.01,99.01,Sports,29.04.2023,03.05.2023,False,,3.0,completed
DE-ORD-001699,DE-CUST-00593,DE,EUR,94.02,94.02,Beauty,2024-04-15 00:00:00,19.04.2024,False,,3.0,completed
DE-ORD-001700,DE-CUST-00197,DE,EUR,60.26,60.26,Fashion,2025-11-08 00:00:00,11-Nov-2025,False,,4.0,completed
DE-ORD-001701,DE-CUST-00417,DE,EUR,51.05,51.05,Electronics,12/31/2025 00:00,13.01.2026,False,,5.0,completed
DE-ORD-001702,DE-CUST-00254,DE,EUR,100.71,100.71,Electronics,16.12.2025,18-Dec-2025,False,,4.0,completed
DE-ORD-001703,DE-CUST-00297,DE,EUR,69.5,69.5,Sports,08/26/2024 00:00,30-Aug-2024,False,,4.0,completed
DE-ORD-001704,DE-CUST-00494,DE,EUR,110.21,110.21,Sports,2025-04-13 00:00:00,04/28/2025 00:26,False,,4.0,completed
DE-ORD-001705,DE-CUST-00158,DE,EUR,104.6,104.6,Automotive,19-Dec-2023,2024-01-01 20:23:53,False,,4.0,completed
DE-ORD-001706,DE-CUST-00573,DE,EUR,76.93,76.93,Beauty,03-Sep-2025,09/06/2025 08:37,False,,4.0,completed
DE-ORD-001707,DE-CUST-00267,DE,EUR,42.71,42.71,Beauty,04-Apr-2025,2025-04-06 08:57:28,False,,3.0,completed
DE-ORD-001708,DE-CUST-00422,DE,EUR,12.1,12.1,Home & Kitchen,01/08/2024 00:00,10-Jan-2024,False,,3.0,completed
DE-ORD-001709,DE-CUST-00465,DE,EUR,68.92,68.92,Fashion,2025-01-29 00:00:00,02/01/2025 02:13,False,,1.0,completed
DE-ORD-001710,DE-CUST-00044,DE,EUR,124.83,124.83,Electronics,31-Oct-2024,05-Nov-2024,False,,4.0,completed
DE-ORD-001711,DE-CUST-00446,DE,EUR,137.48,137.48,Health,2024-10-01 00:00:00,10/03/2024 00:48,False,,5.0,completed
DE-ORD-001712,DE-CUST-00262,DE,EUR,28.32,28.32,Beauty,26.04.2024,04/29/2024 20:35,False,,2.0,completed
DE-ORD-001713,DE-CUST-00361,DE,EUR,65.56,65.56,Toys,01.09.2023,05.09.2023,False,,3.0,completed
DE-ORD-001714,DE-CUST-00227,DE,EUR,92.13,92.13,Fashion,2024-06-20 00:00:00,2024-06-23 15:33:52,True,08.07.2024,3.0,completed
DE-ORD-001715,DE-CUST-00101,DE,EUR,43.46,43.46,Beauty,11/03/2025 00:00,07.11.2025,False,,3.0,completed
DE-ORD-001716,DE-CUST-00346,DE,EUR,99.79,99.79,Home & Kitchen,05/31/2023 00:00,2023-06-05 08:01:03,False,,2.0,completed
DE-ORD-001717,DE-CUST-00538,DE,EUR,108.05,108.05,Automotive,2023-01-10 00:00:00,16.01.2023,False,,4.0,completed
DE-ORD-001718,DE-CUST-00398,DE,EUR,87.77,87.77,Health,28.02.2023,2023-03-05 01:19:55,False,,3.0,completed
DE-ORD-001719,DE-CUST-00326,DE,EUR,71.93,71.93,Electronics,28-Aug-2024,29-Aug-2024,False,,4.0,completed
DE-ORD-001720,DE-CUST-00013,DE,EUR,83.93,83.93,Electronics,2025-12-10 00:00:00,14-Dec-2025,False,,5.0,completed
DE-ORD-001721,DE-CUST-00467,DE,EUR,35.56,38.4,Fashion,02/22/2023 00:00,2023-02-24 16:49:34,True,2023-03-16 00:00:00,,completed
DE-ORD-001722,DE-CUST-00555,DE,EUR,137.03,147.99,Health,2025-03-24 00:00:00,03/27/2025 06:35,True,05/02/2025 00:00,4.0,completed
DE-ORD-001723,DE-CUST-00400,DE,EUR,62.45,62.45,Automotive,05/18/2025 00:00,05/20/2025 06:25,False,,5.0,completed
DE-ORD-001724,DE-CUST-00002,DE,EUR,44.95,44.95,Fashion,07/05/2024 00:00,2024-07-06 19:25:03,False,,3.0,completed
DE-ORD-001725,DE-CUST-00418,DE,EUR,3.0,3.0,Automotive,10/02/2023 00:00,04.10.2023,False,,3.0,completed
DE-ORD-001726,DE-CUST-00553,DE,EUR,88.46,88.46,Sports,01-May-2024,03-May-2024,False,,,completed
DE-ORD-001727,DE-CUST-00245,DE,EUR,98.74,98.74,Automotive,05.07.2024,2024-07-10 14:20:43,False,,4.0,completed
DE-ORD-001728,DE-CUST-00220,DE,EUR,56.82,56.82,Health,2025-12-10 00:00:00,12/13/2025 17:04,False,,2.0,completed
DE-ORD-001729,DE-CUST-00419-DUP,DE,EUR,59.92,64.71,,17-Jun-2023,19-Jun-2023,False,,4.0,completed
DE-ORD-001730,DE-CUST-00475,DE,EUR,162.76,162.76,Automotive,2023-04-27 00:00:00,01.05.2023,False,,2.0,completed
DE-ORD-001731,DE-CUST-00484,DE,EUR,51.27,51.27,Health,06/23/2024 00:00,,False,,,completed
DE-ORD-001732,DE-CUST-00178,DE,EUR,68.32,73.79,Health,21-Nov-2024,23.11.2024,False,,4.0,completed
DE-ORD-001733,DE-CUST-00021,DE,EUR,17.78,17.78,Toys,2025-11-24 00:00:00,2025-11-26 01:58:59,False,,4.0,completed
DE-ORD-001734,DE-CUST-00215,DE,EUR,26.4,26.4,Books,16.02.2023,,False,,,completed
DE-ORD-001735,DE-CUST-00560,DE,EUR,12.96,12.96,Automotive,28.10.2023,03.11.2023,False,,3.0,completed
DE-ORD-001736,DE-CUST-00279,DE,EUR,56.5,56.5,Electronics,01/28/2023 00:00,2023-01-31 23:54:07,False,,,completed
DE-ORD-001737,DE-CUST-00585,DE,EUR,43.52,43.52,Grocery,2024-08-07 00:00:00,,False,,,completed
DE-ORD-001738,DE-CUST-00496,DE,EUR,86.86,86.86,Home & Kitchen,07/07/2025 00:00,11-Jul-2025,True,21.08.2025,4.0,completed
DE-ORD-001739,DE-CUST-00544,DE,EUR,58.47,58.47,Grocery,12/26/2025 00:00,12/29/2025 06:43,False,,,completed
DE-ORD-001740,DE-CUST-00427,DE,EUR,154.27,154.27,Health,09/28/2023 00:00,2023-10-02 22:11:45,False,,3.0,completed
DE-ORD-001741,DE-CUST-00157,DE,EUR,68.8,68.8,Sports,07/31/2025 00:00,2025-08-02 23:56:05,False,,3.0,completed
DE-ORD-001742,DE-CUST-00568,DE,EUR,18.28,18.28,Automotive,10/09/2024 00:00,10/11/2024 21:10,False,,5.0,completed
DE-ORD-001743,DE-CUST-00331,DE,EUR,87.0,87.0,Toys,10-Sep-2025,10.09.2025,False,,5.0,completed
DE-ORD-001744,DE-CUST-00171,DE,EUR,106.41,106.41,Electronics,07-Jan-2025,09-Jan-2025,False,,4.0,completed
DE-ORD-001745,DE-CUST-00271,DE,EUR,32.34,32.34,Grocery,10.11.2025,,True,05.12.2025,,completed
DE-ORD-001746,DE-CUST-00293,DE,EUR,121.94,121.94,Sports,03.05.2024,05/06/2024 02:13,False,,,completed
DE-ORD-001747,DE-CUST-00200,DE,EUR,3.0,3.0,Fashion,10-Aug-2024,2024-08-13 09:43:15,False,,4.0,completed
DE-ORD-001748,DE-CUST-00372,DE,EUR,110.54,110.54,Fashion,16.11.2024,19-Nov-2024,False,,3.0,completed
DE-ORD-001749,DE-CUST-00155,DE,EUR,104.71,104.71,Home & Kitchen,26.07.2024,2024-07-29 16:20:54,False,,,completed
DE-ORD-001750,DE-CUST-00471,DE,EUR,36.5,36.5,Grocery,31.07.2025,2025-08-10 05:34:47,False,,4.0,completed
DE-ORD-001751,DE-CUST-00449,DE,EUR,65.11,65.11,Toys,2024-02-01 00:00:00,2024-02-04 18:24:16,False,,3.0,completed
DE-ORD-001752,DE-CUST-00491,DE,EUR,44.95,44.95,Toys,02-Apr-2024,05.04.2024,False,,3.0,completed
DE-ORD-001753,DE-CUST-00492,DE,EUR,113.35,113.35,Health,24-Nov-2025,27-Nov-2025,True,2025-12-29 00:00:00,4.0,completed
DE-ORD-001754,DE-CUST-00068,DE,EUR,65.36,65.36,Health,09-Oct-2024,10/14/2024 02:01,True,12-Nov-2024,4.0,completed
DE-ORD-001755,DE-CUST-00501,DE,EUR,65.51,65.51,Electronics,16.03.2023,2023-03-19 11:31:18,False,,3.0,completed
DE-ORD-001756,DE-CUST-00096,DE,EUR,84.26,84.26,Sports,12/24/2025 00:00,27-Dec-2025,False,,3.0,completed
DE-ORD-001757,DE-CUST-00247,DE,EUR,107.05,107.05,,05.07.2023,06-Jul-2023,False,,3.0,completed
DE-ORD-001758,DE-CUST-00378,DE,EUR,104.05,104.05,Fashion,2024-09-20 00:00:00,23.09.2024,False,,4.0,completed
DE-ORD-001759,DE-CUST-00476,DE,EUR,74.54,74.54,Sports,06.01.2024,2024-01-09 18:27:32,False,,,completed
DE-ORD-001760,DE-CUST-00056,DE,EUR,7.37,7.37,Fashion,11/12/2024 00:00,11/14/2024 23:25,False,,5.0,completed
DE-ORD-001761,DE-CUST-00002,DE,EUR,39.95,39.95,Sports,09-Aug-2025,08/12/2025 00:32,False,,,completed
DE-ORD-001762,DE-CUST-00375,DE,EUR,44.42,44.42,Sports,30-Aug-2024,02-Sep-2024,True,04-Oct-2024,3.0,completed
DE-ORD-001763,DE-CUST-00090,DE,EUR,83.5,83.5,Home & Kitchen,06.04.2025,09-Apr-2025,True,26.04.2025,4.0,completed
DE-ORD-001764,DE-CUST-00269,DE,EUR,25.06,25.06,Books,11.04.2024,04/22/2024 23:44,False,,3.0,completed
DE-ORD-001765,DE-CUST-00481,DE,EUR,82.31,82.31,Toys,12/14/2023 00:00,12/16/2023 07:26,False,,4.0,completed
DE-ORD-001766,DE-CUST-00415,DE,EUR,110.08,110.08,Electronics,2024-06-09 00:00:00,11.06.2024,False,,3.0,completed
DE-ORD-001767,DE-CUST-00274,DE,EUR,44.79,44.79,,2024-04-07 00:00:00,04/14/2024 10:45,False,,3.0,completed
DE-ORD-001768,DE-CUST-00245,DE,EUR,128.75,128.75,Books,15.03.2023,03/16/2023 14:24,False,,3.0,completed
DE-ORD-001769,DE-CUST-00398,DE,EUR,38.91,38.91,Health,2023-05-10 00:00:00,05/12/2023 05:33,False,,3.0,completed
DE-ORD-001770,DE-CUST-00128,DE,EUR,38.07,41.12,Books,08-Dec-2024,12/10/2024 06:30,False,,5.0,completed
DE-ORD-001771,DE-CUST-00379,DE,EUR,111.5,111.5,Automotive,2023-01-02 00:00:00,,False,,,completed
DE-ORD-001772,DE-CUST-00039,DE,EUR,84.91,84.91,Electronics,06-Oct-2024,09-Oct-2024,False,,3.0,completed
DE-ORD-001773,DE-CUST-00258,DE,EUR,28.78,28.78,Automotive,03/23/2025 00:00,03/27/2025 01:04,False,,3.0,cancelled
DE-ORD-001774,DE-CUST-00103,DE,EUR,27.23,27.23,Beauty,03/28/2025 00:00,2025-04-02 05:30:17,False,,5.0,completed
DE-ORD-001775,DE-CUST-00050,DE,EUR,79.95,79.95,Books,05/10/2024 00:00,2024-05-15 03:49:56,False,,3.0,completed
DE-ORD-001776,DE-CUST-00276,DE,EUR,14.17,14.17,Home & Kitchen,2023-08-11 00:00:00,15-Aug-2023,False,,4.0,completed
DE-ORD-001777,DE-CUST-00245,DE,EUR,67.72,67.72,Sports,2023-09-27 00:00:00,09/30/2023 03:16,False,,4.0,completed
DE-ORD-001778,DE-CUST-00164,DE,EUR,27.54,27.54,,27.09.2023,08-Oct-2023,False,,3.0,completed
DE-ORD-001779,DE-CUST-00165,DE,EUR,68.23,68.23,Electronics,12.11.2024,2024-11-13 20:50:09,False,,3.0,completed
DE-ORD-001780,DE-CUST-00499,DE,EUR,38.18,38.18,Grocery,27-Aug-2023,30.08.2023,False,,2.0,completed
DE-ORD-001781,DE-CUST-00476,DE,EUR,68.31,68.31,Grocery,2025-07-19 00:00:00,24-Jul-2025,True,2025-08-11 00:00:00,4.0,completed
DE-ORD-001782,DE-CUST-00342,DE,EUR,123.57,123.57,Beauty,14-Mar-2025,2025-03-19 12:01:26,False,,,completed
DE-ORD-001783,DE-CUST-00109-DUP,DE,EUR,94.55,94.55,Toys,02-Dec-2023,12/05/2023 14:41,False,,4.0,completed
DE-ORD-001784,DE-CUST-00442,DE,EUR,94.02,94.02,Beauty,07/20/2025 00:00,22.07.2025,False,,2.0,completed
DE-ORD-001785,DE-CUST-00512,DE,EUR,83.7,83.7,Home & Kitchen,06.12.2023,12/07/2023 19:16,False,,3.0,completed
DE-ORD-001786,DE-CUST-00298,DE,EUR,65.01,65.01,Beauty,2023-12-01 00:00:00,04-Dec-2023,False,,2.0,completed
DE-ORD-001787,DE-CUST-00257,DE,EUR,71.29,71.29,Sports,16.07.2023,20.07.2023,False,,,completed
DE-ORD-001788,DE-CUST-00356,DE,EUR,22.12,22.12,Health,2023-02-23 00:00:00,02/28/2023 09:48,False,,,completed
DE-ORD-001789,DE-CUST-00350,DE,EUR,5.71,5.71,Automotive,11/17/2023 00:00,23-Nov-2023,False,,3.0,completed
DE-ORD-001790,DE-CUST-00022,DE,EUR,70.53,70.53,Grocery,05.12.2025,05.12.2025,False,,,completed
DE-ORD-001791,DE-CUST-00189,DE,EUR,62.64,62.64,Automotive,08.03.2023,11-Mar-2023,False,,4.0,completed
DE-ORD-001792,DE-CUST-00071,DE,EUR,43.6,43.6,Home & Kitchen,03-Sep-2025,09/05/2025 01:55,True,2025-10-03 00:00:00,,completed
DE-ORD-001793,DE-CUST-00172,DE,EUR,107.96,107.96,Health,2024-09-13 00:00:00,16-Sep-2024,False,,5.0,completed
DE-ORD-001794,DE-CUST-00142,DE,EUR,44.99,44.99,Books,26-May-2024,28.05.2024,True,30-Jun-2024,4.0,completed
DE-ORD-001795,DE-CUST-00063,DE,EUR,3.33,3.33,Home & Kitchen,02.01.2023,19.01.2023,False,,5.0,completed
DE-ORD-001796,DE-CUST-00519,DE,EUR,20.47,20.47,Home & Kitchen,2025-04-20 00:00:00,04/20/2025 18:30,False,,5.0,completed
DE-ORD-001797,DE-CUST-00273,DE,EUR,12.03,12.03,Electronics,06/27/2024 00:00,30.06.2024,False,,4.0,completed
DE-ORD-001798,DE-CUST-00143,DE,EUR,3.0,3.0,Beauty,27-Oct-2024,30-Oct-2024,False,,4.0,completed
DE-ORD-001799,DE-CUST-00212,DE,EUR,78.46,78.46,Beauty,27-Aug-2024,,False,,,completed
DE-ORD-001800,DE-CUST-00030,DE,EUR,50.28,50.28,Sports,02.11.2023,13.11.2023,False,,3.0,completed
DE-ORD-001801,DE-CUST-00474,DE,EUR,11.4,11.4,Home & Kitchen,2023-06-09 00:00:00,10-Jun-2023,False,,2.0,completed
DE-ORD-001802,DE-CUST-00040,DE,EUR,103.36,103.36,Sports,2025-02-19 00:00:00,02/20/2025 05:28,True,2025-03-27 00:00:00,4.0,completed
DE-ORD-001803,DE-CUST-00304,DE,EUR,54.89,59.28,Home & Kitchen,08/12/2023 00:00,15.08.2023,False,,5.0,completed
DE-ORD-001804,DE-CUST-00063,DE,EUR,48.34,48.34,Grocery,08-Nov-2025,2025-11-12 10:01:03,True,2025-12-01 00:00:00,4.0,completed
DE-ORD-001805,DE-CUST-00016,DE,EUR,59.22,59.22,Fashion,29-Jan-2024,02/04/2024 22:47,False,,2.0,completed
DE-ORD-001806,DE-CUST-00211,DE,EUR,113.99,113.99,Fashion,2024-06-26 00:00:00,,True,07.08.2024,,completed
DE-ORD-001807,DE-CUST-00039,DE,EUR,46.78,46.78,Books,13-Dec-2024,18.12.2024,False,,2.0,completed
DE-ORD-001808,DE-CUST-00073,DE,EUR,45.17,45.17,Grocery,31.05.2025,2025-06-01 16:29:40,False,,4.0,completed
DE-ORD-001809,DE-CUST-00397,DE,EUR,22.7,22.7,Fashion,2024-12-20 00:00:00,12-Jan-2025,True,2025-01-08 00:00:00,3.0,completed
DE-ORD-001810,DE-CUST-00262,DE,EUR,46.78,46.78,Fashion,11/16/2024 00:00,20-Nov-2024,False,,3.0,completed
DE-ORD-001811,DE-CUST-00510,DE,EUR,23.63,25.52,Sports,01/30/2024 00:00,06-Feb-2024,False,,3.0,completed
DE-ORD-001812,DE-CUST-00007,DE,EUR,3.0,3.0,Beauty,13-Dec-2024,15-Dec-2024,False,,2.0,completed
DE-ORD-001813,DE-CUST-00035,DE,EUR,96.39,104.1,Health,07-Mar-2023,03/10/2023 23:34,False,,4.0,completed
DE-ORD-001814,DE-CUST-00596,DE,EUR,50.94,50.94,Books,09/20/2023 00:00,09/23/2023 01:56,False,,3.0,completed
DE-ORD-001815,DE-CUST-00117,DE,EUR,61.91,61.91,Sports,07/21/2023 00:00,,False,,,completed
DE-ORD-001816,DE-CUST-00078,DE,EUR,77.77,77.77,Fashion,14.07.2025,07/18/2025 06:00,False,,,completed
DE-ORD-001817,DE-CUST-00414,DE,EUR,83.98,83.98,Automotive,10-Jun-2024,06/14/2024 19:50,False,,4.0,completed
DE-ORD-001818,DE-CUST-00285,DE,EUR,78.64,78.64,Grocery,2023-12-22 00:00:00,27-Dec-2023,False,,3.0,completed
DE-ORD-001819,DE-CUST-00193,DE,EUR,32.48,32.48,Books,2023-03-18 00:00:00,03/19/2023 17:18,False,,4.0,completed
DE-ORD-001820,DE-CUST-00003,DE,EUR,3.0,3.0,Grocery,10/06/2025 00:00,10-Oct-2025,False,,4.0,completed
DE-ORD-001821,DE-CUST-00363,DE,EUR,108.12,108.12,Health,21-Apr-2023,23.04.2023,True,05/28/2023 00:00,3.0,completed
DE-ORD-001822,DE-CUST-00167,DE,EUR,107.64,107.64,Health,2023-04-23 00:00:00,28-Apr-2023,False,,3.0,completed
DE-ORD-001823,DE-CUST-00410,DE,EUR,71.91,71.91,Automotive,2023-11-06 00:00:00,2023-11-09 22:35:56,False,,4.0,completed
DE-ORD-001824,DE-CUST-00027,DE,EUR,55.02,59.42,Automotive,05/07/2025 00:00,2025-05-19 10:07:47,False,,2.0,completed
DE-ORD-001825,DE-CUST-00223,DE,EUR,49.0,49.0,Toys,04.09.2025,08-Sep-2025,True,05-Oct-2025,4.0,completed
DE-ORD-001826,DE-CUST-00027,DE,EUR,116.4,116.4,Toys,2025-03-11 00:00:00,2025-03-16 07:08:10,False,,3.0,completed
DE-ORD-001827,DE-CUST-00181-DUP,DE,EUR,114.4,114.4,Automotive,2023-04-10 00:00:00,12-Apr-2023,False,,4.0,completed
DE-ORD-001828,DE-CUST-00129,DE,EUR,133.8,133.8,Toys,29.01.2025,2025-02-03 07:44:16,False,,4.0,completed
DE-ORD-001829,DE-CUST-00598,DE,EUR,52.39,52.39,,2023-05-15 00:00:00,,False,,,completed
DE-ORD-001830,DE-CUST-00549,DE,EUR,76.8,76.8,Automotive,07/08/2023 00:00,2023-07-09 19:51:07,False,,3.0,completed
DE-ORD-001831,DE-CUST-00095,DE,EUR,19.75,19.75,Sports,2025-12-04 00:00:00,2025-12-06 19:25:33,False,,4.0,completed
DE-ORD-001832,DE-CUST-00041,DE,EUR,75.4,75.4,Grocery,10.06.2025,,False,,,completed
DE-ORD-001833,DE-CUST-00135,DE,EUR,105.63,105.63,Books,10/08/2025 00:00,2025-10-11 04:30:16,False,,3.0,completed
DE-ORD-001834,DE-CUST-00434,DE,EUR,73.6,73.6,Health,18-Apr-2023,2023-04-24 10:41:16,False,,4.0,completed
DE-ORD-001835,DE-CUST-00332,DE,EUR,51.21,51.21,Grocery,2025-05-29 00:00:00,30-May-2025,False,,3.0,completed
DE-ORD-001836,DE-CUST-00001,DE,EUR,73.93,73.93,Sports,2024-05-23 00:00:00,25-May-2024,False,,2.0,completed
DE-ORD-001837,DE-CUST-00118,DE,EUR,32.68,32.68,,2025-07-27 00:00:00,2025-08-01 16:21:48,False,,,completed
DE-ORD-001838,DE-CUST-00118-DUP,DE,EUR,119.49,119.49,Electronics,2023-10-21 00:00:00,23.10.2023,False,,4.0,completed
DE-ORD-001839,DE-CUST-00018,DE,EUR,20.21,20.21,Grocery,12-Dec-2024,17.12.2024,False,,4.0,completed
DE-ORD-001840,DE-CUST-00408,DE,EUR,101.09,101.09,Sports,2024-06-17 00:00:00,17.06.2024,False,,4.0,completed
DE-ORD-001841,DE-CUST-00038,DE,EUR,64.71,64.71,Home & Kitchen,10/17/2023 00:00,21-Oct-2023,False,,4.0,completed
DE-ORD-001842,DE-CUST-00093,DE,EUR,67.5,67.5,Home & Kitchen,09.02.2023,11-Feb-2023,False,,4.0,completed
DE-ORD-001843,DE-CUST-00281,DE,EUR,62.71,62.71,Toys,04.11.2025,11/06/2025 04:34,False,,3.0,completed
DE-ORD-001844,DE-CUST-00311,DE,EUR,8.87,8.87,,10.05.2023,12.05.2023,False,,5.0,completed
DE-ORD-001845,DE-CUST-00448,DE,EUR,71.76,71.76,Grocery,04.04.2024,2024-04-06 16:55:42,False,,4.0,completed
DE-ORD-001846,DE-CUST-00184,DE,EUR,33.37,33.37,Automotive,2025-08-16 00:00:00,08/19/2025 15:25,False,,3.0,cancelled
DE-ORD-001847,DE-CUST-00080,DE,EUR,94.61,94.61,Automotive,07.08.2024,08.08.2024,False,,3.0,completed
DE-ORD-001848,DE-CUST-00418,DE,EUR,3.0,3.0,Fashion,2023-11-23 00:00:00,26-Nov-2023,False,,,completed
DE-ORD-001849,DE-CUST-00378,DE,EUR,111.03,111.03,Toys,13-Feb-2025,15-Feb-2025,False,,3.0,completed
DE-ORD-001850,DE-CUST-00307,DE,EUR,98.13,98.13,Automotive,25.09.2023,30.09.2023,False,,4.0,completed
DE-ORD-001851,DE-CUST-00386,DE,EUR,91.02,91.02,Beauty,06-Feb-2023,02/07/2023 21:13,False,,5.0,completed
DE-ORD-001852,DE-CUST-00338,DE,EUR,146.65,146.65,Health,02/16/2023 00:00,20-Feb-2023,False,,2.0,completed
DE-ORD-001853,DE-CUST-00106,DE,EUR,43.79,43.79,Fashion,2024-04-01 00:00:00,2024-04-05 10:03:42,False,,3.0,completed
DE-ORD-001854,DE-CUST-00231,DE,EUR,113.34,113.34,Grocery,12/15/2025 00:00,2025-12-19 09:10:25,False,,3.0,completed
DE-ORD-001855,DE-CUST-00279,DE,EUR,66.23,66.23,Books,2024-07-21 00:00:00,07/23/2024 03:49,False,,3.0,completed
DE-ORD-001856,DE-CUST-00315,DE,EUR,43.93,43.93,Grocery,02/13/2024 00:00,09.03.2024,False,,5.0,completed
DE-ORD-001857,DE-CUST-00438,DE,EUR,10.61,10.61,Electronics,30-Sep-2023,2023-09-30 14:45:51,False,,3.0,completed
DE-ORD-001858,DE-CUST-00392,DE,EUR,7.3,7.3,,2024-11-12 00:00:00,11/15/2024 13:39,False,,4.0,completed
DE-ORD-001859,DE-CUST-00086,DE,EUR,121.78,121.78,Grocery,14.03.2025,2025-03-17 19:15:00,False,,3.0,completed
DE-ORD-001860,DE-CUST-00160,DE,EUR,3.0,3.24,Toys,10.07.2023,28-Jul-2023,False,,4.0,completed
DE-ORD-001861,DE-CUST-00370,DE,EUR,89.28,89.28,Sports,03-May-2025,,False,,,completed
DE-ORD-001862,DE-CUST-00313,DE,EUR,48.47,48.47,Toys,2023-05-04 00:00:00,05-May-2023,True,03.06.2023,2.0,completed
DE-ORD-001863,DE-CUST-00337,DE,EUR,22.88,22.88,Electronics,04-May-2023,05.05.2023,False,,4.0,completed
DE-ORD-001864,DE-CUST-00137,DE,EUR,45.31,45.31,Health,07/02/2025 00:00,04-Jul-2025,False,,3.0,completed
DE-ORD-001865,DE-CUST-00544,DE,EUR,3.0,3.0,Fashion,08/22/2025 00:00,07-Sep-2025,False,,3.0,completed
DE-ORD-001866,DE-CUST-00183,DE,EUR,49.33,49.33,Toys,30-Dec-2024,12/31/2024 07:37,False,,4.0,completed
DE-ORD-001867,DE-CUST-00586,DE,EUR,70.45,70.45,Books,05/30/2024 00:00,06/01/2024 06:15,False,,,completed
DE-ORD-001868,DE-CUST-00592,DE,EUR,50.1,50.1,Automotive,09.01.2025,15.01.2025,False,,4.0,completed
DE-ORD-001869,DE-CUST-00011,DE,EUR,58.09,58.09,Sports,2024-11-10 00:00:00,12-Nov-2024,False,,2.0,completed
DE-ORD-001870,DE-CUST-00523,DE,EUR,58.92,63.63,Toys,17.08.2025,08/20/2025 23:43,False,,,completed
DE-ORD-001871,DE-CUST-00272,DE,EUR,106.78,106.78,Health,10/28/2023 00:00,28.10.2023,False,,3.0,completed
DE-ORD-001872,DE-CUST-00265,DE,EUR,42.93,46.36,Beauty,2025-08-12 00:00:00,08/15/2025 11:52,False,,3.0,completed
DE-ORD-001873,DE-CUST-00261,DE,EUR,60.38,60.38,Health,05/18/2025 00:00,2025-05-22 02:41:29,False,,3.0,completed
DE-ORD-001874,DE-CUST-00549,DE,EUR,100.5,100.5,Grocery,2024-09-21 00:00:00,11-Oct-2024,False,,3.0,completed
DE-ORD-001875,DE-CUST-00087,DE,EUR,125.83,125.83,Fashion,04/12/2025 00:00,2025-04-17 20:01:51,False,,,completed
DE-ORD-001876,DE-CUST-00077,DE,EUR,100.45,100.45,Beauty,2025-10-11 00:00:00,,False,,,completed
DE-ORD-001877,DE-CUST-00441,DE,EUR,125.0,125.0,Fashion,30-Apr-2025,04-May-2025,False,,5.0,completed
DE-ORD-001878,DE-CUST-00583,DE,EUR,112.02,112.02,Home & Kitchen,03/16/2025 00:00,,False,,,completed
DE-ORD-001879,DE-CUST-00401,DE,EUR,98.39,98.39,Toys,08-Oct-2025,13-Oct-2025,False,,5.0,completed
DE-ORD-001880,DE-CUST-00196,DE,EUR,73.23,73.23,Health,02.07.2024,07/03/2024 03:23,False,,3.0,completed
DE-ORD-001881,DE-CUST-00071,DE,EUR,79.82,79.82,Electronics,10/26/2025 00:00,,False,,,completed
DE-ORD-001882,DE-CUST-00067,DE,EUR,17.63,17.63,Sports,04.05.2024,19-May-2024,False,,3.0,completed
DE-ORD-001883,DE-CUST-00001,DE,EUR,95.69,95.69,Home & Kitchen,26-Nov-2025,2025-12-01 20:53:32,False,,4.0,completed
DE-ORD-001884,DE-CUST-00400,DE,EUR,105.18,105.18,Grocery,09.06.2025,06/12/2025 09:05,False,,2.0,completed
DE-ORD-001885,DE-CUST-00369,DE,EUR,47.7,51.52,Beauty,02/07/2024 00:00,10.02.2024,False,,3.0,completed
DE-ORD-001886,DE-CUST-00055-DUP,DE,EUR,67.08,67.08,,2023-12-25 00:00:00,29.12.2023,False,,4.0,completed
DE-ORD-001887,DE-CUST-00128,DE,EUR,54.43,58.78,Automotive,03.01.2025,03-Jan-2025,True,21-Jan-2025,3.0,completed
DE-ORD-001888,DE-CUST-00197,DE,EUR,66.66,66.66,Electronics,18-Jan-2024,01/23/2024 08:01,False,,3.0,completed
DE-ORD-001889,DE-CUST-00307,DE,EUR,84.48,84.48,Health,11.11.2025,11/14/2025 22:26,False,,4.0,completed
DE-ORD-001890,DE-CUST-00197,DE,EUR,100.36,100.36,,11/05/2025 00:00,11/07/2025 12:12,False,,,completed
DE-ORD-001891,DE-CUST-00078,DE,EUR,43.14,43.14,Electronics,2025-02-11 00:00:00,14.02.2025,False,,3.0,completed
DE-ORD-001892,DE-CUST-00589,DE,EUR,84.3,84.3,Sports,12/25/2023 00:00,27.12.2023,True,28-Jan-2024,4.0,completed
DE-ORD-001893,DE-CUST-00196,DE,EUR,61.19,61.19,Fashion,2023-10-03 00:00:00,10/06/2023 19:44,False,,3.0,completed
DE-ORD-001894,DE-CUST-00062,DE,EUR,52.11,52.11,Books,06-Jan-2023,09-Jan-2023,False,,4.0,completed
DE-ORD-001895,DE-CUST-00081,DE,EUR,64.84,64.84,Electronics,05/01/2024 00:00,2024-05-07 01:23:34,True,26.05.2024,3.0,completed
DE-ORD-001896,DE-CUST-00110,DE,EUR,62.56,62.56,Beauty,2024-07-15 00:00:00,16.07.2024,False,,4.0,completed
DE-ORD-001897,DE-CUST-00110,DE,EUR,22.62,22.62,Sports,05-Dec-2024,12/08/2024 01:58,False,,3.0,completed
DE-ORD-001898,DE-CUST-00131,DE,EUR,75.67,75.67,Automotive,2023-04-07 00:00:00,09.04.2023,True,12-May-2023,3.0,completed
DE-ORD-001899,DE-CUST-00430,DE,EUR,119.56,119.56,Automotive,2025-01-24 00:00:00,27-Jan-2025,True,2025-02-26 00:00:00,,completed
DE-ORD-001900,DE-CUST-00298,DE,EUR,43.68,43.68,Books,06/18/2023 00:00,06/21/2023 02:58,False,,5.0,completed
DE-ORD-001901,DE-CUST-00423,DE,EUR,56.06,60.54,Beauty,2025-01-15 00:00:00,17-Jan-2025,False,,,completed
DE-ORD-001902,DE-CUST-00442,DE,EUR,38.97,38.97,Beauty,01/31/2025 00:00,2025-02-02 16:13:53,False,,3.0,completed
DE-ORD-001903,DE-CUST-00330,DE,EUR,16.37,16.37,Sports,05.02.2023,06.02.2023,False,,3.0,completed
DE-ORD-001904,DE-CUST-00296,DE,EUR,87.48,87.48,Toys,2023-07-19 00:00:00,21.07.2023,True,13-Aug-2023,3.0,completed
DE-ORD-001905,DE-CUST-00405,DE,EUR,113.26,113.26,Books,24-Feb-2024,03/05/2024 10:37,False,,3.0,completed
DE-ORD-001906,DE-CUST-00387,DE,EUR,41.03,41.03,Automotive,2023-02-24 00:00:00,02/26/2023 04:52,True,27.03.2023,,completed
DE-ORD-001907,DE-CUST-00419-DUP,DE,EUR,91.33,91.33,Automotive,01/23/2024 00:00,2024-01-26 04:37:49,False,,3.0,completed
DE-ORD-001908,DE-CUST-00211,DE,EUR,34.08,36.81,Grocery,2024-10-26 00:00:00,2024-10-28 08:17:31,False,,4.0,completed
DE-ORD-001909,DE-CUST-00258,DE,EUR,15.01,15.01,Health,24-Jan-2025,28.01.2025,False,,3.0,completed
DE-ORD-001910,DE-CUST-00120,DE,EUR,59.31,59.31,Beauty,09.06.2023,,False,,,cancelled
DE-ORD-001911,DE-CUST-00527,DE,EUR,64.53,69.69,Fashion,28.04.2023,01-May-2023,True,2023-06-10 00:00:00,,completed
DE-ORD-001912,DE-CUST-00334,DE,EUR,63.1,63.1,Home & Kitchen,08/12/2023 00:00,2023-08-17 16:58:53,True,19.09.2023,4.0,completed
DE-ORD-001913,DE-CUST-00577,DE,EUR,34.8,34.8,Home & Kitchen,27-Feb-2025,2025-03-01 10:23:32,False,,4.0,completed
DE-ORD-001914,DE-CUST-00112,DE,EUR,114.35,114.35,Automotive,2023-04-30 00:00:00,05/18/2023 22:08,False,,4.0,completed
DE-ORD-001915,DE-CUST-00138,DE,EUR,88.17,88.17,Health,22-Sep-2024,2024-09-27 15:05:10,False,,,completed
DE-ORD-001916,DE-CUST-00061,DE,EUR,3.0,3.0,Fashion,2023-09-27 00:00:00,01.10.2023,False,,4.0,completed
DE-ORD-001917,DE-CUST-00377,DE,EUR,14.13,14.13,Beauty,04-Dec-2023,2023-12-06 04:06:57,False,,3.0,completed
DE-ORD-001918,DE-CUST-00314,DE,EUR,37.31,37.31,Home & Kitchen,18.05.2024,05/20/2024 18:39,False,,4.0,completed
DE-ORD-001919,DE-CUST-00057,DE,EUR,97.9,97.9,Home & Kitchen,14.12.2023,,False,,,completed
DE-ORD-001920,DE-CUST-00276,DE,EUR,33.16,33.16,Automotive,11/15/2025 00:00,,False,,,completed
DE-ORD-001921,DE-CUST-00513,DE,EUR,115.0,115.0,Toys,21-May-2023,25.05.2023,False,,4.0,completed
DE-ORD-001922,DE-CUST-00471,DE,EUR,82.99,82.99,Fashion,2024-08-10 00:00:00,13.08.2024,False,,,completed
DE-ORD-001923,DE-CUST-00325,DE,EUR,84.93,84.93,Fashion,11/19/2024 00:00,21.11.2024,False,,4.0,completed
DE-ORD-001924,DE-CUST-00175,DE,EUR,7.6,7.6,Beauty,2025-09-18 00:00:00,20.09.2025,False,,3.0,completed
DE-ORD-001925,DE-CUST-00249,DE,EUR,50.77,50.77,Home & Kitchen,16.02.2023,18-Feb-2023,False,,3.0,completed
DE-ORD-001926,DE-CUST-00388,DE,EUR,7.45,7.45,Books,10/01/2024 00:00,2024-10-05 07:45:11,False,,4.0,completed
DE-ORD-001927,DE-CUST-00115,DE,EUR,3.0,3.0,Electronics,04/10/2024 00:00,12.04.2024,False,,4.0,completed
DE-ORD-001928,DE-CUST-00028,DE,EUR,44.37,44.37,Sports,18.05.2025,20.05.2025,False,,4.0,completed
DE-ORD-001929,DE-CUST-00313,DE,EUR,78.06,78.06,Home & Kitchen,10-Oct-2023,2023-10-11 08:17:28,False,,4.0,completed
DE-ORD-001930,DE-CUST-00446,DE,EUR,34.59,34.59,Automotive,26.08.2025,29-Aug-2025,False,,4.0,completed
DE-ORD-001931,DE-CUST-00171,DE,EUR,44.97,44.97,,09-Mar-2024,10-Mar-2024,False,,3.0,completed
DE-ORD-001932,DE-CUST-00289,DE,EUR,126.76,126.76,Beauty,25-Jan-2024,2024-01-26 10:58:46,False,,5.0,completed
DE-ORD-001933,DE-CUST-00145,DE,EUR,55.13,55.13,Home & Kitchen,12/30/2024 00:00,11-Jan-2025,False,,3.0,completed
DE-ORD-001934,DE-CUST-00237,DE,EUR,35.69,35.69,Automotive,01/26/2025 00:00,01/28/2025 17:53,False,,3.0,completed
DE-ORD-001935,DE-CUST-00596,DE,EUR,57.06,57.06,Toys,02-Jun-2023,04-Jun-2023,False,,,completed
DE-ORD-001936,DE-CUST-00505,DE,EUR,135.33,135.33,Fashion,23-Aug-2023,24.08.2023,False,,4.0,completed
DE-ORD-001937,DE-CUST-00411,DE,EUR,74.42,74.42,Beauty,03.05.2023,04.05.2023,False,,4.0,completed
DE-ORD-001938,DE-CUST-00456,DE,EUR,49.86,49.86,Home & Kitchen,2025-04-05 00:00:00,05.04.2025,False,,,completed
DE-ORD-001939,DE-CUST-00069,DE,EUR,90.07,90.07,Health,03-Aug-2025,2025-08-04 19:47:24,False,,3.0,completed
DE-ORD-001940,DE-CUST-00174,DE,EUR,91.14,91.14,,20.09.2024,22-Sep-2024,False,,4.0,completed
DE-ORD-001941,DE-CUST-00406,DE,EUR,110.99,119.87,Grocery,18-Apr-2024,20-Apr-2024,False,,4.0,completed
DE-ORD-001942,DE-CUST-00456,DE,EUR,36.29,36.29,Fashion,09-Dec-2025,15-Dec-2025,False,,3.0,completed
DE-ORD-001943,DE-CUST-00248,DE,EUR,103.99,103.99,Grocery,2025-05-05 00:00:00,09.05.2025,False,,4.0,completed
DE-ORD-001944,DE-CUST-00360,DE,EUR,39.52,39.52,Fashion,30.11.2025,03.12.2025,False,,2.0,completed
DE-ORD-001945,DE-CUST-00316,DE,EUR,73.53,73.53,Electronics,24.07.2025,2025-07-28 00:35:10,False,,4.0,completed
DE-ORD-001946,DE-CUST-00268,DE,EUR,3.0,3.0,Electronics,2024-03-07 00:00:00,,False,,,completed
DE-ORD-001947,DE-CUST-00375,DE,EUR,36.57,36.57,Books,19.12.2023,01.01.2024,False,,4.0,completed
DE-ORD-001948,DE-CUST-00413,DE,EUR,58.53,58.53,Books,29.11.2023,23.12.2023,False,,3.0,completed
DE-ORD-001949,DE-CUST-00281,DE,EUR,88.19,95.25,Beauty,2024-07-06 00:00:00,07/10/2024 05:05,False,,4.0,cancelled
DE-ORD-001950,DE-CUST-00109,DE,EUR,58.08,58.08,Automotive,22.08.2024,28-Aug-2024,False,,,completed
DE-ORD-001951,DE-CUST-00244,DE,EUR,83.74,83.74,Electronics,05/08/2025 00:00,05/10/2025 01:08,False,,4.0,completed
DE-ORD-001952,DE-CUST-00432,DE,EUR,93.59,101.08,Toys,02.12.2024,12/04/2024 14:49,False,,5.0,completed
DE-ORD-001953,DE-CUST-00359,DE,EUR,79.52,79.52,Fashion,03/06/2025 00:00,06.03.2025,False,,4.0,completed
DE-ORD-001954,DE-CUST-00034,DE,EUR,49.57,53.54,Automotive,05/27/2024 00:00,,False,,,completed
DE-ORD-001955,DE-CUST-00190,DE,EUR,100.88,100.88,Grocery,2025-02-07 00:00:00,,True,19-Mar-2025,,completed
DE-ORD-001956,DE-CUST-00028,DE,EUR,128.28,128.28,Grocery,03.09.2023,06-Sep-2023,False,,4.0,completed
DE-ORD-001957,DE-CUST-00047,DE,EUR,95.59,95.59,Beauty,25.12.2024,12/28/2024 08:29,False,,4.0,completed
DE-ORD-001958,DE-CUST-00340,DE,EUR,42.4,42.4,Grocery,04/03/2023 00:00,05-Apr-2023,False,,2.0,completed
DE-ORD-001959,DE-CUST-00482,DE,EUR,74.17,74.17,Sports,23-Sep-2025,2025-09-26 23:42:32,True,01-Nov-2025,5.0,completed
DE-ORD-001960,DE-CUST-00154,DE,EUR,95.06,95.06,Health,10/26/2025 00:00,2025-11-09 01:44:50,False,,,completed
DE-ORD-001961,DE-CUST-00191,DE,EUR,20.23,20.23,Home & Kitchen,15.01.2025,19.01.2025,True,2025-02-08 00:00:00,5.0,completed
DE-ORD-001962,DE-CUST-00173,DE,EUR,93.7,93.7,Health,28-Mar-2025,,False,,,completed
DE-ORD-001963,DE-CUST-00123,DE,EUR,56.95,56.95,Books,20.01.2025,02/03/2025 19:12,False,,3.0,completed
DE-ORD-001964,DE-CUST-00152,DE,EUR,62.88,62.88,Toys,08-Jun-2023,2023-06-11 09:10:14,False,,4.0,completed
DE-ORD-001965,DE-CUST-00033,DE,EUR,60.09,60.09,Sports,01/21/2025 00:00,2025-01-24 07:11:21,False,,3.0,completed
DE-ORD-001966,DE-CUST-00172,DE,EUR,100.78,100.78,Grocery,04/28/2025 00:00,,True,23-May-2025,,completed
DE-ORD-001967,DE-CUST-00550,DE,EUR,58.37,58.37,Sports,18.01.2024,20.01.2024,False,,2.0,completed
DE-ORD-001968,DE-CUST-00190,DE,EUR,114.7,114.7,Automotive,24-Jun-2023,28.06.2023,False,,2.0,completed
DE-ORD-001969,DE-CUST-00465,DE,EUR,94.0,94.0,Fashion,05/26/2023 00:00,30.05.2023,False,,4.0,completed
DE-ORD-001970,DE-CUST-00356,DE,EUR,125.73,125.73,Toys,06/08/2023 00:00,06/11/2023 19:48,False,,2.0,completed
DE-ORD-001971,DE-CUST-00383,DE,EUR,78.88,78.88,Health,25-May-2023,28-May-2023,False,,3.0,completed
DE-ORD-001972,DE-CUST-00221,DE,EUR,86.8,93.74,Books,06/13/2024 00:00,06/13/2024 23:57,False,,4.0,completed
DE-ORD-001973,DE-CUST-00115,DE,EUR,31.63,31.63,Electronics,01.08.2024,08/03/2024 00:32,False,,,completed
DE-ORD-001974,DE-CUST-00427,DE,EUR,60.67,65.52,Toys,09.01.2024,2024-01-13 03:35:13,False,,4.0,completed
DE-ORD-001975,DE-CUST-00016,DE,EUR,36.78,36.78,Electronics,21.02.2023,2023-03-11 17:46:50,False,,3.0,completed
DE-ORD-001976,DE-CUST-00089,DE,EUR,56.46,56.46,Automotive,12.01.2023,,False,,,completed
DE-ORD-001977,DE-CUST-00147,DE,EUR,64.84,64.84,Beauty,17-Aug-2023,08/21/2023 18:56,False,,5.0,completed
DE-ORD-001978,DE-CUST-00128,DE,EUR,42.66,42.66,Automotive,10/27/2025 00:00,30.10.2025,False,,5.0,completed
DE-ORD-001979,DE-CUST-00178,DE,EUR,119.89,119.89,Toys,2024-05-19 00:00:00,05/19/2024 23:47,False,,4.0,completed
DE-ORD-001980,DE-CUST-00518,DE,EUR,65.02,65.02,Automotive,2024-12-08 00:00:00,12-Dec-2024,False,,3.0,completed
DE-ORD-001981,DE-CUST-00309,DE,EUR,33.09,33.09,,08.05.2023,10-May-2023,False,,,completed
DE-ORD-001982,DE-CUST-00495,DE,EUR,43.27,43.27,Grocery,01/16/2024 00:00,20-Jan-2024,False,,3.0,completed
DE-ORD-001983,DE-CUST-00592,DE,EUR,41.34,44.65,Fashion,10/30/2023 00:00,10/30/2023 19:35,False,,5.0,completed
DE-ORD-001984,DE-CUST-00070,DE,EUR,113.3,113.3,Automotive,16-Jan-2024,19.01.2024,False,,3.0,cancelled
DE-ORD-001985,DE-CUST-00436,DE,EUR,82.22,82.22,Home & Kitchen,2025-03-28 00:00:00,02.04.2025,False,,4.0,completed
DE-ORD-001986,DE-CUST-00095,DE,EUR,38.49,38.49,Grocery,2024-11-29 00:00:00,17-Dec-2024,False,,3.0,completed
DE-ORD-001987,DE-CUST-00409,DE,EUR,67.78,67.78,Electronics,03.10.2023,2023-10-05 12:24:29,False,,4.0,completed
DE-ORD-001988,DE-CUST-00469,DE,EUR,43.99,43.99,Toys,22-Apr-2023,23.04.2023,False,,,completed
DE-ORD-001989,DE-CUST-00422,DE,EUR,20.27,20.27,Books,08-Jan-2025,2025-01-13 20:14:41,False,,,completed
DE-ORD-001990,DE-CUST-00106,DE,EUR,98.78,98.78,Home & Kitchen,12.01.2024,18.01.2024,False,,4.0,completed
DE-ORD-001991,DE-CUST-00440,DE,EUR,48.66,48.66,Sports,01/10/2023 00:00,01/15/2023 11:38,False,,4.0,completed
DE-ORD-001992,DE-CUST-00308,DE,EUR,73.39,73.39,Grocery,08/16/2025 00:00,19.08.2025,False,,,completed
DE-ORD-001993,DE-CUST-00028,DE,EUR,3.0,3.0,Automotive,08/09/2023 00:00,2023-08-14 21:46:13,False,,4.0,completed
DE-ORD-001994,DE-CUST-00518,DE,EUR,77.53,77.53,Fashion,02/22/2024 00:00,06.03.2024,False,,4.0,completed
DE-ORD-001995,DE-CUST-00301,DE,EUR,42.3,42.3,,08/28/2025 00:00,01.09.2025,True,18.09.2025,2.0,completed
DE-ORD-001996,DE-CUST-00200,DE,EUR,72.07,72.07,Fashion,19.06.2025,2025-06-23 08:12:59,False,,,completed
DE-ORD-001997,DE-CUST-00170,DE,EUR,57.45,57.45,Books,24.06.2023,06/28/2023 01:21,False,,3.0,completed
DE-ORD-001998,DE-CUST-00260,DE,EUR,28.3,28.3,Toys,19.09.2025,09/22/2025 20:31,True,11/02/2025 00:00,4.0,completed
DE-ORD-001999,DE-CUST-00102,DE,EUR,3.0,3.0,Home & Kitchen,2023-03-27 00:00:00,31.03.2023,False,,3.0,completed
DE-ORD-001671-REORDER,DE-CUST-00261,DE,EUR,88.52,95.6,Health,15.06.2024,06/17/2024 13:20,False,,5.0,completed
DE-ORD-001200-REORDER,DE-CUST-00027,DE,EUR,24.81,24.81,Sports,2024-08-21 00:00:00,25-Aug-2024,False,,3.0,completed
DE-ORD-001246-REORDER,DE-CUST-00386,DE,EUR,48.41,48.41,Books,13-Jul-2023,2023-07-18 02:34:49,False,,4.0,completed
DE-ORD-001666-REORDER,DE-CUST-00456,DE,EUR,45.5,45.5,Electronics,12/20/2025 00:00,26-Dec-2025,False,,4.0,completed
DE-ORD-001529-REORDER,DE-CUST-00596,DE,EUR,112.31,112.31,Toys,17-Mar-2023,03/20/2023 10:08,False,,4.0,completed
DE-ORD-001846-REORDER,DE-CUST-00184,DE,EUR,33.37,33.37,Automotive,2025-08-16 00:00:00,08/19/2025 15:25,False,,3.0,completed
DE-ORD-000086-REORDER,DE-CUST-00351,DE,EUR,3.0,3.0,Health,24.02.2025,2025-02-28 12:37:47,False,,3.0,completed
DE-ORD-000321-REORDER,DE-CUST-00093,DE,EUR,46.65,46.65,Beauty,2025-05-30 00:00:00,06/03/2025 07:06,False,,3.0,completed
DE-ORD-000269-REORDER,DE-CUST-00254,DE,EUR,46.32,46.32,Home & Kitchen,06-Mar-2023,2023-03-07 09:08:30,False,,3.0,completed
DE-ORD-000069-REORDER,DE-CUST-00086,DE,EUR,91.51,91.51,Electronics,03/28/2024 00:00,04/06/2024 05:54,False,,4.0,completed
DE-ORD-000140-REORDER,DE-CUST-00037,DE,EUR,69.78,69.78,Automotive,19-Nov-2024,23-Nov-2024,False,,5.0,completed
DE-ORD-001420-REORDER,DE-CUST-00157,DE,EUR,92.63,100.04,Health,27-Nov-2025,30-Nov-2025,True,16.12.2025,5.0,completed
DE-ORD-001499-REORDER,DE-CUST-00067,DE,EUR,24.15,24.15,Beauty,03.02.2024,2024-02-04 22:18:38,True,28-Feb-2024,4.0,completed
DE-ORD-000836-REORDER,DE-CUST-00388,DE,EUR,14.08,14.08,Books,13-Jun-2024,15-Jun-2024,True,24.07.2024,,completed
DE-ORD-000485-REORDER,DE-CUST-00507,DE,EUR,162.3,162.3,Beauty,14-Jan-2024,20-Jan-2024,False,,4.0,completed
DE-ORD-000322-REORDER,DE-CUST-00212,DE,EUR,66.43,66.43,,2025-01-14 00:00:00,31.01.2025,False,,,completed
DE-ORD-001910-REORDER,DE-CUST-00120,DE,EUR,59.31,59.31,Beauty,09.06.2023,,False,,,completed
