order_id,customer_id,region,currency_code,amount_local_currency,amount_display,product_category,order_date,delivered_date,is_refunded,refund_date,review_score,order_status
GH-ORD-000000,GH-CUST-00539,GH,GHS,249.15,249.15,Home & Kitchen,26-May-2025,28.05.2025,False,,3.0,completed
GH-ORD-000001,GH-CUST-00383,GH,GHS,434.58,434.58,Home & Kitchen,02/27/2025 00:00,03/07/2025 03:09,False,,3.0,completed
GH-ORD-000002,GH-CUST-00116,GH,GHS,261.36,261.36,Fashion,2025-01-08 00:00:00,,False,,,completed
GH-ORD-000003,GH-CUST-00196,GH,GHS,350.48,350.48,Home & Kitchen,10-Jan-2023,01/17/2023 16:47,False,,5.0,completed
GH-ORD-000004,GH-CUST-00417,GH,GHS,435.27,435.27,Beauty,12/26/2023 00:00,2024-01-04 15:41:01,False,,4.0,completed
GH-ORD-000005,GH-CUST-00321,GH,GHS,385.17,385.17,Health,10-Dec-2024,19.12.2024,False,,5.0,completed
GH-ORD-000006,GH-CUST-00429,GH,GHS,423.93,423.93,Grocery,2025-12-16 00:00:00,19-Dec-2025,False,,3.0,completed
GH-ORD-000007,GH-CUST-00296,GH,GHS,167.8,167.8,Toys,12.12.2024,2024-12-23 21:42:33,False,,2.0,completed
GH-ORD-000008,GH-CUST-00129,GH,GHS,343.16,343.16,Fashion,12.09.2023,21.09.2023,False,,,completed
GH-ORD-000009,GH-CUST-00462,GH,GHS,466.02,466.02,Health,2023-09-22 00:00:00,30.09.2023,True,06-Nov-2023,2.0,completed
GH-ORD-000010,GH-CUST-00357,GH,GHS,126.5,126.5,Sports,02/18/2025 00:00,07.03.2025,False,,3.0,completed
GH-ORD-000011,GH-CUST-00359,GH,GHS,250.74,250.74,Toys,06-Jan-2025,2025-01-09 08:07:03,False,,,completed
GH-ORD-000012,GH-CUST-00503,GH,GHS,515.31,515.31,Toys,2025-08-31 00:00:00,2025-09-02 16:46:22,False,,5.0,cancelled
GH-ORD-000013,GH-CUST-00319,GH,GHS,469.63,469.63,Grocery,12.01.2023,2023-01-23 14:14:13,False,,3.0,completed
GH-ORD-000014,GH-CUST-00478,GH,GHS,334.79,334.79,Books,01/05/2025 00:00,07-Jan-2025,False,,5.0,completed
GH-ORD-000015,GH-CUST-00391,GH,GHS,268.16,268.16,Fashion,23.05.2025,29.05.2025,False,,,completed
GH-ORD-000016,GH-CUST-00017,GH,GHS,84.2,84.2,Home & Kitchen,17.08.2025,2025-08-17 00:00:00,False,,3.0,completed
GH-ORD-000017,GH-CUST-00267,GH,GHS,458.05,458.05,Sports,27.02.2025,,True,14-Mar-2025,,completed
GH-ORD-000018,GH-CUST-00386,GH,GHS,252.91,16.44,Automotive,09/12/2023 00:00,22-Sep-2023,False,,5.0,completed
GH-ORD-000019,GH-CUST-00060,GH,GHS,492.0,492.0,Grocery,12.10.2023,16-Oct-2023,False,,,completed
GH-ORD-000020,GH-CUST-00144,GH,GHS,3.0,3.0,Toys,10/27/2023 00:00,2023-11-13 10:31:22,False,,5.0,completed
GH-ORD-000021,GH-CUST-00214,GH,GHS,310.15,310.15,Sports,19-Jan-2025,,False,,,completed
GH-ORD-000022,GH-CUST-00430,GH,GHS,434.12,434.12,Books,2024-09-17 00:00:00,24.09.2024,False,,4.0,completed
GH-ORD-000023,GH-CUST-00321,GH,GHS,423.11,423.11,Electronics,2023-05-07 00:00:00,16-May-2023,False,,3.0,completed
GH-ORD-000024,GH-CUST-00204,GH,GHS,228.04,228.04,Fashion,11-May-2024,2024-05-21 15:28:14,False,,,completed
GH-ORD-000025,GH-CUST-00177,GH,GHS,361.64,361.64,Electronics,27-Sep-2024,10/06/2024 01:09,False,,,completed
GH-ORD-000026,GH-CUST-00473,GH,GHS,429.35,429.35,Home & Kitchen,04/25/2025 00:00,05/01/2025 13:16,False,,4.0,completed
GH-ORD-000027,GH-CUST-00497,GH,GHS,3.0,0.2,Automotive,15.10.2024,10/21/2024 04:50,False,,4.0,completed
GH-ORD-000028,GH-CUST-00525,GH,GHS,217.54,217.54,Automotive,08.07.2024,14.07.2024,False,,3.0,completed
GH-ORD-000029,GH-CUST-00003,GH,GHS,440.54,440.54,Health,2024-02-18 00:00:00,28-Feb-2024,False,,4.0,completed
GH-ORD-000030,GH-CUST-00268,GH,GHS,3.81,3.81,Beauty,05/27/2023 00:00,03-Jun-2023,False,,3.0,completed
GH-ORD-000031,GH-CUST-00464,GH,GHS,235.11,235.11,Health,11.08.2024,16.08.2024,False,,3.0,completed
GH-ORD-000032,GH-CUST-00293,GH,GHS,415.94,415.94,Beauty,12/14/2025 00:00,12/14/2025 08:21,False,,5.0,completed
GH-ORD-000033,GH-CUST-00200,GH,GHS,357.41,23.23,Books,29.01.2024,05.02.2024,False,,5.0,completed
GH-ORD-000034,GH-CUST-00366,GH,GHS,47.71,47.71,Electronics,10-May-2025,05/15/2025 08:11,False,,4.0,completed
GH-ORD-000035,GH-CUST-00218,GH,GHS,498.49,32.4,,2025-04-30 00:00:00,,False,,,completed
GH-ORD-000036,GH-CUST-00055-DUP,GH,GHS,352.01,352.01,Home & Kitchen,07/30/2023 00:00,04.08.2023,False,,4.0,completed
GH-ORD-000037,GH-CUST-00236,GH,GHS,548.36,548.36,Health,11/10/2023 00:00,21.11.2023,False,,4.0,completed
GH-ORD-000038,GH-CUST-00127,GH,GHS,388.08,388.08,Fashion,19-Sep-2023,29-Sep-2023,False,,4.0,completed
GH-ORD-000039,GH-CUST-00102,GH,GHS,457.91,457.91,Grocery,06/21/2025 00:00,2025-07-03 10:01:47,False,,4.0,completed
GH-ORD-000040,GH-CUST-00041,GH,GHS,382.7,382.7,Home & Kitchen,09/03/2024 00:00,09-Sep-2024,False,,3.0,completed
GH-ORD-000041,GH-CUST-00561,GH,GHS,236.88,236.88,Automotive,2025-03-03 00:00:00,25-Mar-2025,False,,2.0,completed
GH-ORD-000042,GH-CUST-00006,GH,GHS,417.65,417.65,Books,11/28/2024 00:00,28-Nov-2024,False,,5.0,completed
GH-ORD-000043,GH-CUST-00369-DUP,GH,GHS,520.3,520.3,Toys,06.11.2024,11/12/2024 22:56,True,10-Dec-2024,,cancelled
GH-ORD-000044,GH-CUST-00126,GH,GHS,281.51,281.51,Grocery,13.06.2025,06/22/2025 05:05,False,,,completed
GH-ORD-000045,GH-CUST-00296,GH,GHS,185.73,185.73,Sports,2025-07-31 00:00:00,2025-08-08 18:29:29,False,,4.0,completed
GH-ORD-000046,GH-CUST-00215,GH,GHS,264.92,264.92,Grocery,20.08.2023,28-Aug-2023,False,,,completed
GH-ORD-000047,GH-CUST-00545,GH,GHS,69.84,69.84,,06.12.2023,14-Dec-2023,False,,4.0,completed
GH-ORD-000048,GH-CUST-00086,GH,GHS,300.62,300.62,Beauty,04.07.2024,2024-07-11 03:16:48,False,,5.0,completed
GH-ORD-000049,GH-CUST-00205,GH,GHS,223.42,223.42,Grocery,2024-06-02 00:00:00,10-Jun-2024,False,,5.0,cancelled
GH-ORD-000050,GH-CUST-00472,GH,GHS,267.3,267.3,Grocery,25.12.2024,01/02/2025 20:35,False,,4.0,completed
GH-ORD-000051,GH-CUST-00339,GH,GHS,477.98,477.98,Health,26.03.2023,01.04.2023,False,,5.0,completed
GH-ORD-000052,GH-CUST-00561,GH,GHS,263.43,263.43,Beauty,26-Nov-2023,30.11.2023,False,,4.0,completed
GH-ORD-000053,GH-CUST-00588,GH,GHS,231.25,231.25,Electronics,2023-10-12 00:00:00,2023-10-22 11:34:05,False,,1.0,completed
GH-ORD-000054,GH-CUST-00247,GH,GHS,280.83,18.25,Fashion,10.09.2024,2024-09-16 03:52:40,False,,3.0,completed
GH-ORD-000055,GH-CUST-00175,GH,GHS,191.48,191.48,Home & Kitchen,12-Jul-2024,07/17/2024 16:55,False,,,completed
GH-ORD-000056,GH-CUST-00407,GH,GHS,272.32,272.32,Books,2023-10-05 00:00:00,10/07/2023 12:44,False,,,completed
GH-ORD-000057,GH-CUST-00242,GH,GHS,330.6,330.6,,17-Sep-2023,30-Sep-2023,False,,4.0,completed
GH-ORD-000058,GH-CUST-00561,GH,GHS,409.44,409.44,Home & Kitchen,2024-11-22 00:00:00,04-Dec-2024,False,,5.0,completed
GH-ORD-000059,GH-CUST-00499,GH,GHS,579.22,579.22,Toys,2024-09-20 00:00:00,09/26/2024 00:04,False,,3.0,completed
GH-ORD-000060,GH-CUST-00325,GH,GHS,405.35,405.35,Automotive,2025-08-16 00:00:00,08/26/2025 19:59,False,,4.0,completed
GH-ORD-000061,GH-CUST-00510,GH,GHS,582.29,582.29,Beauty,30-Nov-2024,12/08/2024 01:05,False,,4.0,cancelled
GH-ORD-000062,GH-CUST-00184,GH,GHS,123.14,123.14,Electronics,08.03.2025,24-Mar-2025,False,,3.0,completed
GH-ORD-000063,GH-CUST-00190,GH,GHS,230.69,230.69,Grocery,26.06.2023,02.07.2023,False,,3.0,completed
GH-ORD-000064,GH-CUST-00102,GH,GHS,163.29,163.29,Sports,01.05.2025,2025-05-06 21:43:27,False,,2.0,completed
GH-ORD-000065,GH-CUST-00088,GH,GHS,154.35,154.35,Health,29.04.2025,14.05.2025,False,,4.0,completed
GH-ORD-000066,GH-CUST-00318,GH,GHS,428.14,428.14,Electronics,2024-03-10 00:00:00,2024-03-22 17:00:43,False,,5.0,completed
GH-ORD-000067,GH-CUST-00428,GH,GHS,3.0,3.0,Toys,12/29/2024 00:00,01-Jan-2025,False,,3.0,completed
GH-ORD-000068,GH-CUST-00316,GH,GHS,204.84,204.84,Books,09.09.2024,09/15/2024 19:08,False,,3.0,completed
GH-ORD-000069,GH-CUST-00245,GH,GHS,315.09,315.09,Automotive,07/04/2025 00:00,12-Jul-2025,False,,3.0,completed
GH-ORD-000070,GH-CUST-00147,GH,GHS,3.0,3.0,Automotive,09/02/2023 00:00,06-Sep-2023,False,,3.0,completed
GH-ORD-000071,GH-CUST-00463,GH,GHS,240.47,240.47,Books,06.06.2023,09.06.2023,False,,3.0,cancelled
GH-ORD-000072,GH-CUST-00016,GH,GHS,99.04,99.04,Beauty,29.03.2025,04/05/2025 11:55,False,,3.0,completed
GH-ORD-000073,GH-CUST-00191,GH,GHS,144.18,144.18,Beauty,23-Mar-2025,25.03.2025,False,,4.0,completed
GH-ORD-000074,GH-CUST-00443,GH,GHS,141.37,141.37,Books,19-Jun-2024,30-Jun-2024,False,,4.0,completed
GH-ORD-000075,GH-CUST-00091,GH,GHS,268.82,268.82,Grocery,03/09/2025 00:00,13-Mar-2025,False,,4.0,completed
GH-ORD-000076,GH-CUST-00427,GH,GHS,390.51,390.51,Grocery,29-Sep-2023,10/07/2023 13:41,False,,5.0,completed
GH-ORD-000077,GH-CUST-00470,GH,GHS,353.54,353.54,Fashion,27.02.2025,2025-03-10 15:42:22,False,,4.0,completed
GH-ORD-000078,GH-CUST-00407,GH,GHS,388.11,388.11,Toys,2023-09-10 00:00:00,14.09.2023,False,,3.0,completed
GH-ORD-000079,GH-CUST-00086,GH,GHS,335.9,335.9,Home & Kitchen,2025-11-21 00:00:00,30-Nov-2025,False,,4.0,completed
GH-ORD-000080,GH-CUST-00462,GH,GHS,456.06,456.06,Toys,2025-02-17 00:00:00,02/19/2025 07:12,False,,3.0,completed
GH-ORD-000081,GH-CUST-00227,GH,GHS,316.73,316.73,Books,30.10.2025,,False,,,completed
GH-ORD-000082,GH-CUST-00142,GH,GHS,820.44,53.33,Fashion,09/15/2025 00:00,,False,,,completed
GH-ORD-000083,GH-CUST-00036,GH,GHS,267.47,267.47,Automotive,12-Jan-2025,2025-01-17 22:30:53,False,,3.0,completed
GH-ORD-000084,GH-CUST-00367,GH,GHS,284.82,284.82,Electronics,2024-02-08 00:00:00,02/16/2024 10:45,False,,3.0,completed
GH-ORD-000085,GH-CUST-00554,GH,GHS,236.3,236.3,Beauty,03-Sep-2023,16-Sep-2023,False,,5.0,completed
GH-ORD-000086,GH-CUST-00007,GH,GHS,320.33,320.33,Health,18.06.2025,20-Jun-2025,False,,4.0,completed
GH-ORD-000087,GH-CUST-00202,GH,GHS,528.69,528.69,Toys,2025-02-23 00:00:00,08.03.2025,False,,4.0,completed
GH-ORD-000088,GH-CUST-00570,GH,GHS,507.59,507.59,Electronics,14.11.2023,,False,,,completed
GH-ORD-000089,GH-CUST-00213,GH,GHS,380.5,380.5,Automotive,2023-09-10 00:00:00,2023-09-15 06:38:43,False,,4.0,completed
GH-ORD-000090,GH-CUST-00562,GH,GHS,492.73,492.73,Sports,2025-11-26 00:00:00,2025-12-01 15:24:55,False,,3.0,completed
GH-ORD-000091,GH-CUST-00286,GH,GHS,295.6,295.6,Grocery,04.06.2023,06/11/2023 02:14,True,2023-06-29 00:00:00,4.0,completed
GH-ORD-000092,GH-CUST-00571,GH,GHS,207.48,207.48,Sports,2024-08-01 00:00:00,15-Aug-2024,False,,3.0,completed
GH-ORD-000093,GH-CUST-00010-DUP,GH,GHS,480.6,480.6,Sports,12/01/2025 00:00,2025-12-05 22:34:28,False,,2.0,completed
GH-ORD-000094,GH-CUST-00117,GH,GHS,318.06,318.06,Home & Kitchen,16-Apr-2025,,False,,,completed
GH-ORD-000095,GH-CUST-00248,GH,GHS,102.46,102.46,Health,07-May-2024,08.05.2024,False,,4.0,completed
GH-ORD-000096,GH-CUST-00546,GH,GHS,436.13,436.13,Home & Kitchen,11/22/2023 00:00,02.12.2023,False,,4.0,completed
GH-ORD-000097,GH-CUST-00284,GH,GHS,356.62,356.62,Toys,21-Jun-2023,2023-06-28 21:23:14,False,,2.0,completed
GH-ORD-000098,GH-CUST-00102,GH,GHS,52.66,52.66,Sports,2025-10-21 00:00:00,11/08/2025 04:29,False,,4.0,completed
GH-ORD-000099,GH-CUST-00538,GH,GHS,416.16,416.16,Books,2023-07-26 00:00:00,06.08.2023,False,,4.0,completed
GH-ORD-000100,GH-CUST-00255,GH,GHS,235.15,235.15,Fashion,19.04.2023,,False,,,completed
GH-ORD-000101,GH-CUST-00143,GH,GHS,345.93,345.93,Health,03/24/2025 00:00,2025-04-03 02:24:58,False,,2.0,completed
GH-ORD-000102,GH-CUST-00597,GH,GHS,146.51,146.51,Fashion,04/11/2024 00:00,16-Apr-2024,False,,4.0,completed
GH-ORD-000103,GH-CUST-00203,GH,GHS,151.46,151.46,Grocery,07/16/2024 00:00,23-Jul-2024,False,,,completed
GH-ORD-000104,GH-CUST-00031,GH,GHS,246.31,16.01,Electronics,06/27/2025 00:00,17-Jul-2025,False,,3.0,completed
GH-ORD-000105,GH-CUST-00094,GH,GHS,177.76,177.76,Fashion,04.12.2023,07.12.2023,False,,4.0,completed
GH-ORD-000106,GH-CUST-00335,GH,GHS,371.38,371.38,Sports,12-Feb-2023,16-Feb-2023,False,,5.0,completed
GH-ORD-000107,GH-CUST-00283,GH,GHS,229.66,229.66,Electronics,02.02.2023,16-Feb-2023,False,,3.0,cancelled
GH-ORD-000108,GH-CUST-00398,GH,GHS,3.0,3.0,Fashion,13-Jun-2024,06/29/2024 14:36,False,,4.0,completed
GH-ORD-000109,GH-CUST-00138,GH,GHS,285.5,285.5,Toys,2023-01-09 00:00:00,31.01.2023,False,,4.0,completed
GH-ORD-000110,GH-CUST-00143,GH,GHS,198.2,198.2,Grocery,12/05/2025 00:00,2025-12-11 18:58:27,False,,4.0,completed
GH-ORD-000111,GH-CUST-00175,GH,GHS,309.47,309.47,Sports,2024-06-05 00:00:00,06/15/2024 10:33,False,,3.0,completed
GH-ORD-000112,GH-CUST-00279,GH,GHS,225.28,225.28,Beauty,19.04.2025,2025-04-22 09:15:56,False,,3.0,completed
GH-ORD-000113,GH-CUST-00057,GH,GHS,3.0,0.2,Home & Kitchen,04-Sep-2025,,False,,,completed
GH-ORD-000114,GH-CUST-00589,GH,GHS,266.9,266.9,Toys,12/15/2025 00:00,2025-12-25 06:06:45,False,,3.0,completed
GH-ORD-000115,GH-CUST-00374,GH,GHS,335.63,335.63,Sports,17-Nov-2025,2025-11-17 00:00:00,False,,4.0,completed
GH-ORD-000116,GH-CUST-00438,GH,GHS,11.28,11.28,Toys,22.11.2023,25-Nov-2023,False,,4.0,completed
GH-ORD-000117,GH-CUST-00506,GH,GHS,484.2,484.2,Grocery,2025-05-09 00:00:00,2025-05-18 11:38:09,False,,4.0,completed
GH-ORD-000118,GH-CUST-00077-DUP,GH,GHS,276.88,276.88,Books,02/06/2023 00:00,02/11/2023 03:29,False,,3.0,completed
GH-ORD-000119,GH-CUST-00243,GH,GHS,348.38,348.38,Home & Kitchen,04/18/2025 00:00,04/20/2025 11:00,False,,4.0,completed
GH-ORD-000120,GH-CUST-00528,GH,GHS,217.84,217.84,Sports,11/17/2025 00:00,28-Nov-2025,False,,5.0,completed
GH-ORD-000121,GH-CUST-00003,GH,GHS,12.31,12.31,Beauty,2024-06-01 00:00:00,26.06.2024,False,,3.0,completed
GH-ORD-000122,GH-CUST-00501,GH,GHS,3.0,3.0,Automotive,24-Mar-2024,2024-03-27 20:52:36,False,,5.0,completed
GH-ORD-000123,GH-CUST-00347,GH,GHS,377.52,24.54,Automotive,25-Sep-2024,,False,,,completed
GH-ORD-000124,GH-CUST-00146,GH,GHS,412.66,412.66,Home & Kitchen,01-Jan-2023,06-Jan-2023,True,2023-02-08 00:00:00,3.0,completed
GH-ORD-000125,GH-CUST-00528,GH,GHS,374.15,374.15,Sports,01/15/2023 00:00,2023-01-24 18:00:02,False,,,completed
GH-ORD-000126,GH-CUST-00081,GH,GHS,187.63,187.63,Sports,10-May-2025,11-May-2025,False,,,completed
GH-ORD-000127,GH-CUST-00109-DUP,GH,GHS,806.04,806.04,Grocery,07-Mar-2025,2025-03-14 10:26:58,False,,3.0,completed
GH-ORD-000128,GH-CUST-00473,GH,GHS,298.13,298.13,Home & Kitchen,2024-09-04 00:00:00,11.09.2024,False,,4.0,completed
GH-ORD-000129,GH-CUST-00370,GH,GHS,485.91,485.91,Fashion,2024-06-26 00:00:00,07/03/2024 12:02,False,,3.0,completed
GH-ORD-000130,GH-CUST-00547,GH,GHS,254.14,254.14,Books,2025-08-25 00:00:00,,False,,,completed
GH-ORD-000131,GH-CUST-00115,GH,GHS,507.82,507.82,Toys,12/27/2025 00:00,08.01.2026,False,,,completed
GH-ORD-000132,GH-CUST-00283,GH,GHS,297.2,297.2,Grocery,08.05.2023,2023-05-10 21:14:28,False,,3.0,completed
GH-ORD-000133,GH-CUST-00200,GH,GHS,282.42,282.42,Health,24.12.2023,02.01.2024,True,01/20/2024 00:00,3.0,completed
GH-ORD-000134,GH-CUST-00247,GH,GHS,203.17,203.17,Beauty,14.01.2024,01/19/2024 15:05,False,,4.0,completed
GH-ORD-000135,GH-CUST-00043,GH,GHS,3.0,3.0,Sports,30.08.2024,09/02/2024 14:16,False,,3.0,completed
GH-ORD-000136,GH-CUST-00003,GH,GHS,473.2,473.2,Health,2025-03-03 00:00:00,03/07/2025 17:52,False,,4.0,completed
GH-ORD-000137,GH-CUST-00220,GH,GHS,316.25,316.25,Sports,22.10.2025,04-Nov-2025,True,24.11.2025,5.0,completed
GH-ORD-000138,GH-CUST-00034,GH,GHS,270.8,270.8,Books,11/30/2023 00:00,2023-12-06 02:21:12,False,,3.0,completed
GH-ORD-000139,GH-CUST-00262,GH,GHS,241.43,15.69,Grocery,10.12.2024,16.12.2024,False,,4.0,completed
GH-ORD-000140,GH-CUST-00459,GH,GHS,347.25,22.57,Toys,12/06/2024 00:00,16-Dec-2024,False,,,completed
GH-ORD-000141,GH-CUST-00574,GH,GHS,481.49,481.49,Home & Kitchen,06/07/2025 00:00,06/22/2025 10:50,True,25-Jun-2025,4.0,completed
GH-ORD-000142,GH-CUST-00401,GH,GHS,455.91,455.91,Books,2023-02-14 00:00:00,,False,,,completed
GH-ORD-000143,GH-CUST-00197,GH,GHS,469.6,469.6,,07/23/2025 00:00,08/04/2025 05:54,False,,,completed
GH-ORD-000144,GH-CUST-00558,GH,GHS,441.35,441.35,Grocery,11.08.2025,19-Aug-2025,False,,3.0,completed
GH-ORD-000145,GH-CUST-00520,GH,GHS,56.88,56.88,Sports,2024-01-17 00:00:00,24.01.2024,False,,5.0,completed
GH-ORD-000146,GH-CUST-00449,GH,GHS,230.42,230.42,Books,22.06.2025,03.07.2025,False,,4.0,completed
GH-ORD-000147,GH-CUST-00395,GH,GHS,234.61,234.61,Books,09/04/2024 00:00,09/17/2024 06:22,False,,1.0,completed
GH-ORD-000148,GH-CUST-00543,GH,GHS,84.36,84.36,Fashion,13-Jan-2025,02/06/2025 08:05,False,,3.0,completed
GH-ORD-000149,GH-CUST-00201,GH,GHS,333.8,333.8,Sports,20-May-2023,29-May-2023,False,,4.0,completed
GH-ORD-000150,GH-CUST-00183,GH,GHS,375.37,375.37,Electronics,08-Jun-2023,12-Jun-2023,False,,,completed
GH-ORD-000151,GH-CUST-00178,GH,GHS,85.09,85.09,Electronics,2025-05-06 00:00:00,15-May-2025,False,,3.0,completed
GH-ORD-000152,GH-CUST-00268,GH,GHS,28.72,28.72,Books,04-Mar-2023,15-Mar-2023,False,,5.0,completed
GH-ORD-000153,GH-CUST-00073,GH,GHS,529.15,529.15,Toys,12/24/2025 00:00,01.01.2026,False,,4.0,completed
GH-ORD-000154,GH-CUST-00521,GH,GHS,499.18,499.18,Automotive,14-Sep-2023,2023-09-19 10:25:26,False,,5.0,completed
GH-ORD-000155,GH-CUST-00358,GH,GHS,324.06,324.06,Sports,08/10/2023 00:00,2023-08-21 15:42:58,False,,4.0,completed
GH-ORD-000156,GH-CUST-00315,GH,GHS,487.4,487.4,Electronics,2025-08-06 00:00:00,14.08.2025,False,,2.0,completed
GH-ORD-000157,GH-CUST-00497,GH,GHS,512.31,512.31,Toys,22-Jun-2024,06/26/2024 05:02,False,,5.0,completed
GH-ORD-000158,GH-CUST-00127,GH,GHS,265.56,265.56,Books,2024-02-05 00:00:00,02/17/2024 16:53,True,03/17/2024 00:00,,completed
GH-ORD-000159,GH-CUST-00340,GH,GHS,461.56,461.56,Health,15.06.2023,2023-07-07 17:17:37,True,24.07.2023,4.0,completed
GH-ORD-000160,GH-CUST-00192,GH,GHS,347.62,347.62,Beauty,09/22/2025 00:00,09/22/2025 00:00,False,,4.0,completed
GH-ORD-000161,GH-CUST-00529,GH,GHS,101.43,101.43,Health,05/16/2023 00:00,24-May-2023,False,,,completed
GH-ORD-000162,GH-CUST-00323,GH,GHS,97.13,97.13,Electronics,16.11.2025,19-Nov-2025,False,,5.0,completed
GH-ORD-000163,GH-CUST-00306,GH,GHS,451.11,451.11,Home & Kitchen,24-May-2025,05/31/2025 23:36,False,,4.0,completed
GH-ORD-000164,GH-CUST-00028,GH,GHS,240.33,240.33,Sports,11.12.2025,2025-12-21 06:42:29,False,,,completed
GH-ORD-000165,GH-CUST-00544,GH,GHS,171.83,171.83,Electronics,11-Feb-2024,11.03.2024,False,,3.0,completed
GH-ORD-000166,GH-CUST-00143,GH,GHS,212.82,212.82,Sports,2024-07-02 00:00:00,07/10/2024 02:05,False,,3.0,completed
GH-ORD-000167,GH-CUST-00141,GH,GHS,332.59,332.59,Grocery,2023-12-20 00:00:00,2023-12-25 20:24:47,False,,4.0,completed
GH-ORD-000168,GH-CUST-00332,GH,GHS,474.56,474.56,Books,01.06.2023,06.06.2023,False,,4.0,completed
GH-ORD-000169,GH-CUST-00055,GH,GHS,353.81,353.81,Books,2025-03-05 00:00:00,2025-03-11 06:09:27,True,06-Apr-2025,4.0,completed
GH-ORD-000170,GH-CUST-00478,GH,GHS,368.86,368.86,,21.11.2023,03-Dec-2023,False,,3.0,completed
GH-ORD-000171,GH-CUST-00143,GH,GHS,129.16,129.16,Toys,09/26/2024 00:00,2024-10-02 18:28:21,False,,,completed
GH-ORD-000172,GH-CUST-00550,GH,GHS,125.16,125.16,Sports,12/25/2024 00:00,04-Jan-2025,False,,3.0,completed
GH-ORD-000173,GH-CUST-00139,GH,GHS,653.28,653.28,Sports,2025-05-15 00:00:00,28-May-2025,False,,4.0,completed
GH-ORD-000174,GH-CUST-00273,GH,GHS,418.78,27.22,Health,2025-01-18 00:00:00,01/19/2025 10:52,False,,5.0,completed
GH-ORD-000175,GH-CUST-00190,GH,GHS,185.57,185.57,,06.11.2024,2024-11-13 12:25:56,False,,2.0,completed
GH-ORD-000176,GH-CUST-00236,GH,GHS,357.81,357.81,Sports,2024-12-04 00:00:00,07.12.2024,False,,4.0,completed
GH-ORD-000177,GH-CUST-00324,GH,GHS,192.92,192.92,Health,30-Apr-2025,2025-05-03 16:32:11,False,,3.0,completed
GH-ORD-000178,GH-CUST-00014,GH,GHS,316.13,316.13,Toys,07/26/2024 00:00,07/28/2024 20:58,False,,3.0,completed
GH-ORD-000179,GH-CUST-00191,GH,GHS,386.12,386.12,Health,07-Dec-2024,01/05/2025 09:50,False,,4.0,completed
GH-ORD-000180,GH-CUST-00528,GH,GHS,133.24,133.24,Toys,2023-11-13 00:00:00,11/24/2023 12:45,False,,4.0,completed
GH-ORD-000181,GH-CUST-00320,GH,GHS,224.09,224.09,Toys,2025-06-09 00:00:00,20.06.2025,False,,4.0,completed
GH-ORD-000182,GH-CUST-00353,GH,GHS,425.26,425.26,Automotive,28-Aug-2023,03.09.2023,False,,5.0,completed
GH-ORD-000183,GH-CUST-00045,GH,GHS,253.36,253.36,Electronics,2024-11-13 00:00:00,2024-11-17 02:45:56,False,,5.0,completed
GH-ORD-000184,GH-CUST-00043,GH,GHS,3.0,3.0,Home & Kitchen,10/14/2023 00:00,,False,,,completed
GH-ORD-000185,GH-CUST-00434,GH,GHS,179.68,11.68,Toys,05-Jan-2025,,False,,,completed
GH-ORD-000186,GH-CUST-00549,GH,GHS,569.1,569.1,Fashion,07/04/2025 00:00,,False,,,completed
GH-ORD-000187,GH-CUST-00045,GH,GHS,227.09,227.09,Books,11-Aug-2025,2025-08-28 16:54:47,False,,4.0,completed
GH-ORD-000188,GH-CUST-00476,GH,GHS,436.36,436.36,Toys,04/30/2023 00:00,08.05.2023,False,,4.0,completed
GH-ORD-000189,GH-CUST-00403,GH,GHS,239.72,239.72,Beauty,02/10/2023 00:00,02/17/2023 03:52,False,,4.0,completed
GH-ORD-000190,GH-CUST-00437,GH,GHS,338.75,338.75,Electronics,06.08.2025,13.08.2025,False,,,completed
GH-ORD-000191,GH-CUST-00260,GH,GHS,521.52,521.52,Toys,04-Oct-2024,04-Oct-2024,False,,4.0,completed
GH-ORD-000192,GH-CUST-00454,GH,GHS,394.84,394.84,Sports,03.09.2023,2023-09-15 14:06:30,True,2023-10-17 00:00:00,4.0,completed
GH-ORD-000193,GH-CUST-00150,GH,GHS,313.27,313.27,Sports,11.11.2025,12/12/2025 22:39,False,,,completed
GH-ORD-000194,GH-CUST-00240,GH,GHS,518.59,518.59,Beauty,01.04.2024,04/07/2024 19:08,False,,,completed
GH-ORD-000195,GH-CUST-00447,GH,GHS,322.72,322.72,Books,2023-08-25 00:00:00,08-Sep-2023,False,,2.0,completed
GH-ORD-000196,GH-CUST-00166,GH,GHS,169.6,169.6,,14.04.2023,2023-04-27 20:43:12,False,,,completed
GH-ORD-000197,GH-CUST-00131,GH,GHS,454.81,454.81,Automotive,03-May-2024,13.05.2024,False,,3.0,completed
GH-ORD-000198,GH-CUST-00019,GH,GHS,138.91,138.91,Beauty,07-Mar-2025,12.03.2025,False,,5.0,completed
GH-ORD-000199,GH-CUST-00564,GH,GHS,179.45,179.45,Grocery,11/24/2024 00:00,12/02/2024 09:44,False,,3.0,completed
GH-ORD-000200,GH-CUST-00016,GH,GHS,414.84,414.84,Electronics,2025-10-02 00:00:00,07.10.2025,False,,4.0,completed
GH-ORD-000201,GH-CUST-00231,GH,GHS,10.66,10.66,Beauty,06/29/2023 00:00,30.06.2023,False,,4.0,completed
GH-ORD-000202,GH-CUST-00459,GH,GHS,67.97,67.97,Books,07/27/2024 00:00,,False,,,completed
GH-ORD-000203,GH-CUST-00578,GH,GHS,3.0,3.0,Electronics,24-Sep-2025,09/28/2025 19:10,False,,4.0,completed
GH-ORD-000204,GH-CUST-00479,GH,GHS,221.58,221.58,Automotive,26.08.2025,08/29/2025 14:00,False,,3.0,completed
GH-ORD-000205,GH-CUST-00368,GH,GHS,121.5,121.5,Toys,01-Jan-2023,07-Jan-2023,False,,5.0,completed
GH-ORD-000206,GH-CUST-00017,GH,GHS,292.47,292.47,Fashion,25-Jul-2023,08/06/2023 17:33,False,,4.0,completed
GH-ORD-000207,GH-CUST-00386,GH,GHS,458.22,458.22,Sports,06/01/2025 00:00,06/01/2025 00:00,True,01.07.2025,3.0,completed
GH-ORD-000208,GH-CUST-00122,GH,GHS,489.14,489.14,Automotive,20-Jun-2024,25-Jun-2024,False,,5.0,completed
GH-ORD-000209,GH-CUST-00286,GH,GHS,517.42,517.42,Health,03/19/2025 00:00,25.03.2025,False,,,completed
GH-ORD-000210,GH-CUST-00055,GH,GHS,199.49,199.49,Automotive,2025-05-02 00:00:00,05/05/2025 22:41,False,,3.0,completed
GH-ORD-000211,GH-CUST-00260,GH,GHS,82.79,82.79,Health,17.12.2024,26-Dec-2024,False,,,completed
GH-ORD-000212,GH-CUST-00087,GH,GHS,47.03,47.03,Health,03/22/2023 00:00,01.04.2023,False,,4.0,completed
GH-ORD-000213,GH-CUST-00596,GH,GHS,14.21,14.21,Grocery,12/02/2023 00:00,16-Dec-2023,False,,4.0,completed
GH-ORD-000214,GH-CUST-00122,GH,GHS,399.95,399.95,Fashion,2025-10-24 00:00:00,2025-11-17 23:10:05,False,,4.0,completed
GH-ORD-000215,GH-CUST-00267,GH,GHS,460.22,460.22,Home & Kitchen,2023-03-31 00:00:00,04/07/2023 14:32,False,,5.0,completed
GH-ORD-000216,GH-CUST-00092,GH,GHS,287.05,18.66,Health,05/16/2023 00:00,2023-05-28 13:30:55,False,,4.0,completed
GH-ORD-000217,GH-CUST-00253,GH,GHS,373.68,24.29,Fashion,12/12/2023 00:00,2023-12-13 07:33:07,False,,4.0,completed
GH-ORD-000218,GH-CUST-00430,GH,GHS,162.4,162.4,Automotive,09.06.2023,06/13/2023 14:44,False,,5.0,completed
GH-ORD-000219,GH-CUST-00558,GH,GHS,245.8,245.8,Health,06/04/2023 00:00,07.06.2023,False,,3.0,completed
GH-ORD-000220,GH-CUST-00181-DUP,GH,GHS,71.93,71.93,Books,2025-03-24 00:00:00,06-Apr-2025,False,,3.0,completed
GH-ORD-000221,GH-CUST-00534,GH,GHS,364.69,364.69,Fashion,08/02/2025 00:00,2025-08-15 10:11:10,False,,3.0,completed
GH-ORD-000222,GH-CUST-00421,GH,GHS,365.12,365.12,Books,2025-02-08 00:00:00,11-Feb-2025,False,,5.0,completed
GH-ORD-000223,GH-CUST-00303,GH,GHS,429.82,429.82,Grocery,20-Nov-2023,27-Nov-2023,False,,3.0,completed
GH-ORD-000224,GH-CUST-00519,GH,GHS,261.76,261.76,Grocery,2025-07-10 00:00:00,16-Jul-2025,False,,5.0,completed
GH-ORD-000225,GH-CUST-00240,GH,GHS,83.91,83.91,,08/04/2025 00:00,08/12/2025 12:56,False,,4.0,completed
GH-ORD-000226,GH-CUST-00345,GH,GHS,261.21,261.21,Grocery,25-Jul-2024,08/01/2024 13:34,False,,4.0,completed
GH-ORD-000227,GH-CUST-00215,GH,GHS,419.69,419.69,Health,05/18/2024 00:00,28-May-2024,True,25.06.2024,,completed
GH-ORD-000228,GH-CUST-00520,GH,GHS,347.03,347.03,Electronics,2024-03-22 00:00:00,22-Mar-2024,False,,4.0,completed
GH-ORD-000229,GH-CUST-00535,GH,GHS,15.1,15.1,Automotive,11/17/2023 00:00,27-Nov-2023,False,,5.0,completed
GH-ORD-000230,GH-CUST-00010,GH,GHS,131.8,131.8,Grocery,07-Mar-2023,2023-03-13 22:52:08,False,,3.0,completed
GH-ORD-000231,GH-CUST-00317,GH,GHS,477.67,477.67,Books,20-Jun-2023,28.06.2023,False,,5.0,cancelled
GH-ORD-000232,GH-CUST-00541,GH,GHS,346.2,346.2,Health,07.08.2024,2024-08-15 23:16:30,False,,4.0,completed
GH-ORD-000233,GH-CUST-00144,GH,GHS,410.88,410.88,Beauty,11-Feb-2025,2025-02-12 01:10:55,False,,4.0,completed
GH-ORD-000234,GH-CUST-00252,GH,GHS,268.79,268.79,,01/01/2024 00:00,01/11/2024 21:38,False,,4.0,completed
GH-ORD-000235,GH-CUST-00523,GH,GHS,113.8,113.8,Toys,01-Feb-2025,,False,,,completed
GH-ORD-000236,GH-CUST-00528,GH,GHS,106.75,6.94,Electronics,2023-08-16 00:00:00,08/16/2023 07:10,False,,4.0,completed
GH-ORD-000237,GH-CUST-00092,GH,GHS,372.65,372.65,Beauty,11-Jun-2023,20-Jun-2023,True,06/27/2023 00:00,5.0,completed
GH-ORD-000238,GH-CUST-00307,GH,GHS,173.59,173.59,Grocery,04.07.2023,2023-07-06 06:36:46,False,,4.0,completed
GH-ORD-000239,GH-CUST-00308,GH,GHS,224.4,224.4,Beauty,2024-01-11 00:00:00,15.01.2024,False,,4.0,completed
GH-ORD-000240,GH-CUST-00521,GH,GHS,182.14,182.14,Toys,21-Apr-2025,21-Apr-2025,False,,3.0,completed
GH-ORD-000241,GH-CUST-00001,GH,GHS,98.18,98.18,Grocery,2023-04-22 00:00:00,30.04.2023,False,,3.0,completed
GH-ORD-000242,GH-CUST-00491,GH,GHS,457.86,457.86,Toys,29-Jun-2023,13-Jul-2023,True,26-Jul-2023,4.0,completed
GH-ORD-000243,GH-CUST-00443,GH,GHS,31.84,31.84,Beauty,22.07.2023,05.08.2023,False,,5.0,completed
GH-ORD-000244,GH-CUST-00077,GH,GHS,283.01,283.01,Books,13.05.2023,2023-05-26 07:00:03,False,,3.0,completed
GH-ORD-000245,GH-CUST-00209,GH,GHS,3.0,3.0,Beauty,02/14/2025 00:00,18.02.2025,False,,5.0,completed
GH-ORD-000246,GH-CUST-00286,GH,GHS,41.43,41.43,,06/25/2023 00:00,2023-07-02 23:57:14,False,,,completed
GH-ORD-000247,GH-CUST-00049,GH,GHS,285.46,285.46,Grocery,2024-06-27 00:00:00,2024-07-02 22:45:16,False,,3.0,completed
GH-ORD-000248,GH-CUST-00130,GH,GHS,291.56,291.56,Beauty,08.03.2024,03/13/2024 18:01,False,,2.0,completed
GH-ORD-000249,GH-CUST-00172,GH,GHS,314.41,314.41,Home & Kitchen,26.03.2024,07-Apr-2024,False,,,completed
GH-ORD-000250,GH-CUST-00544,GH,GHS,419.13,419.13,Home & Kitchen,2023-08-10 00:00:00,08/14/2023 18:15,True,25-Aug-2023,3.0,completed
GH-ORD-000251,GH-CUST-00586,GH,GHS,234.53,234.53,Sports,15-Dec-2023,2023-12-29 06:30:28,False,,4.0,cancelled
GH-ORD-000252,GH-CUST-00578,GH,GHS,392.63,392.63,Fashion,2023-06-24 00:00:00,07/05/2023 13:25,False,,4.0,completed
GH-ORD-000253,GH-CUST-00471,GH,GHS,299.3,299.3,Books,03/05/2024 00:00,03/15/2024 15:34,False,,3.0,completed
GH-ORD-000254,GH-CUST-00508,GH,GHS,53.69,53.69,Electronics,2024-12-26 00:00:00,2025-01-05 21:24:27,False,,5.0,completed
GH-ORD-000255,GH-CUST-00395,GH,GHS,101.08,101.08,Health,05/28/2025 00:00,06/08/2025 06:54,False,,5.0,completed
GH-ORD-000256,GH-CUST-00449,GH,GHS,279.64,279.64,Toys,07/18/2023 00:00,2023-08-11 17:28:18,False,,4.0,completed
GH-ORD-000257,GH-CUST-00569,GH,GHS,191.91,191.91,Beauty,11/29/2023 00:00,04.12.2023,False,,4.0,completed
GH-ORD-000258,GH-CUST-00554,GH,GHS,23.4,23.4,Home & Kitchen,10.06.2023,06/27/2023 05:22,False,,,completed
GH-ORD-000259,GH-CUST-00079,GH,GHS,283.09,283.09,Sports,2023-01-16 00:00:00,2023-01-23 21:51:30,False,,4.0,completed
GH-ORD-000260,GH-CUST-00274,GH,GHS,580.04,580.04,Electronics,05.09.2024,13.09.2024,False,,4.0,completed
GH-ORD-000261,GH-CUST-00460,GH,GHS,123.91,123.91,Sports,20-Apr-2024,17.05.2024,False,,3.0,completed
GH-ORD-000262,GH-CUST-00438,GH,GHS,291.43,291.43,Grocery,24-Jun-2024,2024-07-01 13:33:01,False,,5.0,completed
GH-ORD-000263,GH-CUST-00292,GH,GHS,70.4,70.4,Fashion,02-Jan-2023,01/02/2023 00:00,True,23-Jan-2023,4.0,completed
GH-ORD-000264,GH-CUST-00243,GH,GHS,354.97,354.97,Sports,2025-11-26 00:00:00,12.12.2025,False,,5.0,completed
GH-ORD-000265,GH-CUST-00520,GH,GHS,349.98,349.98,Health,05/20/2025 00:00,,False,,,completed
GH-ORD-000266,GH-CUST-00364,GH,GHS,3.0,0.2,Health,08/28/2025 00:00,09/04/2025 01:13,False,,5.0,completed
GH-ORD-000267,GH-CUST-00160,GH,GHS,217.27,217.27,Automotive,09-Jan-2023,02.02.2023,False,,4.0,completed
GH-ORD-000268,GH-CUST-00171,GH,GHS,117.55,7.64,Automotive,09/25/2023 00:00,10/05/2023 11:49,False,,5.0,completed
GH-ORD-000269,GH-CUST-00256,GH,GHS,252.35,252.35,Books,10/06/2023 00:00,10/09/2023 11:36,False,,4.0,completed
GH-ORD-000270,GH-CUST-00032,GH,GHS,3.0,3.0,Beauty,2023-03-11 00:00:00,2023-03-20 08:20:33,False,,4.0,completed
GH-ORD-000271,GH-CUST-00390,GH,GHS,548.1,548.1,Fashion,2025-12-29 00:00:00,2026-01-05 05:22:35,False,,4.0,completed
GH-ORD-000272,GH-CUST-00143,GH,GHS,142.19,142.19,Automotive,26-Jan-2025,01.02.2025,False,,2.0,completed
GH-ORD-000273,GH-CUST-00112,GH,GHS,248.83,248.83,Electronics,2023-04-04 00:00:00,10-Apr-2023,False,,4.0,completed
GH-ORD-000274,GH-CUST-00500,GH,GHS,180.22,180.22,Books,08/14/2023 00:00,08/22/2023 08:00,False,,3.0,completed
GH-ORD-000275,GH-CUST-00436,GH,GHS,226.96,226.96,Automotive,05.12.2024,2024-12-13 07:42:53,False,,4.0,completed
GH-ORD-000276,GH-CUST-00076,GH,GHS,401.79,401.79,Sports,22.02.2024,29-Feb-2024,False,,3.0,completed
GH-ORD-000277,GH-CUST-00449,GH,GHS,251.07,251.07,Automotive,13-Jan-2024,18.01.2024,False,,3.0,completed
GH-ORD-000278,GH-CUST-00357,GH,GHS,604.99,604.99,Fashion,08/15/2025 00:00,08/25/2025 08:22,False,,3.0,completed
GH-ORD-000279,GH-CUST-00381,GH,GHS,218.0,218.0,Home & Kitchen,20.08.2025,,False,,,completed
GH-ORD-000280,GH-CUST-00112,GH,GHS,227.0,227.0,Toys,2025-06-07 00:00:00,16.06.2025,False,,2.0,completed
GH-ORD-000281,GH-CUST-00151,GH,GHS,445.95,445.95,Fashion,26-Oct-2023,05.11.2023,False,,,completed
GH-ORD-000282,GH-CUST-00090,GH,GHS,81.14,81.14,Fashion,11/18/2024 00:00,18-Nov-2024,False,,3.0,completed
GH-ORD-000283,GH-CUST-00110,GH,GHS,241.17,15.68,Electronics,2024-06-24 00:00:00,2024-07-12 07:42:28,False,,4.0,completed
GH-ORD-000284,GH-CUST-00582,GH,GHS,3.0,3.0,Health,22.05.2024,27.05.2024,False,,4.0,completed
GH-ORD-000285,GH-CUST-00066,GH,GHS,320.59,320.59,Automotive,18-Nov-2025,20-Nov-2025,False,,,completed
GH-ORD-000286,GH-CUST-00030-DUP,GH,GHS,258.4,258.4,Sports,10.12.2024,2024-12-15 03:06:23,False,,3.0,completed
GH-ORD-000287,GH-CUST-00034,GH,GHS,321.54,20.9,Electronics,2024-02-24 00:00:00,06.03.2024,False,,,completed
GH-ORD-000288,GH-CUST-00407,GH,GHS,414.57,414.57,Toys,29-Oct-2024,11/19/2024 07:08,False,,3.0,completed
GH-ORD-000289,GH-CUST-00577,GH,GHS,394.33,394.33,Toys,2023-12-11 00:00:00,12/20/2023 05:40,False,,4.0,completed
GH-ORD-000290,GH-CUST-00384,GH,GHS,182.13,182.13,,31.05.2025,23-Jun-2025,False,,4.0,completed
GH-ORD-000291,GH-CUST-00278,GH,GHS,670.38,670.38,Automotive,29.10.2024,07-Nov-2024,False,,3.0,completed
GH-ORD-000292,GH-CUST-00578,GH,GHS,146.82,146.82,Beauty,12/27/2025 00:00,18-Jan-2026,False,,5.0,completed
GH-ORD-000293,GH-CUST-00244,GH,GHS,216.12,216.12,Health,08/04/2025 00:00,2025-09-02 15:03:34,True,08-Sep-2025,3.0,completed
GH-ORD-000294,GH-CUST-00433,GH,GHS,321.79,321.79,Electronics,08/08/2025 00:00,19-Aug-2025,False,,3.0,completed
GH-ORD-000295,GH-CUST-00119,GH,GHS,177.42,177.42,Books,12/20/2023 00:00,2024-01-03 15:15:05,False,,5.0,completed
GH-ORD-000296,GH-CUST-00272,GH,GHS,406.51,406.51,Toys,06.08.2025,2025-08-17 03:34:42,False,,4.0,completed
GH-ORD-000297,GH-CUST-00353,GH,GHS,602.84,602.84,Grocery,07-Mar-2025,2025-03-15 04:12:54,False,,,completed
GH-ORD-000298,GH-CUST-00451,GH,GHS,372.36,372.36,Grocery,08.10.2024,10.10.2024,False,,3.0,completed
GH-ORD-000299,GH-CUST-00270,GH,GHS,87.87,5.71,Fashion,2025-03-11 00:00:00,2025-03-24 02:18:36,False,,1.0,completed
GH-ORD-000300,GH-CUST-00383,GH,GHS,215.63,215.63,Books,02/13/2023 00:00,13.02.2023,False,,3.0,completed
GH-ORD-000301,GH-CUST-00596,GH,GHS,201.45,201.45,Books,2025-05-12 00:00:00,25-May-2025,False,,4.0,completed
GH-ORD-000302,GH-CUST-00246,GH,GHS,146.7,146.7,Toys,2025-04-06 00:00:00,04/18/2025 06:19,False,,4.0,completed
GH-ORD-000303,GH-CUST-00104,GH,GHS,286.01,286.01,Grocery,10/18/2024 00:00,21-Oct-2024,False,,3.0,completed
GH-ORD-000304,GH-CUST-00523,GH,GHS,147.98,147.98,Grocery,2023-04-30 00:00:00,05/08/2023 04:27,False,,4.0,completed
GH-ORD-000305,GH-CUST-00234,GH,GHS,527.05,527.05,Home & Kitchen,12.10.2023,21-Oct-2023,False,,,completed
GH-ORD-000306,GH-CUST-00068,GH,GHS,3.0,3.0,Electronics,05/09/2025 00:00,18-May-2025,False,,2.0,completed
GH-ORD-000307,GH-CUST-00005,GH,GHS,125.44,125.44,Fashion,2025-06-09 00:00:00,13.06.2025,False,,,completed
GH-ORD-000308,GH-CUST-00332,GH,GHS,173.87,173.87,Beauty,09/20/2023 00:00,09/22/2023 11:59,False,,4.0,completed
GH-ORD-000309,GH-CUST-00381,GH,GHS,54.27,54.27,Grocery,03/28/2025 00:00,,False,,,completed
GH-ORD-000310,GH-CUST-00568,GH,GHS,637.92,637.92,Books,08-Jun-2023,06/10/2023 16:22,False,,,completed
GH-ORD-000311,GH-CUST-00352,GH,GHS,234.48,234.48,Health,08/07/2023 00:00,08/07/2023 00:00,False,,3.0,completed
GH-ORD-000312,GH-CUST-00048,GH,GHS,382.83,382.83,Sports,04/29/2025 00:00,2025-05-09 21:10:52,False,,4.0,completed
GH-ORD-000313,GH-CUST-00085,GH,GHS,422.28,422.28,Fashion,26.11.2023,2023-12-14 04:25:16,False,,5.0,completed
GH-ORD-000314,GH-CUST-00199,GH,GHS,196.4,196.4,Fashion,22.06.2024,24.06.2024,False,,3.0,cancelled
GH-ORD-000315,GH-CUST-00350,GH,GHS,128.48,128.48,Grocery,09.06.2023,,False,,,completed
GH-ORD-000316,GH-CUST-00105,GH,GHS,91.01,91.01,Toys,2025-06-13 00:00:00,20-Jun-2025,False,,4.0,completed
GH-ORD-000317,GH-CUST-00455,GH,GHS,263.89,263.89,Electronics,07.10.2023,11-Oct-2023,False,,,completed
GH-ORD-000318,GH-CUST-00182,GH,GHS,467.97,467.97,Beauty,12/20/2023 00:00,,False,,,completed
GH-ORD-000319,GH-CUST-00364,GH,GHS,227.55,227.55,Fashion,2025-07-10 00:00:00,07/17/2025 20:00,False,,4.0,completed
GH-ORD-000320,GH-CUST-00165,GH,GHS,308.88,308.88,Home & Kitchen,13-Jul-2025,,False,,,completed
GH-ORD-000321,GH-CUST-00128,GH,GHS,274.33,274.33,Automotive,2023-01-18 00:00:00,2023-01-24 12:39:59,False,,3.0,completed
GH-ORD-000322,GH-CUST-00117,GH,GHS,182.16,182.16,Fashion,2023-08-27 00:00:00,09/07/2023 03:36,False,,3.0,completed
GH-ORD-000323,GH-CUST-00396,GH,GHS,415.48,27.01,,21-Jun-2024,06/29/2024 01:49,False,,3.0,completed
GH-ORD-000324,GH-CUST-00470,GH,GHS,378.95,378.95,Books,03/31/2025 00:00,05.04.2025,False,,4.0,completed
GH-ORD-000325,GH-CUST-00022,GH,GHS,314.04,314.04,,10-Jan-2024,01/15/2024 14:45,False,,4.0,completed
GH-ORD-000326,GH-CUST-00218,GH,GHS,367.45,367.45,Automotive,18.04.2025,30.04.2025,False,,5.0,completed
GH-ORD-000327,GH-CUST-00302,GH,GHS,358.6,358.6,Health,03.12.2023,12/06/2023 11:45,False,,5.0,completed
GH-ORD-000328,GH-CUST-00271,GH,GHS,55.42,55.42,Grocery,14-Jun-2024,2024-06-25 19:07:45,False,,4.0,completed
GH-ORD-000329,GH-CUST-00285,GH,GHS,92.14,92.14,Health,04-Sep-2023,11.09.2023,False,,4.0,completed
GH-ORD-000330,GH-CUST-00308,GH,GHS,488.89,488.89,Health,10.09.2024,15-Sep-2024,False,,3.0,completed
GH-ORD-000331,GH-CUST-00388,GH,GHS,3.0,3.0,Home & Kitchen,2024-06-21 00:00:00,07/05/2024 22:32,False,,3.0,completed
GH-ORD-000332,GH-CUST-00118,GH,GHS,332.31,332.31,Beauty,03/25/2024 00:00,04/13/2024 14:15,False,,4.0,completed
GH-ORD-000333,GH-CUST-00212,GH,GHS,409.58,409.58,Books,21-Dec-2024,01/04/2025 16:26,False,,4.0,completed
GH-ORD-000334,GH-CUST-00575,GH,GHS,384.81,384.81,Toys,2023-01-22 00:00:00,01/31/2023 07:34,False,,5.0,completed
GH-ORD-000335,GH-CUST-00217,GH,GHS,205.93,205.93,Sports,2024-03-13 00:00:00,2024-03-25 07:14:14,False,,,completed
GH-ORD-000336,GH-CUST-00522,GH,GHS,457.68,457.68,Automotive,06/28/2023 00:00,07/10/2023 07:55,False,,3.0,completed
GH-ORD-000337,GH-CUST-00371,GH,GHS,253.07,253.07,Electronics,2024-10-18 00:00:00,26.10.2024,False,,2.0,completed
GH-ORD-000338,GH-CUST-00416,GH,GHS,535.19,535.19,Books,09/01/2023 00:00,09/26/2023 22:49,False,,4.0,completed
GH-ORD-000339,GH-CUST-00312,GH,GHS,187.68,187.68,Home & Kitchen,15.03.2025,03/17/2025 16:37,False,,3.0,completed
GH-ORD-000340,GH-CUST-00035,GH,GHS,315.07,315.07,Books,2025-04-18 00:00:00,28.04.2025,False,,4.0,completed
GH-ORD-000341,GH-CUST-00145,GH,GHS,335.48,335.48,Beauty,02/27/2025 00:00,05.03.2025,False,,4.0,completed
GH-ORD-000342,GH-CUST-00250,GH,GHS,517.25,517.25,Health,2025-12-03 00:00:00,12/20/2025 19:39,False,,,completed
GH-ORD-000343,GH-CUST-00189,GH,GHS,409.53,409.53,Automotive,12/01/2025 00:00,,False,,,completed
GH-ORD-000344,GH-CUST-00413,GH,GHS,39.5,39.5,Sports,12/04/2023 00:00,07-Dec-2023,False,,4.0,completed
GH-ORD-000345,GH-CUST-00007,GH,GHS,278.25,278.25,Health,22-Nov-2023,01-Dec-2023,False,,5.0,completed
GH-ORD-000346,GH-CUST-00118,GH,GHS,396.17,396.17,Sports,11/02/2024 00:00,15.11.2024,False,,4.0,completed
GH-ORD-000347,GH-CUST-00203,GH,GHS,150.85,150.85,Books,15-Jan-2025,,False,,,completed
GH-ORD-000348,GH-CUST-00297,GH,GHS,151.24,151.24,Toys,2025-03-07 00:00:00,21-Mar-2025,False,,4.0,completed
GH-ORD-000349,GH-CUST-00505,GH,GHS,363.28,363.28,Sports,06/26/2023 00:00,2023-07-08 22:39:01,False,,2.0,cancelled
GH-ORD-000350,GH-CUST-00564,GH,GHS,374.1,374.1,Books,11.12.2024,2024-12-13 18:10:40,False,,4.0,completed
GH-ORD-000351,GH-CUST-00213,GH,GHS,230.13,14.96,,21-Dec-2024,31.12.2024,False,,,completed
GH-ORD-000352,GH-CUST-00544,GH,GHS,316.51,316.51,Home & Kitchen,22-Nov-2023,12/05/2023 09:07,False,,3.0,completed
GH-ORD-000353,GH-CUST-00542,GH,GHS,393.46,393.46,Automotive,01.11.2025,26.11.2025,False,,2.0,completed
GH-ORD-000354,GH-CUST-00097,GH,GHS,133.02,133.02,,30-Sep-2024,10/07/2024 09:36,False,,,completed
GH-ORD-000355,GH-CUST-00046,GH,GHS,457.97,457.97,,23.04.2024,02-May-2024,False,,,completed
GH-ORD-000356,GH-CUST-00524,GH,GHS,93.2,93.2,Electronics,2024-08-24 00:00:00,08/31/2024 10:31,False,,5.0,completed
GH-ORD-000357,GH-CUST-00303,GH,GHS,297.8,297.8,Health,21-Jun-2024,2024-07-13 16:34:36,False,,4.0,completed
GH-ORD-000358,GH-CUST-00530,GH,GHS,402.14,402.14,Sports,01-Apr-2023,2023-04-07 04:12:28,False,,,completed
GH-ORD-000359,GH-CUST-00467,GH,GHS,360.41,360.41,Fashion,2024-12-16 00:00:00,12/22/2024 16:25,False,,4.0,completed
GH-ORD-000360,GH-CUST-00235,GH,GHS,307.15,307.15,Health,2025-03-26 00:00:00,04.04.2025,False,,3.0,completed
GH-ORD-000361,GH-CUST-00590,GH,GHS,148.59,148.59,Grocery,09/26/2024 00:00,07.10.2024,False,,,completed
GH-ORD-000362,GH-CUST-00443,GH,GHS,267.3,267.3,Sports,23.10.2025,01-Nov-2025,False,,3.0,completed
GH-ORD-000363,GH-CUST-00453,GH,GHS,423.8,423.8,Sports,2025-06-29 00:00:00,04-Jul-2025,False,,4.0,completed
GH-ORD-000364,GH-CUST-00419-DUP,GH,GHS,405.76,405.76,Toys,29.04.2024,2024-05-11 16:36:17,False,,3.0,completed
GH-ORD-000365,GH-CUST-00322,GH,GHS,593.55,593.55,Sports,11-Oct-2023,20-Oct-2023,False,,3.0,completed
GH-ORD-000366,GH-CUST-00585,GH,GHS,339.05,339.05,Beauty,2024-07-12 00:00:00,2024-07-26 11:13:55,True,08/17/2024 00:00,4.0,completed
GH-ORD-000367,GH-CUST-00095,GH,GHS,273.14,273.14,Fashion,20.04.2023,05-May-2023,False,,3.0,completed
GH-ORD-000368,GH-CUST-00190,GH,GHS,438.41,438.41,Fashion,2025-06-12 00:00:00,15.06.2025,False,,3.0,completed
GH-ORD-000369,GH-CUST-00510,GH,GHS,338.78,338.78,Health,2024-10-21 00:00:00,04-Nov-2024,False,,3.0,completed
GH-ORD-000370,GH-CUST-00337,GH,GHS,392.16,392.16,Health,02.08.2025,14.08.2025,False,,4.0,completed
GH-ORD-000371,GH-CUST-00408,GH,GHS,230.21,230.21,Grocery,26-Sep-2024,2024-09-29 15:15:34,False,,2.0,completed
GH-ORD-000372,GH-CUST-00118,GH,GHS,237.95,237.95,Electronics,27-Sep-2023,09-Oct-2023,False,,3.0,completed
GH-ORD-000373,GH-CUST-00450,GH,GHS,392.03,392.03,Toys,07.11.2025,11.11.2025,False,,4.0,completed
GH-ORD-000374,GH-CUST-00329,GH,GHS,393.25,393.25,Health,06-Apr-2023,2023-04-11 08:41:18,False,,4.0,completed
GH-ORD-000375,GH-CUST-00135,GH,GHS,213.59,213.59,Electronics,24-Oct-2025,03.11.2025,True,12/07/2025 00:00,4.0,completed
GH-ORD-000376,GH-CUST-00083,GH,GHS,289.04,289.04,Automotive,19.07.2024,16-Aug-2024,False,,4.0,completed
GH-ORD-000377,GH-CUST-00132,GH,GHS,169.54,169.54,Automotive,10/01/2025 00:00,2025-10-08 15:45:25,False,,,completed
GH-ORD-000378,GH-CUST-00483,GH,GHS,267.86,267.86,Electronics,2023-10-28 00:00:00,,False,,,completed
GH-ORD-000379,GH-CUST-00152,GH,GHS,683.92,683.92,Health,09/13/2025 00:00,22.09.2025,False,,2.0,completed
GH-ORD-000380,GH-CUST-00222,GH,GHS,193.15,193.15,Home & Kitchen,09/05/2023 00:00,09/10/2023 06:29,False,,3.0,completed
GH-ORD-000381,GH-CUST-00401,GH,GHS,3.0,3.0,Beauty,2023-11-03 00:00:00,21.11.2023,False,,2.0,completed
GH-ORD-000382,GH-CUST-00168,GH,GHS,341.47,341.47,Fashion,12/11/2025 00:00,19.12.2025,False,,,completed
GH-ORD-000383,GH-CUST-00030-DUP,GH,GHS,328.47,328.47,Home & Kitchen,28-Jan-2024,04.02.2024,False,,2.0,completed
GH-ORD-000384,GH-CUST-00232,GH,GHS,362.16,362.16,Fashion,07-Nov-2025,11/22/2025 16:32,False,,4.0,completed
GH-ORD-000385,GH-CUST-00489,GH,GHS,211.85,211.85,Home & Kitchen,2024-10-13 00:00:00,15.10.2024,False,,3.0,completed
GH-ORD-000386,GH-CUST-00179,GH,GHS,352.49,352.49,Health,24.06.2024,06-Jul-2024,False,,4.0,completed
GH-ORD-000387,GH-CUST-00448,GH,GHS,407.98,407.98,,15.07.2025,25.07.2025,False,,4.0,completed
GH-ORD-000388,GH-CUST-00563,GH,GHS,174.64,11.35,Electronics,10/25/2023 00:00,2023-11-02 16:41:47,False,,3.0,cancelled
GH-ORD-000389,GH-CUST-00595,GH,GHS,282.79,282.79,Grocery,20-Jul-2025,29-Jul-2025,False,,5.0,completed
GH-ORD-000390,GH-CUST-00077-DUP,GH,GHS,70.44,70.44,Books,2023-07-11 00:00:00,07/20/2023 22:13,False,,5.0,completed
GH-ORD-000391,GH-CUST-00469,GH,GHS,401.42,401.42,Automotive,29-Dec-2025,2026-01-09 07:57:45,False,,4.0,completed
GH-ORD-000392,GH-CUST-00410,GH,GHS,487.73,487.73,Grocery,12/12/2023 00:00,2023-12-15 15:36:07,False,,2.0,completed
GH-ORD-000393,GH-CUST-00436,GH,GHS,278.99,278.99,Automotive,2023-03-15 00:00:00,03/15/2023 00:00,False,,5.0,completed
GH-ORD-000394,GH-CUST-00023,GH,GHS,475.31,475.31,Grocery,2024-05-17 00:00:00,,False,,,completed
GH-ORD-000395,GH-CUST-00044,GH,GHS,220.68,220.68,Books,19-Oct-2024,26-Oct-2024,False,,4.0,completed
GH-ORD-000396,GH-CUST-00408,GH,GHS,300.35,300.35,Sports,13-Sep-2024,2024-09-23 05:35:25,False,,4.0,completed
GH-ORD-000397,GH-CUST-00589,GH,GHS,430.91,430.91,Health,11/29/2025 00:00,,False,,,completed
GH-ORD-000398,GH-CUST-00327,GH,GHS,182.89,182.89,Electronics,04.01.2023,2023-01-17 08:10:14,False,,,completed
GH-ORD-000399,GH-CUST-00378,GH,GHS,62.68,62.68,Beauty,07.02.2023,02/14/2023 15:09,False,,5.0,completed
GH-ORD-000400,GH-CUST-00558,GH,GHS,164.31,164.31,Grocery,2024-05-25 00:00:00,2024-06-19 05:43:02,False,,,completed
GH-ORD-000401,GH-CUST-00136,GH,GHS,366.93,366.93,Books,18-Oct-2025,22-Oct-2025,False,,4.0,completed
GH-ORD-000402,GH-CUST-00429,GH,GHS,254.96,254.96,Health,10/21/2023 00:00,26-Oct-2023,False,,5.0,completed
GH-ORD-000403,GH-CUST-00592,GH,GHS,157.9,157.9,Grocery,2025-05-28 00:00:00,2025-06-09 00:28:23,False,,,completed
GH-ORD-000404,GH-CUST-00550,GH,GHS,217.15,217.15,Health,11-Jun-2024,,False,,,completed
GH-ORD-000405,GH-CUST-00269,GH,GHS,296.45,296.45,Sports,06/09/2024 00:00,2024-06-19 14:18:46,False,,5.0,completed
GH-ORD-000406,GH-CUST-00538,GH,GHS,529.96,529.96,Books,25-Dec-2023,2024-01-13 18:44:37,False,,4.0,completed
GH-ORD-000407,GH-CUST-00184,GH,GHS,173.91,173.91,Sports,27-Oct-2025,11/05/2025 19:28,False,,,completed
GH-ORD-000408,GH-CUST-00150,GH,GHS,237.41,237.41,Home & Kitchen,02/01/2025 00:00,02/12/2025 16:53,False,,,completed
GH-ORD-000409,GH-CUST-00239,GH,GHS,72.45,72.45,Sports,09/04/2023 00:00,,False,,,completed
GH-ORD-000410,GH-CUST-00281,GH,GHS,416.97,416.97,Books,18-Jun-2025,19-Jun-2025,False,,3.0,completed
GH-ORD-000411,GH-CUST-00062,GH,GHS,410.57,410.57,Sports,22-Jan-2024,03.02.2024,False,,,completed
GH-ORD-000412,GH-CUST-00437,GH,GHS,76.44,76.44,Sports,20.04.2024,30-Apr-2024,False,,2.0,completed
GH-ORD-000413,GH-CUST-00333,GH,GHS,265.71,265.71,Home & Kitchen,03/31/2025 00:00,12-Apr-2025,False,,3.0,completed
GH-ORD-000414,GH-CUST-00119,GH,GHS,38.89,38.89,Health,01/05/2023 00:00,2023-01-18 14:02:11,True,16-Feb-2023,,completed
GH-ORD-000415,GH-CUST-00048,GH,GHS,183.24,183.24,Grocery,02/21/2024 00:00,,False,,,completed
GH-ORD-000416,GH-CUST-00264,GH,GHS,138.35,138.35,Books,16.01.2024,01/20/2024 21:49,False,,2.0,completed
GH-ORD-000417,GH-CUST-00506,GH,GHS,307.19,307.19,Books,06/26/2024 00:00,03.07.2024,False,,3.0,completed
GH-ORD-000418,GH-CUST-00401,GH,GHS,311.01,311.01,Grocery,15-Jun-2025,,False,,,completed
GH-ORD-000419,GH-CUST-00544,GH,GHS,245.51,245.51,Home & Kitchen,06/18/2024 00:00,27-Jun-2024,False,,4.0,completed
GH-ORD-000420,GH-CUST-00577,GH,GHS,87.31,87.31,Fashion,2025-02-08 00:00:00,2025-03-07 05:25:56,False,,3.0,completed
GH-ORD-000421,GH-CUST-00568,GH,GHS,384.98,384.98,Health,2023-12-29 00:00:00,2024-01-09 01:50:40,False,,4.0,completed
GH-ORD-000422,GH-CUST-00104,GH,GHS,377.09,377.09,,09/06/2025 00:00,14-Sep-2025,False,,2.0,completed
GH-ORD-000423,GH-CUST-00554,GH,GHS,226.84,226.84,Home & Kitchen,05/08/2025 00:00,13.05.2025,False,,3.0,completed
GH-ORD-000424,GH-CUST-00271,GH,GHS,71.36,71.36,,10/21/2025 00:00,11/02/2025 12:08,False,,5.0,completed
GH-ORD-000425,GH-CUST-00428,GH,GHS,436.48,436.48,Health,23-May-2023,2023-06-05 01:58:14,False,,3.0,completed
GH-ORD-000426,GH-CUST-00221,GH,GHS,178.2,178.2,Health,13-Aug-2025,2025-08-17 21:15:20,False,,4.0,completed
GH-ORD-000427,GH-CUST-00349-DUP,GH,GHS,316.33,316.33,Grocery,12-Mar-2024,19.03.2024,False,,5.0,completed
GH-ORD-000428,GH-CUST-00358,GH,GHS,344.79,344.79,Health,07/24/2023 00:00,07/28/2023 15:29,True,31.08.2023,3.0,completed
GH-ORD-000429,GH-CUST-00355,GH,GHS,389.12,389.12,Fashion,11/19/2024 00:00,01.12.2024,False,,4.0,completed
GH-ORD-000430,GH-CUST-00485,GH,GHS,583.5,583.5,,04/22/2023 00:00,05/06/2023 12:57,False,,,completed
GH-ORD-000431,GH-CUST-00254,GH,GHS,350.57,350.57,Grocery,2024-11-26 00:00:00,30.11.2024,False,,3.0,completed
GH-ORD-000432,GH-CUST-00322,GH,GHS,218.02,218.02,Grocery,2024-01-14 00:00:00,25.01.2024,False,,5.0,completed
GH-ORD-000433,GH-CUST-00152,GH,GHS,346.79,346.79,Grocery,01/28/2023 00:00,09.02.2023,False,,,completed
GH-ORD-000434,GH-CUST-00004,GH,GHS,240.75,240.75,Grocery,23-Jun-2025,03-Jul-2025,False,,4.0,completed
GH-ORD-000435,GH-CUST-00114,GH,GHS,3.0,3.0,Grocery,08-Apr-2025,2025-04-14 08:18:35,False,,5.0,completed
GH-ORD-000436,GH-CUST-00310,GH,GHS,323.91,323.91,Electronics,27.12.2025,,False,,,completed
GH-ORD-000437,GH-CUST-00535,GH,GHS,3.0,0.2,Automotive,09.01.2024,15.01.2024,False,,4.0,completed
GH-ORD-000438,GH-CUST-00136,GH,GHS,138.57,138.57,Sports,05/26/2023 00:00,06/03/2023 13:44,False,,4.0,completed
GH-ORD-000439,GH-CUST-00193,GH,GHS,387.31,387.31,Books,24-Apr-2024,14.05.2024,False,,3.0,completed
GH-ORD-000440,GH-CUST-00269,GH,GHS,231.26,231.26,Books,04/05/2023 00:00,2023-04-15 06:55:43,False,,4.0,completed
GH-ORD-000441,GH-CUST-00034,GH,GHS,355.5,355.5,Grocery,03.08.2023,09-Aug-2023,False,,3.0,completed
GH-ORD-000442,GH-CUST-00540,GH,GHS,163.47,163.47,Fashion,16-Feb-2024,27-Feb-2024,False,,3.0,completed
GH-ORD-000443,GH-CUST-00523,GH,GHS,416.01,416.01,Health,2024-11-17 00:00:00,25-Nov-2024,False,,,completed
GH-ORD-000444,GH-CUST-00519,GH,GHS,272.79,272.79,Health,08-May-2025,13.05.2025,False,,,completed
GH-ORD-000445,GH-CUST-00300,GH,GHS,63.11,63.11,Grocery,12.09.2024,17-Sep-2024,False,,3.0,completed
GH-ORD-000446,GH-CUST-00347,GH,GHS,3.0,3.0,,09/03/2025 00:00,,False,,,completed
GH-ORD-000447,GH-CUST-00315,GH,GHS,427.9,427.9,Toys,2025-02-03 00:00:00,02/13/2025 06:27,False,,3.0,completed
GH-ORD-000448,GH-CUST-00392,GH,GHS,287.51,287.51,Books,05/26/2023 00:00,31-May-2023,False,,4.0,completed
GH-ORD-000449,GH-CUST-00571,GH,GHS,526.42,526.42,Health,16.06.2023,27-Jun-2023,False,,4.0,completed
GH-ORD-000450,GH-CUST-00411,GH,GHS,201.14,201.14,Fashion,02.05.2024,12.05.2024,False,,2.0,completed
GH-ORD-000451,GH-CUST-00232,GH,GHS,239.62,239.62,Home & Kitchen,2024-02-16 00:00:00,02/26/2024 08:02,False,,4.0,completed
GH-ORD-000452,GH-CUST-00178,GH,GHS,387.18,387.18,Home & Kitchen,2024-05-24 00:00:00,02.06.2024,False,,4.0,completed
GH-ORD-000453,GH-CUST-00035,GH,GHS,366.08,366.08,Toys,2025-03-17 00:00:00,21-Mar-2025,False,,3.0,completed
GH-ORD-000454,GH-CUST-00477,GH,GHS,289.88,289.88,,2023-06-18 00:00:00,06/26/2023 16:37,False,,2.0,completed
GH-ORD-000455,GH-CUST-00497,GH,GHS,352.82,352.82,Toys,13-Nov-2025,2025-11-24 02:10:54,False,,,completed
GH-ORD-000456,GH-CUST-00587,GH,GHS,267.63,267.63,Automotive,2023-10-30 00:00:00,11/16/2023 11:56,False,,3.0,completed
GH-ORD-000457,GH-CUST-00404,GH,GHS,222.23,222.23,Books,17-Feb-2024,02/23/2024 10:04,False,,4.0,completed
GH-ORD-000458,GH-CUST-00049,GH,GHS,227.4,14.78,Home & Kitchen,08-Feb-2025,02/10/2025 08:56,False,,3.0,completed
GH-ORD-000459,GH-CUST-00572,GH,GHS,264.38,17.18,Fashion,02-Apr-2023,14.04.2023,False,,5.0,completed
GH-ORD-000460,GH-CUST-00207,GH,GHS,493.68,493.68,Grocery,2023-08-28 00:00:00,,False,,,completed
GH-ORD-000461,GH-CUST-00501,GH,GHS,168.67,168.67,Beauty,24.02.2024,03/02/2024 08:42,False,,5.0,completed
GH-ORD-000462,GH-CUST-00393,GH,GHS,253.53,253.53,Beauty,03/03/2023 00:00,13-Mar-2023,False,,3.0,completed
GH-ORD-000463,GH-CUST-00032,GH,GHS,401.13,401.13,Automotive,01/24/2024 00:00,02/03/2024 18:14,False,,4.0,completed
GH-ORD-000464,GH-CUST-00017,GH,GHS,389.35,389.35,Automotive,2024-08-16 00:00:00,16-Aug-2024,False,,,completed
GH-ORD-000465,GH-CUST-00590,GH,GHS,296.61,296.61,Sports,15.06.2023,26.06.2023,False,,,completed
GH-ORD-000466,GH-CUST-00296,GH,GHS,146.74,146.74,Fashion,16.01.2023,20.01.2023,False,,2.0,completed
GH-ORD-000467,GH-CUST-00001,GH,GHS,534.38,534.38,Sports,25-Jul-2023,2023-07-30 02:51:54,True,08/10/2023 00:00,4.0,completed
GH-ORD-000468,GH-CUST-00006,GH,GHS,376.63,376.63,Electronics,2025-05-29 00:00:00,2025-06-12 01:09:30,False,,4.0,completed
GH-ORD-000469,GH-CUST-00179,GH,GHS,193.69,193.69,Automotive,20.09.2025,2025-10-04 16:36:52,False,,5.0,completed
GH-ORD-000470,GH-CUST-00329,GH,GHS,252.77,252.77,Toys,09.11.2024,11/13/2024 04:19,False,,,completed
GH-ORD-000471,GH-CUST-00221,GH,GHS,33.48,33.48,Grocery,13-Jul-2023,16-Jul-2023,False,,4.0,completed
GH-ORD-000472,GH-CUST-00246,GH,GHS,228.7,228.7,Grocery,09.03.2023,14.03.2023,False,,3.0,completed
GH-ORD-000473,GH-CUST-00055,GH,GHS,293.61,293.61,Health,20.01.2024,27.01.2024,False,,3.0,completed
GH-ORD-000474,GH-CUST-00254,GH,GHS,495.89,495.89,Electronics,02/17/2023 00:00,2023-03-03 03:38:58,False,,2.0,completed
GH-ORD-000475,GH-CUST-00404,GH,GHS,332.41,332.41,Health,03/12/2024 00:00,16.03.2024,False,,3.0,completed
GH-ORD-000476,GH-CUST-00140,GH,GHS,329.48,329.48,Electronics,11/21/2024 00:00,28.11.2024,False,,,completed
GH-ORD-000477,GH-CUST-00254,GH,GHS,316.87,316.87,Sports,2023-05-27 00:00:00,06-Jun-2023,False,,,completed
GH-ORD-000478,GH-CUST-00044,GH,GHS,327.13,327.13,Sports,2024-10-31 00:00:00,11/20/2024 09:54,False,,3.0,completed
GH-ORD-000479,GH-CUST-00594,GH,GHS,49.65,3.23,Sports,02/10/2023 00:00,2023-02-14 14:01:25,False,,5.0,completed
GH-ORD-000480,GH-CUST-00413,GH,GHS,153.28,153.28,Automotive,26.03.2023,2023-03-29 05:26:08,False,,,completed
GH-ORD-000481,GH-CUST-00399,GH,GHS,331.19,331.19,Books,14.03.2025,03/21/2025 13:24,False,,4.0,completed
GH-ORD-000482,GH-CUST-00349,GH,GHS,505.45,505.45,Toys,2025-01-20 00:00:00,30.01.2025,False,,3.0,completed
GH-ORD-000483,GH-CUST-00177,GH,GHS,212.08,212.08,Home & Kitchen,2024-03-06 00:00:00,29-Mar-2024,False,,,completed
GH-ORD-000484,GH-CUST-00560,GH,GHS,419.96,419.96,Automotive,29-Apr-2023,05/05/2023 18:25,False,,2.0,completed
GH-ORD-000485,GH-CUST-00225,GH,GHS,272.27,272.27,Home & Kitchen,2024-08-12 00:00:00,08/13/2024 20:26,False,,5.0,completed
GH-ORD-000486,GH-CUST-00502,GH,GHS,125.49,125.49,Sports,14.04.2023,04/21/2023 08:27,False,,,completed
GH-ORD-000487,GH-CUST-00222,GH,GHS,321.31,321.31,Beauty,2024-02-22 00:00:00,28.02.2024,False,,3.0,completed
GH-ORD-000488,GH-CUST-00307,GH,GHS,347.49,347.49,Books,08-Jun-2025,06/22/2025 02:31,False,,,completed
GH-ORD-000489,GH-CUST-00503,GH,GHS,402.8,26.18,Books,19.05.2023,01-Jun-2023,False,,3.0,completed
GH-ORD-000490,GH-CUST-00204,GH,GHS,330.78,330.78,Sports,30-Jul-2023,07.08.2023,False,,4.0,completed
GH-ORD-000491,GH-CUST-00355,GH,GHS,500.2,500.2,Fashion,19.04.2025,2025-04-26 02:48:15,False,,,completed
GH-ORD-000492,GH-CUST-00390,GH,GHS,215.12,215.12,Electronics,2023-07-18 00:00:00,2023-07-28 03:15:43,False,,2.0,completed
GH-ORD-000493,GH-CUST-00081,GH,GHS,242.1,242.1,,12/16/2025 00:00,23-Dec-2025,False,,,completed
GH-ORD-000494,GH-CUST-00399,GH,GHS,132.74,132.74,Beauty,2025-11-04 00:00:00,16-Nov-2025,False,,3.0,completed
GH-ORD-000495,GH-CUST-00341,GH,GHS,258.26,16.79,Fashion,05/22/2023 00:00,31-May-2023,False,,5.0,completed
GH-ORD-000496,GH-CUST-00253,GH,GHS,278.31,278.31,Fashion,09/14/2023 00:00,25-Sep-2023,False,,4.0,completed
GH-ORD-000497,GH-CUST-00143,GH,GHS,299.75,299.75,Electronics,2023-08-04 00:00:00,08/07/2023 15:24,False,,2.0,completed
GH-ORD-000498,GH-CUST-00062,GH,GHS,297.04,297.04,Electronics,06.05.2024,11.05.2024,False,,5.0,completed
GH-ORD-000499,GH-CUST-00286,GH,GHS,399.34,399.34,Beauty,29-May-2024,05-Jun-2024,False,,3.0,completed
GH-ORD-000500,GH-CUST-00506,GH,GHS,361.72,361.72,Fashion,05/17/2023 00:00,20-May-2023,False,,3.0,completed
GH-ORD-000501,GH-CUST-00152,GH,GHS,123.29,123.29,Sports,16.10.2024,10/23/2024 10:42,False,,,completed
GH-ORD-000502,GH-CUST-00021,GH,GHS,467.23,467.23,Electronics,26.06.2025,03-Jul-2025,False,,3.0,completed
GH-ORD-000503,GH-CUST-00133,GH,GHS,35.9,35.9,Grocery,13.01.2023,23-Jan-2023,False,,3.0,completed
GH-ORD-000504,GH-CUST-00479,GH,GHS,298.8,298.8,Beauty,08/15/2023 00:00,08/21/2023 13:59,False,,4.0,completed
GH-ORD-000505,GH-CUST-00308,GH,GHS,254.84,254.84,Health,2025-06-21 00:00:00,28.06.2025,False,,4.0,completed
GH-ORD-000506,GH-CUST-00444,GH,GHS,617.11,617.11,Grocery,27-Nov-2023,2023-12-08 13:17:27,False,,4.0,completed
GH-ORD-000507,GH-CUST-00125,GH,GHS,280.51,280.51,Grocery,2023-12-29 00:00:00,03.01.2024,False,,,completed
GH-ORD-000508,GH-CUST-00570,GH,GHS,128.0,128.0,Sports,09/28/2025 00:00,,False,,,cancelled
GH-ORD-000509,GH-CUST-00171,GH,GHS,156.46,156.46,Sports,03.03.2024,13-Mar-2024,False,,3.0,completed
GH-ORD-000510,GH-CUST-00467,GH,GHS,493.31,493.31,Sports,12/09/2024 00:00,12/20/2024 00:11,False,,4.0,completed
GH-ORD-000511,GH-CUST-00226,GH,GHS,280.05,280.05,Toys,04.12.2025,12/09/2025 18:30,False,,4.0,completed
GH-ORD-000512,GH-CUST-00260,GH,GHS,454.09,29.52,Grocery,08-Jan-2024,13-Jan-2024,False,,2.0,completed
GH-ORD-000513,GH-CUST-00143,GH,GHS,392.51,392.51,Grocery,03/25/2024 00:00,03-Apr-2024,False,,3.0,completed
GH-ORD-000514,GH-CUST-00287,GH,GHS,162.66,10.57,Home & Kitchen,06/18/2023 00:00,2023-06-22 13:31:33,False,,3.0,completed
GH-ORD-000515,GH-CUST-00215,GH,GHS,228.21,228.21,Beauty,07.04.2023,13-Apr-2023,False,,3.0,completed
GH-ORD-000516,GH-CUST-00579,GH,GHS,158.69,158.69,Home & Kitchen,22.04.2023,29-Apr-2023,False,,4.0,completed
GH-ORD-000517,GH-CUST-00328,GH,GHS,229.39,229.39,Toys,2024-01-22 00:00:00,03.02.2024,False,,4.0,completed
GH-ORD-000518,GH-CUST-00194,GH,GHS,25.46,25.46,Sports,26-Sep-2024,10/06/2024 02:16,False,,4.0,completed
GH-ORD-000519,GH-CUST-00306,GH,GHS,210.44,210.44,Home & Kitchen,09/30/2024 00:00,2024-10-19 00:27:39,False,,4.0,completed
GH-ORD-000520,GH-CUST-00475,GH,GHS,278.77,278.77,Automotive,13-Mar-2023,2023-03-16 12:19:19,False,,2.0,cancelled
GH-ORD-000521,GH-CUST-00505,GH,GHS,265.99,265.99,Sports,30-Dec-2024,2025-01-19 01:37:28,False,,3.0,completed
GH-ORD-000522,GH-CUST-00231,GH,GHS,266.65,266.65,Toys,07.01.2024,10.01.2024,False,,3.0,completed
GH-ORD-000523,GH-CUST-00234-DUP,GH,GHS,365.33,365.33,Beauty,17.11.2025,11/23/2025 14:24,False,,2.0,completed
GH-ORD-000524,GH-CUST-00078-DUP,GH,GHS,204.37,204.37,Fashion,08.11.2024,11/11/2024 17:15,False,,4.0,completed
GH-ORD-000525,GH-CUST-00578,GH,GHS,331.01,331.01,Books,03/16/2023 00:00,17.03.2023,False,,4.0,completed
GH-ORD-000526,GH-CUST-00419-DUP,GH,GHS,102.05,102.05,Sports,09/03/2024 00:00,17-Sep-2024,False,,4.0,completed
GH-ORD-000527,GH-CUST-00163,GH,GHS,80.58,80.58,Automotive,2023-12-04 00:00:00,12/07/2023 10:22,False,,4.0,completed
GH-ORD-000528,GH-CUST-00458,GH,GHS,217.39,217.39,Fashion,05-Apr-2024,29-Apr-2024,False,,5.0,completed
GH-ORD-000529,GH-CUST-00117,GH,GHS,168.12,168.12,Beauty,07/11/2025 00:00,2025-07-19 05:45:23,False,,5.0,completed
GH-ORD-000530,GH-CUST-00569,GH,GHS,323.28,323.28,Fashion,17-Oct-2025,2025-10-18 13:45:58,False,,4.0,completed
GH-ORD-000531,GH-CUST-00599,GH,GHS,93.92,93.92,Books,12.02.2023,,False,,,completed
GH-ORD-000532,GH-CUST-00145,GH,GHS,148.34,148.34,Books,30-Dec-2025,26-Jan-2026,False,,5.0,completed
GH-ORD-000533,GH-CUST-00513,GH,GHS,152.54,152.54,Books,08/30/2024 00:00,09/07/2024 01:55,False,,4.0,completed
GH-ORD-000534,GH-CUST-00569,GH,GHS,405.39,405.39,Health,2023-03-03 00:00:00,12.03.2023,False,,,completed
GH-ORD-000535,GH-CUST-00154,GH,GHS,480.35,480.35,Automotive,29.09.2024,2024-10-06 12:11:41,False,,,completed
GH-ORD-000536,GH-CUST-00566,GH,GHS,221.33,14.39,Home & Kitchen,26-Jul-2025,2025-08-01 14:42:03,False,,4.0,completed
GH-ORD-000537,GH-CUST-00218,GH,GHS,338.43,338.43,Sports,19.04.2023,28.04.2023,False,,4.0,completed
GH-ORD-000538,GH-CUST-00286,GH,GHS,3.0,3.0,Toys,05-Apr-2023,04/14/2023 05:45,False,,4.0,completed
GH-ORD-000539,GH-CUST-00288,GH,GHS,547.01,547.01,Health,11-Jun-2023,12.06.2023,False,,5.0,completed
GH-ORD-000540,GH-CUST-00214,GH,GHS,292.07,292.07,,23-Feb-2024,03-Mar-2024,False,,5.0,completed
GH-ORD-000541,GH-CUST-00442,GH,GHS,369.72,369.72,Health,05/18/2024 00:00,2024-05-27 14:26:07,False,,,completed
GH-ORD-000542,GH-CUST-00053,GH,GHS,318.77,318.77,Sports,04-Nov-2025,10.11.2025,False,,4.0,completed
GH-ORD-000543,GH-CUST-00360,GH,GHS,165.52,165.52,Sports,30-Aug-2023,09/06/2023 19:43,False,,,completed
GH-ORD-000544,GH-CUST-00340,GH,GHS,3.0,3.0,Toys,09/08/2023 00:00,17-Sep-2023,False,,4.0,completed
GH-ORD-000545,GH-CUST-00077,GH,GHS,226.21,14.7,Automotive,09/20/2024 00:00,09/28/2024 21:05,False,,2.0,completed
GH-ORD-000546,GH-CUST-00292,GH,GHS,588.68,588.68,Beauty,02/14/2023 00:00,21-Feb-2023,False,,4.0,completed
GH-ORD-000547,GH-CUST-00563,GH,GHS,125.54,125.54,Toys,23-Jan-2024,2024-01-31 02:17:55,False,,5.0,completed
GH-ORD-000548,GH-CUST-00345,GH,GHS,445.75,28.97,Grocery,13.02.2023,2023-02-24 10:01:33,False,,4.0,completed
GH-ORD-000549,GH-CUST-00116,GH,GHS,222.63,222.63,Toys,10/12/2024 00:00,10/14/2024 04:47,False,,4.0,completed
GH-ORD-000550,GH-CUST-00058,GH,GHS,242.26,242.26,Home & Kitchen,10/20/2023 00:00,2023-11-01 04:41:03,False,,4.0,completed
GH-ORD-000551,GH-CUST-00178,GH,GHS,537.97,34.97,Electronics,01/16/2024 00:00,01/28/2024 18:57,False,,3.0,completed
GH-ORD-000552,GH-CUST-00007,GH,GHS,3.0,3.0,Automotive,2025-07-05 00:00:00,18-Jul-2025,False,,5.0,completed
GH-ORD-000553,GH-CUST-00014,GH,GHS,61.41,3.99,Automotive,23.09.2023,10/07/2023 00:53,False,,4.0,completed
GH-ORD-000554,GH-CUST-00303,GH,GHS,305.71,305.71,Sports,2025-08-29 00:00:00,12.09.2025,False,,5.0,completed
GH-ORD-000555,GH-CUST-00319,GH,GHS,384.21,384.21,Beauty,06/15/2023 00:00,06/24/2023 21:25,False,,4.0,completed
GH-ORD-000556,GH-CUST-00202,GH,GHS,215.99,215.99,Toys,10/30/2023 00:00,2023-11-11 18:42:36,False,,3.0,completed
GH-ORD-000557,GH-CUST-00423,GH,GHS,226.71,14.74,Beauty,2025-07-22 00:00:00,28.07.2025,False,,3.0,completed
GH-ORD-000558,GH-CUST-00011,GH,GHS,301.88,301.88,Toys,17-Jan-2025,23.01.2025,False,,4.0,completed
GH-ORD-000559,GH-CUST-00502,GH,GHS,20.43,20.43,Home & Kitchen,13.08.2024,08/20/2024 13:07,False,,4.0,completed
GH-ORD-000560,GH-CUST-00572,GH,GHS,230.3,230.3,Automotive,2025-12-06 00:00:00,2025-12-13 07:27:01,False,,,completed
GH-ORD-000561,GH-CUST-00509,GH,GHS,26.36,26.36,Home & Kitchen,11.09.2025,09/20/2025 10:13,False,,4.0,completed
GH-ORD-000562,GH-CUST-00273,GH,GHS,358.97,358.97,Health,2025-06-19 00:00:00,,False,,,cancelled
GH-ORD-000563,GH-CUST-00109-DUP,GH,GHS,312.24,312.24,Sports,21.02.2024,03/01/2024 21:57,False,,4.0,completed
GH-ORD-000564,GH-CUST-00194,GH,GHS,390.01,390.01,Health,2025-10-12 00:00:00,13-Oct-2025,False,,3.0,completed
GH-ORD-000565,GH-CUST-00245,GH,GHS,533.9,34.7,Books,15-May-2023,,False,,,completed
GH-ORD-000566,GH-CUST-00308,GH,GHS,257.57,257.57,Beauty,12/25/2023 00:00,2024-01-06 16:32:18,False,,,completed
GH-ORD-000567,GH-CUST-00573,GH,GHS,265.08,265.08,Automotive,21.10.2024,2024-10-27 09:07:08,False,,4.0,completed
GH-ORD-000568,GH-CUST-00089,GH,GHS,223.5,223.5,Health,16-May-2023,24-May-2023,False,,3.0,completed
GH-ORD-000569,GH-CUST-00110-DUP,GH,GHS,457.39,457.39,Grocery,28-Dec-2025,10-Jan-2026,False,,4.0,completed
GH-ORD-000570,GH-CUST-00153,GH,GHS,58.16,58.16,Electronics,30.06.2023,05.07.2023,False,,4.0,completed
GH-ORD-000571,GH-CUST-00332,GH,GHS,360.89,360.89,,2024-01-02 00:00:00,2024-01-05 23:13:50,False,,3.0,completed
GH-ORD-000572,GH-CUST-00373,GH,GHS,361.71,361.71,Health,08.11.2023,19.11.2023,False,,3.0,completed
GH-ORD-000573,GH-CUST-00014,GH,GHS,66.69,66.69,Books,19.02.2023,12.03.2023,False,,4.0,completed
GH-ORD-000574,GH-CUST-00129,GH,GHS,237.28,237.28,Sports,12-Apr-2023,23-Apr-2023,False,,4.0,completed
GH-ORD-000575,GH-CUST-00055,GH,GHS,418.75,418.75,Health,12/05/2023 00:00,12/13/2023 15:18,False,,4.0,completed
GH-ORD-000576,GH-CUST-00338,GH,GHS,261.83,261.83,Electronics,2023-06-01 00:00:00,2023-06-03 05:03:05,True,06/23/2023 00:00,5.0,completed
GH-ORD-000577,GH-CUST-00543,GH,GHS,129.35,8.41,Sports,08/17/2025 00:00,19.08.2025,False,,4.0,completed
GH-ORD-000578,GH-CUST-00311,GH,GHS,126.16,126.16,Electronics,2025-03-16 00:00:00,23.03.2025,False,,4.0,completed
GH-ORD-000579,GH-CUST-00430,GH,GHS,439.25,439.25,Automotive,27.10.2025,07.11.2025,False,,3.0,completed
GH-ORD-000580,GH-CUST-00347,GH,GHS,287.93,18.72,Beauty,2024-02-06 00:00:00,02/15/2024 15:09,False,,2.0,completed
GH-ORD-000581,GH-CUST-00369,GH,GHS,371.29,371.29,Health,2025-01-07 00:00:00,2025-01-09 04:05:57,False,,5.0,completed
GH-ORD-000582,GH-CUST-00218,GH,GHS,215.28,215.28,Automotive,2024-07-19 00:00:00,26.07.2024,False,,3.0,completed
GH-ORD-000583,GH-CUST-00060,GH,GHS,179.2,179.2,Health,02/24/2024 00:00,12.03.2024,False,,5.0,completed
GH-ORD-000584,GH-CUST-00590,GH,GHS,32.13,32.13,,01/20/2023 00:00,03.02.2023,False,,5.0,completed
GH-ORD-000585,GH-CUST-00378,GH,GHS,235.01,235.01,Fashion,2025-01-26 00:00:00,04.02.2025,False,,4.0,completed
GH-ORD-000586,GH-CUST-00231,GH,GHS,595.61,595.61,,21.08.2023,2023-08-25 19:33:22,False,,4.0,cancelled
GH-ORD-000587,GH-CUST-00225,GH,GHS,211.5,211.5,Grocery,2025-07-10 00:00:00,12-Jul-2025,False,,5.0,completed
GH-ORD-000588,GH-CUST-00246,GH,GHS,90.95,90.95,Beauty,22-Jun-2025,30-Jun-2025,False,,2.0,completed
GH-ORD-000589,GH-CUST-00102,GH,GHS,216.15,216.15,Beauty,10/18/2024 00:00,10/27/2024 16:30,False,,3.0,completed
GH-ORD-000590,GH-CUST-00552,GH,GHS,373.89,373.89,Sports,2023-11-21 00:00:00,2023-11-27 22:10:19,True,12/16/2023 00:00,5.0,completed
GH-ORD-000591,GH-CUST-00543,GH,GHS,497.88,497.88,Electronics,04-Dec-2024,09-Dec-2024,False,,,completed
GH-ORD-000592,GH-CUST-00038,GH,GHS,292.28,292.28,Health,09/26/2025 00:00,10/04/2025 17:36,False,,,completed
GH-ORD-000593,GH-CUST-00396,GH,GHS,379.1,379.1,Home & Kitchen,09/28/2024 00:00,10/06/2024 01:22,False,,4.0,completed
GH-ORD-000594,GH-CUST-00203,GH,GHS,241.05,241.05,Sports,07/24/2024 00:00,08/01/2024 11:03,False,,5.0,cancelled
GH-ORD-000595,GH-CUST-00236,GH,GHS,383.37,383.37,Fashion,2025-01-25 00:00:00,04-Feb-2025,True,17.02.2025,4.0,completed
GH-ORD-000596,GH-CUST-00504,GH,GHS,255.39,255.39,Automotive,05/27/2024 00:00,14-Jun-2024,False,,3.0,completed
GH-ORD-000597,GH-CUST-00108,GH,GHS,483.01,31.4,Electronics,2024-06-22 00:00:00,,False,,,completed
GH-ORD-000598,GH-CUST-00447,GH,GHS,266.06,266.06,Fashion,07/05/2023 00:00,17-Jul-2023,False,,2.0,completed
GH-ORD-000599,GH-CUST-00267,GH,GHS,343.96,22.36,Beauty,02-May-2025,07.05.2025,False,,3.0,completed
GH-ORD-000600,GH-CUST-00403,GH,GHS,431.35,431.35,Electronics,2024-12-27 00:00:00,01/16/2025 19:00,False,,2.0,completed
GH-ORD-000601,GH-CUST-00496,GH,GHS,123.77,123.77,Fashion,2025-07-25 00:00:00,2025-08-05 21:37:56,False,,4.0,completed
GH-ORD-000602,GH-CUST-00556,GH,GHS,559.7,559.7,Books,02-Apr-2024,30-Apr-2024,False,,3.0,completed
GH-ORD-000603,GH-CUST-00267,GH,GHS,680.52,680.52,Home & Kitchen,03/04/2024 00:00,03/12/2024 02:21,False,,3.0,completed
GH-ORD-000604,GH-CUST-00184,GH,GHS,178.62,178.62,Grocery,15.10.2023,10/15/2023 00:00,False,,5.0,completed
GH-ORD-000605,GH-CUST-00024,GH,GHS,535.16,535.16,Home & Kitchen,14.04.2023,2023-04-17 22:30:40,True,02.05.2023,3.0,completed
GH-ORD-000606,GH-CUST-00272,GH,GHS,295.3,295.3,Sports,2023-07-10 00:00:00,07/14/2023 03:48,False,,2.0,completed
GH-ORD-000607,GH-CUST-00416,GH,GHS,246.34,246.34,Sports,06/14/2024 00:00,06/27/2024 17:10,False,,3.0,completed
GH-ORD-000608,GH-CUST-00060,GH,GHS,315.63,315.63,Toys,08/06/2024 00:00,19.08.2024,False,,3.0,completed
GH-ORD-000609,GH-CUST-00271,GH,GHS,307.27,307.27,Books,2024-10-20 00:00:00,30-Oct-2024,False,,4.0,completed
GH-ORD-000610,GH-CUST-00147,GH,GHS,181.69,181.69,Grocery,12/24/2024 00:00,2025-01-01 09:15:07,False,,4.0,completed
GH-ORD-000611,GH-CUST-00000,GH,GHS,99.46,99.46,Toys,05/28/2025 00:00,10.06.2025,False,,5.0,completed
GH-ORD-000612,GH-CUST-00153,GH,GHS,164.36,164.36,Sports,06.07.2025,14.07.2025,False,,4.0,cancelled
GH-ORD-000613,GH-CUST-00236,GH,GHS,192.7,192.7,Beauty,29-May-2025,06/07/2025 22:14,False,,4.0,completed
GH-ORD-000614,GH-CUST-00336,GH,GHS,45.13,45.13,Sports,07/20/2023 00:00,,False,,,completed
GH-ORD-000615,GH-CUST-00413,GH,GHS,103.98,103.98,Home & Kitchen,10.06.2024,21-Jun-2024,False,,3.0,completed
GH-ORD-000616,GH-CUST-00147,GH,GHS,254.19,254.19,Sports,2025-10-15 00:00:00,10/28/2025 11:44,False,,4.0,completed
GH-ORD-000617,GH-CUST-00599,GH,GHS,107.28,107.28,Beauty,12/01/2025 00:00,04-Dec-2025,False,,3.0,completed
GH-ORD-000618,GH-CUST-00344,GH,GHS,343.14,343.14,Sports,12-Mar-2025,03/21/2025 10:23,False,,3.0,completed
GH-ORD-000619,GH-CUST-00538,GH,GHS,93.25,93.25,Books,08/04/2023 00:00,13-Aug-2023,False,,4.0,completed
GH-ORD-000620,GH-CUST-00145,GH,GHS,625.15,625.15,Electronics,2025-09-05 00:00:00,2025-09-13 03:30:50,False,,5.0,completed
GH-ORD-000621,GH-CUST-00024,GH,GHS,92.74,92.74,Grocery,26.07.2025,2025-07-27 16:58:17,False,,3.0,completed
GH-ORD-000622,GH-CUST-00408,GH,GHS,470.26,470.26,Grocery,04/03/2024 00:00,18-Apr-2024,False,,3.0,completed
GH-ORD-000623,GH-CUST-00476,GH,GHS,206.31,206.31,Beauty,07/13/2024 00:00,2024-07-16 07:46:40,False,,2.0,completed
GH-ORD-000624,GH-CUST-00373,GH,GHS,394.95,394.95,Health,18-Mar-2024,,False,,,completed
GH-ORD-000625,GH-CUST-00587,GH,GHS,281.68,281.68,Fashion,15-Jan-2024,2024-01-17 09:35:40,False,,5.0,completed
GH-ORD-000626,GH-CUST-00535,GH,GHS,199.46,199.46,Fashion,03.11.2024,13-Nov-2024,False,,,completed
GH-ORD-000627,GH-CUST-00167,GH,GHS,47.27,47.27,Electronics,01/05/2023 00:00,12.01.2023,False,,,completed
GH-ORD-000628,GH-CUST-00041,GH,GHS,326.62,326.62,Fashion,27-Mar-2025,04/05/2025 07:23,False,,4.0,completed
GH-ORD-000629,GH-CUST-00501,GH,GHS,359.12,359.12,Automotive,29-Sep-2023,02-Oct-2023,False,,4.0,completed
GH-ORD-000630,GH-CUST-00463,GH,GHS,298.2,298.2,Automotive,17.04.2024,25.04.2024,False,,4.0,completed
GH-ORD-000631,GH-CUST-00052,GH,GHS,76.29,76.29,Electronics,2024-06-09 00:00:00,06/11/2024 17:29,False,,2.0,completed
GH-ORD-000632,GH-CUST-00012,GH,GHS,410.81,410.81,Home & Kitchen,11-Oct-2024,2024-10-22 07:27:18,False,,4.0,completed
GH-ORD-000633,GH-CUST-00041,GH,GHS,329.09,21.39,Health,10/26/2025 00:00,05.11.2025,False,,3.0,completed
GH-ORD-000634,GH-CUST-00301,GH,GHS,307.27,307.27,Home & Kitchen,08-Jan-2023,01/16/2023 13:00,False,,3.0,completed
GH-ORD-000635,GH-CUST-00413,GH,GHS,339.03,339.03,Books,26.04.2025,04.05.2025,False,,,completed
GH-ORD-000636,GH-CUST-00534,GH,GHS,299.32,299.32,Sports,18.04.2023,04/23/2023 10:38,False,,5.0,completed
GH-ORD-000637,GH-CUST-00374,GH,GHS,211.08,211.08,Home & Kitchen,31-Aug-2023,2023-09-02 16:15:27,False,,3.0,completed
GH-ORD-000638,GH-CUST-00467,GH,GHS,224.25,224.25,Home & Kitchen,2024-08-30 00:00:00,10.09.2024,False,,4.0,completed
GH-ORD-000639,GH-CUST-00397,GH,GHS,250.22,250.22,Sports,21.10.2024,,False,,,completed
GH-ORD-000640,GH-CUST-00439,GH,GHS,405.68,405.68,Grocery,25-Apr-2025,30-Apr-2025,False,,,completed
GH-ORD-000641,GH-CUST-00481,GH,GHS,264.0,264.0,Beauty,30-Sep-2025,2025-10-19 22:05:51,False,,4.0,completed
GH-ORD-000642,GH-CUST-00440,GH,GHS,19.48,19.48,Electronics,06.04.2023,,False,,,completed
GH-ORD-000643,GH-CUST-00169,GH,GHS,269.71,17.53,Health,20.03.2024,23.03.2024,False,,4.0,completed
GH-ORD-000644,GH-CUST-00026,GH,GHS,286.76,286.76,Home & Kitchen,02.04.2025,04/15/2025 15:52,False,,3.0,completed
GH-ORD-000645,GH-CUST-00398,GH,GHS,558.62,558.62,Automotive,23.01.2024,11.02.2024,False,,3.0,completed
GH-ORD-000646,GH-CUST-00493,GH,GHS,336.49,336.49,Toys,27.03.2024,04.04.2024,True,04/30/2024 00:00,3.0,completed
GH-ORD-000647,GH-CUST-00010,GH,GHS,146.87,146.87,Home & Kitchen,02-Oct-2025,10/05/2025 15:50,False,,3.0,completed
GH-ORD-000648,GH-CUST-00021,GH,GHS,344.84,344.84,Home & Kitchen,29-Apr-2024,04.05.2024,False,,1.0,completed
GH-ORD-000649,GH-CUST-00506,GH,GHS,351.18,351.18,Health,2023-08-21 00:00:00,28-Aug-2023,False,,5.0,completed
GH-ORD-000650,GH-CUST-00540,GH,GHS,339.7,339.7,Toys,02-Apr-2024,2024-04-04 02:02:50,False,,2.0,completed
GH-ORD-000651,GH-CUST-00554,GH,GHS,164.88,10.72,Beauty,22-Feb-2023,18-Mar-2023,False,,5.0,completed
GH-ORD-000652,GH-CUST-00055,GH,GHS,278.58,278.58,Automotive,11/04/2025 00:00,16.11.2025,False,,3.0,completed
GH-ORD-000653,GH-CUST-00198,GH,GHS,434.44,434.44,Grocery,08/05/2025 00:00,2025-08-15 21:12:53,False,,2.0,completed
GH-ORD-000654,GH-CUST-00210,GH,GHS,491.62,491.62,Automotive,05/05/2025 00:00,2025-05-13 08:58:19,False,,4.0,completed
GH-ORD-000655,GH-CUST-00228,GH,GHS,141.62,141.62,Health,10.03.2023,23-Mar-2023,False,,3.0,completed
GH-ORD-000656,GH-CUST-00289,GH,GHS,413.13,26.85,Fashion,08-Dec-2025,12/19/2025 06:46,False,,3.0,completed
GH-ORD-000657,GH-CUST-00194,GH,GHS,597.34,597.34,Beauty,2025-09-23 00:00:00,01.10.2025,False,,4.0,completed
GH-ORD-000658,GH-CUST-00408,GH,GHS,35.66,35.66,Home & Kitchen,2024-04-08 00:00:00,04/24/2024 11:18,False,,3.0,completed
GH-ORD-000659,GH-CUST-00459,GH,GHS,443.98,443.98,Beauty,04/10/2023 00:00,2023-04-14 00:30:06,True,05-May-2023,3.0,completed
GH-ORD-000660,GH-CUST-00186,GH,GHS,406.2,406.2,Electronics,09-Jul-2024,21-Jul-2024,False,,3.0,completed
GH-ORD-000661,GH-CUST-00592,GH,GHS,454.48,454.48,Fashion,01/12/2023 00:00,2023-01-24 04:19:05,False,,3.0,completed
GH-ORD-000662,GH-CUST-00259,GH,GHS,535.78,535.78,,29.10.2025,2025-10-31 04:08:30,False,,3.0,completed
GH-ORD-000663,GH-CUST-00420,GH,GHS,356.64,356.64,Beauty,03/27/2023 00:00,2023-03-31 14:03:27,False,,4.0,completed
GH-ORD-000664,GH-CUST-00549,GH,GHS,318.57,318.57,Sports,20.01.2024,2024-02-12 06:02:27,False,,,completed
GH-ORD-000665,GH-CUST-00484,GH,GHS,413.18,26.86,Grocery,24-Feb-2025,03-Mar-2025,False,,,completed
GH-ORD-000666,GH-CUST-00136,GH,GHS,317.05,317.05,Health,2024-08-29 00:00:00,10.09.2024,False,,4.0,completed
GH-ORD-000667,GH-CUST-00036,GH,GHS,405.76,405.76,Automotive,16.04.2025,19.04.2025,False,,4.0,completed
GH-ORD-000668,GH-CUST-00107,GH,GHS,139.44,139.44,Fashion,03/25/2025 00:00,27-Mar-2025,False,,4.0,completed
GH-ORD-000669,GH-CUST-00185,GH,GHS,135.31,135.31,Home & Kitchen,21.08.2023,2023-09-01 03:53:57,True,09/10/2023 00:00,4.0,completed
GH-ORD-000670,GH-CUST-00553,GH,GHS,3.0,3.0,Books,30.03.2025,03.04.2025,False,,2.0,completed
GH-ORD-000671,GH-CUST-00591,GH,GHS,205.98,205.98,Toys,31.03.2023,09-Apr-2023,False,,3.0,completed
GH-ORD-000672,GH-CUST-00584,GH,GHS,185.64,185.64,Sports,15.09.2024,09/28/2024 04:49,False,,,completed
GH-ORD-000673,GH-CUST-00510,GH,GHS,3.0,3.0,Books,04/10/2023 00:00,04/27/2023 22:44,False,,3.0,completed
GH-ORD-000674,GH-CUST-00207,GH,GHS,267.5,267.5,Fashion,27-Oct-2025,,False,,,completed
GH-ORD-000675,GH-CUST-00147,GH,GHS,526.86,526.86,Grocery,10-Aug-2025,09/02/2025 01:49,False,,4.0,completed
GH-ORD-000676,GH-CUST-00521,GH,GHS,364.39,364.39,Beauty,01.08.2023,08/02/2023 13:20,False,,3.0,completed
GH-ORD-000677,GH-CUST-00114,GH,GHS,256.29,256.29,Sports,2023-02-05 00:00:00,09-Feb-2023,False,,3.0,completed
GH-ORD-000678,GH-CUST-00018,GH,GHS,224.02,224.02,Sports,2024-10-29 00:00:00,08.11.2024,True,04.12.2024,3.0,completed
GH-ORD-000679,GH-CUST-00501,GH,GHS,452.55,452.55,Fashion,12/29/2025 00:00,01/02/2026 00:12,False,,3.0,cancelled
GH-ORD-000680,GH-CUST-00249,GH,GHS,588.22,588.22,Fashion,11/16/2024 00:00,21-Nov-2024,True,07-Dec-2024,3.0,completed
GH-ORD-000681,GH-CUST-00434,GH,GHS,3.0,3.0,Electronics,09/03/2024 00:00,2024-09-15 07:12:35,False,,3.0,completed
GH-ORD-000682,GH-CUST-00257,GH,GHS,239.41,239.41,Beauty,09/27/2024 00:00,04.10.2024,False,,5.0,completed
GH-ORD-000683,GH-CUST-00408,GH,GHS,251.28,251.28,Health,11/23/2023 00:00,10-Dec-2023,False,,4.0,completed
GH-ORD-000684,GH-CUST-00596,GH,GHS,449.89,449.89,,2024-02-27 00:00:00,2024-03-09 05:18:10,False,,4.0,completed
GH-ORD-000685,GH-CUST-00167,GH,GHS,186.08,186.08,Electronics,24-Aug-2025,2025-09-02 07:52:06,False,,,completed
GH-ORD-000686,GH-CUST-00397,GH,GHS,361.62,361.62,Automotive,12.04.2024,17-Apr-2024,False,,4.0,completed
GH-ORD-000687,GH-CUST-00420,GH,GHS,477.79,477.79,Health,01-Mar-2023,03/17/2023 06:42,False,,4.0,completed
GH-ORD-000688,GH-CUST-00284-DUP,GH,GHS,578.04,578.04,Grocery,09/16/2024 00:00,09/21/2024 11:34,False,,,completed
GH-ORD-000689,GH-CUST-00295,GH,GHS,392.3,392.3,Beauty,27-Jun-2023,2023-07-10 08:29:52,False,,3.0,completed
GH-ORD-000690,GH-CUST-00416,GH,GHS,202.31,13.15,Automotive,22.03.2025,24.04.2025,False,,3.0,completed
GH-ORD-000691,GH-CUST-00227,GH,GHS,65.42,65.42,Toys,2023-12-10 00:00:00,24-Dec-2023,False,,5.0,completed
GH-ORD-000692,GH-CUST-00446,GH,GHS,349.14,349.14,Health,2024-11-25 00:00:00,02-Dec-2024,False,,3.0,completed
GH-ORD-000693,GH-CUST-00158,GH,GHS,325.11,325.11,Electronics,31-Aug-2024,14.09.2024,False,,4.0,completed
GH-ORD-000694,GH-CUST-00474,GH,GHS,626.71,40.74,Electronics,20-Mar-2025,2025-03-24 09:47:51,False,,4.0,completed
GH-ORD-000695,GH-CUST-00473,GH,GHS,220.31,220.31,Books,21.01.2023,01/24/2023 15:49,False,,4.0,completed
GH-ORD-000696,GH-CUST-00180,GH,GHS,346.77,346.77,Automotive,16.02.2025,26-Feb-2025,False,,5.0,completed
GH-ORD-000697,GH-CUST-00422,GH,GHS,354.31,354.31,Sports,2025-11-10 00:00:00,,False,,,completed
GH-ORD-000698,GH-CUST-00517,GH,GHS,290.58,290.58,Home & Kitchen,2025-10-30 00:00:00,26-Nov-2025,False,,5.0,completed
GH-ORD-000699,GH-CUST-00037,GH,GHS,364.97,364.97,Toys,18-Mar-2023,10.04.2023,False,,3.0,completed
GH-ORD-000700,GH-CUST-00387,GH,GHS,325.11,325.11,Home & Kitchen,01/20/2024 00:00,29-Jan-2024,False,,4.0,completed
GH-ORD-000701,GH-CUST-00548,GH,GHS,353.63,353.63,Toys,02-Jun-2023,06/10/2023 00:40,False,,3.0,completed
GH-ORD-000702,GH-CUST-00513,GH,GHS,344.18,344.18,,23-May-2023,07.06.2023,False,,5.0,completed
GH-ORD-000703,GH-CUST-00141,GH,GHS,365.55,365.55,Grocery,2024-09-05 00:00:00,,False,,,completed
GH-ORD-000704,GH-CUST-00213,GH,GHS,220.63,220.63,Beauty,06-Nov-2023,16-Nov-2023,False,,3.0,completed
GH-ORD-000705,GH-CUST-00069,GH,GHS,259.95,259.95,Toys,11/08/2024 00:00,14.11.2024,False,,5.0,completed
GH-ORD-000706,GH-CUST-00372,GH,GHS,203.95,203.95,Sports,02/09/2023 00:00,13-Feb-2023,False,,5.0,completed
GH-ORD-000707,GH-CUST-00022,GH,GHS,207.78,207.78,Books,09-Apr-2023,,False,,,completed
GH-ORD-000708,GH-CUST-00515,GH,GHS,352.21,352.21,Electronics,2025-04-14 00:00:00,17.04.2025,False,,5.0,completed
GH-ORD-000709,GH-CUST-00421,GH,GHS,381.94,24.83,Health,14-Dec-2025,28.12.2025,False,,3.0,completed
GH-ORD-000710,GH-CUST-00518,GH,GHS,295.86,295.86,Home & Kitchen,30-Mar-2023,04/07/2023 03:46,False,,4.0,completed
GH-ORD-000711,GH-CUST-00264,GH,GHS,47.26,47.26,Automotive,06/08/2025 00:00,2025-07-06 10:38:25,False,,,completed
GH-ORD-000712,GH-CUST-00312,GH,GHS,51.77,51.77,Fashion,27.06.2023,07/06/2023 10:24,False,,2.0,completed
GH-ORD-000713,GH-CUST-00476,GH,GHS,3.0,3.0,Grocery,02.08.2024,08/13/2024 06:34,False,,,completed
GH-ORD-000714,GH-CUST-00078,GH,GHS,192.51,192.51,Toys,21-Mar-2025,2025-03-25 01:09:56,False,,5.0,completed
GH-ORD-000715,GH-CUST-00077,GH,GHS,332.42,332.42,Sports,23-Feb-2025,06-Mar-2025,False,,4.0,completed
GH-ORD-000716,GH-CUST-00029,GH,GHS,708.74,708.74,Automotive,11/19/2023 00:00,08-Dec-2023,False,,,completed
GH-ORD-000717,GH-CUST-00312,GH,GHS,559.12,559.12,Home & Kitchen,16-Oct-2025,10/23/2025 18:06,True,26-Nov-2025,,completed
GH-ORD-000718,GH-CUST-00548,GH,GHS,15.28,15.28,Fashion,09.11.2023,18-Nov-2023,False,,4.0,completed
GH-ORD-000719,GH-CUST-00535,GH,GHS,111.79,7.27,Health,17.05.2025,05/21/2025 07:28,False,,4.0,completed
GH-ORD-000720,GH-CUST-00465,GH,GHS,335.96,335.96,Books,09/13/2024 00:00,13.09.2024,False,,5.0,completed
GH-ORD-000721,GH-CUST-00434,GH,GHS,200.88,200.88,Books,2023-05-15 00:00:00,17-May-2023,False,,5.0,completed
GH-ORD-000722,GH-CUST-00349-DUP,GH,GHS,276.22,276.22,Home & Kitchen,2023-02-13 00:00:00,02/25/2023 20:45,False,,4.0,completed
GH-ORD-000723,GH-CUST-00375,GH,GHS,279.76,279.76,Automotive,04-Aug-2024,11-Aug-2024,False,,4.0,completed
GH-ORD-000724,GH-CUST-00442,GH,GHS,213.83,213.83,Fashion,2025-10-20 00:00:00,24-Oct-2025,False,,4.0,completed
GH-ORD-000725,GH-CUST-00286,GH,GHS,256.88,256.88,Books,2025-06-22 00:00:00,30.06.2025,False,,5.0,completed
GH-ORD-000726,GH-CUST-00491,GH,GHS,261.78,261.78,,11/09/2023 00:00,12/04/2023 01:26,False,,,completed
GH-ORD-000727,GH-CUST-00212,GH,GHS,184.06,184.06,Health,20-Jul-2025,07/29/2025 17:21,False,,4.0,completed
GH-ORD-000728,GH-CUST-00484,GH,GHS,424.12,424.12,Health,25-Apr-2025,2025-04-30 16:24:13,False,,3.0,completed
GH-ORD-000729,GH-CUST-00015,GH,GHS,406.74,406.74,Fashion,2025-07-28 00:00:00,2025-08-06 00:12:44,False,,3.0,completed
GH-ORD-000730,GH-CUST-00395,GH,GHS,489.05,489.05,Automotive,2024-03-08 00:00:00,09.03.2024,False,,4.0,completed
GH-ORD-000731,GH-CUST-00205,GH,GHS,77.57,77.57,,2023-08-09 00:00:00,24-Aug-2023,False,,2.0,completed
GH-ORD-000732,GH-CUST-00153,GH,GHS,464.36,464.36,Books,11/02/2024 00:00,09-Nov-2024,False,,3.0,completed
GH-ORD-000733,GH-CUST-00462,GH,GHS,309.66,309.66,Electronics,18.04.2023,28.04.2023,False,,3.0,completed
GH-ORD-000734,GH-CUST-00215,GH,GHS,149.47,149.47,Sports,31.08.2024,,False,,,completed
GH-ORD-000735,GH-CUST-00028,GH,GHS,6.83,6.83,Toys,03.01.2023,08-Jan-2023,False,,,completed
GH-ORD-000736,GH-CUST-00571,GH,GHS,766.51,766.51,Toys,2025-05-28 00:00:00,2025-06-01 03:04:14,False,,,completed
GH-ORD-000737,GH-CUST-00351,GH,GHS,463.65,463.65,Home & Kitchen,03/05/2025 00:00,10-Mar-2025,False,,4.0,completed
GH-ORD-000738,GH-CUST-00104,GH,GHS,384.7,384.7,Books,03/24/2025 00:00,2025-04-05 12:22:47,False,,4.0,completed
GH-ORD-000739,GH-CUST-00142,GH,GHS,598.22,598.22,Home & Kitchen,2025-04-14 00:00:00,2025-04-19 15:25:25,False,,4.0,completed
GH-ORD-000740,GH-CUST-00563,GH,GHS,319.24,319.24,,02/12/2023 00:00,15-Feb-2023,False,,3.0,completed
GH-ORD-000741,GH-CUST-00266,GH,GHS,305.84,305.84,Health,20-Dec-2025,2025-12-26 06:30:58,False,,5.0,completed
GH-ORD-000742,GH-CUST-00478,GH,GHS,145.82,145.82,Automotive,17.08.2025,08/29/2025 17:13,False,,4.0,completed
GH-ORD-000743,GH-CUST-00597,GH,GHS,277.78,277.78,Fashion,02/28/2025 00:00,03/04/2025 12:56,False,,,completed
GH-ORD-000744,GH-CUST-00137,GH,GHS,157.08,157.08,Fashion,2023-01-21 00:00:00,26-Jan-2023,False,,2.0,completed
GH-ORD-000745,GH-CUST-00339,GH,GHS,119.45,119.45,Electronics,2025-10-25 00:00:00,27-Oct-2025,False,,,completed
GH-ORD-000746,GH-CUST-00089,GH,GHS,495.34,495.34,Health,04-Apr-2024,2024-04-14 11:22:20,False,,4.0,completed
GH-ORD-000747,GH-CUST-00574,GH,GHS,374.21,374.21,Home & Kitchen,20.08.2025,2025-09-09 16:01:44,False,,5.0,completed
GH-ORD-000748,GH-CUST-00190,GH,GHS,182.28,182.28,Home & Kitchen,17.12.2024,13-Jan-2025,False,,,completed
GH-ORD-000749,GH-CUST-00098,GH,GHS,399.53,399.53,Toys,11.11.2025,11/13/2025 17:09,False,,5.0,completed
GH-ORD-000750,GH-CUST-00409,GH,GHS,284.57,284.57,Home & Kitchen,18-Jan-2024,26.01.2024,False,,5.0,completed
GH-ORD-000751,GH-CUST-00394,GH,GHS,426.39,426.39,Books,25.06.2023,07/03/2023 03:39,False,,4.0,completed
GH-ORD-000752,GH-CUST-00121,GH,GHS,39.34,39.34,Fashion,02.03.2025,03/07/2025 18:34,False,,4.0,completed
GH-ORD-000753,GH-CUST-00524,GH,GHS,351.02,22.82,Fashion,06/02/2023 00:00,14.06.2023,False,,4.0,completed
GH-ORD-000754,GH-CUST-00113,GH,GHS,58.03,3.77,Health,03/20/2023 00:00,01-Apr-2023,False,,5.0,completed
GH-ORD-000755,GH-CUST-00366,GH,GHS,423.72,27.54,Sports,27-Nov-2025,04.12.2025,False,,,completed
GH-ORD-000756,GH-CUST-00490,GH,GHS,447.1,29.06,Toys,04/02/2024 00:00,04/23/2024 17:10,False,,4.0,completed
GH-ORD-000757,GH-CUST-00448,GH,GHS,70.12,70.12,Toys,06/20/2024 00:00,2024-06-25 15:42:59,False,,4.0,completed
GH-ORD-000758,GH-CUST-00486,GH,GHS,23.23,23.23,Grocery,04/11/2024 00:00,2024-04-19 16:15:45,False,,,completed
GH-ORD-000759,GH-CUST-00547,GH,GHS,340.85,340.85,Home & Kitchen,04/20/2023 00:00,2023-05-04 03:22:18,False,,5.0,cancelled
GH-ORD-000760,GH-CUST-00591,GH,GHS,418.33,418.33,,02/27/2024 00:00,2024-02-27 00:00:00,False,,5.0,completed
GH-ORD-000761,GH-CUST-00528,GH,GHS,392.88,392.88,Fashion,06/06/2024 00:00,06/15/2024 00:34,False,,2.0,completed
GH-ORD-000762,GH-CUST-00541,GH,GHS,155.72,155.72,Beauty,13-Sep-2025,09/16/2025 07:59,False,,2.0,completed
GH-ORD-000763,GH-CUST-00408,GH,GHS,279.53,279.53,Beauty,2023-05-30 00:00:00,2023-06-03 19:24:32,False,,5.0,completed
GH-ORD-000764,GH-CUST-00467,GH,GHS,253.0,253.0,Electronics,2023-01-15 00:00:00,28-Jan-2023,False,,2.0,completed
GH-ORD-000765,GH-CUST-00069,GH,GHS,195.19,195.19,Health,08/05/2025 00:00,2025-08-25 09:18:07,False,,,completed
GH-ORD-000766,GH-CUST-00258,GH,GHS,134.7,134.7,Sports,01.08.2025,07.08.2025,False,,4.0,completed
GH-ORD-000767,GH-CUST-00518,GH,GHS,242.57,242.57,Beauty,01.04.2024,,False,,,completed
GH-ORD-000768,GH-CUST-00463,GH,GHS,340.52,340.52,Electronics,11.05.2023,2023-05-20 22:01:58,False,,,completed
GH-ORD-000769,GH-CUST-00572,GH,GHS,366.34,366.34,Fashion,13-May-2024,23-May-2024,False,,4.0,completed
GH-ORD-000770,GH-CUST-00560,GH,GHS,228.68,228.68,Sports,2024-11-24 00:00:00,02-Dec-2024,False,,5.0,completed
GH-ORD-000771,GH-CUST-00114,GH,GHS,460.2,460.2,Health,2025-06-09 00:00:00,16.06.2025,False,,4.0,completed
GH-ORD-000772,GH-CUST-00206,GH,GHS,248.87,248.87,Toys,2023-08-31 00:00:00,08-Sep-2023,False,,3.0,completed
GH-ORD-000773,GH-CUST-00019,GH,GHS,250.94,250.94,Books,01-Jul-2023,,False,,,completed
GH-ORD-000774,GH-CUST-00025,GH,GHS,294.79,294.79,Sports,08-Jul-2024,16-Jul-2024,False,,2.0,completed
GH-ORD-000775,GH-CUST-00300,GH,GHS,230.52,230.52,Fashion,05/21/2025 00:00,2025-05-28 00:50:01,False,,3.0,completed
GH-ORD-000776,GH-CUST-00303,GH,GHS,283.47,283.47,Sports,27-Nov-2023,03-Dec-2023,False,,4.0,completed
GH-ORD-000777,GH-CUST-00030-DUP,GH,GHS,299.44,299.44,Health,20.02.2023,02/24/2023 04:14,False,,3.0,completed
GH-ORD-000778,GH-CUST-00118-DUP,GH,GHS,292.38,292.38,Beauty,21.08.2023,,False,,,completed
GH-ORD-000779,GH-CUST-00564,GH,GHS,321.08,321.08,Home & Kitchen,02/07/2024 00:00,02/12/2024 08:27,False,,4.0,completed
GH-ORD-000780,GH-CUST-00123,GH,GHS,553.21,553.21,Grocery,14.10.2025,2025-10-25 16:00:13,False,,,completed
GH-ORD-000781,GH-CUST-00588-DUP,GH,GHS,367.6,367.6,Toys,08/16/2023 00:00,26-Aug-2023,False,,5.0,completed
GH-ORD-000782,GH-CUST-00313,GH,GHS,452.1,452.1,Beauty,2023-02-07 00:00:00,17-Feb-2023,False,,5.0,completed
GH-ORD-000783,GH-CUST-00237,GH,GHS,106.94,106.94,Automotive,2025-11-26 00:00:00,27.11.2025,False,,4.0,completed
GH-ORD-000784,GH-CUST-00193,GH,GHS,290.99,290.99,Fashion,2023-03-03 00:00:00,08-Mar-2023,False,,4.0,completed
GH-ORD-000785,GH-CUST-00549,GH,GHS,3.0,3.0,Electronics,15-Mar-2023,20.03.2023,False,,3.0,completed
GH-ORD-000786,GH-CUST-00441,GH,GHS,18.19,18.19,Electronics,15.04.2025,2025-04-28 23:29:39,False,,2.0,completed
GH-ORD-000787,GH-CUST-00047,GH,GHS,185.87,185.87,Automotive,26.04.2025,07.05.2025,False,,4.0,completed
GH-ORD-000788,GH-CUST-00300,GH,GHS,102.69,102.69,Beauty,2025-09-26 00:00:00,2025-10-06 17:31:08,False,,4.0,completed
GH-ORD-000789,GH-CUST-00235,GH,GHS,653.29,653.29,Home & Kitchen,09-Jan-2024,18-Jan-2024,False,,4.0,completed
GH-ORD-000790,GH-CUST-00108,GH,GHS,142.96,142.96,Home & Kitchen,2023-01-11 00:00:00,23-Jan-2023,False,,,completed
GH-ORD-000791,GH-CUST-00018,GH,GHS,147.88,147.88,Health,24.12.2023,06.01.2024,False,,4.0,completed
GH-ORD-000792,GH-CUST-00249,GH,GHS,370.44,370.44,Fashion,12/02/2025 00:00,16-Dec-2025,False,,2.0,completed
GH-ORD-000793,GH-CUST-00272,GH,GHS,484.62,484.62,Grocery,06/07/2024 00:00,15-Jun-2024,False,,4.0,completed
GH-ORD-000794,GH-CUST-00488,GH,GHS,147.46,147.46,Sports,02/28/2025 00:00,04.03.2025,False,,,completed
GH-ORD-000795,GH-CUST-00414,GH,GHS,358.22,358.22,Electronics,01/21/2023 00:00,,False,,,completed
GH-ORD-000796,GH-CUST-00091,GH,GHS,440.53,440.53,Books,28.12.2023,2024-01-10 01:29:24,False,,4.0,cancelled
GH-ORD-000797,GH-CUST-00548,GH,GHS,183.97,183.97,Fashion,08-Jan-2023,01/12/2023 21:02,False,,3.0,completed
GH-ORD-000798,GH-CUST-00266,GH,GHS,3.0,3.0,Fashion,08/21/2024 00:00,26-Aug-2024,False,,3.0,completed
GH-ORD-000799,GH-CUST-00328,GH,GHS,251.94,251.94,Beauty,30.08.2025,07.09.2025,False,,,completed
GH-ORD-000800,GH-CUST-00057,GH,GHS,337.99,337.99,Home & Kitchen,26-May-2025,02.06.2025,False,,3.0,completed
GH-ORD-000801,GH-CUST-00100,GH,GHS,3.0,3.0,Automotive,03.01.2023,01/08/2023 16:46,False,,3.0,completed
GH-ORD-000802,GH-CUST-00411,GH,GHS,354.57,354.57,Health,17.07.2023,28.07.2023,False,,5.0,completed
GH-ORD-000803,GH-CUST-00579,GH,GHS,401.11,401.11,Toys,27-May-2024,03.06.2024,False,,3.0,completed
GH-ORD-000804,GH-CUST-00083,GH,GHS,160.46,160.46,Books,08.01.2025,2025-01-09 23:16:48,False,,5.0,completed
GH-ORD-000805,GH-CUST-00174,GH,GHS,252.05,252.05,,2023-02-23 00:00:00,03-Mar-2023,False,,3.0,completed
GH-ORD-000806,GH-CUST-00140,GH,GHS,141.28,141.28,Grocery,12.08.2023,20.08.2023,False,,5.0,completed
GH-ORD-000807,GH-CUST-00245,GH,GHS,224.32,224.32,Automotive,23-Jun-2023,23-Jun-2023,False,,4.0,completed
GH-ORD-000808,GH-CUST-00260,GH,GHS,255.01,16.58,Grocery,22-Mar-2023,03/29/2023 02:24,False,,3.0,completed
GH-ORD-000809,GH-CUST-00252,GH,GHS,314.79,314.79,Beauty,06.01.2025,14.01.2025,False,,4.0,completed
GH-ORD-000810,GH-CUST-00504,GH,GHS,346.02,22.49,Fashion,11/28/2024 00:00,12/18/2024 06:44,False,,3.0,completed
GH-ORD-000811,GH-CUST-00121,GH,GHS,500.82,500.82,Electronics,26.04.2024,06-May-2024,False,,4.0,completed
GH-ORD-000812,GH-CUST-00254,GH,GHS,476.18,476.18,Books,12-Nov-2023,2023-11-22 02:29:26,False,,5.0,completed
GH-ORD-000813,GH-CUST-00586,GH,GHS,27.3,1.77,Automotive,21.09.2025,2025-10-15 19:35:55,False,,4.0,completed
GH-ORD-000814,GH-CUST-00494,GH,GHS,548.43,548.43,Sports,2024-11-11 00:00:00,11/22/2024 17:03,False,,3.0,completed
GH-ORD-000815,GH-CUST-00561,GH,GHS,339.65,339.65,Grocery,06/04/2024 00:00,2024-06-12 16:05:50,False,,,completed
GH-ORD-000816,GH-CUST-00371,GH,GHS,352.69,22.92,Books,22.04.2023,25.04.2023,False,,4.0,completed
GH-ORD-000817,GH-CUST-00556,GH,GHS,243.5,243.5,Fashion,04/19/2023 00:00,28.04.2023,True,05/24/2023 00:00,3.0,completed
GH-ORD-000818,GH-CUST-00294,GH,GHS,186.39,186.39,Fashion,13-Nov-2023,25.11.2023,False,,3.0,completed
GH-ORD-000819,GH-CUST-00202,GH,GHS,123.56,123.56,Beauty,06.01.2025,01/13/2025 19:02,True,03-Feb-2025,,completed
GH-ORD-000820,GH-CUST-00588,GH,GHS,156.5,156.5,Toys,2025-04-30 00:00:00,04.05.2025,False,,4.0,completed
GH-ORD-000821,GH-CUST-00216,GH,GHS,39.19,39.19,Sports,2024-11-20 00:00:00,11/23/2024 23:14,False,,5.0,completed
GH-ORD-000822,GH-CUST-00561,GH,GHS,353.52,353.52,Electronics,2023-06-02 00:00:00,06/13/2023 00:19,False,,,completed
GH-ORD-000823,GH-CUST-00463,GH,GHS,346.91,346.91,Grocery,2025-07-02 00:00:00,2025-07-12 06:27:49,False,,5.0,completed
GH-ORD-000824,GH-CUST-00443,GH,GHS,259.66,259.66,Toys,02.05.2025,13.05.2025,False,,,completed
GH-ORD-000825,GH-CUST-00300,GH,GHS,3.0,3.0,Beauty,2024-03-13 00:00:00,,False,,,completed
GH-ORD-000826,GH-CUST-00533,GH,GHS,306.22,306.22,Electronics,05.07.2024,07/14/2024 07:38,False,,3.0,completed
GH-ORD-000827,GH-CUST-00376,GH,GHS,321.51,321.51,Health,2024-05-17 00:00:00,22.05.2024,False,,3.0,completed
GH-ORD-000828,GH-CUST-00209,GH,GHS,443.96,443.96,Beauty,11/19/2024 00:00,30.11.2024,False,,3.0,completed
GH-ORD-000829,GH-CUST-00408,GH,GHS,110.84,110.84,,2023-03-14 00:00:00,03/20/2023 08:31,False,,,completed
GH-ORD-000830,GH-CUST-00556,GH,GHS,275.72,17.92,Beauty,2025-10-02 00:00:00,07.10.2025,False,,5.0,completed
GH-ORD-000831,GH-CUST-00421,GH,GHS,335.58,335.58,Toys,13-Aug-2025,01-Sep-2025,False,,3.0,completed
GH-ORD-000832,GH-CUST-00402,GH,GHS,466.77,466.77,Sports,07.01.2023,2023-01-07 00:00:00,True,2023-01-23 00:00:00,4.0,completed
GH-ORD-000833,GH-CUST-00503,GH,GHS,429.49,429.49,Books,20.02.2024,26.02.2024,False,,5.0,completed
GH-ORD-000834,GH-CUST-00419,GH,GHS,269.9,269.9,Grocery,04.07.2023,2023-07-12 05:59:36,True,08/12/2023 00:00,,completed
GH-ORD-000835,GH-CUST-00025,GH,GHS,334.32,334.32,Grocery,2024-03-02 00:00:00,22.03.2024,False,,5.0,completed
GH-ORD-000836,GH-CUST-00028,GH,GHS,392.18,392.18,Sports,12-Dec-2023,2023-12-16 08:22:14,False,,4.0,completed
GH-ORD-000837,GH-CUST-00132,GH,GHS,149.9,149.9,Books,30.09.2023,11-Oct-2023,False,,4.0,completed
GH-ORD-000838,GH-CUST-00079,GH,GHS,100.08,100.08,Fashion,24.12.2023,01-Jan-2024,False,,3.0,completed
GH-ORD-000839,GH-CUST-00427,GH,GHS,304.19,304.19,Grocery,11.08.2024,2024-08-15 13:31:42,False,,4.0,completed
GH-ORD-000840,GH-CUST-00543,GH,GHS,400.08,400.08,Automotive,10/28/2025 00:00,,False,,,completed
GH-ORD-000841,GH-CUST-00047,GH,GHS,217.46,217.46,Fashion,23-Sep-2024,01.10.2024,True,10/22/2024 00:00,4.0,completed
GH-ORD-000842,GH-CUST-00456,GH,GHS,102.85,102.85,Home & Kitchen,11/18/2025 00:00,27.11.2025,False,,5.0,completed
GH-ORD-000843,GH-CUST-00346,GH,GHS,371.79,371.79,Toys,2024-09-18 00:00:00,26.09.2024,False,,4.0,completed
GH-ORD-000844,GH-CUST-00543,GH,GHS,352.4,352.4,Electronics,2023-06-20 00:00:00,07/01/2023 00:20,False,,,completed
GH-ORD-000845,GH-CUST-00393,GH,GHS,3.0,3.0,Health,2024-12-28 00:00:00,29-Dec-2024,False,,5.0,completed
GH-ORD-000846,GH-CUST-00169,GH,GHS,39.16,39.16,Beauty,12/21/2023 00:00,2023-12-30 14:32:51,False,,3.0,completed
GH-ORD-000847,GH-CUST-00057,GH,GHS,120.61,120.61,Automotive,2024-06-25 00:00:00,04-Jul-2024,True,12-Jul-2024,4.0,completed
GH-ORD-000848,GH-CUST-00101,GH,GHS,617.65,40.15,Home & Kitchen,15.03.2024,,False,,,completed
GH-ORD-000849,GH-CUST-00383,GH,GHS,510.42,510.42,Beauty,2024-01-05 00:00:00,14.01.2024,False,,,completed
GH-ORD-000850,GH-CUST-00519,GH,GHS,174.24,174.24,Beauty,23-Jun-2025,2025-07-04 04:43:39,False,,4.0,completed
GH-ORD-000851,GH-CUST-00361,GH,GHS,285.73,285.73,Health,07.07.2025,2025-07-16 01:33:51,False,,,completed
GH-ORD-000852,GH-CUST-00116,GH,GHS,184.48,184.48,Grocery,10-Jul-2023,14.07.2023,False,,4.0,completed
GH-ORD-000853,GH-CUST-00290,GH,GHS,244.17,244.17,Grocery,14.09.2024,09/21/2024 16:18,False,,,completed
GH-ORD-000854,GH-CUST-00100,GH,GHS,324.77,324.77,Automotive,2023-07-22 00:00:00,2023-07-31 01:28:03,False,,,completed
GH-ORD-000855,GH-CUST-00279,GH,GHS,51.31,51.31,,07/03/2024 00:00,07/16/2024 03:28,False,,4.0,cancelled
GH-ORD-000856,GH-CUST-00589,GH,GHS,247.58,247.58,Automotive,2025-08-12 00:00:00,27-Aug-2025,False,,4.0,completed
GH-ORD-000857,GH-CUST-00470,GH,GHS,402.73,402.73,Health,2023-08-04 00:00:00,,False,,,completed
GH-ORD-000858,GH-CUST-00589,GH,GHS,394.86,394.86,Automotive,18-Jun-2024,2024-07-21 09:41:43,False,,4.0,completed
GH-ORD-000859,GH-CUST-00479,GH,GHS,254.32,254.32,Books,31.12.2025,01/03/2026 12:12,True,14.02.2026,5.0,completed
GH-ORD-000860,GH-CUST-00599,GH,GHS,241.96,241.96,Books,16.05.2023,2023-05-22 02:34:54,False,,2.0,completed
GH-ORD-000861,GH-CUST-00523,GH,GHS,334.16,334.16,Fashion,2023-07-06 00:00:00,14-Jul-2023,False,,2.0,completed
GH-ORD-000862,GH-CUST-00102,GH,GHS,352.52,352.52,Fashion,18-Oct-2024,24-Oct-2024,False,,5.0,completed
GH-ORD-000863,GH-CUST-00391,GH,GHS,188.9,188.9,Electronics,17.08.2024,03.09.2024,False,,3.0,completed
GH-ORD-000864,GH-CUST-00067,GH,GHS,484.46,484.46,Automotive,03/26/2024 00:00,2024-04-01 12:12:48,False,,3.0,completed
GH-ORD-000865,GH-CUST-00193,GH,GHS,393.11,393.11,Electronics,2024-07-08 00:00:00,10-Jul-2024,False,,4.0,completed
GH-ORD-000866,GH-CUST-00188,GH,GHS,565.02,565.02,Sports,25-Aug-2023,2023-09-04 06:23:39,False,,,completed
GH-ORD-000867,GH-CUST-00005,GH,GHS,382.06,382.06,Home & Kitchen,25.11.2023,06.12.2023,False,,5.0,completed
GH-ORD-000868,GH-CUST-00595,GH,GHS,473.58,473.58,Home & Kitchen,2025-06-30 00:00:00,15-Jul-2025,False,,5.0,completed
GH-ORD-000869,GH-CUST-00062,GH,GHS,138.25,138.25,Beauty,10/16/2025 00:00,27.10.2025,False,,3.0,cancelled
GH-ORD-000870,GH-CUST-00592,GH,GHS,221.28,221.28,Health,31-Mar-2025,2025-03-31 00:00:00,False,,4.0,completed
GH-ORD-000871,GH-CUST-00217,GH,GHS,176.98,176.98,Home & Kitchen,03-Sep-2024,2024-09-15 10:40:11,False,,4.0,completed
GH-ORD-000872,GH-CUST-00550,GH,GHS,459.86,459.86,,12/07/2025 00:00,10-Dec-2025,False,,5.0,completed
GH-ORD-000873,GH-CUST-00039,GH,GHS,616.94,616.94,Automotive,2025-06-25 00:00:00,2025-07-06 01:21:33,False,,4.0,completed
GH-ORD-000874,GH-CUST-00587,GH,GHS,307.14,19.96,Sports,12/11/2023 00:00,16.12.2023,False,,,completed
GH-ORD-000875,GH-CUST-00565-DUP,GH,GHS,401.79,401.79,Electronics,07/13/2023 00:00,14-Jul-2023,False,,3.0,completed
GH-ORD-000876,GH-CUST-00526,GH,GHS,3.0,3.0,Sports,2024-11-28 00:00:00,,False,,,completed
GH-ORD-000877,GH-CUST-00222,GH,GHS,382.73,382.73,Beauty,2023-05-05 00:00:00,15-May-2023,False,,4.0,completed
GH-ORD-000878,GH-CUST-00588-DUP,GH,GHS,307.26,307.26,,21-Sep-2024,09/21/2024 10:57,False,,3.0,completed
GH-ORD-000879,GH-CUST-00159,GH,GHS,170.98,170.98,Automotive,07/18/2023 00:00,23.07.2023,False,,4.0,completed
GH-ORD-000880,GH-CUST-00497,GH,GHS,142.32,142.32,Sports,27.03.2025,01.04.2025,False,,2.0,completed
GH-ORD-000881,GH-CUST-00153,GH,GHS,232.94,232.94,Health,11.01.2025,2025-01-14 15:34:03,False,,4.0,completed
GH-ORD-000882,GH-CUST-00276,GH,GHS,127.82,127.82,Fashion,2023-06-20 00:00:00,,False,,,completed
GH-ORD-000883,GH-CUST-00023,GH,GHS,256.85,256.85,Fashion,04-Aug-2023,,False,,,completed
GH-ORD-000884,GH-CUST-00199,GH,GHS,359.55,23.37,Toys,2023-11-30 00:00:00,13-Dec-2023,False,,3.0,completed
GH-ORD-000885,GH-CUST-00304,GH,GHS,288.83,288.83,Electronics,2023-05-19 00:00:00,06/05/2023 06:44,False,,,completed
GH-ORD-000886,GH-CUST-00283,GH,GHS,3.0,3.0,Health,11-Jun-2025,24-Jun-2025,False,,4.0,completed
GH-ORD-000887,GH-CUST-00037,GH,GHS,363.36,363.36,Grocery,09-Oct-2023,,False,,,completed
GH-ORD-000888,GH-CUST-00362,GH,GHS,348.43,348.43,Sports,24-Sep-2024,,False,,,completed
GH-ORD-000889,GH-CUST-00093,GH,GHS,312.78,312.78,Toys,2023-06-06 00:00:00,06/10/2023 07:37,False,,5.0,completed
GH-ORD-000890,GH-CUST-00469-DUP,GH,GHS,28.76,28.76,Health,2025-08-07 00:00:00,19-Aug-2025,False,,4.0,completed
GH-ORD-000891,GH-CUST-00271,GH,GHS,201.69,201.69,Health,01/28/2024 00:00,05.02.2024,False,,4.0,completed
GH-ORD-000892,GH-CUST-00099,GH,GHS,498.68,498.68,Toys,27-Apr-2023,05/06/2023 06:03,False,,3.0,completed
GH-ORD-000893,GH-CUST-00287,GH,GHS,288.9,288.9,Electronics,18.08.2024,02.09.2024,False,,5.0,completed
GH-ORD-000894,GH-CUST-00394,GH,GHS,425.4,425.4,Toys,04/16/2025 00:00,2025-04-27 04:23:09,False,,,completed
GH-ORD-000895,GH-CUST-00414,GH,GHS,391.91,391.91,Books,08-Oct-2025,20-Oct-2025,False,,3.0,completed
GH-ORD-000896,GH-CUST-00095,GH,GHS,63.19,63.19,Toys,07/28/2024 00:00,05-Aug-2024,False,,,completed
GH-ORD-000897,GH-CUST-00145,GH,GHS,149.19,149.19,Fashion,11/11/2025 00:00,14.11.2025,False,,3.0,completed
GH-ORD-000898,GH-CUST-00097,GH,GHS,677.65,677.65,Books,2024-06-07 00:00:00,29.06.2024,False,,4.0,cancelled
GH-ORD-000899,GH-CUST-00574,GH,GHS,84.42,84.42,Beauty,11/18/2025 00:00,2025-11-18 14:59:58,False,,3.0,completed
GH-ORD-000900,GH-CUST-00232,GH,GHS,510.11,510.11,Sports,04-Jun-2023,,False,,,completed
GH-ORD-000901,GH-CUST-00261,GH,GHS,375.78,375.78,Automotive,2024-02-23 00:00:00,2024-03-04 22:54:08,False,,3.0,cancelled
GH-ORD-000902,GH-CUST-00331,GH,GHS,502.07,502.07,Grocery,12.04.2023,17.04.2023,False,,5.0,completed
GH-ORD-000903,GH-CUST-00044,GH,GHS,350.77,350.77,Fashion,01.02.2025,01.02.2025,True,11.03.2025,3.0,completed
GH-ORD-000904,GH-CUST-00377,GH,GHS,3.0,3.0,Beauty,01/06/2023 00:00,26.01.2023,False,,4.0,completed
GH-ORD-000905,GH-CUST-00047,GH,GHS,3.0,3.0,Automotive,2023-05-24 00:00:00,19.06.2023,False,,3.0,completed
GH-ORD-000906,GH-CUST-00550,GH,GHS,42.59,42.59,Grocery,08/12/2023 00:00,2023-08-26 17:05:04,False,,4.0,completed
GH-ORD-000907,GH-CUST-00428,GH,GHS,233.05,233.05,Sports,10.08.2024,2024-08-16 09:39:18,False,,2.0,completed
GH-ORD-000908,GH-CUST-00182,GH,GHS,71.27,71.27,Fashion,05-Sep-2023,18.09.2023,False,,3.0,completed
GH-ORD-000909,GH-CUST-00358,GH,GHS,283.53,283.53,Beauty,2025-10-07 00:00:00,07.10.2025,False,,,completed
GH-ORD-000910,GH-CUST-00120,GH,GHS,69.11,69.11,Books,01/12/2025 00:00,22-Jan-2025,False,,4.0,completed
GH-ORD-000911,GH-CUST-00113,GH,GHS,560.54,560.54,Home & Kitchen,06/02/2023 00:00,15-Jun-2023,False,,3.0,completed
GH-ORD-000912,GH-CUST-00002,GH,GHS,355.67,355.67,Home & Kitchen,2025-02-11 00:00:00,17.02.2025,False,,5.0,completed
GH-ORD-000913,GH-CUST-00571,GH,GHS,463.84,463.84,Toys,19.08.2024,2024-08-27 16:17:23,False,,4.0,completed
GH-ORD-000914,GH-CUST-00193,GH,GHS,511.18,511.18,Books,14.07.2025,2025-07-24 07:38:22,True,2025-08-07 00:00:00,,completed
GH-ORD-000915,GH-CUST-00459,GH,GHS,529.38,529.38,Toys,15.05.2024,15-May-2024,False,,4.0,completed
GH-ORD-000916,GH-CUST-00384,GH,GHS,197.53,197.53,Books,2023-10-18 00:00:00,11/02/2023 00:36,False,,,completed
GH-ORD-000917,GH-CUST-00210,GH,GHS,527.42,527.42,Health,2024-11-28 00:00:00,,False,,,completed
GH-ORD-000918,GH-CUST-00413,GH,GHS,525.7,525.7,Grocery,07-May-2023,22.05.2023,False,,4.0,completed
GH-ORD-000919,GH-CUST-00315,GH,GHS,675.51,675.51,Automotive,13-Mar-2024,20-Mar-2024,False,,4.0,completed
GH-ORD-000920,GH-CUST-00232,GH,GHS,418.54,418.54,Home & Kitchen,12.06.2023,18.06.2023,False,,4.0,completed
GH-ORD-000921,GH-CUST-00359,GH,GHS,505.51,505.51,Home & Kitchen,30-Jun-2025,07/08/2025 01:50,False,,2.0,completed
GH-ORD-000922,GH-CUST-00393,GH,GHS,338.77,338.77,Electronics,21.02.2025,26-Feb-2025,False,,,completed
GH-ORD-000923,GH-CUST-00290,GH,GHS,418.44,418.44,Beauty,02/26/2024 00:00,03/07/2024 18:50,False,,5.0,completed
GH-ORD-000924,GH-CUST-00398,GH,GHS,425.21,425.21,Electronics,2024-10-27 00:00:00,11/08/2024 08:39,False,,3.0,completed
GH-ORD-000925,GH-CUST-00481,GH,GHS,408.64,408.64,Toys,24-Oct-2023,11/08/2023 20:58,False,,3.0,completed
GH-ORD-000926,GH-CUST-00555,GH,GHS,567.96,567.96,Books,09-Jun-2024,2024-06-14 19:15:44,False,,3.0,completed
GH-ORD-000927,GH-CUST-00422,GH,GHS,327.39,327.39,Books,28.02.2025,10.03.2025,False,,5.0,completed
GH-ORD-000928,GH-CUST-00082,GH,GHS,126.12,126.12,Health,2024-08-05 00:00:00,14-Aug-2024,False,,3.0,completed
GH-ORD-000929,GH-CUST-00098,GH,GHS,41.77,41.77,Fashion,2024-06-23 00:00:00,27.06.2024,False,,3.0,completed
GH-ORD-000930,GH-CUST-00203,GH,GHS,363.46,363.46,,2024-08-03 00:00:00,15.08.2024,False,,2.0,completed
GH-ORD-000931,GH-CUST-00452,GH,GHS,336.31,336.31,Fashion,2025-02-11 00:00:00,23.02.2025,False,,4.0,completed
GH-ORD-000932,GH-CUST-00578,GH,GHS,180.36,180.36,Electronics,04.11.2025,2025-11-07 19:04:20,False,,,completed
GH-ORD-000933,GH-CUST-00234,GH,GHS,407.95,407.95,Grocery,12-Aug-2023,17.08.2023,False,,,completed
GH-ORD-000934,GH-CUST-00464,GH,GHS,229.45,229.45,Beauty,2025-10-28 00:00:00,28.10.2025,False,,5.0,completed
GH-ORD-000935,GH-CUST-00224,GH,GHS,411.35,411.35,,30.11.2023,12/08/2023 00:31,False,,2.0,completed
GH-ORD-000936,GH-CUST-00442,GH,GHS,473.5,473.5,Automotive,05/07/2024 00:00,12.05.2024,False,,,completed
GH-ORD-000937,GH-CUST-00064,GH,GHS,207.46,207.46,Home & Kitchen,05.02.2025,22-Feb-2025,False,,3.0,completed
GH-ORD-000938,GH-CUST-00599,GH,GHS,398.75,25.92,Home & Kitchen,03.01.2025,13-Jan-2025,False,,4.0,completed
GH-ORD-000939,GH-CUST-00463,GH,GHS,325.12,325.12,Books,10/16/2024 00:00,31.10.2024,False,,4.0,completed
GH-ORD-000940,GH-CUST-00241,GH,GHS,271.69,271.69,Home & Kitchen,15-Aug-2023,29-Aug-2023,False,,3.0,completed
GH-ORD-000941,GH-CUST-00362,GH,GHS,443.43,443.43,Beauty,27.05.2025,,False,,,completed
GH-ORD-000942,GH-CUST-00129,GH,GHS,391.74,391.74,Toys,2025-09-03 00:00:00,15.09.2025,False,,,completed
GH-ORD-000943,GH-CUST-00242,GH,GHS,265.18,265.18,Grocery,2025-05-16 00:00:00,16-May-2025,False,,4.0,completed
GH-ORD-000944,GH-CUST-00119,GH,GHS,121.41,121.41,Beauty,16-Mar-2025,2025-03-21 01:44:29,False,,3.0,completed
GH-ORD-000945,GH-CUST-00544,GH,GHS,203.62,203.62,Sports,26-Oct-2025,,False,,,completed
GH-ORD-000946,GH-CUST-00279,GH,GHS,3.0,3.0,Home & Kitchen,29-Oct-2024,08-Nov-2024,False,,5.0,completed
GH-ORD-000947,GH-CUST-00381,GH,GHS,377.0,377.0,Sports,2024-05-18 00:00:00,05/25/2024 04:31,False,,4.0,completed
GH-ORD-000948,GH-CUST-00264,GH,GHS,212.64,13.82,Automotive,2024-07-05 00:00:00,2024-07-13 08:38:38,False,,4.0,completed
GH-ORD-000949,GH-CUST-00332,GH,GHS,145.43,145.43,Fashion,26.08.2025,09/09/2025 17:33,False,,2.0,completed
GH-ORD-000950,GH-CUST-00116,GH,GHS,394.93,394.93,Sports,09.01.2024,16-Jan-2024,False,,5.0,completed
GH-ORD-000951,GH-CUST-00444,GH,GHS,334.54,334.54,Beauty,23.08.2023,08/29/2023 13:26,False,,3.0,completed
GH-ORD-000952,GH-CUST-00563,GH,GHS,286.39,286.39,Books,10-Sep-2023,24.09.2023,False,,3.0,completed
GH-ORD-000953,GH-CUST-00478,GH,GHS,3.0,3.0,Fashion,2025-09-10 00:00:00,14-Sep-2025,False,,4.0,completed
GH-ORD-000954,GH-CUST-00028,GH,GHS,328.03,21.32,Toys,07.05.2023,07.05.2023,False,,4.0,completed
GH-ORD-000955,GH-CUST-00020,GH,GHS,370.15,370.15,Home & Kitchen,14.04.2024,2024-04-21 08:21:37,False,,3.0,completed
GH-ORD-000956,GH-CUST-00297,GH,GHS,214.05,214.05,Automotive,23-Nov-2025,28.11.2025,False,,3.0,completed
GH-ORD-000957,GH-CUST-00565,GH,GHS,307.81,307.81,Home & Kitchen,2025-01-03 00:00:00,2025-01-20 05:32:17,False,,3.0,completed
GH-ORD-000958,GH-CUST-00209,GH,GHS,229.1,229.1,Toys,30-Sep-2023,07.10.2023,False,,3.0,completed
GH-ORD-000959,GH-CUST-00280,GH,GHS,455.72,455.72,,25-Oct-2024,25.10.2024,False,,3.0,completed
GH-ORD-000960,GH-CUST-00249,GH,GHS,410.93,410.93,Fashion,16.03.2024,22-Mar-2024,False,,,completed
GH-ORD-000961,GH-CUST-00256,GH,GHS,148.67,148.67,Automotive,2024-06-06 00:00:00,15.06.2024,False,,5.0,completed
GH-ORD-000962,GH-CUST-00395,GH,GHS,313.7,313.7,Beauty,12.12.2023,16-Dec-2023,False,,4.0,completed
GH-ORD-000963,GH-CUST-00255,GH,GHS,215.67,215.67,Home & Kitchen,06-Mar-2023,,False,,,completed
GH-ORD-000964,GH-CUST-00056,GH,GHS,517.32,517.32,Electronics,2023-05-18 00:00:00,2023-05-18 00:00:00,False,,4.0,completed
GH-ORD-000965,GH-CUST-00235,GH,GHS,3.0,3.0,,08/06/2024 00:00,23.08.2024,False,,3.0,completed
GH-ORD-000966,GH-CUST-00088,GH,GHS,399.42,399.42,Home & Kitchen,2025-08-20 00:00:00,2025-08-27 20:36:34,False,,3.0,completed
GH-ORD-000967,GH-CUST-00444,GH,GHS,132.47,132.47,Home & Kitchen,01/11/2025 00:00,01/25/2025 08:13,False,,5.0,completed
GH-ORD-000968,GH-CUST-00315,GH,GHS,590.97,590.97,,01/23/2023 00:00,31-Jan-2023,False,,4.0,completed
GH-ORD-000969,GH-CUST-00194,GH,GHS,237.25,237.25,Home & Kitchen,2025-06-30 00:00:00,06.07.2025,False,,3.0,completed
GH-ORD-000970,GH-CUST-00146,GH,GHS,293.44,293.44,Automotive,25-Jul-2024,2024-07-29 20:13:56,False,,4.0,completed
GH-ORD-000971,GH-CUST-00090,GH,GHS,307.2,307.2,Automotive,2023-05-28 00:00:00,2023-06-06 03:37:02,False,,5.0,cancelled
GH-ORD-000972,GH-CUST-00224,GH,GHS,273.97,273.97,Books,12/15/2023 00:00,26-Dec-2023,False,,,completed
GH-ORD-000973,GH-CUST-00020,GH,GHS,608.24,608.24,Fashion,04-Oct-2024,2024-10-17 05:26:06,False,,5.0,completed
GH-ORD-000974,GH-CUST-00048,GH,GHS,230.93,230.93,Grocery,02-Jun-2025,2025-06-10 22:02:44,False,,3.0,completed
GH-ORD-000975,GH-CUST-00474,GH,GHS,359.83,359.83,Books,2023-03-07 00:00:00,16.03.2023,False,,4.0,completed
GH-ORD-000976,GH-CUST-00255,GH,GHS,444.35,444.35,Beauty,01/24/2025 00:00,27-Jan-2025,False,,5.0,completed
GH-ORD-000977,GH-CUST-00007,GH,GHS,424.28,424.28,Automotive,07/09/2024 00:00,,False,,,completed
GH-ORD-000978,GH-CUST-00159,GH,GHS,256.2,16.65,Beauty,2025-08-19 00:00:00,08/28/2025 22:08,False,,5.0,completed
GH-ORD-000979,GH-CUST-00234,GH,GHS,296.26,296.26,Home & Kitchen,11.06.2025,19-Jun-2025,False,,4.0,completed
GH-ORD-000980,GH-CUST-00412,GH,GHS,565.12,565.12,Sports,01.05.2023,07.05.2023,False,,4.0,completed
GH-ORD-000981,GH-CUST-00193,GH,GHS,514.15,514.15,Home & Kitchen,2024-05-04 00:00:00,,False,,,completed
GH-ORD-000982,GH-CUST-00426,GH,GHS,461.93,461.93,Home & Kitchen,31.08.2024,09/04/2024 08:31,False,,4.0,completed
GH-ORD-000983,GH-CUST-00298,GH,GHS,517.51,517.51,Sports,2023-01-29 00:00:00,2023-02-03 07:04:16,False,,4.0,completed
GH-ORD-000984,GH-CUST-00056,GH,GHS,321.07,321.07,Fashion,2024-03-17 00:00:00,21-Mar-2024,False,,3.0,completed
GH-ORD-000985,GH-CUST-00040,GH,GHS,298.02,298.02,Grocery,24-Mar-2024,01-Apr-2024,False,,5.0,completed
GH-ORD-000986,GH-CUST-00469-DUP,GH,GHS,526.63,526.63,Electronics,2025-03-19 00:00:00,2025-03-23 13:48:57,False,,4.0,completed
GH-ORD-000987,GH-CUST-00063,GH,GHS,387.88,387.88,Grocery,18-Jul-2023,2023-08-01 01:34:09,False,,4.0,completed
GH-ORD-000988,GH-CUST-00400,GH,GHS,326.55,326.55,Health,06-Feb-2023,16-Feb-2023,False,,4.0,completed
GH-ORD-000989,GH-CUST-00541,GH,GHS,131.57,131.57,Health,07.10.2024,2024-10-15 18:30:31,False,,5.0,completed
GH-ORD-000990,GH-CUST-00598,GH,GHS,246.82,246.82,Sports,10/22/2024 00:00,30-Oct-2024,False,,3.0,completed
GH-ORD-000991,GH-CUST-00429,GH,GHS,3.0,3.0,Grocery,20-Oct-2023,28.10.2023,False,,4.0,completed
GH-ORD-000992,GH-CUST-00447,GH,GHS,198.0,12.87,Health,31.05.2025,03-Jun-2025,False,,3.0,completed
GH-ORD-000993,GH-CUST-00417,GH,GHS,402.27,402.27,Sports,10/07/2024 00:00,10/22/2024 21:21,False,,5.0,completed
GH-ORD-000994,GH-CUST-00393,GH,GHS,64.9,64.9,,07/04/2023 00:00,,False,,,completed
GH-ORD-000995,GH-CUST-00389,GH,GHS,173.89,173.89,Automotive,03/11/2025 00:00,03/16/2025 16:06,True,2025-04-12 00:00:00,3.0,completed
GH-ORD-000996,GH-CUST-00066,GH,GHS,392.97,25.54,Sports,07.01.2023,2023-01-18 20:05:17,False,,,completed
GH-ORD-000997,GH-CUST-00438,GH,GHS,264.32,264.32,Toys,20-May-2023,05/27/2023 16:13,False,,4.0,completed
GH-ORD-000998,GH-CUST-00371,GH,GHS,370.88,370.88,,2024-09-04 00:00:00,,False,,,completed
GH-ORD-000999,GH-CUST-00396,GH,GHS,74.5,4.84,Sports,2025-08-08 00:00:00,2025-08-16 01:55:21,False,,3.0,completed
GH-ORD-001000,GH-CUST-00245,GH,GHS,271.85,271.85,Automotive,12/12/2025 00:00,26.12.2025,False,,4.0,completed
GH-ORD-001001,GH-CUST-00077-DUP,GH,GHS,152.04,152.04,,28-Feb-2024,03/01/2024 01:13,False,,2.0,completed
GH-ORD-001002,GH-CUST-00303,GH,GHS,259.01,259.01,Grocery,2025-01-04 00:00:00,10-Jan-2025,False,,3.0,completed
GH-ORD-001003,GH-CUST-00507,GH,GHS,491.61,491.61,Books,22-Sep-2024,26.09.2024,False,,5.0,completed
GH-ORD-001004,GH-CUST-00260,GH,GHS,539.81,539.81,Fashion,04.09.2024,2024-09-04 04:42:48,False,,,completed
GH-ORD-001005,GH-CUST-00072,GH,GHS,294.78,294.78,Books,04.10.2023,10.10.2023,False,,1.0,completed
GH-ORD-001006,GH-CUST-00218,GH,GHS,48.86,48.86,Toys,2024-04-26 00:00:00,22-May-2024,False,,5.0,completed
GH-ORD-001007,GH-CUST-00430,GH,GHS,424.43,424.43,Beauty,23-Jul-2023,13-Aug-2023,False,,,completed
GH-ORD-001008,GH-CUST-00155,GH,GHS,276.59,276.59,Health,2023-04-21 00:00:00,05/05/2023 17:32,False,,5.0,completed
GH-ORD-001009,GH-CUST-00050,GH,GHS,186.11,186.11,Fashion,06-Jun-2023,,False,,,completed
GH-ORD-001010,GH-CUST-00575,GH,GHS,3.0,3.0,Beauty,12-Mar-2024,2024-03-25 06:54:02,False,,4.0,completed
GH-ORD-001011,GH-CUST-00518,GH,GHS,309.32,309.32,,2023-02-13 00:00:00,02/13/2023 20:05,False,,,completed
GH-ORD-001012,GH-CUST-00378,GH,GHS,159.49,159.49,Beauty,2024-06-28 00:00:00,04-Jul-2024,False,,,completed
GH-ORD-001013,GH-CUST-00582,GH,GHS,313.25,313.25,Grocery,2025-12-10 00:00:00,16-Dec-2025,False,,3.0,completed
GH-ORD-001014,GH-CUST-00390,GH,GHS,154.47,154.47,Toys,04.08.2024,08/16/2024 19:59,False,,4.0,completed
GH-ORD-001015,GH-CUST-00381,GH,GHS,377.95,377.95,Automotive,27.02.2023,2023-03-03 09:42:29,False,,1.0,completed
GH-ORD-001016,GH-CUST-00212,GH,GHS,196.3,196.3,Sports,10-Nov-2023,2023-11-14 12:48:33,False,,4.0,completed
GH-ORD-001017,GH-CUST-00279,GH,GHS,805.72,805.72,Books,2023-08-09 00:00:00,19-Aug-2023,False,,,completed
GH-ORD-001018,GH-CUST-00192,GH,GHS,717.75,717.75,Health,07/09/2024 00:00,19.07.2024,False,,3.0,completed
GH-ORD-001019,GH-CUST-00367,GH,GHS,335.67,335.67,Beauty,25-Jan-2024,2024-02-09 02:56:28,False,,,completed
GH-ORD-001020,GH-CUST-00537,GH,GHS,572.73,572.73,Sports,27.06.2023,02.07.2023,False,,4.0,completed
GH-ORD-001021,GH-CUST-00347,GH,GHS,51.32,51.32,,11-Apr-2023,2023-05-05 07:10:05,False,,5.0,cancelled
GH-ORD-001022,GH-CUST-00370,GH,GHS,286.37,286.37,Health,2024-12-19 00:00:00,12/24/2024 07:55,False,,4.0,completed
GH-ORD-001023,GH-CUST-00294,GH,GHS,346.79,346.79,Sports,08-Sep-2024,,False,,,completed
GH-ORD-001024,GH-CUST-00133,GH,GHS,308.59,308.59,Health,16-May-2023,23-May-2023,False,,5.0,completed
GH-ORD-001025,GH-CUST-00239,GH,GHS,397.8,397.8,Automotive,2025-06-07 00:00:00,,True,08-Jul-2025,,completed
GH-ORD-001026,GH-CUST-00256,GH,GHS,118.31,118.31,Automotive,12/28/2024 00:00,03-Jan-2025,False,,4.0,completed
GH-ORD-001027,GH-CUST-00204,GH,GHS,303.69,303.69,Automotive,01/14/2023 00:00,19.01.2023,False,,4.0,completed
GH-ORD-001028,GH-CUST-00295,GH,GHS,227.07,227.07,Beauty,18-Aug-2024,29-Aug-2024,False,,4.0,completed
GH-ORD-001029,GH-CUST-00049,GH,GHS,229.56,229.56,Health,2023-07-17 00:00:00,25.07.2023,True,05-Aug-2023,5.0,completed
GH-ORD-001030,GH-CUST-00455,GH,GHS,188.86,188.86,Books,02.12.2025,12/11/2025 14:39,False,,4.0,completed
GH-ORD-001031,GH-CUST-00089,GH,GHS,348.32,348.32,Health,2025-11-19 00:00:00,30.11.2025,False,,4.0,completed
GH-ORD-001032,GH-CUST-00558,GH,GHS,457.25,29.72,Health,2025-03-14 00:00:00,03/18/2025 06:02,False,,3.0,completed
GH-ORD-001033,GH-CUST-00105,GH,GHS,73.37,73.37,Grocery,06/16/2025 00:00,06/26/2025 07:36,False,,,completed
GH-ORD-001034,GH-CUST-00055-DUP,GH,GHS,375.25,375.25,Health,08.07.2024,07/10/2024 09:02,False,,3.0,completed
GH-ORD-001035,GH-CUST-00286,GH,GHS,378.93,378.93,Grocery,30-Jan-2025,08-Feb-2025,False,,3.0,completed
GH-ORD-001036,GH-CUST-00349-DUP,GH,GHS,310.55,310.55,Sports,08/13/2025 00:00,09/09/2025 10:17,False,,3.0,completed
GH-ORD-001037,GH-CUST-00110,GH,GHS,246.27,246.27,Grocery,22.02.2023,10-Mar-2023,False,,4.0,completed
GH-ORD-001038,GH-CUST-00105,GH,GHS,676.9,676.9,Beauty,24.11.2023,30-Nov-2023,False,,4.0,completed
GH-ORD-001039,GH-CUST-00577,GH,GHS,66.86,66.86,Health,2024-11-19 00:00:00,11/23/2024 18:16,False,,5.0,completed
GH-ORD-001040,GH-CUST-00038,GH,GHS,196.47,196.47,Health,2023-09-19 00:00:00,04.10.2023,False,,3.0,completed
GH-ORD-001041,GH-CUST-00417,GH,GHS,111.44,111.44,Electronics,2023-05-19 00:00:00,25-May-2023,False,,4.0,completed
GH-ORD-001042,GH-CUST-00191,GH,GHS,427.69,427.69,Toys,11-Apr-2025,20-Apr-2025,False,,3.0,completed
GH-ORD-001043,GH-CUST-00505,GH,GHS,258.67,258.67,Toys,2024-02-03 00:00:00,,False,,,completed
GH-ORD-001044,GH-CUST-00240,GH,GHS,133.66,133.66,Health,09/24/2025 00:00,2025-09-28 10:45:20,False,,5.0,completed
GH-ORD-001045,GH-CUST-00342,GH,GHS,3.0,3.0,Fashion,01/27/2023 00:00,02/10/2023 11:15,False,,3.0,completed
GH-ORD-001046,GH-CUST-00182,GH,GHS,156.4,156.4,Sports,02/14/2025 00:00,24.02.2025,False,,,completed
GH-ORD-001047,GH-CUST-00294,GH,GHS,517.63,517.63,Electronics,2024-11-04 00:00:00,16-Nov-2024,False,,4.0,completed
GH-ORD-001048,GH-CUST-00226,GH,GHS,453.9,453.9,Automotive,05-Feb-2025,02/06/2025 03:12,True,02/24/2025 00:00,3.0,completed
GH-ORD-001049,GH-CUST-00125,GH,GHS,134.21,134.21,Sports,07/12/2023 00:00,24.07.2023,False,,3.0,completed
GH-ORD-001050,GH-CUST-00412,GH,GHS,415.27,415.27,Home & Kitchen,02-Aug-2025,12.08.2025,False,,3.0,completed
GH-ORD-001051,GH-CUST-00154,GH,GHS,186.09,186.09,Health,2024-04-01 00:00:00,14-Apr-2024,False,,3.0,completed
GH-ORD-001052,GH-CUST-00153,GH,GHS,299.98,19.5,Books,25.06.2023,2023-06-29 20:52:33,False,,,completed
GH-ORD-001053,GH-CUST-00475,GH,GHS,229.77,229.77,Beauty,2023-03-14 00:00:00,2023-03-21 19:34:06,False,,,completed
GH-ORD-001054,GH-CUST-00370,GH,GHS,154.74,154.74,Electronics,24.09.2024,09/28/2024 03:47,False,,,completed
GH-ORD-001055,GH-CUST-00306,GH,GHS,325.8,325.8,Automotive,17.06.2025,2025-06-21 14:54:18,True,07/24/2025 00:00,3.0,completed
GH-ORD-001056,GH-CUST-00286,GH,GHS,129.75,129.75,,2023-09-06 00:00:00,2023-09-13 16:31:14,True,02.10.2023,5.0,completed
GH-ORD-001057,GH-CUST-00126,GH,GHS,521.04,521.04,,04/14/2025 00:00,19-Apr-2025,False,,5.0,completed
GH-ORD-001058,GH-CUST-00026,GH,GHS,119.25,119.25,Fashion,08/11/2024 00:00,08/23/2024 08:01,False,,3.0,completed
GH-ORD-001059,GH-CUST-00553,GH,GHS,140.65,140.65,Home & Kitchen,03.02.2024,2024-02-08 00:30:12,False,,4.0,completed
GH-ORD-001060,GH-CUST-00275,GH,GHS,372.8,372.8,Fashion,2025-11-04 00:00:00,11/14/2025 16:18,False,,3.0,completed
GH-ORD-001061,GH-CUST-00490,GH,GHS,121.65,121.65,Electronics,10.07.2023,07/29/2023 08:00,False,,4.0,completed
GH-ORD-001062,GH-CUST-00311,GH,GHS,246.38,246.38,Health,2024-01-02 00:00:00,01/06/2024 04:46,False,,4.0,completed
GH-ORD-001063,GH-CUST-00105,GH,GHS,642.01,41.73,Automotive,2025-08-17 00:00:00,22-Aug-2025,False,,3.0,completed
GH-ORD-001064,GH-CUST-00001,GH,GHS,369.55,369.55,Fashion,04.03.2024,2024-03-09 18:21:13,False,,,completed
GH-ORD-001065,GH-CUST-00026,GH,GHS,387.03,387.03,Home & Kitchen,12/04/2025 00:00,09.12.2025,False,,5.0,completed
GH-ORD-001066,GH-CUST-00129,GH,GHS,335.16,335.16,Beauty,2025-10-10 00:00:00,10/15/2025 12:28,False,,,completed
GH-ORD-001067,GH-CUST-00455,GH,GHS,185.81,185.81,Toys,2024-10-07 00:00:00,12-Oct-2024,False,,5.0,completed
GH-ORD-001068,GH-CUST-00022,GH,GHS,77.0,77.0,Grocery,19.10.2023,24.10.2023,False,,3.0,completed
GH-ORD-001069,GH-CUST-00044,GH,GHS,277.49,277.49,Home & Kitchen,11-Jul-2025,07/17/2025 21:58,False,,2.0,completed
GH-ORD-001070,GH-CUST-00588,GH,GHS,216.03,216.03,Toys,02/03/2023 00:00,10-Feb-2023,False,,3.0,completed
GH-ORD-001071,GH-CUST-00094,GH,GHS,389.88,25.34,Home & Kitchen,05-May-2023,01.06.2023,False,,4.0,completed
GH-ORD-001072,GH-CUST-00133,GH,GHS,316.89,316.89,Sports,11/30/2025 00:00,,False,,,completed
GH-ORD-001073,GH-CUST-00289,GH,GHS,212.62,212.62,Health,20-Jun-2024,02-Jul-2024,True,07/15/2024 00:00,3.0,completed
GH-ORD-001074,GH-CUST-00409,GH,GHS,162.04,162.04,Toys,2024-11-30 00:00:00,2024-12-17 02:39:29,False,,5.0,completed
GH-ORD-001075,GH-CUST-00141,GH,GHS,354.81,354.81,Beauty,14-May-2024,05/26/2024 13:20,False,,2.0,completed
GH-ORD-001076,GH-CUST-00051,GH,GHS,153.99,153.99,Health,31.10.2025,2025-11-06 02:53:02,False,,3.0,completed
GH-ORD-001077,GH-CUST-00550,GH,GHS,201.61,201.61,Books,30.03.2023,2023-03-30 00:00:00,False,,4.0,completed
GH-ORD-001078,GH-CUST-00035,GH,GHS,366.98,366.98,Fashion,16.01.2025,30.01.2025,False,,3.0,completed
GH-ORD-001079,GH-CUST-00327,GH,GHS,140.77,9.15,Sports,30.08.2024,08/30/2024 00:00,False,,3.0,completed
GH-ORD-001080,GH-CUST-00291,GH,GHS,424.18,424.18,Home & Kitchen,27.06.2023,2023-07-02 13:16:13,False,,5.0,completed
GH-ORD-001081,GH-CUST-00303,GH,GHS,238.94,238.94,Home & Kitchen,09/27/2023 00:00,05.10.2023,False,,,completed
GH-ORD-001082,GH-CUST-00311,GH,GHS,61.9,61.9,,20-Apr-2025,29.04.2025,False,,2.0,completed
GH-ORD-001083,GH-CUST-00344,GH,GHS,390.99,390.99,Sports,02/16/2025 00:00,02/26/2025 21:32,False,,5.0,completed
GH-ORD-001084,GH-CUST-00085,GH,GHS,116.81,116.81,Fashion,03-Dec-2023,11.12.2023,False,,4.0,completed
GH-ORD-001085,GH-CUST-00000,GH,GHS,350.77,350.77,Books,2025-02-09 00:00:00,13-Feb-2025,False,,,completed
GH-ORD-001086,GH-CUST-00469,GH,GHS,3.0,3.0,Beauty,27.08.2024,2024-09-05 09:18:29,False,,4.0,completed
GH-ORD-001087,GH-CUST-00215,GH,GHS,189.33,189.33,Toys,05.11.2024,16.11.2024,False,,,completed
GH-ORD-001088,GH-CUST-00468,GH,GHS,272.81,272.81,Health,26.10.2023,28-Oct-2023,False,,2.0,completed
GH-ORD-001089,GH-CUST-00474,GH,GHS,99.37,99.37,Fashion,15-Mar-2025,01.04.2025,False,,4.0,completed
GH-ORD-001090,GH-CUST-00584,GH,GHS,310.18,310.18,Beauty,24-Mar-2025,31-Mar-2025,False,,3.0,completed
GH-ORD-001091,GH-CUST-00158,GH,GHS,466.75,466.75,Automotive,03/10/2025 00:00,03/16/2025 00:54,False,,4.0,completed
GH-ORD-001092,GH-CUST-00211,GH,GHS,224.25,224.25,Toys,16-Feb-2024,02.03.2024,False,,4.0,completed
GH-ORD-001093,GH-CUST-00057,GH,GHS,479.29,479.29,Grocery,2024-08-05 00:00:00,10-Aug-2024,False,,5.0,completed
GH-ORD-001094,GH-CUST-00037,GH,GHS,229.99,229.99,Health,08/20/2025 00:00,2025-08-28 10:33:48,False,,,completed
GH-ORD-001095,GH-CUST-00056,GH,GHS,541.61,541.61,Toys,24-Jul-2023,27.07.2023,False,,,completed
GH-ORD-001096,GH-CUST-00379,GH,GHS,312.52,312.52,Toys,30-Sep-2024,09-Oct-2024,False,,4.0,completed
GH-ORD-001097,GH-CUST-00207,GH,GHS,207.87,207.87,Toys,09/18/2024 00:00,,False,,,completed
GH-ORD-001098,GH-CUST-00145,GH,GHS,72.81,72.81,Health,2023-09-24 00:00:00,10/07/2023 20:03,False,,,completed
GH-ORD-001099,GH-CUST-00386,GH,GHS,474.41,474.41,Toys,2025-04-19 00:00:00,04-May-2025,False,,2.0,completed
GH-ORD-001100,GH-CUST-00265,GH,GHS,140.99,140.99,Grocery,22-Nov-2023,12/05/2023 23:13,False,,2.0,completed
GH-ORD-001101,GH-CUST-00160,GH,GHS,22.97,22.97,Books,04/22/2025 00:00,28-Apr-2025,False,,4.0,completed
GH-ORD-001102,GH-CUST-00273,GH,GHS,534.76,534.76,Beauty,18.09.2023,25.09.2023,False,,3.0,completed
GH-ORD-001103,GH-CUST-00074,GH,GHS,329.82,329.82,Grocery,2023-06-28 00:00:00,07/07/2023 21:04,False,,4.0,completed
GH-ORD-001104,GH-CUST-00017,GH,GHS,251.52,251.52,Grocery,27-Nov-2024,,False,,,completed
GH-ORD-001105,GH-CUST-00254,GH,GHS,133.18,8.66,Beauty,2024-03-28 00:00:00,10-Apr-2024,False,,4.0,completed
GH-ORD-001106,GH-CUST-00314,GH,GHS,228.4,228.4,Fashion,03.11.2024,15-Nov-2024,False,,3.0,completed
GH-ORD-001107,GH-CUST-00028,GH,GHS,243.94,243.94,,27.06.2023,05-Jul-2023,False,,3.0,completed
GH-ORD-001108,GH-CUST-00206,GH,GHS,296.12,296.12,Sports,2024-08-30 00:00:00,06-Sep-2024,False,,2.0,completed
GH-ORD-001109,GH-CUST-00013,GH,GHS,309.04,309.04,Sports,02.11.2024,04-Nov-2024,False,,4.0,completed
GH-ORD-001110,GH-CUST-00268,GH,GHS,499.86,499.86,Health,10-Feb-2023,,False,,,completed
GH-ORD-001111,GH-CUST-00369-DUP,GH,GHS,92.56,6.02,Electronics,06/02/2024 00:00,06/09/2024 11:48,False,,3.0,completed
GH-ORD-001112,GH-CUST-00023,GH,GHS,375.12,375.12,Books,15.04.2024,22.04.2024,False,,,completed
GH-ORD-001113,GH-CUST-00361,GH,GHS,553.56,553.56,Beauty,15-Jun-2025,27.06.2025,False,,4.0,completed
GH-ORD-001114,GH-CUST-00141,GH,GHS,394.5,394.5,Sports,2023-12-16 00:00:00,22-Dec-2023,False,,4.0,completed
GH-ORD-001115,GH-CUST-00203,GH,GHS,222.17,222.17,Automotive,15.06.2025,2025-06-26 01:34:47,False,,5.0,completed
GH-ORD-001116,GH-CUST-00034,GH,GHS,407.78,407.78,Toys,05/26/2024 00:00,06-Jun-2024,True,2024-07-03 00:00:00,5.0,completed
GH-ORD-001117,GH-CUST-00199,GH,GHS,368.2,368.2,Toys,09/02/2023 00:00,05.09.2023,False,,5.0,completed
GH-ORD-001118,GH-CUST-00224,GH,GHS,568.71,568.71,Fashion,04-Jul-2025,11.07.2025,False,,3.0,cancelled
GH-ORD-001119,GH-CUST-00145,GH,GHS,377.99,377.99,Home & Kitchen,29.10.2025,11/08/2025 04:52,False,,4.0,completed
GH-ORD-001120,GH-CUST-00598,GH,GHS,80.0,5.2,Books,2024-09-26 00:00:00,2024-10-05 05:20:50,False,,4.0,completed
GH-ORD-001121,GH-CUST-00330,GH,GHS,396.13,396.13,Automotive,01/31/2023 00:00,09-Feb-2023,False,,3.0,completed
GH-ORD-001122,GH-CUST-00251,GH,GHS,439.04,439.04,Fashion,06-Oct-2025,14.10.2025,False,,3.0,cancelled
GH-ORD-001123,GH-CUST-00022,GH,GHS,251.1,251.1,Electronics,06/16/2023 00:00,06/17/2023 00:23,False,,4.0,completed
GH-ORD-001124,GH-CUST-00078-DUP,GH,GHS,390.15,25.36,Home & Kitchen,2025-10-14 00:00:00,10/23/2025 08:37,False,,5.0,completed
GH-ORD-001125,GH-CUST-00351,GH,GHS,237.92,237.92,Beauty,2023-02-28 00:00:00,03/09/2023 22:46,False,,4.0,completed
GH-ORD-001126,GH-CUST-00571,GH,GHS,654.86,654.86,Health,08/20/2024 00:00,2024-08-28 13:53:50,False,,3.0,completed
GH-ORD-001127,GH-CUST-00198,GH,GHS,415.67,415.67,Fashion,30.05.2023,14-Jun-2023,False,,3.0,completed
GH-ORD-001128,GH-CUST-00499,GH,GHS,414.57,26.95,Toys,09/15/2025 00:00,09/27/2025 21:57,False,,5.0,completed
GH-ORD-001129,GH-CUST-00519,GH,GHS,300.09,300.09,Health,06.05.2024,11.05.2024,False,,4.0,cancelled
GH-ORD-001130,GH-CUST-00356,GH,GHS,353.38,353.38,Home & Kitchen,27.11.2025,08.12.2025,False,,4.0,completed
GH-ORD-001131,GH-CUST-00272,GH,GHS,219.21,219.21,Books,05/18/2024 00:00,28-May-2024,False,,4.0,completed
GH-ORD-001132,GH-CUST-00523,GH,GHS,340.74,340.74,Books,04/02/2023 00:00,06-Apr-2023,False,,4.0,cancelled
GH-ORD-001133,GH-CUST-00376,GH,GHS,431.65,28.06,Health,09/03/2023 00:00,2023-09-05 11:13:49,False,,2.0,completed
GH-ORD-001134,GH-CUST-00009,GH,GHS,521.29,521.29,Automotive,2024-04-14 00:00:00,24-Apr-2024,False,,4.0,completed
GH-ORD-001135,GH-CUST-00298,GH,GHS,107.71,107.71,Home & Kitchen,31.05.2024,06/10/2024 22:48,False,,,completed
GH-ORD-001136,GH-CUST-00420,GH,GHS,324.04,324.04,Health,03/18/2024 00:00,,False,,,completed
GH-ORD-001137,GH-CUST-00454,GH,GHS,507.89,507.89,Toys,2023-06-12 00:00:00,,False,,,completed
GH-ORD-001138,GH-CUST-00293,GH,GHS,216.63,216.63,Sports,2024-09-26 00:00:00,12.10.2024,False,,2.0,completed
GH-ORD-001139,GH-CUST-00492,GH,GHS,374.93,24.37,Books,14-Jun-2024,2024-07-04 01:08:17,False,,4.0,completed
GH-ORD-001140,GH-CUST-00330,GH,GHS,484.56,484.56,Automotive,29-Mar-2025,2025-03-31 11:08:58,False,,3.0,completed
GH-ORD-001141,GH-CUST-00030,GH,GHS,144.0,144.0,Grocery,01.08.2023,07.08.2023,False,,4.0,completed
GH-ORD-001142,GH-CUST-00348,GH,GHS,348.8,348.8,Home & Kitchen,02-Feb-2024,08.02.2024,False,,3.0,completed
GH-ORD-001143,GH-CUST-00028,GH,GHS,549.76,549.76,Books,04/28/2025 00:00,15-May-2025,False,,4.0,completed
GH-ORD-001144,GH-CUST-00281,GH,GHS,158.92,158.92,Fashion,17-Jul-2023,30.07.2023,False,,2.0,completed
GH-ORD-001145,GH-CUST-00420,GH,GHS,226.44,226.44,Sports,11/04/2025 00:00,2025-11-09 05:10:21,False,,3.0,completed
GH-ORD-001146,GH-CUST-00028,GH,GHS,235.2,235.2,Toys,11.09.2025,2025-09-15 13:02:22,False,,4.0,completed
GH-ORD-001147,GH-CUST-00502,GH,GHS,284.35,284.35,Home & Kitchen,01/24/2023 00:00,2023-01-29 12:21:07,False,,3.0,completed
GH-ORD-001148,GH-CUST-00456,GH,GHS,243.06,243.06,Grocery,2024-01-25 00:00:00,2024-02-05 05:44:42,False,,4.0,completed
GH-ORD-001149,GH-CUST-00119,GH,GHS,411.95,411.95,Fashion,25.05.2023,04-Jun-2023,False,,4.0,completed
GH-ORD-001150,GH-CUST-00403,GH,GHS,502.06,502.06,Health,2024-02-11 00:00:00,02/14/2024 12:32,False,,3.0,completed
GH-ORD-001151,GH-CUST-00037,GH,GHS,562.13,562.13,Automotive,05/15/2023 00:00,21.05.2023,False,,1.0,completed
GH-ORD-001152,GH-CUST-00312,GH,GHS,247.53,247.53,Health,2023-04-04 00:00:00,12-Apr-2023,False,,1.0,completed
GH-ORD-001153,GH-CUST-00257,GH,GHS,493.43,493.43,Books,11/08/2025 00:00,11/13/2025 03:29,False,,4.0,completed
GH-ORD-001154,GH-CUST-00529,GH,GHS,243.84,243.84,Grocery,2025-03-06 00:00:00,08.03.2025,False,,3.0,completed
GH-ORD-001155,GH-CUST-00204,GH,GHS,130.39,130.39,Beauty,12/02/2024 00:00,14.12.2024,False,,,completed
GH-ORD-001156,GH-CUST-00293,GH,GHS,256.39,256.39,Home & Kitchen,2024-01-21 00:00:00,2024-01-26 21:54:03,False,,3.0,completed
GH-ORD-001157,GH-CUST-00130,GH,GHS,471.38,471.38,Electronics,2023-10-26 00:00:00,11/27/2023 20:33,False,,5.0,completed
GH-ORD-001158,GH-CUST-00443,GH,GHS,358.79,358.79,Toys,2025-11-04 00:00:00,13.11.2025,False,,3.0,completed
GH-ORD-001159,GH-CUST-00436,GH,GHS,240.67,240.67,Books,26.01.2023,31-Jan-2023,True,2023-02-13 00:00:00,,completed
GH-ORD-001160,GH-CUST-00156,GH,GHS,3.0,3.0,Home & Kitchen,05/15/2023 00:00,05/27/2023 05:28,False,,3.0,completed
GH-ORD-001161,GH-CUST-00430,GH,GHS,471.35,471.35,Toys,19-Mar-2023,30.03.2023,False,,,completed
GH-ORD-001162,GH-CUST-00383,GH,GHS,369.07,369.07,Grocery,24.01.2024,2024-02-03 10:50:12,False,,,completed
GH-ORD-001163,GH-CUST-00261,GH,GHS,181.55,181.55,Beauty,12/24/2024 00:00,01/08/2025 10:21,False,,4.0,completed
GH-ORD-001164,GH-CUST-00569,GH,GHS,328.31,328.31,Grocery,30.07.2023,,False,,,completed
GH-ORD-001165,GH-CUST-00559,GH,GHS,131.01,131.01,Automotive,2025-04-06 00:00:00,,False,,,completed
GH-ORD-001166,GH-CUST-00439,GH,GHS,314.8,314.8,Books,09/25/2025 00:00,2025-09-29 20:13:19,False,,2.0,completed
GH-ORD-001167,GH-CUST-00372,GH,GHS,76.81,4.99,Grocery,25-Feb-2024,,False,,,completed
GH-ORD-001168,GH-CUST-00498,GH,GHS,181.88,11.82,Home & Kitchen,2025-04-03 00:00:00,,False,,,completed
GH-ORD-001169,GH-CUST-00056,GH,GHS,512.05,512.05,Electronics,08/19/2024 00:00,22-Aug-2024,False,,3.0,completed
GH-ORD-001170,GH-CUST-00077-DUP,GH,GHS,157.0,157.0,Health,2023-01-09 00:00:00,2023-01-23 11:20:04,False,,5.0,completed
GH-ORD-001171,GH-CUST-00242,GH,GHS,400.25,400.25,Sports,2025-07-30 00:00:00,08/10/2025 03:12,False,,3.0,completed
GH-ORD-001172,GH-CUST-00160,GH,GHS,591.57,591.57,,07/17/2024 00:00,04-Aug-2024,False,,,completed
GH-ORD-001173,GH-CUST-00296,GH,GHS,416.5,416.5,Beauty,11/29/2023 00:00,,False,,,completed
GH-ORD-001174,GH-CUST-00134,GH,GHS,237.11,237.11,Health,2024-05-30 00:00:00,2024-06-13 15:39:07,False,,4.0,completed
GH-ORD-001175,GH-CUST-00357,GH,GHS,512.22,512.22,Beauty,02/06/2023 00:00,15.02.2023,False,,3.0,completed
GH-ORD-001176,GH-CUST-00144,GH,GHS,186.67,186.67,Grocery,26.05.2024,03-Jun-2024,False,,3.0,completed
GH-ORD-001177,GH-CUST-00202,GH,GHS,102.81,102.81,Automotive,09/13/2023 00:00,09/25/2023 19:20,False,,3.0,completed
GH-ORD-001178,GH-CUST-00542,GH,GHS,302.11,302.11,Beauty,20-Nov-2023,29-Nov-2023,False,,3.0,completed
GH-ORD-001179,GH-CUST-00497,GH,GHS,512.13,512.13,Sports,15.10.2024,,False,,,completed
GH-ORD-001180,GH-CUST-00035,GH,GHS,321.86,321.86,Sports,01/10/2024 00:00,18-Jan-2024,False,,4.0,completed
GH-ORD-001181,GH-CUST-00564,GH,GHS,72.49,72.49,Automotive,05-Sep-2024,2024-09-24 11:35:54,False,,4.0,completed
GH-ORD-001182,GH-CUST-00320,GH,GHS,171.91,11.17,Grocery,11.05.2025,21-May-2025,False,,4.0,completed
GH-ORD-001183,GH-CUST-00589,GH,GHS,75.1,75.1,Home & Kitchen,31.07.2024,04-Aug-2024,False,,,completed
GH-ORD-001184,GH-CUST-00386,GH,GHS,462.13,462.13,Sports,29.10.2023,07-Nov-2023,False,,,completed
GH-ORD-001185,GH-CUST-00354,GH,GHS,189.71,189.71,Beauty,17.08.2024,2024-08-21 13:35:10,False,,3.0,completed
GH-ORD-001186,GH-CUST-00483,GH,GHS,208.88,208.88,Electronics,2024-09-30 00:00:00,2024-10-04 14:47:15,False,,2.0,completed
GH-ORD-001187,GH-CUST-00570,GH,GHS,462.4,462.4,Electronics,06/16/2024 00:00,27-Jun-2024,False,,3.0,completed
GH-ORD-001188,GH-CUST-00301,GH,GHS,301.81,301.81,Grocery,31.03.2024,2024-04-21 09:23:06,True,05/08/2024 00:00,,completed
GH-ORD-001189,GH-CUST-00013,GH,GHS,238.15,238.15,Electronics,06-Aug-2024,12.08.2024,False,,3.0,completed
GH-ORD-001190,GH-CUST-00018,GH,GHS,600.47,39.03,Books,11.05.2024,05/17/2024 05:43,False,,3.0,completed
GH-ORD-001191,GH-CUST-00472,GH,GHS,157.99,157.99,Grocery,22-Jul-2023,03.08.2023,False,,,completed
GH-ORD-001192,GH-CUST-00076,GH,GHS,15.66,15.66,Electronics,2024-06-20 00:00:00,24.06.2024,False,,5.0,completed
GH-ORD-001193,GH-CUST-00077-DUP,GH,GHS,319.04,319.04,Books,08/17/2024 00:00,25-Aug-2024,False,,5.0,completed
GH-ORD-001194,GH-CUST-00565,GH,GHS,319.42,319.42,Toys,26-Apr-2024,2024-05-01 04:00:50,False,,3.0,completed
GH-ORD-001195,GH-CUST-00554,GH,GHS,98.33,98.33,Health,09-Oct-2023,22-Oct-2023,False,,4.0,completed
GH-ORD-001196,GH-CUST-00096,GH,GHS,459.91,459.91,Electronics,01-Feb-2024,13.02.2024,False,,3.0,completed
GH-ORD-001197,GH-CUST-00417,GH,GHS,128.84,128.84,Fashion,31.05.2024,2024-06-07 19:02:07,True,07/12/2024 00:00,3.0,completed
GH-ORD-001198,GH-CUST-00084,GH,GHS,306.39,306.39,Toys,2023-02-14 00:00:00,02/26/2023 12:40,False,,4.0,completed
GH-ORD-001199,GH-CUST-00157,GH,GHS,304.0,304.0,Home & Kitchen,2025-10-27 00:00:00,2025-11-03 14:59:26,False,,4.0,completed
GH-ORD-001200,GH-CUST-00452,GH,GHS,173.15,173.15,Fashion,10-Dec-2024,10-Dec-2024,False,,4.0,completed
GH-ORD-001201,GH-CUST-00017,GH,GHS,438.05,438.05,Books,13.01.2024,01/22/2024 18:51,False,,3.0,completed
GH-ORD-001202,GH-CUST-00109,GH,GHS,98.4,98.4,Books,11/01/2023 00:00,,False,,,completed
GH-ORD-001203,GH-CUST-00089,GH,GHS,302.64,302.64,Electronics,05/15/2024 00:00,2024-05-22 11:55:26,False,,5.0,completed
GH-ORD-001204,GH-CUST-00340,GH,GHS,128.51,128.51,Toys,02/12/2024 00:00,2024-03-06 02:24:12,False,,4.0,completed
GH-ORD-001205,GH-CUST-00472,GH,GHS,3.0,3.0,Books,2023-04-07 00:00:00,,False,,,completed
GH-ORD-001206,GH-CUST-00330,GH,GHS,433.52,28.18,Health,2023-02-27 00:00:00,2023-03-05 12:57:16,False,,,completed
GH-ORD-001207,GH-CUST-00515,GH,GHS,44.04,44.04,Fashion,12-Sep-2024,19.09.2024,False,,,completed
GH-ORD-001208,GH-CUST-00496,GH,GHS,142.85,142.85,Electronics,11/09/2024 00:00,18-Nov-2024,False,,4.0,completed
GH-ORD-001209,GH-CUST-00095,GH,GHS,111.0,111.0,Automotive,2025-06-17 00:00:00,06/22/2025 04:14,False,,4.0,completed
GH-ORD-001210,GH-CUST-00043,GH,GHS,142.58,142.58,Sports,15.08.2023,2023-08-18 16:06:46,False,,3.0,completed
GH-ORD-001211,GH-CUST-00427,GH,GHS,336.33,336.33,Health,08/28/2024 00:00,2024-09-06 05:40:44,False,,,completed
GH-ORD-001212,GH-CUST-00315,GH,GHS,170.55,170.55,Automotive,26-Aug-2025,03.09.2025,False,,5.0,completed
GH-ORD-001213,GH-CUST-00276,GH,GHS,124.15,124.15,Grocery,2023-05-24 00:00:00,24-May-2023,False,,,completed
GH-ORD-001214,GH-CUST-00086,GH,GHS,352.81,352.81,Health,25-Jan-2025,2025-02-01 13:24:05,False,,3.0,completed
GH-ORD-001215,GH-CUST-00059,GH,GHS,384.33,384.33,Grocery,25-Jun-2025,06-Jul-2025,False,,2.0,completed
GH-ORD-001216,GH-CUST-00147,GH,GHS,175.58,175.58,Sports,2023-03-11 00:00:00,03/28/2023 06:28,True,01.04.2023,4.0,completed
GH-ORD-001217,GH-CUST-00000,GH,GHS,388.18,388.18,,2025-08-14 00:00:00,26-Aug-2025,False,,4.0,completed
GH-ORD-001218,GH-CUST-00101,GH,GHS,407.47,407.47,Beauty,12.10.2024,22.10.2024,False,,,completed
GH-ORD-001219,GH-CUST-00424,GH,GHS,366.25,366.25,Beauty,09/18/2024 00:00,24-Sep-2024,False,,4.0,completed
GH-ORD-001220,GH-CUST-00238,GH,GHS,185.86,185.86,Fashion,12/05/2024 00:00,2024-12-13 01:13:48,False,,,completed
GH-ORD-001221,GH-CUST-00473,GH,GHS,93.04,93.04,Fashion,15-Sep-2024,09/19/2024 20:06,False,,3.0,completed
GH-ORD-001222,GH-CUST-00082,GH,GHS,129.01,129.01,Fashion,07/18/2025 00:00,23-Jul-2025,False,,4.0,completed
GH-ORD-001223,GH-CUST-00472,GH,GHS,344.36,344.36,Grocery,05/11/2024 00:00,,False,,,completed
GH-ORD-001224,GH-CUST-00305,GH,GHS,205.79,205.79,Electronics,2024-05-09 00:00:00,22-May-2024,False,,5.0,completed
GH-ORD-001225,GH-CUST-00278,GH,GHS,360.66,23.44,Automotive,17-Apr-2023,04/25/2023 14:45,False,,,completed
GH-ORD-001226,GH-CUST-00186,GH,GHS,331.06,331.06,Electronics,19.03.2025,2025-03-31 17:57:24,False,,,completed
GH-ORD-001227,GH-CUST-00452,GH,GHS,475.77,475.77,Health,2023-11-17 00:00:00,30-Nov-2023,False,,4.0,completed
GH-ORD-001228,GH-CUST-00507,GH,GHS,368.79,368.79,,24-Aug-2023,2023-09-06 08:58:49,False,,,completed
GH-ORD-001229,GH-CUST-00199,GH,GHS,180.21,180.21,Grocery,2024-01-26 00:00:00,02/01/2024 17:25,True,2024-03-08 00:00:00,4.0,completed
GH-ORD-001230,GH-CUST-00325,GH,GHS,423.94,27.56,Books,2023-11-25 00:00:00,06-Dec-2023,False,,3.0,completed
GH-ORD-001231,GH-CUST-00352,GH,GHS,38.62,38.62,Beauty,18-Jun-2023,26.06.2023,False,,3.0,completed
GH-ORD-001232,GH-CUST-00550,GH,GHS,41.61,41.61,Grocery,03/22/2024 00:00,2024-03-24 22:40:05,True,04/14/2024 00:00,4.0,completed
GH-ORD-001233,GH-CUST-00177,GH,GHS,497.77,497.77,,2023-06-17 00:00:00,2023-06-25 03:44:01,False,,4.0,completed
GH-ORD-001234,GH-CUST-00517,GH,GHS,469.26,469.26,Grocery,21-May-2025,22-May-2025,False,,4.0,completed
GH-ORD-001235,GH-CUST-00527,GH,GHS,278.15,278.15,Home & Kitchen,07-Jul-2025,17-Jul-2025,False,,3.0,completed
GH-ORD-001236,GH-CUST-00571,GH,GHS,149.13,149.13,Automotive,2024-06-18 00:00:00,06/26/2024 13:29,False,,5.0,completed
GH-ORD-001237,GH-CUST-00201,GH,GHS,417.75,417.75,Beauty,15-Nov-2025,20-Nov-2025,False,,2.0,completed
GH-ORD-001238,GH-CUST-00245,GH,GHS,10.87,10.87,Grocery,15-Aug-2023,2023-08-28 06:20:43,False,,3.0,completed
GH-ORD-001239,GH-CUST-00461,GH,GHS,227.92,227.92,Toys,14.02.2023,2023-02-27 06:50:10,False,,2.0,completed
GH-ORD-001240,GH-CUST-00059,GH,GHS,518.76,518.76,Automotive,02/05/2024 00:00,02/11/2024 23:39,False,,3.0,completed
GH-ORD-001241,GH-CUST-00320,GH,GHS,240.42,240.42,Sports,2024-07-13 00:00:00,,False,,,completed
GH-ORD-001242,GH-CUST-00595,GH,GHS,350.53,350.53,Grocery,2025-07-24 00:00:00,29-Jul-2025,False,,2.0,completed
GH-ORD-001243,GH-CUST-00208,GH,GHS,244.71,15.91,Fashion,05-Nov-2025,11/07/2025 13:46,False,,,completed
GH-ORD-001244,GH-CUST-00470,GH,GHS,312.69,312.69,Beauty,08/16/2024 00:00,28-Aug-2024,False,,3.0,completed
GH-ORD-001245,GH-CUST-00390,GH,GHS,309.21,309.21,Toys,2025-06-30 00:00:00,07/07/2025 03:36,False,,4.0,completed
GH-ORD-001246,GH-CUST-00126,GH,GHS,388.85,388.85,Electronics,28.07.2023,31-Jul-2023,False,,4.0,completed
GH-ORD-001247,GH-CUST-00009,GH,GHS,3.0,3.0,Health,06-Aug-2023,14.08.2023,False,,3.0,completed
GH-ORD-001248,GH-CUST-00290,GH,GHS,122.65,122.65,Toys,04/18/2025 00:00,27.04.2025,False,,5.0,completed
GH-ORD-001249,GH-CUST-00075,GH,GHS,203.84,203.84,Electronics,06/21/2023 00:00,25-Jun-2023,False,,4.0,completed
GH-ORD-001250,GH-CUST-00360,GH,GHS,66.3,66.3,Sports,28-Nov-2023,03-Dec-2023,False,,5.0,completed
GH-ORD-001251,GH-CUST-00387,GH,GHS,289.95,289.95,Fashion,10/06/2023 00:00,2023-10-06 11:34:16,False,,2.0,completed
GH-ORD-001252,GH-CUST-00016,GH,GHS,305.93,305.93,Home & Kitchen,08-Apr-2023,19-Apr-2023,False,,2.0,completed
GH-ORD-001253,GH-CUST-00181-DUP,GH,GHS,351.95,351.95,Fashion,22.06.2023,07/05/2023 07:42,False,,5.0,completed
GH-ORD-001254,GH-CUST-00173,GH,GHS,333.0,333.0,Automotive,12.08.2024,22-Aug-2024,False,,2.0,completed
GH-ORD-001255,GH-CUST-00259,GH,GHS,615.96,615.96,Automotive,23-Aug-2023,28.08.2023,False,,3.0,completed
GH-ORD-001256,GH-CUST-00094,GH,GHS,239.17,239.17,,24-Jul-2025,,False,,,completed
GH-ORD-001257,GH-CUST-00192,GH,GHS,633.29,633.29,Fashion,22-Sep-2025,30.09.2025,False,,,completed
GH-ORD-001258,GH-CUST-00329,GH,GHS,439.69,439.69,Sports,22.12.2023,30.12.2023,False,,,completed
GH-ORD-001259,GH-CUST-00392,GH,GHS,113.95,113.95,Fashion,2025-08-19 00:00:00,,False,,,completed
GH-ORD-001260,GH-CUST-00130,GH,GHS,180.46,180.46,Health,02/18/2025 00:00,24-Mar-2025,False,,5.0,completed
GH-ORD-001261,GH-CUST-00119,GH,GHS,378.25,378.25,Books,10.09.2025,,False,,,completed
GH-ORD-001262,GH-CUST-00237,GH,GHS,637.18,637.18,Toys,18.07.2024,2024-07-25 07:10:35,False,,3.0,completed
GH-ORD-001263,GH-CUST-00074,GH,GHS,3.0,3.0,Electronics,2023-04-04 00:00:00,04/20/2023 23:29,False,,3.0,completed
GH-ORD-001264,GH-CUST-00575,GH,GHS,461.61,461.61,Beauty,22.03.2025,,False,,,completed
GH-ORD-001265,GH-CUST-00519,GH,GHS,526.12,526.12,Home & Kitchen,19.09.2023,24.09.2023,False,,3.0,completed
GH-ORD-001266,GH-CUST-00374,GH,GHS,246.64,246.64,Fashion,11.02.2023,16.02.2023,False,,4.0,completed
GH-ORD-001267,GH-CUST-00369,GH,GHS,271.78,271.78,Books,05/02/2024 00:00,05/19/2024 12:15,False,,3.0,completed
GH-ORD-001268,GH-CUST-00514,GH,GHS,173.58,173.58,Grocery,2025-12-02 00:00:00,12/19/2025 15:58,False,,5.0,completed
GH-ORD-001269,GH-CUST-00146,GH,GHS,316.03,316.03,Health,14-Jun-2023,2023-06-14 01:33:31,False,,3.0,completed
GH-ORD-001270,GH-CUST-00218,GH,GHS,295.5,295.5,Beauty,01.06.2024,16-Jun-2024,False,,5.0,completed
GH-ORD-001271,GH-CUST-00433,GH,GHS,132.53,132.53,Automotive,11.10.2023,28.10.2023,False,,4.0,completed
GH-ORD-001272,GH-CUST-00045,GH,GHS,479.41,479.41,Health,11/02/2023 00:00,11/05/2023 09:07,False,,2.0,completed
GH-ORD-001273,GH-CUST-00467,GH,GHS,54.65,54.65,Grocery,11/04/2023 00:00,11/20/2023 00:00,False,,,completed
GH-ORD-001274,GH-CUST-00146,GH,GHS,617.93,617.93,Fashion,04.11.2025,2025-11-12 20:35:42,False,,,completed
GH-ORD-001275,GH-CUST-00379,GH,GHS,132.06,132.06,Sports,10/19/2023 00:00,28-Oct-2023,False,,4.0,completed
GH-ORD-001276,GH-CUST-00036,GH,GHS,379.35,379.35,Beauty,2025-11-06 00:00:00,11/18/2025 20:06,False,,3.0,completed
GH-ORD-001277,GH-CUST-00276,GH,GHS,139.23,139.23,Automotive,27.12.2023,07.01.2024,False,,4.0,completed
GH-ORD-001278,GH-CUST-00192,GH,GHS,296.12,296.12,Home & Kitchen,09/18/2024 00:00,04-Oct-2024,False,,3.0,completed
GH-ORD-001279,GH-CUST-00224,GH,GHS,136.02,136.02,Sports,23-Feb-2024,03.03.2024,False,,3.0,completed
GH-ORD-001280,GH-CUST-00220,GH,GHS,359.28,359.28,Beauty,2023-07-09 00:00:00,2023-07-13 16:01:52,False,,3.0,completed
GH-ORD-001281,GH-CUST-00362,GH,GHS,582.53,582.53,Sports,10-May-2025,16-May-2025,False,,3.0,completed
GH-ORD-001282,GH-CUST-00374,GH,GHS,467.31,467.31,Fashion,07-Sep-2025,09/10/2025 19:05,False,,3.0,completed
GH-ORD-001283,GH-CUST-00248,GH,GHS,372.25,372.25,,31.01.2025,11.02.2025,False,,5.0,completed
GH-ORD-001284,GH-CUST-00032,GH,GHS,160.44,160.44,Grocery,2024-04-22 00:00:00,2024-05-02 09:13:00,False,,3.0,completed
GH-ORD-001285,GH-CUST-00040,GH,GHS,183.1,183.1,Beauty,21-Jul-2025,08/02/2025 19:30,False,,3.0,completed
GH-ORD-001286,GH-CUST-00556,GH,GHS,324.51,324.51,Toys,27-Apr-2025,2025-05-05 14:56:08,False,,3.0,completed
GH-ORD-001287,GH-CUST-00587,GH,GHS,434.57,434.57,Grocery,2025-11-09 00:00:00,2025-11-19 05:47:13,False,,2.0,completed
GH-ORD-001288,GH-CUST-00582,GH,GHS,324.39,324.39,Home & Kitchen,02/06/2023 00:00,02/10/2023 21:47,False,,5.0,completed
GH-ORD-001289,GH-CUST-00195,GH,GHS,48.74,48.74,Books,06/26/2025 00:00,02-Jul-2025,False,,4.0,completed
GH-ORD-001290,GH-CUST-00242,GH,GHS,288.69,288.69,Beauty,17-Jun-2023,28-Jun-2023,False,,2.0,completed
GH-ORD-001291,GH-CUST-00347,GH,GHS,544.31,544.31,Fashion,2023-05-25 00:00:00,04.06.2023,False,,,completed
GH-ORD-001292,GH-CUST-00150,GH,GHS,497.55,497.55,Sports,02/28/2025 00:00,11.03.2025,False,,4.0,completed
GH-ORD-001293,GH-CUST-00003,GH,GHS,74.53,4.84,Automotive,02/06/2025 00:00,2025-02-11 17:53:56,False,,5.0,completed
GH-ORD-001294,GH-CUST-00082,GH,GHS,501.67,501.67,Electronics,05/02/2025 00:00,07.05.2025,False,,,completed
GH-ORD-001295,GH-CUST-00369-DUP,GH,GHS,3.0,3.0,Automotive,07/01/2024 00:00,13.07.2024,False,,3.0,completed
GH-ORD-001296,GH-CUST-00243,GH,GHS,240.04,240.04,Automotive,26-Nov-2023,06.12.2023,False,,4.0,completed
GH-ORD-001297,GH-CUST-00211,GH,GHS,438.45,438.45,,03/10/2023 00:00,19-Mar-2023,False,,2.0,completed
GH-ORD-001298,GH-CUST-00527,GH,GHS,225.41,225.41,Electronics,13.07.2023,2023-07-30 05:11:33,True,2023-08-10 00:00:00,4.0,completed
GH-ORD-001299,GH-CUST-00415,GH,GHS,338.85,338.85,Sports,23-Feb-2023,2023-03-04 10:30:38,False,,,completed
GH-ORD-001300,GH-CUST-00078,GH,GHS,346.46,346.46,Fashion,08.05.2024,,False,,,completed
GH-ORD-001301,GH-CUST-00182,GH,GHS,241.68,241.68,Toys,15.03.2024,03/22/2024 20:21,False,,,cancelled
GH-ORD-001302,GH-CUST-00279,GH,GHS,485.04,485.04,Home & Kitchen,13.02.2025,21-Feb-2025,False,,2.0,completed
GH-ORD-001303,GH-CUST-00425,GH,GHS,348.81,348.81,Health,2024-06-15 00:00:00,19.06.2024,False,,3.0,completed
GH-ORD-001304,GH-CUST-00228,GH,GHS,146.53,146.53,Toys,2023-05-31 00:00:00,10-Jun-2023,False,,5.0,completed
GH-ORD-001305,GH-CUST-00412,GH,GHS,357.27,357.27,Grocery,02/14/2024 00:00,24.02.2024,False,,4.0,completed
GH-ORD-001306,GH-CUST-00129,GH,GHS,296.21,296.21,Electronics,06/28/2025 00:00,2025-07-08 18:54:19,True,31.07.2025,2.0,completed
GH-ORD-001307,GH-CUST-00145,GH,GHS,297.77,297.77,Beauty,03/03/2024 00:00,06.03.2024,False,,5.0,completed
GH-ORD-001308,GH-CUST-00144,GH,GHS,256.46,256.46,Home & Kitchen,08/20/2024 00:00,2024-08-28 02:58:15,False,,,completed
GH-ORD-001309,GH-CUST-00110,GH,GHS,39.19,2.55,Toys,01/13/2025 00:00,25-Jan-2025,False,,4.0,completed
GH-ORD-001310,GH-CUST-00524,GH,GHS,369.11,369.11,Grocery,09/12/2023 00:00,2023-09-16 17:56:59,True,10/06/2023 00:00,3.0,completed
GH-ORD-001311,GH-CUST-00153,GH,GHS,315.78,315.78,Beauty,24-Feb-2023,01-Mar-2023,False,,4.0,completed
GH-ORD-001312,GH-CUST-00437,GH,GHS,3.0,3.0,Sports,2025-08-31 00:00:00,2025-09-06 01:11:44,False,,5.0,completed
GH-ORD-001313,GH-CUST-00309,GH,GHS,350.32,350.32,Toys,03-Oct-2025,11.10.2025,False,,5.0,completed
GH-ORD-001314,GH-CUST-00465,GH,GHS,3.0,3.0,Books,05.06.2025,2025-06-09 17:43:48,False,,3.0,completed
GH-ORD-001315,GH-CUST-00463,GH,GHS,417.34,417.34,Health,07/22/2024 00:00,02.08.2024,False,,3.0,completed
GH-ORD-001316,GH-CUST-00534,GH,GHS,439.67,439.67,Beauty,2023-08-12 00:00:00,08/18/2023 09:16,False,,5.0,completed
GH-ORD-001317,GH-CUST-00320,GH,GHS,114.78,114.78,Sports,09/22/2023 00:00,29.09.2023,False,,,completed
GH-ORD-001318,GH-CUST-00563,GH,GHS,201.57,201.57,Electronics,10/05/2025 00:00,17-Oct-2025,False,,3.0,completed
GH-ORD-001319,GH-CUST-00497,GH,GHS,273.21,17.76,Home & Kitchen,08-Apr-2023,,True,04/29/2023 00:00,,completed
GH-ORD-001320,GH-CUST-00316,GH,GHS,367.24,367.24,Electronics,2023-02-06 00:00:00,24.02.2023,False,,4.0,completed
GH-ORD-001321,GH-CUST-00052,GH,GHS,213.08,213.08,Books,24-Nov-2024,30-Nov-2024,False,,4.0,completed
GH-ORD-001322,GH-CUST-00277,GH,GHS,319.93,319.93,Books,30-Dec-2025,2026-01-06 09:52:17,False,,4.0,completed
GH-ORD-001323,GH-CUST-00256,GH,GHS,37.24,37.24,Toys,09-Mar-2023,2023-03-19 16:03:57,False,,,completed
GH-ORD-001324,GH-CUST-00568,GH,GHS,308.98,308.98,Electronics,15-Sep-2025,2025-09-27 00:10:46,False,,4.0,completed
GH-ORD-001325,GH-CUST-00057,GH,GHS,3.0,3.0,Grocery,18-Dec-2025,2025-12-24 13:35:20,False,,,completed
GH-ORD-001326,GH-CUST-00331,GH,GHS,248.01,248.01,Books,25.02.2024,03/06/2024 23:19,False,,2.0,completed
GH-ORD-001327,GH-CUST-00039,GH,GHS,286.59,18.63,Beauty,01-Feb-2024,02/11/2024 01:18,True,02-Mar-2024,3.0,completed
GH-ORD-001328,GH-CUST-00452,GH,GHS,291.94,291.94,Grocery,19-May-2024,2024-05-24 11:48:16,False,,3.0,cancelled
GH-ORD-001329,GH-CUST-00066,GH,GHS,214.65,214.65,Sports,29.01.2023,2023-02-03 03:46:24,False,,4.0,completed
GH-ORD-001330,GH-CUST-00044,GH,GHS,162.41,162.41,Sports,01/21/2024 00:00,2024-01-25 09:19:14,False,,5.0,completed
GH-ORD-001331,GH-CUST-00341,GH,GHS,433.72,433.72,Automotive,17-Jun-2025,17-Jun-2025,False,,3.0,completed
GH-ORD-001332,GH-CUST-00393,GH,GHS,318.79,318.79,Automotive,2023-08-08 00:00:00,2023-08-17 07:04:49,False,,2.0,completed
GH-ORD-001333,GH-CUST-00223,GH,GHS,465.37,465.37,,2024-04-22 00:00:00,03-May-2024,False,,4.0,completed
GH-ORD-001334,GH-CUST-00182,GH,GHS,497.08,497.08,Beauty,09-Feb-2024,02/18/2024 19:25,False,,4.0,completed
GH-ORD-001335,GH-CUST-00161,GH,GHS,529.23,529.23,Books,30-Jun-2024,26.07.2024,False,,3.0,completed
GH-ORD-001336,GH-CUST-00419-DUP,GH,GHS,381.31,24.79,Automotive,02.11.2024,07.11.2024,False,,4.0,completed
GH-ORD-001337,GH-CUST-00450,GH,GHS,356.26,356.26,Automotive,2025-06-17 00:00:00,,True,2025-07-25 00:00:00,,completed
GH-ORD-001338,GH-CUST-00448,GH,GHS,260.5,260.5,Automotive,2023-11-15 00:00:00,11/24/2023 01:27,False,,,completed
GH-ORD-001339,GH-CUST-00186,GH,GHS,210.19,210.19,Toys,2023-04-16 00:00:00,25.04.2023,True,2023-05-26 00:00:00,4.0,completed
GH-ORD-001340,GH-CUST-00317,GH,GHS,275.11,275.11,Automotive,12-Jul-2025,20-Jul-2025,False,,5.0,completed
GH-ORD-001341,GH-CUST-00340,GH,GHS,355.71,355.71,Toys,18-Jun-2023,,False,,,completed
GH-ORD-001342,GH-CUST-00030,GH,GHS,126.71,126.71,Fashion,12/11/2024 00:00,21-Dec-2024,False,,4.0,completed
GH-ORD-001343,GH-CUST-00352,GH,GHS,485.4,485.4,Sports,2023-08-12 00:00:00,20.08.2023,False,,2.0,completed
GH-ORD-001344,GH-CUST-00344,GH,GHS,7.98,7.98,Fashion,2025-12-16 00:00:00,2025-12-26 22:37:31,False,,3.0,completed
GH-ORD-001345,GH-CUST-00184,GH,GHS,349.88,349.88,Grocery,2023-10-02 00:00:00,17-Oct-2023,False,,4.0,completed
GH-ORD-001346,GH-CUST-00172,GH,GHS,264.58,264.58,Health,10-Dec-2024,14.12.2024,False,,,completed
GH-ORD-001347,GH-CUST-00070,GH,GHS,277.48,277.48,Fashion,03/06/2024 00:00,11.03.2024,False,,3.0,completed
GH-ORD-001348,GH-CUST-00124,GH,GHS,228.22,228.22,Fashion,2023-09-20 00:00:00,27.09.2023,False,,5.0,completed
GH-ORD-001349,GH-CUST-00008,GH,GHS,259.23,259.23,Beauty,15.01.2024,27.01.2024,False,,5.0,completed
GH-ORD-001350,GH-CUST-00387,GH,GHS,416.79,416.79,Health,2025-12-28 00:00:00,2026-01-07 03:18:32,False,,4.0,completed
GH-ORD-001351,GH-CUST-00355,GH,GHS,418.46,418.46,Automotive,2024-04-16 00:00:00,04/24/2024 08:34,False,,5.0,completed
GH-ORD-001352,GH-CUST-00082,GH,GHS,378.26,24.59,Health,04.03.2024,10.03.2024,False,,5.0,completed
GH-ORD-001353,GH-CUST-00053,GH,GHS,294.64,294.64,Grocery,2025-12-16 00:00:00,23-Dec-2025,False,,3.0,completed
GH-ORD-001354,GH-CUST-00057,GH,GHS,306.56,306.56,Electronics,2025-09-22 00:00:00,10/03/2025 23:39,False,,5.0,completed
GH-ORD-001355,GH-CUST-00531,GH,GHS,336.54,336.54,Health,2023-12-20 00:00:00,2024-01-17 09:33:56,False,,,completed
GH-ORD-001356,GH-CUST-00569,GH,GHS,483.47,483.47,Books,2025-08-07 00:00:00,2025-08-14 09:36:11,False,,3.0,completed
GH-ORD-001357,GH-CUST-00051,GH,GHS,488.18,488.18,Electronics,12/18/2024 00:00,23.12.2024,False,,,completed
GH-ORD-001358,GH-CUST-00579,GH,GHS,169.55,169.55,Fashion,06.10.2025,06-Oct-2025,False,,4.0,completed
GH-ORD-001359,GH-CUST-00529,GH,GHS,20.57,20.57,Fashion,2024-03-06 00:00:00,10-Mar-2024,False,,4.0,completed
GH-ORD-001360,GH-CUST-00281,GH,GHS,395.51,25.71,Fashion,12/19/2023 00:00,12/24/2023 09:26,False,,4.0,completed
GH-ORD-001361,GH-CUST-00127,GH,GHS,140.38,140.38,Toys,2024-06-29 00:00:00,04-Jul-2024,False,,4.0,completed
GH-ORD-001362,GH-CUST-00453,GH,GHS,199.74,199.74,Electronics,06-Aug-2025,08/18/2025 00:33,False,,2.0,completed
GH-ORD-001363,GH-CUST-00070,GH,GHS,461.27,461.27,Grocery,01/05/2025 00:00,15.01.2025,False,,4.0,completed
GH-ORD-001364,GH-CUST-00352,GH,GHS,486.47,486.47,Fashion,2024-10-04 00:00:00,10/08/2024 16:46,False,,3.0,completed
GH-ORD-001365,GH-CUST-00047,GH,GHS,3.0,3.0,Books,2024-01-27 00:00:00,02/16/2024 13:28,False,,4.0,completed
GH-ORD-001366,GH-CUST-00442,GH,GHS,446.2,446.2,Home & Kitchen,2023-08-10 00:00:00,08/13/2023 01:08,False,,5.0,completed
GH-ORD-001367,GH-CUST-00181-DUP,GH,GHS,577.21,577.21,,2023-06-20 00:00:00,2023-06-27 18:12:46,False,,3.0,completed
GH-ORD-001368,GH-CUST-00231,GH,GHS,257.79,257.79,Books,03.06.2024,03-Jun-2024,False,,,completed
GH-ORD-001369,GH-CUST-00048,GH,GHS,273.94,273.94,Sports,2024-10-29 00:00:00,2024-11-09 06:48:46,False,,4.0,completed
GH-ORD-001370,GH-CUST-00071,GH,GHS,234.54,234.54,Beauty,27.06.2025,07.07.2025,False,,4.0,completed
GH-ORD-001371,GH-CUST-00065,GH,GHS,14.42,14.42,Grocery,26.01.2023,02/03/2023 08:31,False,,5.0,completed
GH-ORD-001372,GH-CUST-00068,GH,GHS,66.4,66.4,Toys,2024-09-12 00:00:00,19.09.2024,False,,,completed
GH-ORD-001373,GH-CUST-00455,GH,GHS,590.68,590.68,Toys,2023-10-06 00:00:00,18-Oct-2023,False,,3.0,completed
GH-ORD-001374,GH-CUST-00507,GH,GHS,312.98,312.98,Home & Kitchen,09.05.2023,2023-05-16 23:47:50,False,,3.0,completed
GH-ORD-001375,GH-CUST-00538,GH,GHS,268.12,268.12,Electronics,30.05.2024,05.06.2024,False,,,completed
GH-ORD-001376,GH-CUST-00152,GH,GHS,298.04,298.04,Grocery,18.12.2023,23.12.2023,False,,3.0,completed
GH-ORD-001377,GH-CUST-00288,GH,GHS,273.4,273.4,,10/11/2023 00:00,2023-10-25 20:39:04,False,,4.0,completed
GH-ORD-001378,GH-CUST-00077-DUP,GH,GHS,226.94,226.94,Books,2023-08-04 00:00:00,08/24/2023 00:23,False,,4.0,completed
GH-ORD-001379,GH-CUST-00521,GH,GHS,578.89,578.89,Electronics,09/11/2024 00:00,18.09.2024,False,,4.0,completed
GH-ORD-001380,GH-CUST-00181,GH,GHS,159.26,159.26,Fashion,27.01.2025,06-Feb-2025,False,,4.0,completed
GH-ORD-001381,GH-CUST-00474,GH,GHS,270.96,270.96,Toys,31-May-2023,05.06.2023,False,,3.0,completed
GH-ORD-001382,GH-CUST-00120,GH,GHS,325.18,325.18,Sports,24-Aug-2025,09/03/2025 12:22,False,,4.0,completed
GH-ORD-001383,GH-CUST-00056,GH,GHS,325.96,325.96,Fashion,26-Dec-2023,01/02/2024 20:21,False,,4.0,completed
GH-ORD-001384,GH-CUST-00195,GH,GHS,247.93,247.93,Toys,02.06.2024,06/10/2024 01:43,False,,,completed
GH-ORD-001385,GH-CUST-00391,GH,GHS,711.69,711.69,Beauty,29-Jul-2025,18.08.2025,False,,4.0,completed
GH-ORD-001386,GH-CUST-00382,GH,GHS,350.08,350.08,Sports,15-Apr-2025,04/21/2025 22:46,False,,,completed
GH-ORD-001387,GH-CUST-00440,GH,GHS,487.04,31.66,Health,2025-05-10 00:00:00,05/16/2025 20:02,False,,5.0,completed
GH-ORD-001388,GH-CUST-00046,GH,GHS,226.53,226.53,Toys,2024-08-22 00:00:00,26.08.2024,True,10.09.2024,4.0,completed
GH-ORD-001389,GH-CUST-00163,GH,GHS,103.25,103.25,Fashion,16-Sep-2025,2025-09-26 03:25:17,False,,3.0,completed
GH-ORD-001390,GH-CUST-00209,GH,GHS,228.96,14.88,Fashion,06-Aug-2023,08-Aug-2023,False,,5.0,completed
GH-ORD-001391,GH-CUST-00255,GH,GHS,15.37,15.37,,05/04/2024 00:00,,False,,,completed
GH-ORD-001392,GH-CUST-00467,GH,GHS,462.93,462.93,Toys,2024-02-02 00:00:00,2024-02-14 03:29:34,False,,,completed
GH-ORD-001393,GH-CUST-00414,GH,GHS,416.21,416.21,,18-Jun-2023,24-Jun-2023,False,,5.0,completed
GH-ORD-001394,GH-CUST-00501,GH,GHS,426.14,426.14,Automotive,2025-06-19 00:00:00,27-Jun-2025,False,,4.0,completed
GH-ORD-001395,GH-CUST-00165,GH,GHS,231.37,15.04,Toys,2023-05-12 00:00:00,16.05.2023,False,,5.0,completed
GH-ORD-001396,GH-CUST-00454,GH,GHS,489.95,489.95,Grocery,2023-10-10 00:00:00,10/14/2023 11:07,False,,4.0,completed
GH-ORD-001397,GH-CUST-00153,GH,GHS,257.05,257.05,Home & Kitchen,05.04.2025,30-Apr-2025,False,,4.0,completed
GH-ORD-001398,GH-CUST-00131,GH,GHS,431.5,431.5,Health,2025-09-26 00:00:00,20.10.2025,True,20.10.2025,3.0,completed
GH-ORD-001399,GH-CUST-00514,GH,GHS,477.86,477.86,Toys,17-Sep-2023,09/23/2023 03:35,False,,3.0,completed
GH-ORD-001400,GH-CUST-00568,GH,GHS,202.38,202.38,Health,2025-01-21 00:00:00,01/27/2025 16:18,False,,,completed
GH-ORD-001401,GH-CUST-00219,GH,GHS,528.79,528.79,Books,25-Oct-2023,2023-11-05 16:46:59,False,,5.0,completed
GH-ORD-001402,GH-CUST-00400,GH,GHS,411.2,411.2,Home & Kitchen,2024-06-28 00:00:00,,False,,,completed
GH-ORD-001403,GH-CUST-00580,GH,GHS,169.91,169.91,Home & Kitchen,05/16/2023 00:00,23-May-2023,False,,3.0,completed
GH-ORD-001404,GH-CUST-00165,GH,GHS,246.32,246.32,Grocery,26-May-2025,05-Jun-2025,False,,,completed
GH-ORD-001405,GH-CUST-00274,GH,GHS,301.53,301.53,Grocery,07/10/2025 00:00,08/01/2025 05:54,False,,3.0,completed
GH-ORD-001406,GH-CUST-00265,GH,GHS,360.04,360.04,Fashion,26-Jul-2025,29-Jul-2025,False,,4.0,completed
GH-ORD-001407,GH-CUST-00023,GH,GHS,398.45,398.45,Health,21-Sep-2024,28-Sep-2024,False,,4.0,completed
GH-ORD-001408,GH-CUST-00363,GH,GHS,126.44,126.44,Home & Kitchen,01-Apr-2023,04/02/2023 08:17,False,,4.0,cancelled
GH-ORD-001409,GH-CUST-00346,GH,GHS,559.04,559.04,Fashion,17.04.2023,2023-04-21 00:22:46,False,,,completed
GH-ORD-001410,GH-CUST-00022,GH,GHS,475.55,475.55,Toys,22.02.2024,03/01/2024 04:10,False,,2.0,completed
GH-ORD-001411,GH-CUST-00186,GH,GHS,98.96,98.96,Beauty,24.08.2024,01-Sep-2024,True,13-Sep-2024,,completed
GH-ORD-001412,GH-CUST-00537,GH,GHS,215.29,215.29,Health,08-Feb-2025,10.02.2025,False,,2.0,completed
GH-ORD-001413,GH-CUST-00336,GH,GHS,144.52,9.39,Home & Kitchen,22-Apr-2023,,False,,,completed
GH-ORD-001414,GH-CUST-00134,GH,GHS,278.98,278.98,Toys,15.02.2023,20.02.2023,False,,4.0,completed
GH-ORD-001415,GH-CUST-00424,GH,GHS,446.4,29.02,Sports,11.10.2025,20.10.2025,False,,4.0,completed
GH-ORD-001416,GH-CUST-00318,GH,GHS,428.49,428.49,Beauty,02/09/2025 00:00,2025-02-13 03:51:15,False,,3.0,completed
GH-ORD-001417,GH-CUST-00436,GH,GHS,247.83,247.83,Sports,2023-05-07 00:00:00,10.05.2023,False,,,completed
GH-ORD-001418,GH-CUST-00160,GH,GHS,212.82,212.82,Home & Kitchen,29-Dec-2023,29.12.2023,False,,,completed
GH-ORD-001419,GH-CUST-00066,GH,GHS,585.95,585.95,Beauty,11.09.2024,2024-09-15 06:00:29,False,,,completed
GH-ORD-001420,GH-CUST-00105,GH,GHS,533.78,533.78,Health,28.03.2023,05.04.2023,False,,4.0,completed
GH-ORD-001421,GH-CUST-00371,GH,GHS,201.79,201.79,Fashion,08-Nov-2023,11/16/2023 19:57,False,,4.0,completed
GH-ORD-001422,GH-CUST-00315,GH,GHS,386.33,25.11,Home & Kitchen,04-Jul-2023,15-Jul-2023,False,,3.0,completed
GH-ORD-001423,GH-CUST-00037,GH,GHS,203.14,13.2,Automotive,2025-03-03 00:00:00,,False,,,completed
GH-ORD-001424,GH-CUST-00103,GH,GHS,363.72,363.72,Home & Kitchen,15.04.2025,04/27/2025 07:54,False,,5.0,completed
GH-ORD-001425,GH-CUST-00596,GH,GHS,328.83,21.37,Automotive,06.03.2023,03/17/2023 22:25,False,,2.0,completed
GH-ORD-001426,GH-CUST-00182,GH,GHS,446.67,446.67,Beauty,2024-11-17 00:00:00,17.11.2024,False,,3.0,completed
GH-ORD-001427,GH-CUST-00155,GH,GHS,244.11,244.11,Toys,30.10.2024,2024-11-06 17:19:56,False,,4.0,completed
GH-ORD-001428,GH-CUST-00092,GH,GHS,302.1,302.1,Fashion,21.05.2023,05/21/2023 00:00,True,2023-06-16 00:00:00,4.0,completed
GH-ORD-001429,GH-CUST-00053,GH,GHS,3.0,3.0,Home & Kitchen,04.06.2024,14-Jun-2024,False,,3.0,completed
GH-ORD-001430,GH-CUST-00025,GH,GHS,3.0,3.0,Health,07.10.2023,11-Oct-2023,False,,3.0,completed
GH-ORD-001431,GH-CUST-00300,GH,GHS,470.51,470.51,Home & Kitchen,18-Oct-2024,2024-10-26 18:52:38,False,,,completed
GH-ORD-001432,GH-CUST-00268,GH,GHS,335.11,335.11,Beauty,12-Jul-2023,2023-07-24 17:23:50,False,,4.0,completed
GH-ORD-001433,GH-CUST-00577,GH,GHS,400.67,400.67,Toys,30-Apr-2025,10.05.2025,False,,3.0,completed
GH-ORD-001434,GH-CUST-00296,GH,GHS,515.68,515.68,Toys,13.01.2024,15-Jan-2024,True,29.01.2024,5.0,completed
GH-ORD-001435,GH-CUST-00095,GH,GHS,37.27,37.27,Home & Kitchen,30-Jan-2024,,False,,,completed
GH-ORD-001436,GH-CUST-00093,GH,GHS,577.91,577.91,Home & Kitchen,04/21/2025 00:00,28.04.2025,False,,3.0,completed
GH-ORD-001437,GH-CUST-00151,GH,GHS,377.67,377.67,,2024-10-26 00:00:00,11/01/2024 16:22,False,,,completed
GH-ORD-001438,GH-CUST-00457,GH,GHS,570.92,570.92,Automotive,2023-01-19 00:00:00,27-Jan-2023,True,25-Feb-2023,3.0,completed
GH-ORD-001439,GH-CUST-00064,GH,GHS,193.55,193.55,Toys,07.11.2024,11.11.2024,False,,3.0,completed
GH-ORD-001440,GH-CUST-00029,GH,GHS,223.89,223.89,Health,24.07.2025,2025-07-30 01:11:11,False,,3.0,completed
GH-ORD-001441,GH-CUST-00137,GH,GHS,615.81,615.81,Books,06.05.2023,05/09/2023 21:06,False,,4.0,completed
GH-ORD-001442,GH-CUST-00000,GH,GHS,374.8,374.8,Beauty,04/23/2023 00:00,2023-05-03 12:29:25,False,,4.0,completed
GH-ORD-001443,GH-CUST-00005,GH,GHS,241.49,241.49,Grocery,18-Sep-2025,27-Sep-2025,False,,,completed
GH-ORD-001444,GH-CUST-00444,GH,GHS,322.64,322.64,Electronics,03-Jul-2023,2023-07-09 23:08:23,True,08/07/2023 00:00,2.0,completed
GH-ORD-001445,GH-CUST-00587,GH,GHS,205.13,205.13,Health,2024-08-04 00:00:00,2024-08-26 09:55:52,False,,,completed
GH-ORD-001446,GH-CUST-00546,GH,GHS,173.25,173.25,Electronics,06/07/2023 00:00,15.06.2023,False,,4.0,completed
GH-ORD-001447,GH-CUST-00411,GH,GHS,564.87,564.87,Automotive,22.09.2024,27-Sep-2024,False,,4.0,completed
GH-ORD-001448,GH-CUST-00372,GH,GHS,328.95,328.95,Health,01/12/2024 00:00,01/25/2024 04:24,False,,,completed
GH-ORD-001449,GH-CUST-00232,GH,GHS,372.2,372.2,Fashion,2024-07-04 00:00:00,2024-07-07 23:11:08,False,,2.0,completed
GH-ORD-001450,GH-CUST-00180,GH,GHS,329.8,329.8,Toys,05-May-2023,10.05.2023,False,,,completed
GH-ORD-001451,GH-CUST-00158,GH,GHS,123.15,123.15,Beauty,12.04.2025,2025-04-14 22:18:45,False,,,completed
GH-ORD-001452,GH-CUST-00495,GH,GHS,305.76,305.76,Fashion,29.05.2023,06/28/2023 00:44,False,,3.0,completed
GH-ORD-001453,GH-CUST-00591,GH,GHS,374.44,374.44,Fashion,16-May-2023,02-Jun-2023,False,,3.0,completed
GH-ORD-001454,GH-CUST-00582,GH,GHS,397.57,397.57,Automotive,25-Jan-2024,01/28/2024 14:54,False,,4.0,completed
GH-ORD-001455,GH-CUST-00364,GH,GHS,225.36,14.65,Toys,01-Dec-2025,2025-12-12 13:44:07,False,,3.0,completed
GH-ORD-001456,GH-CUST-00423,GH,GHS,342.54,342.54,Books,09/09/2024 00:00,13-Sep-2024,True,06.10.2024,3.0,completed
GH-ORD-001457,GH-CUST-00307,GH,GHS,3.0,3.0,Fashion,15.01.2025,2025-01-31 08:50:29,False,,,completed
GH-ORD-001458,GH-CUST-00105,GH,GHS,368.09,368.09,Health,28.01.2024,01.02.2024,False,,3.0,completed
GH-ORD-001459,GH-CUST-00187,GH,GHS,200.7,200.7,Home & Kitchen,2024-05-29 00:00:00,06/08/2024 20:49,False,,,completed
GH-ORD-001460,GH-CUST-00520,GH,GHS,3.0,3.0,Fashion,07/16/2024 00:00,23-Jul-2024,False,,5.0,completed
GH-ORD-001461,GH-CUST-00444,GH,GHS,98.57,98.57,Sports,29-Oct-2025,11/06/2025 07:43,False,,,completed
GH-ORD-001462,GH-CUST-00433,GH,GHS,632.53,632.53,Electronics,05-Jul-2024,2024-07-15 12:41:11,False,,,completed
GH-ORD-001463,GH-CUST-00477,GH,GHS,300.15,300.15,Home & Kitchen,20.08.2025,2025-08-30 00:38:13,False,,3.0,completed
GH-ORD-001464,GH-CUST-00130,GH,GHS,487.94,487.94,Electronics,03/27/2023 00:00,04/02/2023 09:39,False,,2.0,completed
GH-ORD-001465,GH-CUST-00367,GH,GHS,217.39,217.39,Sports,2025-05-04 00:00:00,05/08/2025 03:11,False,,3.0,completed
GH-ORD-001466,GH-CUST-00328,GH,GHS,238.55,238.55,Health,03/30/2024 00:00,11-Apr-2024,False,,4.0,completed
GH-ORD-001467,GH-CUST-00421,GH,GHS,322.12,322.12,Home & Kitchen,20-Jan-2024,27-Jan-2024,False,,3.0,completed
GH-ORD-001468,GH-CUST-00414,GH,GHS,3.0,3.0,Health,08/12/2024 00:00,2024-08-20 10:51:48,False,,4.0,completed
GH-ORD-001469,GH-CUST-00077-DUP,GH,GHS,262.67,262.67,Books,2024-10-23 00:00:00,28.10.2024,False,,,completed
GH-ORD-001470,GH-CUST-00258,GH,GHS,354.32,354.32,Automotive,20.12.2025,,False,,,completed
GH-ORD-001471,GH-CUST-00228,GH,GHS,549.72,549.72,Health,2024-12-16 00:00:00,2024-12-28 22:20:30,False,,5.0,completed
GH-ORD-001472,GH-CUST-00463,GH,GHS,401.24,401.24,Home & Kitchen,01-Mar-2024,03/03/2024 20:08,False,,4.0,completed
GH-ORD-001473,GH-CUST-00234-DUP,GH,GHS,340.21,340.21,Automotive,07/07/2023 00:00,2023-07-17 10:13:00,False,,4.0,completed
GH-ORD-001474,GH-CUST-00455,GH,GHS,352.44,352.44,Home & Kitchen,12.07.2023,07/30/2023 19:16,False,,,completed
GH-ORD-001475,GH-CUST-00054,GH,GHS,267.81,267.81,Fashion,2025-09-08 00:00:00,19.09.2025,True,10/18/2025 00:00,3.0,completed
GH-ORD-001476,GH-CUST-00387,GH,GHS,406.5,406.5,Toys,02/18/2025 00:00,2025-03-01 18:10:28,False,,4.0,completed
GH-ORD-001477,GH-CUST-00581,GH,GHS,547.08,547.08,Beauty,09.05.2024,13-May-2024,False,,3.0,completed
GH-ORD-001478,GH-CUST-00217,GH,GHS,313.98,313.98,Automotive,01/06/2025 00:00,02.02.2025,False,,4.0,completed
GH-ORD-001479,GH-CUST-00131,GH,GHS,485.72,485.72,Toys,29.06.2023,2023-07-04 08:28:39,False,,3.0,completed
GH-ORD-001480,GH-CUST-00348,GH,GHS,329.3,329.3,Electronics,2023-09-22 00:00:00,29-Sep-2023,False,,,completed
GH-ORD-001481,GH-CUST-00374,GH,GHS,366.86,23.85,Home & Kitchen,05/23/2023 00:00,,False,,,completed
GH-ORD-001482,GH-CUST-00517,GH,GHS,225.6,225.6,Home & Kitchen,07-Sep-2025,09/14/2025 16:48,False,,,completed
GH-ORD-001483,GH-CUST-00413,GH,GHS,284.62,284.62,Beauty,17-Sep-2025,09/23/2025 18:43,False,,,completed
GH-ORD-001484,GH-CUST-00144,GH,GHS,247.5,247.5,Beauty,2023-01-25 00:00:00,01/31/2023 09:15,False,,,completed
GH-ORD-001485,GH-CUST-00090,GH,GHS,417.07,417.07,Fashion,06/26/2025 00:00,04.07.2025,False,,5.0,completed
GH-ORD-001486,GH-CUST-00472,GH,GHS,305.71,305.71,Grocery,2024-11-20 00:00:00,11/25/2024 19:07,False,,,completed
GH-ORD-001487,GH-CUST-00316,GH,GHS,707.31,707.31,,2024-03-26 00:00:00,04/04/2024 15:42,False,,5.0,completed
GH-ORD-001488,GH-CUST-00549,GH,GHS,374.74,374.74,Grocery,08/28/2025 00:00,07.09.2025,False,,4.0,completed
GH-ORD-001489,GH-CUST-00109-DUP,GH,GHS,103.67,103.67,Health,11-Jan-2023,2023-01-20 11:16:58,False,,3.0,completed
GH-ORD-001490,GH-CUST-00235,GH,GHS,252.1,252.1,Fashion,2025-12-14 00:00:00,19.12.2025,False,,4.0,completed
GH-ORD-001491,GH-CUST-00477,GH,GHS,333.46,333.46,Books,12/20/2024 00:00,2024-12-29 22:11:24,False,,4.0,completed
GH-ORD-001492,GH-CUST-00136,GH,GHS,182.91,182.91,Toys,2025-09-01 00:00:00,07-Sep-2025,False,,,completed
GH-ORD-001493,GH-CUST-00439,GH,GHS,427.26,427.26,Health,24-Nov-2024,12/06/2024 06:30,True,12/31/2024 00:00,3.0,completed
GH-ORD-001494,GH-CUST-00116,GH,GHS,35.05,35.05,,03-Apr-2024,04/08/2024 02:13,False,,5.0,completed
GH-ORD-001495,GH-CUST-00547,GH,GHS,474.38,474.38,Electronics,2024-10-10 00:00:00,14.10.2024,False,,,completed
GH-ORD-001496,GH-CUST-00167,GH,GHS,329.17,329.17,Automotive,09-Mar-2025,03/24/2025 08:06,False,,4.0,completed
GH-ORD-001497,GH-CUST-00398,GH,GHS,507.44,507.44,Electronics,2024-02-15 00:00:00,26-Feb-2024,False,,3.0,completed
GH-ORD-001498,GH-CUST-00434,GH,GHS,249.6,249.6,Health,22.07.2025,18-Aug-2025,False,,4.0,completed
GH-ORD-001499,GH-CUST-00148,GH,GHS,426.61,426.61,Health,17-Oct-2024,10/26/2024 15:14,False,,1.0,completed
GH-ORD-001500,GH-CUST-00544,GH,GHS,69.95,69.95,Sports,07/26/2023 00:00,11-Aug-2023,False,,,completed
GH-ORD-001501,GH-CUST-00314,GH,GHS,308.06,308.06,Home & Kitchen,18-Oct-2025,,False,,,completed
GH-ORD-001502,GH-CUST-00150,GH,GHS,325.32,325.32,Fashion,2024-06-04 00:00:00,2024-06-08 03:56:34,False,,4.0,completed
GH-ORD-001503,GH-CUST-00034,GH,GHS,394.6,394.6,Books,02/10/2024 00:00,2024-02-12 23:30:20,False,,2.0,completed
GH-ORD-001504,GH-CUST-00239,GH,GHS,279.98,279.98,Home & Kitchen,27-Sep-2023,2023-10-12 04:00:39,False,,5.0,completed
GH-ORD-001505,GH-CUST-00500,GH,GHS,370.14,370.14,Sports,2025-04-18 00:00:00,23-Apr-2025,False,,4.0,completed
GH-ORD-001506,GH-CUST-00234-DUP,GH,GHS,207.61,207.61,Beauty,12/06/2023 00:00,10-Dec-2023,False,,2.0,completed
GH-ORD-001507,GH-CUST-00096,GH,GHS,296.38,19.26,Toys,31.01.2025,2025-02-05 11:31:57,False,,4.0,completed
GH-ORD-001508,GH-CUST-00500,GH,GHS,3.0,3.0,Health,2023-04-13 00:00:00,2023-04-21 16:18:12,False,,2.0,completed
GH-ORD-001509,GH-CUST-00210,GH,GHS,454.07,454.07,Automotive,2025-11-16 00:00:00,09.12.2025,False,,3.0,completed
GH-ORD-001510,GH-CUST-00371,GH,GHS,370.04,370.04,Health,19-Oct-2025,2025-10-23 02:06:17,False,,4.0,completed
GH-ORD-001511,GH-CUST-00223,GH,GHS,407.16,407.16,Grocery,14.02.2023,,False,,,completed
GH-ORD-001512,GH-CUST-00070,GH,GHS,208.44,208.44,Fashion,2023-10-12 00:00:00,24-Oct-2023,False,,4.0,completed
GH-ORD-001513,GH-CUST-00276,GH,GHS,513.14,513.14,Sports,09.03.2025,03/12/2025 12:06,True,14.04.2025,3.0,completed
GH-ORD-001514,GH-CUST-00155,GH,GHS,3.0,3.0,Fashion,02/07/2025 00:00,21-Feb-2025,False,,3.0,completed
GH-ORD-001515,GH-CUST-00249,GH,GHS,209.85,209.85,Automotive,22-Aug-2025,08/29/2025 18:57,False,,4.0,completed
GH-ORD-001516,GH-CUST-00067,GH,GHS,335.58,335.58,Electronics,19-Jun-2025,07.07.2025,False,,4.0,completed
GH-ORD-001517,GH-CUST-00358,GH,GHS,205.56,205.56,Books,01/29/2024 00:00,02/03/2024 18:06,False,,3.0,completed
GH-ORD-001518,GH-CUST-00569,GH,GHS,39.71,39.71,Electronics,2024-05-26 00:00:00,2024-06-03 03:49:37,False,,4.0,completed
GH-ORD-001519,GH-CUST-00004,GH,GHS,181.86,181.86,Fashion,21-May-2023,2023-05-25 18:29:29,False,,5.0,completed
GH-ORD-001520,GH-CUST-00078-DUP,GH,GHS,51.76,51.76,Home & Kitchen,10-Apr-2023,10-Apr-2023,False,,,completed
GH-ORD-001521,GH-CUST-00220,GH,GHS,95.54,95.54,Beauty,21.02.2023,2023-02-22 20:07:06,False,,4.0,completed
GH-ORD-001522,GH-CUST-00502,GH,GHS,222.29,222.29,Books,20-Jan-2025,27.01.2025,False,,5.0,completed
GH-ORD-001523,GH-CUST-00401,GH,GHS,169.39,169.39,Toys,15-Nov-2024,26-Nov-2024,False,,5.0,completed
GH-ORD-001524,GH-CUST-00163,GH,GHS,207.09,207.09,Fashion,29-Dec-2025,08-Jan-2026,True,02/01/2026 00:00,3.0,completed
GH-ORD-001525,GH-CUST-00114,GH,GHS,427.86,427.86,Electronics,06.02.2024,2024-02-07 17:08:13,False,,2.0,completed
GH-ORD-001526,GH-CUST-00455,GH,GHS,217.4,217.4,Beauty,07/11/2025 00:00,,False,,,completed
GH-ORD-001527,GH-CUST-00408,GH,GHS,197.33,197.33,Sports,10-Jan-2024,27.01.2024,False,,,completed
GH-ORD-001528,GH-CUST-00552,GH,GHS,395.2,395.2,Automotive,24.04.2024,17-May-2024,False,,3.0,completed
GH-ORD-001529,GH-CUST-00562,GH,GHS,223.76,223.76,,29.12.2025,02.01.2026,False,,,completed
GH-ORD-001530,GH-CUST-00078-DUP,GH,GHS,130.56,130.56,Sports,10-Mar-2024,11-Mar-2024,False,,4.0,completed
GH-ORD-001531,GH-CUST-00376,GH,GHS,189.01,189.01,Sports,06.11.2024,11/17/2024 20:45,False,,2.0,completed
GH-ORD-001532,GH-CUST-00537,GH,GHS,193.27,193.27,Electronics,2023-11-17 00:00:00,02.12.2023,False,,3.0,completed
GH-ORD-001533,GH-CUST-00480,GH,GHS,242.15,242.15,Sports,04-Jun-2025,06/07/2025 03:16,False,,2.0,completed
GH-ORD-001534,GH-CUST-00002,GH,GHS,527.57,527.57,Home & Kitchen,2023-06-12 00:00:00,20.06.2023,False,,4.0,completed
GH-ORD-001535,GH-CUST-00154,GH,GHS,8.59,0.56,Electronics,08-Oct-2025,17-Oct-2025,False,,,completed
GH-ORD-001536,GH-CUST-00442,GH,GHS,465.19,465.19,Grocery,07/24/2024 00:00,05-Aug-2024,False,,4.0,completed
GH-ORD-001537,GH-CUST-00454,GH,GHS,99.28,99.28,Books,14-Nov-2023,23.11.2023,False,,,completed
GH-ORD-001538,GH-CUST-00354,GH,GHS,386.81,386.81,Fashion,11/18/2025 00:00,2025-11-18 19:44:00,True,14-Dec-2025,3.0,completed
GH-ORD-001539,GH-CUST-00161,GH,GHS,422.11,422.11,Electronics,31-May-2024,06/11/2024 12:06,False,,2.0,completed
GH-ORD-001540,GH-CUST-00199,GH,GHS,407.2,407.2,Books,31.08.2025,08.09.2025,False,,4.0,completed
GH-ORD-001541,GH-CUST-00206,GH,GHS,178.48,178.48,Beauty,23-Sep-2023,2023-10-03 13:56:15,False,,4.0,completed
GH-ORD-001542,GH-CUST-00351,GH,GHS,223.79,223.79,Fashion,04.06.2023,06/12/2023 01:42,False,,3.0,completed
GH-ORD-001543,GH-CUST-00223,GH,GHS,544.26,544.26,Grocery,13.11.2024,,False,,,completed
GH-ORD-001544,GH-CUST-00094,GH,GHS,132.48,132.48,Health,01/23/2025 00:00,2025-01-28 03:16:50,False,,,completed
GH-ORD-001545,GH-CUST-00424,GH,GHS,300.28,300.28,Beauty,08/02/2025 00:00,13.08.2025,False,,2.0,completed
GH-ORD-001546,GH-CUST-00240,GH,GHS,575.63,575.63,Sports,05/19/2024 00:00,05/28/2024 05:37,False,,4.0,completed
GH-ORD-001547,GH-CUST-00562,GH,GHS,264.45,264.45,Grocery,03/06/2024 00:00,03/14/2024 01:50,False,,4.0,completed
GH-ORD-001548,GH-CUST-00342,GH,GHS,442.85,442.85,Automotive,2025-12-23 00:00:00,2025-12-30 23:14:19,False,,4.0,completed
GH-ORD-001549,GH-CUST-00400,GH,GHS,210.58,13.69,Grocery,20.04.2025,04/28/2025 18:46,False,,3.0,completed
GH-ORD-001550,GH-CUST-00553,GH,GHS,474.64,474.64,Health,2024-07-23 00:00:00,07/27/2024 15:57,False,,,completed
GH-ORD-001551,GH-CUST-00522,GH,GHS,228.0,228.0,Sports,2024-08-20 00:00:00,26-Aug-2024,False,,,completed
GH-ORD-001552,GH-CUST-00276,GH,GHS,223.37,223.37,Electronics,2025-07-07 00:00:00,07/17/2025 21:21,False,,3.0,completed
GH-ORD-001553,GH-CUST-00221,GH,GHS,503.03,503.03,Grocery,2023-07-20 00:00:00,24.07.2023,False,,4.0,completed
GH-ORD-001554,GH-CUST-00186,GH,GHS,155.87,155.87,Home & Kitchen,17.04.2023,,False,,,completed
GH-ORD-001555,GH-CUST-00519,GH,GHS,277.45,277.45,Sports,01-Dec-2025,12/08/2025 09:06,False,,5.0,completed
GH-ORD-001556,GH-CUST-00329,GH,GHS,175.31,175.31,Health,20-May-2023,30-May-2023,True,29.06.2023,3.0,completed
GH-ORD-001557,GH-CUST-00580,GH,GHS,298.03,298.03,Fashion,2024-06-01 00:00:00,04.06.2024,False,,3.0,completed
GH-ORD-001558,GH-CUST-00187,GH,GHS,266.86,266.86,Beauty,12/16/2024 00:00,31.12.2024,False,,4.0,completed
GH-ORD-001559,GH-CUST-00229,GH,GHS,544.75,544.75,Electronics,2023-05-16 00:00:00,05/24/2023 21:09,False,,3.0,completed
GH-ORD-001560,GH-CUST-00134,GH,GHS,526.3,526.3,Toys,12.12.2023,21.12.2023,False,,3.0,completed
GH-ORD-001561,GH-CUST-00463,GH,GHS,355.29,355.29,Grocery,06/10/2023 00:00,06/16/2023 19:54,False,,,completed
GH-ORD-001562,GH-CUST-00575,GH,GHS,3.0,3.0,Home & Kitchen,2023-11-27 00:00:00,08-Dec-2023,False,,5.0,completed
GH-ORD-001563,GH-CUST-00012,GH,GHS,574.07,574.07,Books,01/24/2024 00:00,2024-02-02 16:31:32,True,02/19/2024 00:00,,completed
GH-ORD-001564,GH-CUST-00204,GH,GHS,240.2,240.2,Books,09.03.2024,,False,,,completed
GH-ORD-001565,GH-CUST-00561,GH,GHS,415.97,415.97,Fashion,19.03.2025,2025-04-02 13:16:29,False,,4.0,completed
GH-ORD-001566,GH-CUST-00359,GH,GHS,253.51,253.51,Home & Kitchen,29.11.2024,2024-12-04 03:18:27,False,,4.0,completed
GH-ORD-001567,GH-CUST-00550,GH,GHS,32.28,32.28,Books,11-Apr-2025,04/22/2025 02:30,False,,4.0,completed
GH-ORD-001568,GH-CUST-00476,GH,GHS,373.61,373.61,Beauty,2023-11-30 00:00:00,2023-12-08 13:16:10,False,,,completed
GH-ORD-001569,GH-CUST-00020,GH,GHS,525.28,525.28,Sports,12/04/2025 00:00,2025-12-15 11:42:40,False,,3.0,completed
GH-ORD-001570,GH-CUST-00163,GH,GHS,185.73,12.07,Electronics,20-Apr-2023,24-Apr-2023,False,,4.0,completed
GH-ORD-001571,GH-CUST-00501,GH,GHS,119.98,119.98,Toys,20-Jul-2024,2024-08-10 08:00:20,False,,5.0,completed
GH-ORD-001572,GH-CUST-00533,GH,GHS,139.36,139.36,Beauty,11/30/2025 00:00,07-Dec-2025,False,,4.0,completed
GH-ORD-001573,GH-CUST-00144,GH,GHS,421.44,421.44,Automotive,10-Oct-2025,10/24/2025 10:29,False,,2.0,completed
GH-ORD-001574,GH-CUST-00462,GH,GHS,229.09,229.09,Fashion,19.01.2023,,False,,,completed
GH-ORD-001575,GH-CUST-00014,GH,GHS,55.89,55.89,Toys,05-Jun-2023,2023-06-11 01:25:45,False,,4.0,completed
GH-ORD-001576,GH-CUST-00349-DUP,GH,GHS,235.41,235.41,,26-Aug-2023,2023-08-27 19:42:58,False,,,completed
GH-ORD-001577,GH-CUST-00572,GH,GHS,739.85,739.85,Grocery,21.09.2024,30.09.2024,False,,,completed
GH-ORD-001578,GH-CUST-00305,GH,GHS,297.87,297.87,Grocery,02/08/2024 00:00,02/11/2024 14:35,True,2024-03-21 00:00:00,4.0,completed
GH-ORD-001579,GH-CUST-00563,GH,GHS,253.73,253.73,Electronics,15.04.2025,04/15/2025 10:42,False,,3.0,completed
GH-ORD-001580,GH-CUST-00497,GH,GHS,407.19,407.19,Fashion,10-Dec-2023,25.12.2023,False,,,completed
GH-ORD-001581,GH-CUST-00214,GH,GHS,338.75,338.75,Books,10/20/2023 00:00,2023-11-01 09:53:45,False,,4.0,completed
GH-ORD-001582,GH-CUST-00446,GH,GHS,266.15,266.15,Books,30.12.2024,01/11/2025 08:44,False,,5.0,completed
GH-ORD-001583,GH-CUST-00257,GH,GHS,488.18,488.18,Fashion,06/01/2024 00:00,2024-06-04 17:37:44,False,,4.0,completed
GH-ORD-001584,GH-CUST-00126,GH,GHS,324.4,324.4,Automotive,09/20/2025 00:00,09/26/2025 23:04,False,,,completed
GH-ORD-001585,GH-CUST-00485,GH,GHS,342.06,342.06,Electronics,2025-07-16 00:00:00,07/27/2025 06:46,False,,5.0,completed
GH-ORD-001586,GH-CUST-00536,GH,GHS,549.74,549.74,Electronics,07.06.2025,2025-06-13 16:22:25,False,,2.0,completed
GH-ORD-001587,GH-CUST-00142,GH,GHS,337.32,337.32,Toys,02/19/2023 00:00,06-Mar-2023,False,,3.0,completed
GH-ORD-001588,GH-CUST-00482,GH,GHS,389.9,389.9,Grocery,01/28/2024 00:00,07.02.2024,False,,4.0,completed
GH-ORD-001589,GH-CUST-00301,GH,GHS,281.11,281.11,Electronics,11/20/2025 00:00,11/24/2025 07:21,False,,,completed
GH-ORD-001590,GH-CUST-00485,GH,GHS,3.0,3.0,Health,19.04.2023,2023-04-22 13:15:44,False,,3.0,completed
GH-ORD-001591,GH-CUST-00113,GH,GHS,455.59,455.59,Grocery,2023-09-26 00:00:00,03-Oct-2023,False,,3.0,completed
GH-ORD-001592,GH-CUST-00128,GH,GHS,137.44,137.44,Beauty,15-Feb-2024,25-Feb-2024,False,,5.0,completed
GH-ORD-001593,GH-CUST-00437,GH,GHS,450.15,450.15,Beauty,12.04.2023,2023-04-22 10:11:25,False,,2.0,completed
GH-ORD-001594,GH-CUST-00226,GH,GHS,223.73,223.73,Toys,2024-05-14 00:00:00,29-May-2024,False,,5.0,completed
GH-ORD-001595,GH-CUST-00265,GH,GHS,34.0,34.0,Electronics,04.06.2023,11.06.2023,False,,4.0,completed
GH-ORD-001596,GH-CUST-00022,GH,GHS,158.05,158.05,Beauty,16-Feb-2023,2023-03-08 00:00:00,False,,4.0,completed
GH-ORD-001597,GH-CUST-00338,GH,GHS,153.96,153.96,Home & Kitchen,14-May-2024,18-May-2024,False,,3.0,completed
GH-ORD-001598,GH-CUST-00512,GH,GHS,258.61,258.61,Grocery,13.04.2023,04/20/2023 23:07,False,,3.0,completed
GH-ORD-001599,GH-CUST-00550,GH,GHS,244.77,244.77,Health,27-Jul-2023,27.07.2023,False,,4.0,completed
GH-ORD-001600,GH-CUST-00260,GH,GHS,3.0,3.0,Sports,10/01/2023 00:00,2023-10-07 20:12:32,False,,5.0,completed
GH-ORD-001601,GH-CUST-00018,GH,GHS,110.51,110.51,Toys,17.11.2023,27.11.2023,False,,5.0,completed
GH-ORD-001602,GH-CUST-00502,GH,GHS,3.0,3.0,Health,11/21/2024 00:00,,False,,,completed
GH-ORD-001603,GH-CUST-00470,GH,GHS,3.0,3.0,Books,2025-10-19 00:00:00,2025-10-26 12:39:07,False,,4.0,completed
GH-ORD-001604,GH-CUST-00487,GH,GHS,3.0,0.2,Grocery,08/03/2023 00:00,18.08.2023,False,,4.0,completed
GH-ORD-001605,GH-CUST-00366,GH,GHS,144.16,9.37,Sports,07-Jun-2023,06/20/2023 20:40,False,,2.0,completed
GH-ORD-001606,GH-CUST-00452,GH,GHS,83.33,83.33,Grocery,19-Mar-2025,30.03.2025,False,,5.0,completed
GH-ORD-001607,GH-CUST-00437,GH,GHS,333.18,333.18,Toys,2024-04-19 00:00:00,29-Apr-2024,False,,,completed
GH-ORD-001608,GH-CUST-00258,GH,GHS,328.16,328.16,Sports,2023-01-11 00:00:00,21-Jan-2023,False,,4.0,completed
GH-ORD-001609,GH-CUST-00127,GH,GHS,323.35,323.35,Electronics,2024-12-14 00:00:00,12/22/2024 10:19,False,,,completed
GH-ORD-001610,GH-CUST-00127,GH,GHS,182.63,182.63,Toys,02/03/2025 00:00,02/10/2025 19:31,False,,4.0,completed
GH-ORD-001611,GH-CUST-00203,GH,GHS,297.69,297.69,,06/13/2024 00:00,15-Jun-2024,False,,2.0,completed
GH-ORD-001612,GH-CUST-00394,GH,GHS,453.25,453.25,Home & Kitchen,04/21/2023 00:00,27-Apr-2023,False,,4.0,completed
GH-ORD-001613,GH-CUST-00320,GH,GHS,105.26,105.26,Sports,2023-08-10 00:00:00,2023-08-12 02:34:40,False,,3.0,completed
GH-ORD-001614,GH-CUST-00498,GH,GHS,244.39,15.89,,05/26/2023 00:00,2023-05-31 08:08:47,False,,5.0,completed
GH-ORD-001615,GH-CUST-00342,GH,GHS,308.72,308.72,Home & Kitchen,15.10.2024,30.10.2024,False,,4.0,completed
GH-ORD-001616,GH-CUST-00113,GH,GHS,3.0,3.0,Automotive,2024-08-02 00:00:00,08/14/2024 05:22,False,,2.0,completed
GH-ORD-001617,GH-CUST-00103,GH,GHS,316.89,316.89,Home & Kitchen,31-Dec-2024,04-Jan-2025,False,,5.0,completed
GH-ORD-001618,GH-CUST-00449,GH,GHS,510.34,510.34,Sports,19.02.2025,02/24/2025 00:47,False,,4.0,completed
GH-ORD-001619,GH-CUST-00419,GH,GHS,319.14,319.14,Beauty,21.02.2023,04-Mar-2023,False,,4.0,completed
GH-ORD-001620,GH-CUST-00014,GH,GHS,116.02,116.02,Fashion,09/24/2024 00:00,29.09.2024,False,,4.0,completed
GH-ORD-001621,GH-CUST-00000,GH,GHS,477.51,477.51,Electronics,14-Oct-2023,10/23/2023 17:04,False,,3.0,completed
GH-ORD-001622,GH-CUST-00362,GH,GHS,383.74,24.94,Books,03-Jan-2025,09-Jan-2025,False,,5.0,completed
GH-ORD-001623,GH-CUST-00401,GH,GHS,684.32,684.32,Home & Kitchen,07/23/2023 00:00,29-Jul-2023,True,2023-08-15 00:00:00,,completed
GH-ORD-001624,GH-CUST-00141,GH,GHS,408.26,408.26,Electronics,01-Jun-2023,2023-06-06 00:26:32,False,,4.0,completed
GH-ORD-001625,GH-CUST-00295,GH,GHS,284.73,284.73,Electronics,2023-02-14 00:00:00,2023-02-21 05:24:22,False,,5.0,completed
GH-ORD-001626,GH-CUST-00398,GH,GHS,230.95,230.95,Home & Kitchen,2025-02-26 00:00:00,2025-03-08 08:20:15,False,,2.0,completed
GH-ORD-001627,GH-CUST-00425,GH,GHS,349.12,349.12,Automotive,11.10.2025,2025-10-23 13:38:14,False,,3.0,completed
GH-ORD-001628,GH-CUST-00568,GH,GHS,3.0,3.0,Beauty,20-Apr-2024,2024-05-10 20:17:21,False,,,completed
GH-ORD-001629,GH-CUST-00393,GH,GHS,282.75,282.75,Grocery,03-Jan-2024,13.01.2024,False,,,completed
GH-ORD-001630,GH-CUST-00530,GH,GHS,601.74,601.74,Automotive,10.08.2025,16-Aug-2025,False,,3.0,completed
GH-ORD-001631,GH-CUST-00487,GH,GHS,93.29,93.29,Toys,15-Apr-2025,05/10/2025 19:00,False,,4.0,completed
GH-ORD-001632,GH-CUST-00142,GH,GHS,192.7,192.7,Electronics,03-Dec-2025,2025-12-14 02:45:12,False,,4.0,completed
GH-ORD-001633,GH-CUST-00330,GH,GHS,286.92,286.92,Electronics,11-Sep-2023,2023-09-15 09:22:05,False,,3.0,completed
GH-ORD-001634,GH-CUST-00250,GH,GHS,3.0,3.0,Electronics,12/07/2025 00:00,12/15/2025 22:38,False,,,completed
GH-ORD-001635,GH-CUST-00082,GH,GHS,284.21,284.21,Toys,03-Feb-2023,11-Feb-2023,False,,,completed
GH-ORD-001636,GH-CUST-00586,GH,GHS,360.69,360.69,Toys,12/10/2023 00:00,25.12.2023,False,,4.0,completed
GH-ORD-001637,GH-CUST-00048,GH,GHS,287.79,287.79,Home & Kitchen,2024-05-16 00:00:00,05/18/2024 09:11,False,,3.0,completed
GH-ORD-001638,GH-CUST-00182,GH,GHS,288.08,288.08,Beauty,2025-09-03 00:00:00,2025-09-18 01:21:29,False,,4.0,completed
GH-ORD-001639,GH-CUST-00582,GH,GHS,174.62,174.62,Grocery,05/18/2023 00:00,2023-05-26 20:45:55,False,,,completed
GH-ORD-001640,GH-CUST-00327,GH,GHS,298.65,298.65,Beauty,11.05.2024,2024-05-21 23:38:33,False,,5.0,completed
GH-ORD-001641,GH-CUST-00434,GH,GHS,391.05,391.05,Beauty,15-Jan-2024,15-Jan-2024,False,,5.0,completed
GH-ORD-001642,GH-CUST-00086,GH,GHS,524.37,524.37,Grocery,02/05/2023 00:00,11-Feb-2023,False,,4.0,completed
GH-ORD-001643,GH-CUST-00419,GH,GHS,137.47,137.47,Electronics,2023-02-25 00:00:00,25-Feb-2023,False,,3.0,completed
GH-ORD-001644,GH-CUST-00239,GH,GHS,193.58,193.58,Fashion,02/05/2024 00:00,02/11/2024 13:56,False,,3.0,completed
GH-ORD-001645,GH-CUST-00359,GH,GHS,162.65,162.65,Health,2023-07-06 00:00:00,13.07.2023,False,,,completed
GH-ORD-001646,GH-CUST-00391,GH,GHS,156.76,156.76,Home & Kitchen,20-Nov-2024,30.11.2024,False,,4.0,completed
GH-ORD-001647,GH-CUST-00016,GH,GHS,660.86,660.86,Home & Kitchen,2024-04-05 00:00:00,04/17/2024 12:03,False,,4.0,completed
GH-ORD-001648,GH-CUST-00336,GH,GHS,180.76,180.76,Beauty,08/03/2023 00:00,12.08.2023,False,,4.0,completed
GH-ORD-001649,GH-CUST-00040,GH,GHS,197.87,197.87,Health,2024-11-17 00:00:00,11/28/2024 03:14,False,,2.0,completed
GH-ORD-001650,GH-CUST-00063,GH,GHS,240.9,240.9,Fashion,12/16/2025 00:00,12/26/2025 05:21,False,,3.0,completed
GH-ORD-001651,GH-CUST-00572,GH,GHS,246.92,246.92,Electronics,2023-04-17 00:00:00,2023-04-24 10:46:21,False,,3.0,completed
GH-ORD-001652,GH-CUST-00318,GH,GHS,467.82,467.82,Toys,26-Feb-2023,,False,,,completed
GH-ORD-001653,GH-CUST-00450,GH,GHS,330.91,330.91,Grocery,25-Apr-2025,2025-05-04 15:42:36,False,,,completed
GH-ORD-001654,GH-CUST-00306,GH,GHS,128.22,128.22,Beauty,11/24/2024 00:00,02-Dec-2024,False,,3.0,completed
GH-ORD-001655,GH-CUST-00204,GH,GHS,502.57,502.57,Health,03-Feb-2023,2023-02-06 10:40:36,False,,3.0,completed
GH-ORD-001656,GH-CUST-00467,GH,GHS,84.12,84.12,Beauty,01/31/2025 00:00,2025-02-02 13:39:39,False,,5.0,completed
GH-ORD-001657,GH-CUST-00552,GH,GHS,366.84,366.84,Toys,2023-12-18 00:00:00,26.12.2023,False,,,completed
GH-ORD-001658,GH-CUST-00020,GH,GHS,174.95,174.95,Beauty,20.03.2023,,True,12-Apr-2023,,completed
GH-ORD-001659,GH-CUST-00428,GH,GHS,148.12,148.12,Fashion,02/17/2023 00:00,28.02.2023,True,23-Mar-2023,3.0,completed
GH-ORD-001660,GH-CUST-00341,GH,GHS,176.88,176.88,Grocery,05.05.2025,21.05.2025,False,,,completed
GH-ORD-001661,GH-CUST-00333,GH,GHS,418.21,418.21,Home & Kitchen,2025-10-15 00:00:00,10/25/2025 09:21,False,,3.0,completed
GH-ORD-001662,GH-CUST-00303,GH,GHS,208.52,208.52,Automotive,08-Oct-2024,16.10.2024,False,,3.0,completed
GH-ORD-001663,GH-CUST-00523,GH,GHS,499.35,499.35,Toys,05.02.2025,05-Feb-2025,True,02/26/2025 00:00,3.0,completed
GH-ORD-001664,GH-CUST-00231,GH,GHS,198.47,198.47,Health,17.09.2025,2025-09-17 00:00:00,False,,2.0,completed
GH-ORD-001665,GH-CUST-00039,GH,GHS,380.05,380.05,,10/09/2023 00:00,10/17/2023 02:54,False,,5.0,completed
GH-ORD-001666,GH-CUST-00560,GH,GHS,527.24,527.24,Electronics,2023-03-23 00:00:00,2023-04-01 17:34:20,False,,4.0,completed
GH-ORD-001667,GH-CUST-00516,GH,GHS,290.55,290.55,Books,21.12.2023,2023-12-21 00:00:00,False,,,completed
GH-ORD-001668,GH-CUST-00547,GH,GHS,56.87,56.87,Fashion,2025-06-10 00:00:00,06/18/2025 09:39,False,,4.0,completed
GH-ORD-001669,GH-CUST-00242,GH,GHS,326.35,326.35,Toys,01/12/2024 00:00,16-Jan-2024,False,,5.0,completed
GH-ORD-001670,GH-CUST-00324,GH,GHS,517.19,517.19,Sports,21.12.2025,2026-01-01 18:02:49,False,,5.0,completed
GH-ORD-001671,GH-CUST-00262,GH,GHS,190.52,12.38,Grocery,23.01.2025,2025-02-04 07:17:22,False,,4.0,completed
GH-ORD-001672,GH-CUST-00554,GH,GHS,361.85,361.85,Books,05/26/2023 00:00,2023-06-04 11:04:53,False,,4.0,completed
GH-ORD-001673,GH-CUST-00308,GH,GHS,142.4,142.4,Home & Kitchen,2024-04-14 00:00:00,2024-04-21 16:06:53,False,,5.0,completed
GH-ORD-001674,GH-CUST-00477,GH,GHS,209.36,209.36,,16-Mar-2025,,False,,,completed
GH-ORD-001675,GH-CUST-00052,GH,GHS,397.93,397.93,Fashion,21.12.2024,2024-12-27 19:18:07,False,,5.0,completed
GH-ORD-001676,GH-CUST-00143,GH,GHS,223.11,223.11,Sports,12.08.2024,08/26/2024 00:54,False,,4.0,completed
GH-ORD-001677,GH-CUST-00487,GH,GHS,277.46,277.46,Fashion,06/04/2023 00:00,08-Jun-2023,False,,,completed
GH-ORD-001678,GH-CUST-00111,GH,GHS,265.88,265.88,Beauty,12/10/2025 00:00,17.12.2025,False,,3.0,completed
GH-ORD-001679,GH-CUST-00212,GH,GHS,245.18,245.18,Books,2025-10-19 00:00:00,10/23/2025 18:50,False,,4.0,completed
GH-ORD-001680,GH-CUST-00139,GH,GHS,489.0,489.0,Toys,08/17/2023 00:00,20-Aug-2023,False,,,completed
GH-ORD-001681,GH-CUST-00074,GH,GHS,553.97,553.97,Toys,07/23/2025 00:00,30.07.2025,False,,3.0,completed
GH-ORD-001682,GH-CUST-00012,GH,GHS,401.24,401.24,Toys,24-Jul-2024,30-Jul-2024,False,,4.0,completed
GH-ORD-001683,GH-CUST-00498,GH,GHS,215.32,215.32,Automotive,06-Aug-2024,08/10/2024 17:35,False,,4.0,completed
GH-ORD-001684,GH-CUST-00214,GH,GHS,234.19,234.19,Grocery,30-Dec-2025,01/15/2026 06:04,False,,4.0,completed
GH-ORD-001685,GH-CUST-00469,GH,GHS,87.11,87.11,Sports,18-May-2023,21.05.2023,False,,5.0,completed
GH-ORD-001686,GH-CUST-00080,GH,GHS,88.59,88.59,Automotive,04.06.2023,04.06.2023,False,,4.0,completed
GH-ORD-001687,GH-CUST-00029,GH,GHS,231.38,231.38,Grocery,19.07.2025,2025-08-09 03:06:18,False,,3.0,completed
GH-ORD-001688,GH-CUST-00497,GH,GHS,317.07,317.07,Books,05/20/2024 00:00,05/24/2024 23:44,False,,5.0,completed
GH-ORD-001689,GH-CUST-00226,GH,GHS,43.8,43.8,Books,05/01/2023 00:00,10-May-2023,False,,,completed
GH-ORD-001690,GH-CUST-00284,GH,GHS,382.74,382.74,Toys,08.07.2023,12.07.2023,False,,3.0,completed
GH-ORD-001691,GH-CUST-00270,GH,GHS,442.75,28.78,Grocery,07-Dec-2023,2023-12-11 00:52:38,False,,3.0,completed
GH-ORD-001692,GH-CUST-00132,GH,GHS,421.97,421.97,Health,2025-05-01 00:00:00,2025-05-09 03:20:06,False,,2.0,completed
GH-ORD-001693,GH-CUST-00556,GH,GHS,559.53,559.53,Beauty,04/16/2025 00:00,21.04.2025,False,,3.0,completed
GH-ORD-001694,GH-CUST-00559,GH,GHS,320.93,20.86,Health,23-Nov-2023,03-Dec-2023,False,,5.0,completed
GH-ORD-001695,GH-CUST-00075,GH,GHS,14.39,14.39,,04-Feb-2025,15.02.2025,False,,4.0,completed
GH-ORD-001696,GH-CUST-00466,GH,GHS,258.05,258.05,Electronics,07-Nov-2023,2023-11-18 03:34:41,False,,5.0,completed
GH-ORD-001697,GH-CUST-00163,GH,GHS,58.89,58.89,Grocery,11.12.2023,25.12.2023,False,,2.0,completed
GH-ORD-001698,GH-CUST-00008,GH,GHS,98.35,6.39,Health,16.12.2024,22-Dec-2024,False,,5.0,completed
GH-ORD-001699,GH-CUST-00346,GH,GHS,230.68,230.68,Sports,05/25/2025 00:00,01.06.2025,False,,,completed
GH-ORD-001700,GH-CUST-00556,GH,GHS,509.13,509.13,Grocery,03/15/2023 00:00,03/21/2023 19:10,False,,3.0,completed
GH-ORD-001701,GH-CUST-00558,GH,GHS,213.24,213.24,Fashion,2025-12-10 00:00:00,2025-12-23 11:35:45,False,,4.0,completed
GH-ORD-001702,GH-CUST-00253,GH,GHS,588.91,588.91,Beauty,04/25/2023 00:00,05-May-2023,False,,3.0,completed
GH-ORD-001703,GH-CUST-00499,GH,GHS,288.17,18.73,Books,2024-04-19 00:00:00,23.04.2024,False,,3.0,completed
GH-ORD-001704,GH-CUST-00287,GH,GHS,996.65,996.65,Beauty,16-Oct-2023,05-Nov-2023,False,,4.0,completed
GH-ORD-001705,GH-CUST-00170,GH,GHS,180.29,180.29,Beauty,12/03/2025 00:00,17-Dec-2025,False,,,completed
GH-ORD-001706,GH-CUST-00319,GH,GHS,455.91,455.91,Toys,01/19/2023 00:00,03-Feb-2023,False,,5.0,completed
GH-ORD-001707,GH-CUST-00054,GH,GHS,43.35,43.35,Books,01.11.2025,04-Nov-2025,True,11/20/2025 00:00,3.0,completed
GH-ORD-001708,GH-CUST-00072,GH,GHS,128.97,128.97,Toys,04/18/2024 00:00,2024-05-02 07:03:05,False,,3.0,completed
GH-ORD-001709,GH-CUST-00266,GH,GHS,611.62,611.62,Home & Kitchen,2023-07-06 00:00:00,21-Jul-2023,False,,4.0,completed
GH-ORD-001710,GH-CUST-00516,GH,GHS,592.85,592.85,Automotive,2024-06-08 00:00:00,21.06.2024,False,,3.0,completed
GH-ORD-001711,GH-CUST-00583,GH,GHS,3.0,3.0,Home & Kitchen,13-Jan-2023,2023-01-30 03:04:30,False,,3.0,completed
GH-ORD-001712,GH-CUST-00485,GH,GHS,313.04,313.04,Automotive,09/27/2024 00:00,05.10.2024,False,,4.0,cancelled
GH-ORD-001713,GH-CUST-00346,GH,GHS,363.79,363.79,Electronics,02.12.2025,05-Dec-2025,False,,4.0,completed
GH-ORD-001714,GH-CUST-00442,GH,GHS,209.66,13.63,Beauty,2025-05-07 00:00:00,15.05.2025,False,,5.0,completed
GH-ORD-001715,GH-CUST-00161,GH,GHS,84.1,84.1,Health,2025-05-14 00:00:00,2025-05-20 20:59:44,False,,4.0,completed
GH-ORD-001716,GH-CUST-00289,GH,GHS,197.72,197.72,Home & Kitchen,25-Aug-2025,09/05/2025 14:23,False,,3.0,completed
GH-ORD-001717,GH-CUST-00454,GH,GHS,191.14,191.14,Sports,08-Sep-2024,09/13/2024 03:50,False,,5.0,completed
GH-ORD-001718,GH-CUST-00307,GH,GHS,201.21,201.21,Grocery,25-Feb-2025,2025-03-06 20:09:51,False,,5.0,completed
GH-ORD-001719,GH-CUST-00089,GH,GHS,268.03,268.03,Toys,05/23/2025 00:00,04.06.2025,False,,5.0,completed
GH-ORD-001720,GH-CUST-00355,GH,GHS,444.35,444.35,Health,20-Apr-2023,27-Apr-2023,False,,4.0,completed
GH-ORD-001721,GH-CUST-00528,GH,GHS,74.02,74.02,Grocery,2024-09-01 00:00:00,,False,,,completed
GH-ORD-001722,GH-CUST-00535,GH,GHS,183.25,183.25,Beauty,08/18/2024 00:00,,False,,,completed
GH-ORD-001723,GH-CUST-00591,GH,GHS,149.99,9.75,Electronics,03-Apr-2025,,False,,,completed
GH-ORD-001724,GH-CUST-00512,GH,GHS,112.97,112.97,Home & Kitchen,2023-10-24 00:00:00,2023-11-03 05:44:30,False,,4.0,completed
GH-ORD-001725,GH-CUST-00441,GH,GHS,453.88,453.88,Electronics,14.02.2024,,False,,,completed
GH-ORD-001726,GH-CUST-00445,GH,GHS,59.14,59.14,Beauty,19.05.2025,2025-05-23 18:30:04,False,,,completed
GH-ORD-001727,GH-CUST-00117,GH,GHS,498.45,498.45,Home & Kitchen,11.08.2025,2025-08-18 04:29:00,False,,,completed
GH-ORD-001728,GH-CUST-00078-DUP,GH,GHS,470.01,470.01,Home & Kitchen,17.02.2025,2025-02-24 09:37:50,False,,3.0,completed
GH-ORD-001729,GH-CUST-00053,GH,GHS,231.48,231.48,Grocery,22.05.2025,13.06.2025,False,,,completed
GH-ORD-001730,GH-CUST-00030,GH,GHS,189.51,189.51,Home & Kitchen,06/28/2023 00:00,06-Jul-2023,False,,4.0,completed
GH-ORD-001731,GH-CUST-00043,GH,GHS,25.57,25.57,Electronics,11-Nov-2025,11/18/2025 22:19,False,,3.0,completed
GH-ORD-001732,GH-CUST-00454,GH,GHS,176.25,176.25,Health,15-May-2024,23-May-2024,False,,3.0,completed
GH-ORD-001733,GH-CUST-00304,GH,GHS,501.14,501.14,Beauty,02/21/2023 00:00,03/05/2023 18:03,False,,5.0,completed
GH-ORD-001734,GH-CUST-00196,GH,GHS,200.81,200.81,Automotive,04/30/2024 00:00,2024-05-04 03:36:00,False,,4.0,completed
GH-ORD-001735,GH-CUST-00552,GH,GHS,255.94,255.94,Fashion,03/17/2023 00:00,22-Mar-2023,False,,3.0,completed
GH-ORD-001736,GH-CUST-00039,GH,GHS,273.36,273.36,Beauty,18.04.2023,24.04.2023,False,,4.0,completed
GH-ORD-001737,GH-CUST-00583,GH,GHS,386.42,386.42,Sports,08.07.2025,20-Jul-2025,False,,3.0,cancelled
GH-ORD-001738,GH-CUST-00377,GH,GHS,344.17,344.17,Automotive,24.06.2023,29.06.2023,False,,3.0,completed
GH-ORD-001739,GH-CUST-00384,GH,GHS,211.42,211.42,Automotive,14-Jul-2025,2025-07-26 06:35:44,False,,3.0,completed
GH-ORD-001740,GH-CUST-00073,GH,GHS,530.47,530.47,Grocery,10/06/2024 00:00,10/16/2024 04:41,False,,,completed
GH-ORD-001741,GH-CUST-00112,GH,GHS,216.95,14.1,Electronics,07-Aug-2025,2025-08-19 15:21:52,False,,4.0,completed
GH-ORD-001742,GH-CUST-00281,GH,GHS,130.79,130.79,Toys,18.06.2025,03.07.2025,False,,4.0,completed
GH-ORD-001743,GH-CUST-00354,GH,GHS,283.01,283.01,Books,06/14/2024 00:00,18-Jun-2024,False,,,completed
GH-ORD-001744,GH-CUST-00171,GH,GHS,468.73,468.73,Automotive,07/05/2025 00:00,2025-07-21 01:39:30,False,,4.0,completed
GH-ORD-001745,GH-CUST-00388,GH,GHS,198.79,198.79,Books,04-Jan-2024,15-Jan-2024,False,,5.0,completed
GH-ORD-001746,GH-CUST-00029,GH,GHS,173.0,173.0,Toys,06/25/2023 00:00,27-Jun-2023,False,,,completed
GH-ORD-001747,GH-CUST-00425,GH,GHS,373.02,373.02,Health,27-Jan-2025,2025-01-28 16:57:31,False,,4.0,completed
GH-ORD-001748,GH-CUST-00192,GH,GHS,208.44,208.44,Toys,29-Dec-2024,10-Jan-2025,False,,3.0,cancelled
GH-ORD-001749,GH-CUST-00239,GH,GHS,457.16,457.16,Beauty,13-Jul-2024,18-Jul-2024,False,,5.0,completed
GH-ORD-001750,GH-CUST-00539,GH,GHS,609.65,609.65,Toys,14-May-2024,2024-05-17 17:28:02,False,,,completed
GH-ORD-001751,GH-CUST-00442,GH,GHS,326.73,326.73,Automotive,13.05.2023,2023-05-31 23:52:59,False,,,completed
GH-ORD-001752,GH-CUST-00032,GH,GHS,290.65,290.65,Electronics,2023-03-27 00:00:00,2023-04-04 05:55:54,False,,,completed
GH-ORD-001753,GH-CUST-00373,GH,GHS,406.16,406.16,Health,2024-11-07 00:00:00,11/21/2024 03:56,True,13.12.2024,,completed
GH-ORD-001754,GH-CUST-00191,GH,GHS,6.84,0.44,Health,11.08.2023,2023-08-23 12:41:58,False,,2.0,completed
GH-ORD-001755,GH-CUST-00215,GH,GHS,213.31,213.31,Books,09/26/2023 00:00,10/08/2023 19:54,False,,3.0,completed
GH-ORD-001756,GH-CUST-00207,GH,GHS,169.01,169.01,Home & Kitchen,06/21/2023 00:00,2023-07-02 12:24:33,False,,3.0,completed
GH-ORD-001757,GH-CUST-00015,GH,GHS,84.44,84.44,Toys,22.03.2024,03/31/2024 02:21,False,,4.0,completed
GH-ORD-001758,GH-CUST-00455,GH,GHS,81.01,81.01,Sports,2025-09-17 00:00:00,09/27/2025 13:08,True,2025-10-22 00:00:00,4.0,completed
GH-ORD-001759,GH-CUST-00195,GH,GHS,222.44,222.44,Toys,09/26/2025 00:00,02.10.2025,False,,4.0,completed
GH-ORD-001760,GH-CUST-00046,GH,GHS,470.46,470.46,Health,07/31/2025 00:00,2025-08-06 20:51:06,False,,,completed
GH-ORD-001761,GH-CUST-00383,GH,GHS,384.75,25.01,Fashion,2025-03-27 00:00:00,06.04.2025,True,11.04.2025,4.0,completed
GH-ORD-001762,GH-CUST-00362,GH,GHS,286.29,286.29,Toys,19-Aug-2023,23-Aug-2023,False,,3.0,completed
GH-ORD-001763,GH-CUST-00003,GH,GHS,334.86,334.86,Toys,04/26/2024 00:00,05/11/2024 06:34,True,05/19/2024 00:00,3.0,completed
GH-ORD-001764,GH-CUST-00475,GH,GHS,408.77,408.77,Home & Kitchen,2024-04-28 00:00:00,05/04/2024 16:30,False,,4.0,completed
GH-ORD-001765,GH-CUST-00190,GH,GHS,522.46,522.46,,09/11/2024 00:00,22.09.2024,False,,3.0,completed
GH-ORD-001766,GH-CUST-00581,GH,GHS,188.4,188.4,Electronics,25.06.2024,08-Jul-2024,False,,4.0,completed
GH-ORD-001767,GH-CUST-00038,GH,GHS,96.19,96.19,Books,07/16/2024 00:00,2024-07-20 17:22:50,False,,4.0,completed
GH-ORD-001768,GH-CUST-00222,GH,GHS,439.11,439.11,Health,10/25/2023 00:00,11/02/2023 01:42,False,,5.0,completed
GH-ORD-001769,GH-CUST-00384,GH,GHS,411.86,411.86,Beauty,2024-05-12 00:00:00,2024-05-19 00:37:32,False,,3.0,completed
GH-ORD-001770,GH-CUST-00187,GH,GHS,124.02,124.02,Automotive,2023-09-22 00:00:00,,False,,,completed
GH-ORD-001771,GH-CUST-00402,GH,GHS,201.8,201.8,Books,07/16/2025 00:00,,False,,,completed
GH-ORD-001772,GH-CUST-00236,GH,GHS,514.61,514.61,Electronics,04-Jun-2025,2025-06-14 12:46:27,False,,3.0,completed
GH-ORD-001773,GH-CUST-00035,GH,GHS,172.44,172.44,Books,15-Jan-2023,28-Jan-2023,False,,3.0,completed
GH-ORD-001774,GH-CUST-00264,GH,GHS,459.54,459.54,Home & Kitchen,2024-04-14 00:00:00,04/23/2024 21:33,False,,4.0,completed
GH-ORD-001775,GH-CUST-00402,GH,GHS,167.55,167.55,Sports,13.07.2023,,False,,,completed
GH-ORD-001776,GH-CUST-00574,GH,GHS,310.34,310.34,Beauty,25.09.2024,2024-10-07 03:07:25,False,,3.0,completed
GH-ORD-001777,GH-CUST-00191,GH,GHS,237.95,237.95,Beauty,23.01.2025,31-Jan-2025,False,,4.0,cancelled
GH-ORD-001778,GH-CUST-00070,GH,GHS,134.65,134.65,Health,12/27/2025 00:00,2025-12-29 17:36:33,False,,4.0,completed
GH-ORD-001779,GH-CUST-00581,GH,GHS,37.13,37.13,Sports,11-Apr-2023,24.04.2023,False,,4.0,completed
GH-ORD-001780,GH-CUST-00041,GH,GHS,32.4,2.11,Electronics,03.09.2025,2025-09-09 01:52:46,False,,4.0,completed
GH-ORD-001781,GH-CUST-00589,GH,GHS,194.77,12.66,Books,2024-04-19 00:00:00,,False,,,completed
GH-ORD-001782,GH-CUST-00443,GH,GHS,398.41,398.41,Beauty,05/23/2023 00:00,30-May-2023,False,,3.0,completed
GH-ORD-001783,GH-CUST-00234,GH,GHS,232.16,232.16,Books,14.11.2024,27-Nov-2024,False,,5.0,completed
GH-ORD-001784,GH-CUST-00043,GH,GHS,3.0,3.0,Grocery,22.06.2023,04.07.2023,False,,4.0,completed
GH-ORD-001785,GH-CUST-00293,GH,GHS,427.84,27.81,Sports,27.06.2024,02.07.2024,False,,2.0,completed
GH-ORD-001786,GH-CUST-00030,GH,GHS,373.52,24.28,Toys,01/06/2023 00:00,2023-01-10 05:39:58,False,,2.0,completed
GH-ORD-001787,GH-CUST-00303,GH,GHS,69.06,69.06,,2025-07-21 00:00:00,31-Jul-2025,False,,4.0,completed
GH-ORD-001788,GH-CUST-00016,GH,GHS,405.19,405.19,Beauty,2023-10-24 00:00:00,03-Nov-2023,False,,,completed
GH-ORD-001789,GH-CUST-00075,GH,GHS,212.65,212.65,Sports,2023-07-22 00:00:00,29.07.2023,False,,3.0,completed
GH-ORD-001790,GH-CUST-00569,GH,GHS,246.35,246.35,Home & Kitchen,12/24/2023 00:00,2023-12-28 03:08:36,False,,4.0,completed
GH-ORD-001791,GH-CUST-00440,GH,GHS,452.02,452.02,Grocery,03-Sep-2023,07.09.2023,False,,5.0,completed
GH-ORD-001792,GH-CUST-00379,GH,GHS,298.16,298.16,Beauty,21.10.2023,29-Oct-2023,False,,2.0,completed
GH-ORD-001793,GH-CUST-00082,GH,GHS,3.0,3.0,Beauty,24-Mar-2025,01.04.2025,False,,,completed
GH-ORD-001794,GH-CUST-00466,GH,GHS,406.36,406.36,Health,01.08.2024,06-Aug-2024,True,08/29/2024 00:00,5.0,completed
GH-ORD-001795,GH-CUST-00239,GH,GHS,397.59,397.59,Toys,09-Nov-2023,11/13/2023 08:47,False,,4.0,completed
GH-ORD-001796,GH-CUST-00180,GH,GHS,676.31,676.31,Toys,03/31/2024 00:00,03-Apr-2024,False,,4.0,completed
GH-ORD-001797,GH-CUST-00285,GH,GHS,228.36,228.36,Grocery,2023-03-01 00:00:00,11.03.2023,False,,5.0,completed
GH-ORD-001798,GH-CUST-00292,GH,GHS,218.2,218.2,Sports,2023-10-20 00:00:00,2023-11-01 11:24:56,False,,5.0,completed
GH-ORD-001799,GH-CUST-00120,GH,GHS,290.6,290.6,Books,17.06.2023,28.06.2023,False,,3.0,completed
GH-ORD-001800,GH-CUST-00565-DUP,GH,GHS,283.08,283.08,Health,03/22/2024 00:00,2024-03-29 07:02:21,False,,,completed
GH-ORD-001801,GH-CUST-00140,GH,GHS,407.51,407.51,Fashion,12/15/2024 00:00,2024-12-27 19:38:56,False,,,completed
GH-ORD-001802,GH-CUST-00076,GH,GHS,262.46,262.46,Home & Kitchen,03.08.2024,08/17/2024 03:13,False,,5.0,completed
GH-ORD-001803,GH-CUST-00134,GH,GHS,415.5,415.5,Toys,07.09.2025,2025-09-12 22:27:41,False,,3.0,completed
GH-ORD-001804,GH-CUST-00081,GH,GHS,150.02,150.02,Sports,2024-04-09 00:00:00,20-Apr-2024,False,,3.0,completed
GH-ORD-001805,GH-CUST-00123,GH,GHS,388.29,388.29,Books,15-Mar-2023,18-Mar-2023,True,2023-03-30 00:00:00,4.0,completed
GH-ORD-001806,GH-CUST-00588,GH,GHS,282.76,282.76,Automotive,19.03.2023,2023-04-01 08:01:45,False,,5.0,completed
GH-ORD-001807,GH-CUST-00187,GH,GHS,509.61,509.61,Books,06.07.2023,2023-08-08 20:14:18,False,,4.0,completed
GH-ORD-001808,GH-CUST-00346,GH,GHS,94.59,94.59,Fashion,2025-04-03 00:00:00,06-Apr-2025,False,,2.0,completed
GH-ORD-001809,GH-CUST-00163,GH,GHS,106.61,106.61,Toys,25.10.2024,,False,,,completed
GH-ORD-001810,GH-CUST-00078,GH,GHS,190.46,190.46,Sports,2025-09-26 00:00:00,2025-10-03 06:42:25,False,,4.0,completed
GH-ORD-001811,GH-CUST-00094,GH,GHS,231.35,231.35,Toys,02/18/2024 00:00,02/21/2024 12:18,False,,,completed
GH-ORD-001812,GH-CUST-00209,GH,GHS,271.48,271.48,Electronics,2025-09-28 00:00:00,02.10.2025,False,,3.0,completed
GH-ORD-001813,GH-CUST-00419-DUP,GH,GHS,494.84,494.84,Automotive,2025-08-28 00:00:00,,True,09/18/2025 00:00,,completed
GH-ORD-001814,GH-CUST-00289,GH,GHS,563.35,36.62,Books,2025-11-17 00:00:00,30-Nov-2025,False,,3.0,completed
GH-ORD-001815,GH-CUST-00157,GH,GHS,102.22,6.64,Books,02-Mar-2023,2023-03-09 18:57:17,False,,5.0,completed
GH-ORD-001816,GH-CUST-00515,GH,GHS,201.57,201.57,Sports,05.12.2024,16.12.2024,False,,5.0,completed
GH-ORD-001817,GH-CUST-00132,GH,GHS,156.16,156.16,Sports,21.09.2024,09/26/2024 07:05,False,,4.0,completed
GH-ORD-001818,GH-CUST-00060,GH,GHS,304.3,304.3,Beauty,06-Jan-2024,01/11/2024 06:08,False,,3.0,completed
GH-ORD-001819,GH-CUST-00088,GH,GHS,268.72,268.72,Grocery,2025-10-11 00:00:00,2025-10-12 17:46:26,False,,4.0,cancelled
GH-ORD-001820,GH-CUST-00269,GH,GHS,203.41,203.41,,17-Mar-2024,17.03.2024,True,26-Apr-2024,4.0,completed
GH-ORD-001821,GH-CUST-00109,GH,GHS,161.35,161.35,Toys,2023-08-20 00:00:00,09/03/2023 18:07,False,,3.0,completed
GH-ORD-001822,GH-CUST-00587,GH,GHS,104.38,104.38,Electronics,20.04.2023,2023-05-09 00:45:41,False,,,completed
GH-ORD-001823,GH-CUST-00011,GH,GHS,174.33,174.33,Automotive,31-Jan-2024,04-Feb-2024,False,,4.0,completed
GH-ORD-001824,GH-CUST-00151,GH,GHS,113.53,113.53,Automotive,01/29/2023 00:00,01/31/2023 04:06,False,,5.0,completed
GH-ORD-001825,GH-CUST-00038,GH,GHS,372.72,372.72,Home & Kitchen,06.12.2023,12.12.2023,False,,4.0,completed
GH-ORD-001826,GH-CUST-00451,GH,GHS,360.94,360.94,Electronics,11-Oct-2024,22-Oct-2024,False,,3.0,completed
GH-ORD-001827,GH-CUST-00514,GH,GHS,338.58,22.01,Health,08/10/2025 00:00,2025-08-15 23:21:23,False,,4.0,completed
GH-ORD-001828,GH-CUST-00576,GH,GHS,305.71,305.71,Electronics,26-Sep-2023,03-Oct-2023,False,,4.0,completed
GH-ORD-001829,GH-CUST-00441,GH,GHS,357.93,357.93,Health,2024-09-27 00:00:00,09/28/2024 23:12,False,,2.0,completed
GH-ORD-001830,GH-CUST-00263,GH,GHS,220.85,220.85,,10/09/2025 00:00,2025-10-24 07:32:52,False,,3.0,completed
GH-ORD-001831,GH-CUST-00545,GH,GHS,246.68,16.03,Fashion,01/06/2023 00:00,11.01.2023,False,,3.0,completed
GH-ORD-001832,GH-CUST-00282,GH,GHS,308.52,308.52,Sports,2024-01-25 00:00:00,07.02.2024,False,,4.0,completed
GH-ORD-001833,GH-CUST-00202,GH,GHS,151.44,151.44,Health,06/23/2025 00:00,12-Jul-2025,False,,4.0,completed
GH-ORD-001834,GH-CUST-00374,GH,GHS,187.64,187.64,Automotive,09/05/2025 00:00,05.10.2025,False,,3.0,completed
GH-ORD-001835,GH-CUST-00595,GH,GHS,546.07,546.07,Automotive,2025-04-13 00:00:00,2025-04-17 12:25:05,False,,5.0,completed
GH-ORD-001836,GH-CUST-00521,GH,GHS,312.17,312.17,Fashion,15.01.2023,28.01.2023,False,,5.0,completed
GH-ORD-001837,GH-CUST-00187,GH,GHS,98.78,98.78,Sports,17.01.2024,30.01.2024,False,,2.0,completed
GH-ORD-001838,GH-CUST-00513,GH,GHS,112.45,112.45,Home & Kitchen,06/04/2023 00:00,08.06.2023,False,,4.0,completed
GH-ORD-001839,GH-CUST-00468,GH,GHS,285.28,285.28,Toys,04/11/2023 00:00,18.04.2023,False,,4.0,completed
GH-ORD-001840,GH-CUST-00311,GH,GHS,374.61,374.61,Fashion,08.03.2023,18.03.2023,False,,5.0,completed
GH-ORD-001841,GH-CUST-00534,GH,GHS,571.21,571.21,Sports,23.06.2023,2023-07-11 21:56:57,False,,3.0,completed
GH-ORD-001842,GH-CUST-00556,GH,GHS,378.17,378.17,Grocery,29.10.2024,01-Nov-2024,False,,3.0,completed
GH-ORD-001843,GH-CUST-00243,GH,GHS,439.9,439.9,Toys,05.10.2023,2023-10-12 12:05:01,False,,3.0,completed
GH-ORD-001844,GH-CUST-00063,GH,GHS,41.63,41.63,Automotive,01/08/2025 00:00,2025-01-16 04:40:36,False,,5.0,completed
GH-ORD-001845,GH-CUST-00049,GH,GHS,460.57,460.57,Automotive,2025-09-22 00:00:00,09/30/2025 10:38,False,,,completed
GH-ORD-001846,GH-CUST-00125,GH,GHS,601.43,601.43,Grocery,11.01.2024,18-Jan-2024,False,,,completed
GH-ORD-001847,GH-CUST-00290,GH,GHS,257.83,257.83,Health,09.10.2025,,False,,,completed
GH-ORD-001848,GH-CUST-00474,GH,GHS,208.42,208.42,Electronics,02/16/2023 00:00,27.02.2023,False,,5.0,completed
GH-ORD-001849,GH-CUST-00354,GH,GHS,147.16,147.16,Electronics,09.03.2024,2024-03-18 20:22:34,False,,5.0,completed
GH-ORD-001850,GH-CUST-00471,GH,GHS,281.79,281.79,Beauty,18.01.2025,2025-01-18 00:00:00,False,,4.0,completed
GH-ORD-001851,GH-CUST-00517,GH,GHS,401.83,401.83,Electronics,02.05.2025,05/06/2025 05:02,False,,3.0,completed
GH-ORD-001852,GH-CUST-00210,GH,GHS,95.12,95.12,Fashion,09/25/2023 00:00,25.09.2023,False,,5.0,completed
GH-ORD-001853,GH-CUST-00081,GH,GHS,279.4,279.4,Electronics,2023-12-08 00:00:00,2023-12-22 09:22:36,False,,,completed
GH-ORD-001854,GH-CUST-00032,GH,GHS,417.17,417.17,Grocery,2025-11-10 00:00:00,,False,,,completed
GH-ORD-001855,GH-CUST-00079,GH,GHS,266.69,266.69,Home & Kitchen,30-Mar-2025,2025-04-09 06:21:10,False,,5.0,completed
GH-ORD-001856,GH-CUST-00287,GH,GHS,331.63,21.56,Automotive,18-Mar-2023,03/30/2023 10:08,False,,3.0,cancelled
GH-ORD-001857,GH-CUST-00210,GH,GHS,120.46,120.46,Toys,02/08/2023 00:00,15-Feb-2023,False,,4.0,completed
GH-ORD-001858,GH-CUST-00109-DUP,GH,GHS,87.75,87.75,Home & Kitchen,15-Jul-2023,07/17/2023 15:40,False,,4.0,completed
GH-ORD-001859,GH-CUST-00421,GH,GHS,214.98,214.98,Toys,2023-08-14 00:00:00,21.08.2023,False,,3.0,completed
GH-ORD-001860,GH-CUST-00325,GH,GHS,523.3,523.3,Beauty,2023-01-30 00:00:00,12.02.2023,False,,3.0,completed
GH-ORD-001861,GH-CUST-00576,GH,GHS,194.75,194.75,Grocery,2023-10-12 00:00:00,10/23/2023 09:36,False,,4.0,completed
GH-ORD-001862,GH-CUST-00134,GH,GHS,273.37,17.77,Books,17-Feb-2025,2025-02-20 10:47:25,False,,3.0,completed
GH-ORD-001863,GH-CUST-00224,GH,GHS,197.32,197.32,Toys,2025-10-21 00:00:00,2025-10-30 02:35:29,False,,5.0,completed
GH-ORD-001864,GH-CUST-00165,GH,GHS,170.1,170.1,Health,2025-05-05 00:00:00,05/23/2025 21:30,False,,4.0,completed
GH-ORD-001865,GH-CUST-00148,GH,GHS,445.08,445.08,Health,17-Aug-2025,19.08.2025,False,,,completed
GH-ORD-001866,GH-CUST-00326,GH,GHS,512.58,512.58,Beauty,2023-03-08 00:00:00,04/02/2023 07:29,True,2023-04-02 00:00:00,3.0,completed
GH-ORD-001867,GH-CUST-00016,GH,GHS,23.97,23.97,Home & Kitchen,14-Mar-2025,24-Mar-2025,False,,4.0,completed
GH-ORD-001868,GH-CUST-00262,GH,GHS,307.31,307.31,Books,08/20/2024 00:00,,False,,,completed
GH-ORD-001869,GH-CUST-00117,GH,GHS,228.94,228.94,Toys,2023-08-14 00:00:00,05-Sep-2023,False,,,completed
GH-ORD-001870,GH-CUST-00307,GH,GHS,263.91,263.91,,2024-06-25 00:00:00,30-Jun-2024,False,,2.0,completed
GH-ORD-001871,GH-CUST-00454,GH,GHS,716.56,716.56,Health,2025-10-24 00:00:00,2025-10-26 13:06:47,False,,,completed
GH-ORD-001872,GH-CUST-00194,GH,GHS,309.03,309.03,Sports,2025-06-16 00:00:00,2025-06-16 21:53:07,True,2025-07-03 00:00:00,2.0,completed
GH-ORD-001873,GH-CUST-00161,GH,GHS,295.65,295.65,Grocery,03.06.2025,06/11/2025 16:44,False,,5.0,completed
GH-ORD-001874,GH-CUST-00467,GH,GHS,343.93,343.93,Books,2024-09-08 00:00:00,,False,,,completed
GH-ORD-001875,GH-CUST-00120,GH,GHS,128.06,128.06,Automotive,30.01.2025,12-Feb-2025,False,,,completed
GH-ORD-001876,GH-CUST-00480,GH,GHS,428.62,27.86,Electronics,10/21/2025 00:00,10/24/2025 00:21,False,,4.0,completed
GH-ORD-001877,GH-CUST-00295,GH,GHS,303.05,303.05,Electronics,01/25/2023 00:00,01/31/2023 14:49,False,,4.0,completed
GH-ORD-001878,GH-CUST-00196,GH,GHS,413.08,413.08,Sports,2023-03-11 00:00:00,03/18/2023 05:42,False,,3.0,completed
GH-ORD-001879,GH-CUST-00118-DUP,GH,GHS,519.83,519.83,Health,2023-05-25 00:00:00,2023-06-05 17:33:09,False,,4.0,completed
GH-ORD-001880,GH-CUST-00364,GH,GHS,19.33,19.33,Beauty,23-Mar-2024,04/01/2024 09:01,False,,,completed
GH-ORD-001881,GH-CUST-00422,GH,GHS,391.69,391.69,Grocery,18-Apr-2023,,False,,,completed
GH-ORD-001882,GH-CUST-00026,GH,GHS,320.3,320.3,Home & Kitchen,2025-04-24 00:00:00,30-Apr-2025,False,,4.0,completed
GH-ORD-001883,GH-CUST-00448,GH,GHS,134.82,134.82,Health,08.06.2023,,False,,,completed
GH-ORD-001884,GH-CUST-00411,GH,GHS,502.72,502.72,,03/08/2024 00:00,14-Mar-2024,False,,5.0,completed
GH-ORD-001885,GH-CUST-00069,GH,GHS,150.99,150.99,Home & Kitchen,2023-11-17 00:00:00,2023-11-28 00:50:26,False,,4.0,completed
GH-ORD-001886,GH-CUST-00118,GH,GHS,336.32,336.32,Fashion,28-Feb-2023,03/08/2023 00:41,False,,,completed
GH-ORD-001887,GH-CUST-00461,GH,GHS,382.66,382.66,Grocery,08-Apr-2025,08-Apr-2025,False,,2.0,completed
GH-ORD-001888,GH-CUST-00492,GH,GHS,346.73,346.73,Sports,02.08.2024,02-Aug-2024,False,,,completed
GH-ORD-001889,GH-CUST-00517,GH,GHS,195.11,195.11,Home & Kitchen,2025-12-17 00:00:00,12/24/2025 18:46,False,,,completed
GH-ORD-001890,GH-CUST-00332,GH,GHS,147.5,147.5,Automotive,01/06/2024 00:00,11.01.2024,False,,,completed
GH-ORD-001891,GH-CUST-00110,GH,GHS,323.45,323.45,Grocery,2023-03-13 00:00:00,25.03.2023,False,,3.0,completed
GH-ORD-001892,GH-CUST-00257,GH,GHS,187.99,187.99,Home & Kitchen,31.01.2025,,False,,,completed
GH-ORD-001893,GH-CUST-00156,GH,GHS,3.0,3.0,Fashion,08.03.2024,03/16/2024 13:36,False,,5.0,completed
GH-ORD-001894,GH-CUST-00357,GH,GHS,442.66,442.66,Toys,2023-09-27 00:00:00,2023-10-01 12:24:23,False,,3.0,completed
GH-ORD-001895,GH-CUST-00355,GH,GHS,283.46,283.46,Home & Kitchen,2023-06-20 00:00:00,01-Jul-2023,False,,4.0,completed
GH-ORD-001896,GH-CUST-00222,GH,GHS,326.29,326.29,Sports,08/28/2025 00:00,2025-09-09 13:36:56,False,,,completed
GH-ORD-001897,GH-CUST-00548,GH,GHS,161.74,161.74,,2024-12-19 00:00:00,2024-12-26 02:52:58,False,,5.0,completed
GH-ORD-001898,GH-CUST-00533,GH,GHS,248.51,248.51,Books,2025-12-31 00:00:00,01/02/2026 22:20,False,,3.0,completed
GH-ORD-001899,GH-CUST-00520,GH,GHS,129.89,129.89,Fashion,24.01.2024,02.02.2024,False,,3.0,completed
GH-ORD-001900,GH-CUST-00360,GH,GHS,323.37,323.37,Health,10-Mar-2025,15-Mar-2025,False,,2.0,completed
GH-ORD-001901,GH-CUST-00122,GH,GHS,329.06,21.39,Grocery,01-Nov-2023,2023-11-09 14:15:09,False,,4.0,completed
GH-ORD-001902,GH-CUST-00508,GH,GHS,172.32,172.32,Health,10-Oct-2023,2023-10-14 21:09:49,False,,4.0,completed
GH-ORD-001903,GH-CUST-00494,GH,GHS,523.04,523.04,,2024-09-04 00:00:00,2024-10-01 01:04:19,False,,4.0,completed
GH-ORD-001904,GH-CUST-00462,GH,GHS,228.55,14.86,Beauty,02-May-2025,03.05.2025,False,,5.0,completed
GH-ORD-001905,GH-CUST-00052,GH,GHS,425.35,425.35,Grocery,21-Mar-2025,31.03.2025,False,,,completed
GH-ORD-001906,GH-CUST-00139,GH,GHS,250.89,250.89,Health,23.11.2024,03.12.2024,False,,5.0,completed
GH-ORD-001907,GH-CUST-00299,GH,GHS,539.23,539.23,Automotive,12.07.2024,23.07.2024,False,,4.0,completed
GH-ORD-001908,GH-CUST-00243,GH,GHS,70.68,70.68,Books,2025-05-03 00:00:00,11-May-2025,False,,,completed
GH-ORD-001909,GH-CUST-00551,GH,GHS,321.05,321.05,Books,2023-12-19 00:00:00,01/17/2024 20:04,False,,5.0,completed
GH-ORD-001910,GH-CUST-00349,GH,GHS,264.78,264.78,,25-Nov-2025,12/11/2025 09:41,False,,2.0,completed
GH-ORD-001911,GH-CUST-00187,GH,GHS,347.09,347.09,Grocery,03-Oct-2025,07-Oct-2025,False,,,completed
GH-ORD-001912,GH-CUST-00485,GH,GHS,3.0,3.0,Sports,2024-04-28 00:00:00,05/05/2024 04:37,False,,,completed
GH-ORD-001913,GH-CUST-00335,GH,GHS,46.85,46.85,Home & Kitchen,10-Nov-2024,17-Nov-2024,False,,,completed
GH-ORD-001914,GH-CUST-00158,GH,GHS,285.56,285.56,Fashion,12-Jan-2024,24.01.2024,False,,2.0,completed
GH-ORD-001915,GH-CUST-00196,GH,GHS,425.35,425.35,Grocery,09/30/2024 00:00,08-Oct-2024,False,,5.0,completed
GH-ORD-001916,GH-CUST-00480,GH,GHS,210.92,210.92,,12.01.2024,26-Jan-2024,False,,3.0,completed
GH-ORD-001917,GH-CUST-00259,GH,GHS,73.31,73.31,Home & Kitchen,21.01.2023,30.01.2023,False,,5.0,completed
GH-ORD-001918,GH-CUST-00072,GH,GHS,189.61,189.61,Health,27-Apr-2024,07.05.2024,False,,2.0,completed
GH-ORD-001919,GH-CUST-00052,GH,GHS,308.85,308.85,Fashion,05.12.2025,2025-12-15 16:10:55,False,,2.0,completed
GH-ORD-001920,GH-CUST-00328,GH,GHS,247.38,247.38,Fashion,24.10.2024,,False,,,completed
GH-ORD-001921,GH-CUST-00368,GH,GHS,3.0,3.0,Automotive,11/26/2025 00:00,09.12.2025,False,,4.0,completed
GH-ORD-001922,GH-CUST-00463,GH,GHS,394.68,394.68,Automotive,07/09/2024 00:00,15.07.2024,False,,2.0,completed
GH-ORD-001923,GH-CUST-00291,GH,GHS,365.45,365.45,Grocery,12-Oct-2023,2023-10-19 16:04:16,False,,,completed
GH-ORD-001924,GH-CUST-00537,GH,GHS,285.14,285.14,Health,18.04.2023,30-Apr-2023,False,,,completed
GH-ORD-001925,GH-CUST-00095,GH,GHS,401.93,401.93,Home & Kitchen,2024-12-04 00:00:00,2024-12-19 16:26:19,False,,4.0,completed
GH-ORD-001926,GH-CUST-00136,GH,GHS,169.41,169.41,Health,2023-04-14 00:00:00,21.04.2023,False,,4.0,completed
GH-ORD-001927,GH-CUST-00192,GH,GHS,442.54,442.54,Home & Kitchen,06/17/2023 00:00,19.06.2023,False,,4.0,completed
GH-ORD-001928,GH-CUST-00103,GH,GHS,537.53,537.53,Automotive,26-Aug-2025,02-Sep-2025,False,,,completed
GH-ORD-001929,GH-CUST-00126,GH,GHS,428.96,428.96,Automotive,02/07/2025 00:00,16.02.2025,False,,5.0,completed
GH-ORD-001930,GH-CUST-00256,GH,GHS,150.44,150.44,Toys,06-Dec-2025,10.12.2025,False,,4.0,completed
GH-ORD-001931,GH-CUST-00170,GH,GHS,34.84,34.84,Automotive,19-Feb-2025,25.02.2025,False,,4.0,completed
GH-ORD-001932,GH-CUST-00253,GH,GHS,565.54,565.54,Books,2024-01-18 00:00:00,27.01.2024,True,27-Feb-2024,4.0,completed
GH-ORD-001933,GH-CUST-00260,GH,GHS,466.32,466.32,Sports,2024-11-06 00:00:00,,False,,,completed
GH-ORD-001934,GH-CUST-00320,GH,GHS,253.59,253.59,Toys,23.08.2025,09.09.2025,False,,4.0,completed
GH-ORD-001935,GH-CUST-00005,GH,GHS,458.63,458.63,Beauty,04/17/2024 00:00,28-Apr-2024,False,,2.0,completed
GH-ORD-001936,GH-CUST-00382,GH,GHS,329.68,329.68,Automotive,31.01.2023,08.02.2023,False,,4.0,completed
GH-ORD-001937,GH-CUST-00156,GH,GHS,159.34,159.34,Grocery,09/30/2023 00:00,10/03/2023 12:46,False,,,completed
GH-ORD-001938,GH-CUST-00383,GH,GHS,203.84,203.84,,02-May-2024,05/09/2024 14:36,False,,5.0,completed
GH-ORD-001939,GH-CUST-00495,GH,GHS,570.77,570.77,Toys,13-May-2023,08-Jun-2023,False,,4.0,completed
GH-ORD-001940,GH-CUST-00152,GH,GHS,119.31,119.31,Toys,30.06.2023,06.07.2023,False,,4.0,completed
GH-ORD-001941,GH-CUST-00386,GH,GHS,178.81,178.81,Grocery,10/27/2024 00:00,11/22/2024 07:24,False,,4.0,completed
GH-ORD-001942,GH-CUST-00255,GH,GHS,365.81,365.81,,09-Aug-2023,21.08.2023,False,,3.0,completed
GH-ORD-001943,GH-CUST-00498,GH,GHS,429.25,429.25,Health,21-Sep-2025,09/26/2025 05:13,False,,3.0,completed
GH-ORD-001944,GH-CUST-00347,GH,GHS,365.14,365.14,Health,24-Feb-2024,2024-03-07 20:43:25,False,,4.0,completed
GH-ORD-001945,GH-CUST-00498,GH,GHS,283.33,18.42,Electronics,08/19/2023 00:00,,False,,,completed
GH-ORD-001946,GH-CUST-00146,GH,GHS,301.83,301.83,Books,19.06.2023,22.06.2023,False,,,completed
GH-ORD-001947,GH-CUST-00307,GH,GHS,81.18,5.28,,09/27/2025 00:00,,False,,,completed
GH-ORD-001948,GH-CUST-00051,GH,GHS,292.78,292.78,Sports,26-Jul-2023,03-Aug-2023,False,,4.0,completed
GH-ORD-001949,GH-CUST-00190,GH,GHS,245.52,15.96,,04/20/2024 00:00,2024-04-30 06:02:45,False,,4.0,completed
GH-ORD-001950,GH-CUST-00121,GH,GHS,571.74,571.74,Home & Kitchen,26-Feb-2024,03/05/2024 07:44,False,,5.0,completed
GH-ORD-001951,GH-CUST-00132,GH,GHS,336.32,336.32,Health,04/30/2025 00:00,07.05.2025,False,,3.0,completed
GH-ORD-001952,GH-CUST-00172,GH,GHS,49.14,49.14,Fashion,15.11.2023,,False,,,completed
GH-ORD-001953,GH-CUST-00564,GH,GHS,139.26,139.26,Sports,12.10.2025,21-Oct-2025,False,,3.0,completed
GH-ORD-001954,GH-CUST-00588-DUP,GH,GHS,309.91,309.91,Beauty,27-May-2023,09.06.2023,False,,4.0,completed
GH-ORD-001955,GH-CUST-00482,GH,GHS,612.67,612.67,Health,02/03/2023 00:00,06.02.2023,False,,4.0,completed
GH-ORD-001956,GH-CUST-00210,GH,GHS,193.71,193.71,Toys,17.03.2024,28.03.2024,False,,2.0,completed
GH-ORD-001957,GH-CUST-00091,GH,GHS,49.1,49.1,Sports,05/07/2023 00:00,2023-05-14 13:41:40,False,,5.0,completed
GH-ORD-001958,GH-CUST-00138,GH,GHS,316.13,316.13,Beauty,04/10/2024 00:00,04/12/2024 14:15,False,,3.0,completed
GH-ORD-001959,GH-CUST-00190,GH,GHS,547.68,547.68,Sports,03.10.2023,2023-10-08 12:22:15,False,,3.0,completed
GH-ORD-001960,GH-CUST-00421,GH,GHS,516.38,516.38,Electronics,04.08.2023,,False,,,completed
GH-ORD-001961,GH-CUST-00113,GH,GHS,483.85,483.85,Electronics,2024-07-01 00:00:00,05-Jul-2024,False,,2.0,completed
GH-ORD-001962,GH-CUST-00590,GH,GHS,301.31,301.31,Sports,2023-03-17 00:00:00,2023-03-26 08:10:19,False,,4.0,completed
GH-ORD-001963,GH-CUST-00426,GH,GHS,516.51,516.51,Home & Kitchen,08-Feb-2025,09.02.2025,False,,4.0,completed
GH-ORD-001964,GH-CUST-00338,GH,GHS,104.54,104.54,Books,11-Jun-2023,,False,,,completed
GH-ORD-001965,GH-CUST-00096,GH,GHS,204.01,204.01,Fashion,27.06.2023,2023-07-01 17:51:31,False,,3.0,completed
GH-ORD-001966,GH-CUST-00283,GH,GHS,48.7,48.7,Health,02-Oct-2023,10/10/2023 03:52,False,,3.0,completed
GH-ORD-001967,GH-CUST-00585,GH,GHS,405.81,405.81,Toys,2023-12-09 00:00:00,19-Dec-2023,False,,5.0,completed
GH-ORD-001968,GH-CUST-00486,GH,GHS,338.61,338.61,Grocery,12/07/2023 00:00,17-Dec-2023,False,,5.0,completed
GH-ORD-001969,GH-CUST-00294,GH,GHS,179.57,179.57,Beauty,2023-01-21 00:00:00,2023-01-23 01:07:37,True,02/27/2023 00:00,4.0,completed
GH-ORD-001970,GH-CUST-00511,GH,GHS,52.38,52.38,Toys,05.07.2024,22.07.2024,False,,5.0,completed
GH-ORD-001971,GH-CUST-00266,GH,GHS,626.24,626.24,Automotive,11/18/2023 00:00,13.12.2023,False,,4.0,cancelled
GH-ORD-001972,GH-CUST-00168,GH,GHS,206.48,13.42,Books,05/29/2023 00:00,06/09/2023 12:45,False,,3.0,completed
GH-ORD-001973,GH-CUST-00023,GH,GHS,3.0,3.0,Beauty,2025-11-04 00:00:00,08.11.2025,False,,2.0,completed
GH-ORD-001974,GH-CUST-00417,GH,GHS,516.47,516.47,Health,02.10.2024,17.10.2024,True,29-Oct-2024,2.0,completed
GH-ORD-001975,GH-CUST-00515,GH,GHS,486.67,31.63,Fashion,08/06/2025 00:00,08/17/2025 19:19,False,,2.0,completed
GH-ORD-001976,GH-CUST-00486,GH,GHS,217.56,217.56,Automotive,22.07.2024,09.08.2024,False,,,completed
GH-ORD-001977,GH-CUST-00274,GH,GHS,399.68,399.68,Automotive,2023-12-18 00:00:00,12/26/2023 02:02,False,,4.0,completed
GH-ORD-001978,GH-CUST-00485,GH,GHS,170.25,170.25,,2023-01-21 00:00:00,30-Jan-2023,False,,,completed
GH-ORD-001979,GH-CUST-00117,GH,GHS,245.31,245.31,Sports,04-Jun-2025,09.06.2025,False,,4.0,completed
GH-ORD-001980,GH-CUST-00594,GH,GHS,605.77,605.77,Automotive,12/07/2025 00:00,13-Dec-2025,False,,3.0,completed
GH-ORD-001981,GH-CUST-00204,GH,GHS,373.35,373.35,Books,2025-10-21 00:00:00,10/28/2025 10:13,False,,2.0,completed
GH-ORD-001982,GH-CUST-00122,GH,GHS,637.04,637.04,Electronics,2025-04-04 00:00:00,10.04.2025,False,,3.0,completed
GH-ORD-001983,GH-CUST-00583,GH,GHS,305.57,305.57,Sports,25.01.2025,02/08/2025 22:05,False,,2.0,completed
GH-ORD-001984,GH-CUST-00530,GH,GHS,324.16,324.16,Electronics,19-Mar-2023,,False,,,completed
GH-ORD-001985,GH-CUST-00240,GH,GHS,300.6,300.6,Grocery,04/16/2023 00:00,19-Apr-2023,False,,3.0,completed
GH-ORD-001986,GH-CUST-00234,GH,GHS,313.1,313.1,Books,09/30/2023 00:00,2023-10-13 07:45:25,False,,3.0,completed
GH-ORD-001987,GH-CUST-00543,GH,GHS,412.26,412.26,Home & Kitchen,10/25/2023 00:00,2023-11-02 06:12:16,False,,2.0,completed
GH-ORD-001988,GH-CUST-00428,GH,GHS,202.75,202.75,Home & Kitchen,2023-06-13 00:00:00,06/26/2023 18:03,False,,4.0,completed
GH-ORD-001989,GH-CUST-00137,GH,GHS,326.37,326.37,Books,07/08/2024 00:00,07/17/2024 02:41,False,,5.0,completed
GH-ORD-001990,GH-CUST-00077-DUP,GH,GHS,182.36,182.36,Health,2024-08-18 00:00:00,2024-08-28 18:04:31,False,,3.0,completed
GH-ORD-001991,GH-CUST-00497,GH,GHS,597.32,597.32,Beauty,08.09.2023,,False,,,cancelled
GH-ORD-001992,GH-CUST-00543,GH,GHS,138.82,138.82,Fashion,2024-02-01 00:00:00,11-Feb-2024,False,,4.0,completed
GH-ORD-001993,GH-CUST-00099,GH,GHS,332.3,332.3,Grocery,08-Jan-2025,16.01.2025,False,,3.0,completed
GH-ORD-001994,GH-CUST-00251,GH,GHS,538.14,538.14,Automotive,28-Nov-2024,2024-12-23 13:46:48,False,,5.0,completed
GH-ORD-001995,GH-CUST-00227,GH,GHS,195.47,195.47,Health,25.02.2023,03/06/2023 15:59,False,,,completed
GH-ORD-001996,GH-CUST-00300,GH,GHS,311.58,20.25,Beauty,01/08/2025 00:00,20.01.2025,False,,5.0,cancelled
GH-ORD-001997,GH-CUST-00456,GH,GHS,310.89,310.89,Home & Kitchen,2023-12-22 00:00:00,12/23/2023 22:16,False,,5.0,completed
GH-ORD-001998,GH-CUST-00163,GH,GHS,368.96,368.96,Fashion,02/15/2023 00:00,2023-03-04 13:35:24,False,,,completed
GH-ORD-001999,GH-CUST-00343,GH,GHS,345.05,345.05,Beauty,16-Sep-2024,17.09.2024,False,,5.0,completed
GH-ORD-001021-REORDER,GH-CUST-00347,GH,GHS,51.32,51.32,,11-Apr-2023,2023-05-05 07:10:05,False,,5.0,completed
GH-ORD-000562-REORDER,GH-CUST-00273,GH,GHS,358.97,358.97,Health,2025-06-19 00:00:00,,False,,,completed
GH-ORD-000314-REORDER,GH-CUST-00199,GH,GHS,196.4,196.4,Fashion,22.06.2024,24.06.2024,False,,3.0,completed
GH-ORD-001118-REORDER,GH-CUST-00224,GH,GHS,568.71,568.71,Fashion,04-Jul-2025,11.07.2025,False,,3.0,completed
GH-ORD-000071-REORDER,GH-CUST-00463,GH,GHS,240.47,240.47,Books,06.06.2023,09.06.2023,False,,3.0,completed
GH-ORD-001971-REORDER,GH-CUST-00266,GH,GHS,626.24,626.24,Automotive,11/18/2023 00:00,13.12.2023,False,,4.0,completed
GH-ORD-000796-REORDER,GH-CUST-00091,GH,GHS,440.53,440.53,Books,28.12.2023,2024-01-10 01:29:24,False,,4.0,completed
GH-ORD-001132-REORDER,GH-CUST-00523,GH,GHS,340.74,340.74,Books,04/02/2023 00:00,06-Apr-2023,False,,4.0,completed
GH-ORD-001301-REORDER,GH-CUST-00182,GH,GHS,241.68,241.68,Toys,15.03.2024,03/22/2024 20:21,False,,,completed
GH-ORD-000231-REORDER,GH-CUST-00317,GH,GHS,477.67,477.67,Books,20-Jun-2023,28.06.2023,False,,5.0,completed
GH-ORD-001122-REORDER,GH-CUST-00251,GH,GHS,439.04,439.04,Fashion,06-Oct-2025,14.10.2025,False,,3.0,completed
GH-ORD-000520-REORDER,GH-CUST-00475,GH,GHS,278.77,278.77,Automotive,13-Mar-2023,2023-03-16 12:19:19,False,,2.0,completed
GH-ORD-000679-REORDER,GH-CUST-00501,GH,GHS,452.55,452.55,Fashion,12/29/2025 00:00,01/02/2026 00:12,False,,3.0,completed
GH-ORD-000349-REORDER,GH-CUST-00505,GH,GHS,363.28,363.28,Sports,06/26/2023 00:00,2023-07-08 22:39:01,False,,2.0,completed
GH-ORD-000594-REORDER,GH-CUST-00203,GH,GHS,241.05,241.05,Sports,07/24/2024 00:00,08/01/2024 11:03,False,,5.0,completed
GH-ORD-001712-REORDER,GH-CUST-00485,GH,GHS,313.04,313.04,Automotive,09/27/2024 00:00,05.10.2024,False,,4.0,completed
