order_id,region,channel
US-ORD-000000,US,organic
US-ORD-000001,US,referral
US-ORD-000002,US,social
US-ORD-000003,US,social
US-ORD-000004,US,paid_search
US-ORD-000005,US,paid_search
US-ORD-000006,US,paid_search
US-ORD-000007,US,email
US-ORD-000008,US,social
US-ORD-000009,US,social
US-ORD-000010,US,paid_search
US-ORD-000011,US,referral
US-ORD-000012,US,email
US-ORD-000013,US,paid_search
US-ORD-000014,US,paid_search
US-ORD-000015,US,paid_search
US-ORD-000016,US,organic
US-ORD-000017,US,organic
US-ORD-000018,US,organic
US-ORD-000019,US,organic
US-ORD-000020,US,social
US-ORD-000021,US,paid_search
US-ORD-000022,US,organic
US-ORD-000023,US,organic
US-ORD-000024,US,organic
US-ORD-000025,US,email
US-ORD-000026,US,paid_search
US-ORD-000027,US,organic
US-ORD-000028,US,social
US-ORD-000029,US,paid_search
US-ORD-000030,US,social
US-ORD-000031,US,paid_search
US-ORD-000032,US,paid_search
US-ORD-000033,US,referral
US-ORD-000034,US,referral
US-ORD-000035,US,email
US-ORD-000036,US,organic
US-ORD-000037,US,paid_search
US-ORD-000038,US,social
US-ORD-000039,US,organic
US-ORD-000040,US,paid_search
US-ORD-000041,US,organic
US-ORD-000042,US,paid_search
US-ORD-000043,US,referral
US-ORD-000044,US,organic
US-ORD-000045,US,social
US-ORD-000046,US,organic
US-ORD-000047,US,organic
US-ORD-000048,US,organic
US-ORD-000049,US,paid_search
US-ORD-000050,US,referral
US-ORD-000051,US,email
US-ORD-000052,US,referral
US-ORD-000053,US,email
US-ORD-000054,US,social
US-ORD-000055,US,referral
US-ORD-000056,US,paid_search
US-ORD-000057,US,paid_search
US-ORD-000058,US,paid_search
US-ORD-000059,US,organic
US-ORD-000060,US,organic
US-ORD-000061,US,organic
US-ORD-000062,US,email
US-ORD-000063,US,organic
US-ORD-000064,US,organic
US-ORD-000065,US,organic
US-ORD-000066,US,paid_search
US-ORD-000067,US,email
US-ORD-000068,US,paid_search
US-ORD-000069,US,referral
US-ORD-000070,US,email
US-ORD-000071,US,paid_search
US-ORD-000072,US,paid_search
US-ORD-000073,US,email
US-ORD-000074,US,social
US-ORD-000075,US,social
US-ORD-000076,US,email
US-ORD-000077,US,paid_search
US-ORD-000078,US,organic
US-ORD-000079,US,paid_search
US-ORD-000080,US,email
US-ORD-000081,US,social
US-ORD-000082,US,organic
US-ORD-000083,US,paid_search
US-ORD-000084,US,organic
US-ORD-000085,US,organic
US-ORD-000086,US,social
US-ORD-000087,US,social
US-ORD-000088,US,email
US-ORD-000089,US,organic
US-ORD-000090,US,paid_search
US-ORD-000091,US,social
US-ORD-000092,US,email
US-ORD-000093,US,social
US-ORD-000094,US,email
US-ORD-000095,US,organic
US-ORD-000096,US,organic
US-ORD-000097,US,organic
US-ORD-000098,US,paid_search
US-ORD-000099,US,paid_search
US-ORD-000100,US,paid_search
US-ORD-000101,US,social
US-ORD-000102,US,organic
US-ORD-000103,US,organic
US-ORD-000104,US,referral
US-ORD-000105,US,paid_search
US-ORD-000106,US,organic
US-ORD-000107,US,email
US-ORD-000108,US,paid_search
US-ORD-000109,US,paid_search
US-ORD-000110,US,organic
US-ORD-000111,US,paid_search
US-ORD-000112,US,referral
US-ORD-000113,US,email
US-ORD-000114,US,social
US-ORD-000115,US,email
US-ORD-000116,US,email
US-ORD-000117,US,paid_search
US-ORD-000118,US,email
US-ORD-000119,US,organic
US-ORD-000120,US,email
US-ORD-000121,US,email
US-ORD-000122,US,organic
US-ORD-000123,US,paid_search
US-ORD-000124,US,paid_search
US-ORD-000125,US,organic
US-ORD-000126,US,email
US-ORD-000127,US,email
US-ORD-000128,US,paid_search
US-ORD-000129,US,organic
US-ORD-000130,US,organic
US-ORD-000131,US,paid_search
US-ORD-000132,US,paid_search
US-ORD-000133,US,organic
US-ORD-000134,US,referral
US-ORD-000135,US,organic
US-ORD-000136,US,organic
US-ORD-000137,US,social
US-ORD-000138,US,organic
US-ORD-000139,US,referral
US-ORD-000140,US,referral
US-ORD-000141,US,organic
US-ORD-000142,US,organic
US-ORD-000143,US,organic
US-ORD-000144,US,organic
US-ORD-000145,US,paid_search
US-ORD-000146,US,social
US-ORD-000147,US,organic
US-ORD-000148,US,paid_search
US-ORD-000149,US,organic
US-ORD-000150,US,referral
US-ORD-000151,US,paid_search
US-ORD-000152,US,paid_search
US-ORD-000153,US,organic
US-ORD-000154,US,referral
US-ORD-000155,US,paid_search
US-ORD-000156,US,social
US-ORD-000157,US,email
US-ORD-000158,US,paid_search
US-ORD-000159,US,social
US-ORD-000160,US,organic
US-ORD-000161,US,social
US-ORD-000162,US,social
US-ORD-000163,US,organic
US-ORD-000164,US,paid_search
US-ORD-000165,US,email
US-ORD-000166,US,organic
US-ORD-000167,US,paid_search
US-ORD-000168,US,paid_search
US-ORD-000169,US,social
US-ORD-000170,US,social
US-ORD-000171,US,paid_search
US-ORD-000172,US,organic
US-ORD-000173,US,paid_search
US-ORD-000174,US,social
US-ORD-000175,US,paid_search
US-ORD-000176,US,social
US-ORD-000177,US,organic
US-ORD-000178,US,referral
US-ORD-000179,US,paid_search
US-ORD-000180,US,organic
US-ORD-000181,US,paid_search
US-ORD-000182,US,referral
US-ORD-000183,US,email
US-ORD-000184,US,organic
US-ORD-000185,US,social
US-ORD-000186,US,email
US-ORD-000187,US,social
US-ORD-000188,US,organic
US-ORD-000189,US,paid_search
US-ORD-000190,US,paid_search
US-ORD-000191,US,email
US-ORD-000192,US,referral
US-ORD-000193,US,social
US-ORD-000194,US,organic
US-ORD-000195,US,organic
US-ORD-000196,US,social
US-ORD-000197,US,email
US-ORD-000198,US,email
US-ORD-000199,US,email
US-ORD-000200,US,social
US-ORD-000201,US,paid_search
US-ORD-000202,US,paid_search
US-ORD-000203,US,email
US-ORD-000204,US,social
US-ORD-000205,US,paid_search
US-ORD-000206,US,paid_search
US-ORD-000207,US,social
US-ORD-000208,US,paid_search
US-ORD-000209,US,paid_search
US-ORD-000210,US,organic
US-ORD-000211,US,social
US-ORD-000212,US,social
US-ORD-000213,US,paid_search
US-ORD-000214,US,social
US-ORD-000215,US,paid_search
US-ORD-000216,US,organic
US-ORD-000217,US,social
US-ORD-000218,US,social
US-ORD-000219,US,email
US-ORD-000220,US,social
US-ORD-000221,US,social
US-ORD-000222,US,paid_search
US-ORD-000223,US,organic
US-ORD-000224,US,organic
US-ORD-000225,US,paid_search
US-ORD-000226,US,referral
US-ORD-000227,US,organic
US-ORD-000228,US,email
US-ORD-000229,US,social
US-ORD-000230,US,email
US-ORD-000231,US,organic
US-ORD-000232,US,social
US-ORD-000233,US,organic
US-ORD-000234,US,paid_search
US-ORD-000235,US,social
US-ORD-000236,US,organic
US-ORD-000237,US,paid_search
US-ORD-000238,US,social
US-ORD-000239,US,paid_search
US-ORD-000240,US,referral
US-ORD-000241,US,referral
US-ORD-000242,US,referral
US-ORD-000243,US,organic
US-ORD-000244,US,paid_search
US-ORD-000245,US,referral
US-ORD-000246,US,organic
US-ORD-000247,US,referral
US-ORD-000248,US,referral
US-ORD-000249,US,email
US-ORD-000250,US,organic
US-ORD-000251,US,organic
US-ORD-000252,US,email
US-ORD-000253,US,organic
US-ORD-000254,US,paid_search
US-ORD-000255,US,social
US-ORD-000256,US,referral
US-ORD-000257,US,social
US-ORD-000258,US,social
US-ORD-000259,US,paid_search
US-ORD-000260,US,social
US-ORD-000261,US,referral
US-ORD-000262,US,paid_search
US-ORD-000263,US,organic
US-ORD-000264,US,email
US-ORD-000265,US,social
US-ORD-000266,US,social
US-ORD-000267,US,social
US-ORD-000268,US,organic
US-ORD-000269,US,organic
US-ORD-000270,US,email
US-ORD-000271,US,email
US-ORD-000272,US,email
US-ORD-000273,US,referral
US-ORD-000274,US,organic
US-ORD-000275,US,organic
US-ORD-000276,US,email
US-ORD-000277,US,social
US-ORD-000278,US,social
US-ORD-000279,US,email
US-ORD-000280,US,email
US-ORD-000281,US,organic
US-ORD-000282,US,organic
US-ORD-000283,US,paid_search
US-ORD-000284,US,social
US-ORD-000285,US,paid_search
US-ORD-000286,US,organic
US-ORD-000287,US,organic
US-ORD-000288,US,organic
US-ORD-000289,US,social
US-ORD-000290,US,paid_search
US-ORD-000291,US,paid_search
US-ORD-000292,US,email
US-ORD-000293,US,organic
US-ORD-000294,US,paid_search
US-ORD-000295,US,organic
US-ORD-000296,US,email
US-ORD-000297,US,paid_search
US-ORD-000298,US,social
US-ORD-000299,US,paid_search
US-ORD-000300,US,paid_search
US-ORD-000301,US,organic
US-ORD-000302,US,organic
US-ORD-000303,US,social
US-ORD-000304,US,social
US-ORD-000305,US,referral
US-ORD-000306,US,organic
US-ORD-000307,US,organic
US-ORD-000308,US,email
US-ORD-000309,US,organic
US-ORD-000310,US,organic
US-ORD-000311,US,paid_search
US-ORD-000312,US,paid_search
US-ORD-000313,US,referral
US-ORD-000314,US,email
US-ORD-000315,US,social
US-ORD-000316,US,organic
US-ORD-000317,US,paid_search
US-ORD-000318,US,paid_search
US-ORD-000319,US,organic
US-ORD-000320,US,organic
US-ORD-000321,US,social
US-ORD-000322,US,social
US-ORD-000323,US,organic
US-ORD-000324,US,referral
US-ORD-000325,US,social
US-ORD-000326,US,social
US-ORD-000327,US,social
US-ORD-000328,US,organic
US-ORD-000329,US,paid_search
US-ORD-000330,US,organic
US-ORD-000331,US,email
US-ORD-000332,US,paid_search
US-ORD-000333,US,paid_search
US-ORD-000334,US,paid_search
US-ORD-000335,US,paid_search
US-ORD-000336,US,email
US-ORD-000337,US,social
US-ORD-000338,US,organic
US-ORD-000339,US,paid_search
US-ORD-000340,US,organic
US-ORD-000341,US,organic
US-ORD-000342,US,paid_search
US-ORD-000343,US,organic
US-ORD-000344,US,organic
US-ORD-000345,US,social
US-ORD-000346,US,social
US-ORD-000347,US,paid_search
US-ORD-000348,US,organic
US-ORD-000349,US,social
US-ORD-000350,US,organic
US-ORD-000351,US,email
US-ORD-000352,US,social
US-ORD-000353,US,paid_search
US-ORD-000354,US,paid_search
US-ORD-000355,US,social
US-ORD-000356,US,paid_search
US-ORD-000357,US,social
US-ORD-000358,US,referral
US-ORD-000359,US,social
US-ORD-000360,US,organic
US-ORD-000361,US,social
US-ORD-000362,US,organic
US-ORD-000363,US,organic
US-ORD-000364,US,referral
US-ORD-000365,US,organic
US-ORD-000366,US,referral
US-ORD-000367,US,referral
US-ORD-000368,US,paid_search
US-ORD-000369,US,paid_search
US-ORD-000370,US,paid_search
US-ORD-000371,US,paid_search
US-ORD-000372,US,paid_search
US-ORD-000373,US,social
US-ORD-000374,US,paid_search
US-ORD-000375,US,organic
US-ORD-000376,US,email
US-ORD-000377,US,paid_search
US-ORD-000378,US,email
US-ORD-000379,US,organic
US-ORD-000380,US,paid_search
US-ORD-000381,US,social
US-ORD-000382,US,social
US-ORD-000383,US,email
US-ORD-000384,US,social
US-ORD-000385,US,email
US-ORD-000386,US,organic
US-ORD-000387,US,paid_search
US-ORD-000388,US,email
US-ORD-000389,US,email
US-ORD-000390,US,referral
US-ORD-000391,US,organic
US-ORD-000392,US,organic
US-ORD-000393,US,email
US-ORD-000394,US,organic
US-ORD-000395,US,referral
US-ORD-000396,US,email
US-ORD-000397,US,organic
US-ORD-000398,US,email
US-ORD-000399,US,email
US-ORD-000400,US,paid_search
US-ORD-000401,US,referral
US-ORD-000402,US,organic
US-ORD-000403,US,email
US-ORD-000404,US,organic
US-ORD-000405,US,email
US-ORD-000406,US,organic
US-ORD-000407,US,paid_search
US-ORD-000408,US,referral
US-ORD-000409,US,paid_search
US-ORD-000410,US,organic
US-ORD-000411,US,referral
US-ORD-000412,US,referral
US-ORD-000413,US,social
US-ORD-000414,US,social
US-ORD-000415,US,organic
US-ORD-000416,US,organic
US-ORD-000417,US,organic
US-ORD-000418,US,social
US-ORD-000419,US,email
US-ORD-000420,US,email
US-ORD-000421,US,email
US-ORD-000422,US,paid_search
US-ORD-000423,US,organic
US-ORD-000424,US,paid_search
US-ORD-000425,US,organic
US-ORD-000426,US,organic
US-ORD-000427,US,email
US-ORD-000428,US,organic
US-ORD-000429,US,paid_search
US-ORD-000430,US,paid_search
US-ORD-000431,US,email
US-ORD-000432,US,social
US-ORD-000433,US,paid_search
US-ORD-000434,US,paid_search
US-ORD-000435,US,social
US-ORD-000436,US,paid_search
US-ORD-000437,US,email
US-ORD-000438,US,social
US-ORD-000439,US,paid_search
US-ORD-000440,US,paid_search
US-ORD-000441,US,referral
US-ORD-000442,US,organic
US-ORD-000443,US,organic
US-ORD-000444,US,email
US-ORD-000445,US,referral
US-ORD-000446,US,referral
US-ORD-000447,US,email
US-ORD-000448,US,organic
US-ORD-000449,US,paid_search
US-ORD-000450,US,email
US-ORD-000451,US,social
US-ORD-000452,US,organic
US-ORD-000453,US,referral
US-ORD-000454,US,paid_search
US-ORD-000455,US,organic
US-ORD-000456,US,paid_search
US-ORD-000457,US,organic
US-ORD-000458,US,paid_search
US-ORD-000459,US,paid_search
US-ORD-000460,US,paid_search
US-ORD-000461,US,social
US-ORD-000462,US,social
US-ORD-000463,US,social
US-ORD-000464,US,referral
US-ORD-000465,US,organic
US-ORD-000466,US,organic
US-ORD-000467,US,email
US-ORD-000468,US,paid_search
US-ORD-000469,US,referral
US-ORD-000470,US,paid_search
US-ORD-000471,US,referral
US-ORD-000472,US,paid_search
US-ORD-000473,US,email
US-ORD-000474,US,organic
US-ORD-000475,US,referral
US-ORD-000476,US,paid_search
US-ORD-000477,US,social
US-ORD-000478,US,referral
US-ORD-000479,US,organic
US-ORD-000480,US,social
US-ORD-000481,US,social
US-ORD-000482,US,organic
US-ORD-000483,US,social
US-ORD-000484,US,social
US-ORD-000485,US,referral
US-ORD-000486,US,paid_search
US-ORD-000487,US,organic
US-ORD-000488,US,referral
US-ORD-000489,US,email
US-ORD-000490,US,organic
US-ORD-000491,US,social
US-ORD-000492,US,organic
US-ORD-000493,US,paid_search
US-ORD-000494,US,organic
US-ORD-000495,US,organic
US-ORD-000496,US,social
US-ORD-000497,US,paid_search
US-ORD-000498,US,referral
US-ORD-000499,US,referral
US-ORD-000500,US,social
US-ORD-000501,US,organic
US-ORD-000502,US,organic
US-ORD-000503,US,email
US-ORD-000504,US,social
US-ORD-000505,US,paid_search
US-ORD-000506,US,referral
US-ORD-000507,US,email
US-ORD-000508,US,referral
US-ORD-000509,US,social
US-ORD-000510,US,social
US-ORD-000511,US,organic
US-ORD-000512,US,referral
US-ORD-000513,US,email
US-ORD-000514,US,paid_search
US-ORD-000515,US,paid_search
US-ORD-000516,US,organic
US-ORD-000517,US,email
US-ORD-000518,US,referral
US-ORD-000519,US,paid_search
US-ORD-000520,US,social
US-ORD-000521,US,organic
US-ORD-000522,US,referral
US-ORD-000523,US,email
US-ORD-000524,US,email
US-ORD-000525,US,organic
US-ORD-000526,US,organic
US-ORD-000527,US,organic
US-ORD-000528,US,paid_search
US-ORD-000529,US,email
US-ORD-000530,US,email
US-ORD-000531,US,referral
US-ORD-000532,US,referral
US-ORD-000533,US,social
US-ORD-000534,US,email
US-ORD-000535,US,referral
US-ORD-000536,US,email
US-ORD-000537,US,paid_search
US-ORD-000538,US,organic
US-ORD-000539,US,paid_search
US-ORD-000540,US,referral
US-ORD-000541,US,social
US-ORD-000542,US,paid_search
US-ORD-000543,US,social
US-ORD-000544,US,social
US-ORD-000545,US,organic
US-ORD-000546,US,paid_search
US-ORD-000547,US,social
US-ORD-000548,US,organic
US-ORD-000549,US,email
US-ORD-000550,US,organic
US-ORD-000551,US,email
US-ORD-000552,US,social
US-ORD-000553,US,social
US-ORD-000554,US,email
US-ORD-000555,US,organic
US-ORD-000556,US,paid_search
US-ORD-000557,US,paid_search
US-ORD-000558,US,email
US-ORD-000559,US,social
US-ORD-000560,US,social
US-ORD-000561,US,paid_search
US-ORD-000562,US,paid_search
US-ORD-000563,US,paid_search
US-ORD-000564,US,organic
US-ORD-000565,US,social
US-ORD-000566,US,organic
US-ORD-000567,US,organic
US-ORD-000568,US,referral
US-ORD-000569,US,organic
US-ORD-000570,US,organic
US-ORD-000571,US,email
US-ORD-000572,US,organic
US-ORD-000573,US,social
US-ORD-000574,US,email
US-ORD-000575,US,referral
US-ORD-000576,US,paid_search
US-ORD-000577,US,referral
US-ORD-000578,US,organic
US-ORD-000579,US,organic
US-ORD-000580,US,organic
US-ORD-000581,US,referral
US-ORD-000582,US,organic
US-ORD-000583,US,organic
US-ORD-000584,US,social
US-ORD-000585,US,paid_search
US-ORD-000586,US,paid_search
US-ORD-000587,US,paid_search
US-ORD-000588,US,paid_search
US-ORD-000589,US,paid_search
US-ORD-000590,US,paid_search
US-ORD-000591,US,social
US-ORD-000592,US,paid_search
US-ORD-000593,US,organic
US-ORD-000594,US,email
US-ORD-000595,US,organic
US-ORD-000596,US,social
US-ORD-000597,US,paid_search
US-ORD-000598,US,paid_search
US-ORD-000599,US,paid_search
US-ORD-000600,US,paid_search
US-ORD-000601,US,organic
US-ORD-000602,US,paid_search
US-ORD-000603,US,paid_search
US-ORD-000604,US,paid_search
US-ORD-000605,US,organic
US-ORD-000606,US,paid_search
US-ORD-000607,US,organic
US-ORD-000608,US,organic
US-ORD-000609,US,social
US-ORD-000610,US,paid_search
US-ORD-000611,US,email
US-ORD-000612,US,social
US-ORD-000613,US,paid_search
US-ORD-000614,US,email
US-ORD-000615,US,referral
US-ORD-000616,US,paid_search
US-ORD-000617,US,organic
US-ORD-000618,US,email
US-ORD-000619,US,social
US-ORD-000620,US,paid_search
US-ORD-000621,US,paid_search
US-ORD-000622,US,organic
US-ORD-000623,US,organic
US-ORD-000624,US,social
US-ORD-000625,US,organic
US-ORD-000626,US,organic
US-ORD-000627,US,social
US-ORD-000628,US,paid_search
US-ORD-000629,US,organic
US-ORD-000630,US,social
US-ORD-000631,US,email
US-ORD-000632,US,organic
US-ORD-000633,US,organic
US-ORD-000634,US,paid_search
US-ORD-000635,US,organic
US-ORD-000636,US,organic
US-ORD-000637,US,paid_search
US-ORD-000638,US,organic
US-ORD-000639,US,organic
US-ORD-000640,US,paid_search
US-ORD-000641,US,organic
US-ORD-000642,US,paid_search
US-ORD-000643,US,organic
US-ORD-000644,US,paid_search
US-ORD-000645,US,email
US-ORD-000646,US,social
US-ORD-000647,US,social
US-ORD-000648,US,email
US-ORD-000649,US,organic
US-ORD-000650,US,paid_search
US-ORD-000651,US,organic
US-ORD-000652,US,social
US-ORD-000653,US,social
US-ORD-000654,US,organic
US-ORD-000655,US,paid_search
US-ORD-000656,US,organic
US-ORD-000657,US,organic
US-ORD-000658,US,social
US-ORD-000659,US,social
US-ORD-000660,US,organic
US-ORD-000661,US,referral
US-ORD-000662,US,social
US-ORD-000663,US,paid_search
US-ORD-000664,US,paid_search
US-ORD-000665,US,paid_search
US-ORD-000666,US,paid_search
US-ORD-000667,US,paid_search
US-ORD-000668,US,paid_search
US-ORD-000669,US,organic
US-ORD-000670,US,paid_search
US-ORD-000671,US,email
US-ORD-000672,US,paid_search
US-ORD-000673,US,organic
US-ORD-000674,US,organic
US-ORD-000675,US,referral
US-ORD-000676,US,paid_search
US-ORD-000677,US,organic
US-ORD-000678,US,referral
US-ORD-000679,US,email
US-ORD-000680,US,email
US-ORD-000681,US,organic
US-ORD-000682,US,paid_search
US-ORD-000683,US,social
US-ORD-000684,US,referral
US-ORD-000685,US,social
US-ORD-000686,US,social
US-ORD-000687,US,organic
US-ORD-000688,US,email
US-ORD-000689,US,paid_search
US-ORD-000690,US,organic
US-ORD-000691,US,organic
US-ORD-000692,US,organic
US-ORD-000693,US,paid_search
US-ORD-000694,US,paid_search
US-ORD-000695,US,social
US-ORD-000696,US,organic
US-ORD-000697,US,social
US-ORD-000698,US,paid_search
US-ORD-000699,US,organic
US-ORD-000700,US,organic
US-ORD-000701,US,paid_search
US-ORD-000702,US,organic
US-ORD-000703,US,paid_search
US-ORD-000704,US,paid_search
US-ORD-000705,US,referral
US-ORD-000706,US,organic
US-ORD-000707,US,email
US-ORD-000708,US,organic
US-ORD-000709,US,social
US-ORD-000710,US,email
US-ORD-000711,US,social
US-ORD-000712,US,organic
US-ORD-000713,US,organic
US-ORD-000714,US,organic
US-ORD-000715,US,referral
US-ORD-000716,US,email
US-ORD-000717,US,referral
US-ORD-000718,US,paid_search
US-ORD-000719,US,social
US-ORD-000720,US,referral
US-ORD-000721,US,paid_search
US-ORD-000722,US,paid_search
US-ORD-000723,US,social
US-ORD-000724,US,social
US-ORD-000725,US,email
US-ORD-000726,US,paid_search
US-ORD-000727,US,email
US-ORD-000728,US,paid_search
US-ORD-000729,US,paid_search
US-ORD-000730,US,paid_search
US-ORD-000731,US,email
US-ORD-000732,US,social
US-ORD-000733,US,organic
US-ORD-000734,US,organic
US-ORD-000735,US,email
US-ORD-000736,US,organic
US-ORD-000737,US,email
US-ORD-000738,US,organic
US-ORD-000739,US,organic
US-ORD-000740,US,organic
US-ORD-000741,US,organic
US-ORD-000742,US,social
US-ORD-000743,US,organic
US-ORD-000744,US,paid_search
US-ORD-000745,US,email
US-ORD-000746,US,organic
US-ORD-000747,US,organic
US-ORD-000748,US,referral
US-ORD-000749,US,social
US-ORD-000750,US,paid_search
US-ORD-000751,US,referral
US-ORD-000752,US,social
US-ORD-000753,US,organic
US-ORD-000754,US,paid_search
US-ORD-000755,US,email
US-ORD-000756,US,social
US-ORD-000757,US,organic
US-ORD-000758,US,email
US-ORD-000759,US,email
US-ORD-000760,US,paid_search
US-ORD-000761,US,organic
US-ORD-000762,US,paid_search
US-ORD-000763,US,social
US-ORD-000764,US,paid_search
US-ORD-000765,US,social
US-ORD-000766,US,email
US-ORD-000767,US,email
US-ORD-000768,US,organic
US-ORD-000769,US,email
US-ORD-000770,US,paid_search
US-ORD-000771,US,email
US-ORD-000772,US,paid_search
US-ORD-000773,US,organic
US-ORD-000774,US,email
US-ORD-000775,US,paid_search
US-ORD-000776,US,paid_search
US-ORD-000777,US,social
US-ORD-000778,US,social
US-ORD-000779,US,social
US-ORD-000780,US,social
US-ORD-000781,US,organic
US-ORD-000782,US,organic
US-ORD-000783,US,organic
US-ORD-000784,US,paid_search
US-ORD-000785,US,referral
US-ORD-000786,US,social
US-ORD-000787,US,organic
US-ORD-000788,US,organic
US-ORD-000789,US,referral
US-ORD-000790,US,paid_search
US-ORD-000791,US,social
US-ORD-000792,US,organic
US-ORD-000793,US,social
US-ORD-000794,US,paid_search
US-ORD-000795,US,email
US-ORD-000796,US,referral
US-ORD-000797,US,social
US-ORD-000798,US,social
US-ORD-000799,US,referral
US-ORD-000800,US,social
US-ORD-000801,US,paid_search
US-ORD-000802,US,social
US-ORD-000803,US,social
US-ORD-000804,US,organic
US-ORD-000805,US,social
US-ORD-000806,US,referral
US-ORD-000807,US,referral
US-ORD-000808,US,organic
US-ORD-000809,US,paid_search
US-ORD-000810,US,referral
US-ORD-000811,US,email
US-ORD-000812,US,paid_search
US-ORD-000813,US,referral
US-ORD-000814,US,email
US-ORD-000815,US,organic
US-ORD-000816,US,social
US-ORD-000817,US,organic
US-ORD-000818,US,paid_search
US-ORD-000819,US,organic
US-ORD-000820,US,email
US-ORD-000821,US,paid_search
US-ORD-000822,US,organic
US-ORD-000823,US,organic
US-ORD-000824,US,organic
US-ORD-000825,US,referral
US-ORD-000826,US,organic
US-ORD-000827,US,organic
US-ORD-000828,US,social
US-ORD-000829,US,organic
US-ORD-000830,US,paid_search
US-ORD-000831,US,organic
US-ORD-000832,US,paid_search
US-ORD-000833,US,paid_search
US-ORD-000834,US,organic
US-ORD-000835,US,organic
US-ORD-000836,US,referral
US-ORD-000837,US,organic
US-ORD-000838,US,social
US-ORD-000839,US,social
US-ORD-000840,US,paid_search
US-ORD-000841,US,social
US-ORD-000842,US,paid_search
US-ORD-000843,US,referral
US-ORD-000844,US,paid_search
US-ORD-000845,US,organic
US-ORD-000846,US,paid_search
US-ORD-000847,US,referral
US-ORD-000848,US,organic
US-ORD-000849,US,social
US-ORD-000850,US,paid_search
US-ORD-000851,US,social
US-ORD-000852,US,paid_search
US-ORD-000853,US,email
US-ORD-000854,US,paid_search
US-ORD-000855,US,paid_search
US-ORD-000856,US,paid_search
US-ORD-000857,US,organic
US-ORD-000858,US,social
US-ORD-000859,US,paid_search
US-ORD-000860,US,email
US-ORD-000861,US,organic
US-ORD-000862,US,organic
US-ORD-000863,US,organic
US-ORD-000864,US,organic
US-ORD-000865,US,social
US-ORD-000866,US,paid_search
US-ORD-000867,US,paid_search
US-ORD-000868,US,email
US-ORD-000869,US,referral
US-ORD-000870,US,organic
US-ORD-000871,US,organic
US-ORD-000872,US,social
US-ORD-000873,US,organic
US-ORD-000874,US,paid_search
US-ORD-000875,US,paid_search
US-ORD-000876,US,social
US-ORD-000877,US,social
US-ORD-000878,US,paid_search
US-ORD-000879,US,paid_search
US-ORD-000880,US,paid_search
US-ORD-000881,US,social
US-ORD-000882,US,paid_search
US-ORD-000883,US,paid_search
US-ORD-000884,US,email
US-ORD-000885,US,paid_search
US-ORD-000886,US,social
US-ORD-000887,US,paid_search
US-ORD-000888,US,paid_search
US-ORD-000889,US,paid_search
US-ORD-000890,US,social
US-ORD-000891,US,email
US-ORD-000892,US,email
US-ORD-000893,US,organic
US-ORD-000894,US,social
US-ORD-000895,US,paid_search
US-ORD-000896,US,organic
US-ORD-000897,US,email
US-ORD-000898,US,paid_search
US-ORD-000899,US,paid_search
US-ORD-000900,US,paid_search
US-ORD-000901,US,paid_search
US-ORD-000902,US,paid_search
US-ORD-000903,US,social
US-ORD-000904,US,organic
US-ORD-000905,US,email
US-ORD-000906,US,email
US-ORD-000907,US,organic
US-ORD-000908,US,organic
US-ORD-000909,US,organic
US-ORD-000910,US,social
US-ORD-000911,US,organic
US-ORD-000912,US,social
US-ORD-000913,US,organic
US-ORD-000914,US,social
US-ORD-000915,US,organic
US-ORD-000916,US,organic
US-ORD-000917,US,referral
US-ORD-000918,US,email
US-ORD-000919,US,paid_search
US-ORD-000920,US,email
US-ORD-000921,US,organic
US-ORD-000922,US,email
US-ORD-000923,US,email
US-ORD-000924,US,organic
US-ORD-000925,US,paid_search
US-ORD-000926,US,organic
US-ORD-000927,US,organic
US-ORD-000928,US,social
US-ORD-000929,US,organic
US-ORD-000930,US,paid_search
US-ORD-000931,US,email
US-ORD-000932,US,referral
US-ORD-000933,US,organic
US-ORD-000934,US,paid_search
US-ORD-000935,US,organic
US-ORD-000936,US,paid_search
US-ORD-000937,US,referral
US-ORD-000938,US,paid_search
US-ORD-000939,US,social
US-ORD-000940,US,organic
US-ORD-000941,US,social
US-ORD-000942,US,social
US-ORD-000943,US,email
US-ORD-000944,US,paid_search
US-ORD-000945,US,paid_search
US-ORD-000946,US,paid_search
US-ORD-000947,US,referral
US-ORD-000948,US,email
US-ORD-000949,US,social
US-ORD-000950,US,social
US-ORD-000951,US,social
US-ORD-000952,US,paid_search
US-ORD-000953,US,referral
US-ORD-000954,US,organic
US-ORD-000955,US,organic
US-ORD-000956,US,organic
US-ORD-000957,US,paid_search
US-ORD-000958,US,paid_search
US-ORD-000959,US,social
US-ORD-000960,US,paid_search
US-ORD-000961,US,social
US-ORD-000962,US,paid_search
US-ORD-000963,US,organic
US-ORD-000964,US,organic
US-ORD-000965,US,organic
US-ORD-000966,US,social
US-ORD-000967,US,organic
US-ORD-000968,US,social
US-ORD-000969,US,organic
US-ORD-000970,US,social
US-ORD-000971,US,referral
US-ORD-000972,US,social
US-ORD-000973,US,paid_search
US-ORD-000974,US,paid_search
US-ORD-000975,US,organic
US-ORD-000976,US,social
US-ORD-000977,US,paid_search
US-ORD-000978,US,organic
US-ORD-000979,US,social
US-ORD-000980,US,organic
US-ORD-000981,US,email
US-ORD-000982,US,paid_search
US-ORD-000983,US,paid_search
US-ORD-000984,US,social
US-ORD-000985,US,organic
US-ORD-000986,US,social
US-ORD-000987,US,organic
US-ORD-000988,US,paid_search
US-ORD-000989,US,email
US-ORD-000990,US,email
US-ORD-000991,US,social
US-ORD-000992,US,organic
US-ORD-000993,US,social
US-ORD-000994,US,organic
US-ORD-000995,US,paid_search
US-ORD-000996,US,referral
US-ORD-000997,US,paid_search
US-ORD-000998,US,referral
US-ORD-000999,US,organic
US-ORD-001000,US,paid_search
US-ORD-001001,US,organic
US-ORD-001002,US,email
US-ORD-001003,US,social
US-ORD-001004,US,email
US-ORD-001005,US,social
US-ORD-001006,US,social
US-ORD-001007,US,email
US-ORD-001008,US,paid_search
US-ORD-001009,US,organic
US-ORD-001010,US,paid_search
US-ORD-001011,US,referral
US-ORD-001012,US,referral
US-ORD-001013,US,paid_search
US-ORD-001014,US,social
US-ORD-001015,US,referral
US-ORD-001016,US,paid_search
US-ORD-001017,US,social
US-ORD-001018,US,referral
US-ORD-001019,US,paid_search
US-ORD-001020,US,social
US-ORD-001021,US,organic
US-ORD-001022,US,referral
US-ORD-001023,US,referral
US-ORD-001024,US,referral
US-ORD-001025,US,organic
US-ORD-001026,US,email
US-ORD-001027,US,email
US-ORD-001028,US,organic
US-ORD-001029,US,email
US-ORD-001030,US,paid_search
US-ORD-001031,US,social
US-ORD-001032,US,paid_search
US-ORD-001033,US,paid_search
US-ORD-001034,US,paid_search
US-ORD-001035,US,social
US-ORD-001036,US,organic
US-ORD-001037,US,social
US-ORD-001038,US,paid_search
US-ORD-001039,US,organic
US-ORD-001040,US,organic
US-ORD-001041,US,email
US-ORD-001042,US,organic
US-ORD-001043,US,social
US-ORD-001044,US,email
US-ORD-001045,US,social
US-ORD-001046,US,paid_search
US-ORD-001047,US,paid_search
US-ORD-001048,US,email
US-ORD-001049,US,paid_search
US-ORD-001050,US,email
US-ORD-001051,US,organic
US-ORD-001052,US,referral
US-ORD-001053,US,email
US-ORD-001054,US,referral
US-ORD-001055,US,organic
US-ORD-001056,US,email
US-ORD-001057,US,organic
US-ORD-001058,US,organic
US-ORD-001059,US,social
US-ORD-001060,US,email
US-ORD-001061,US,referral
US-ORD-001062,US,email
US-ORD-001063,US,organic
US-ORD-001064,US,organic
US-ORD-001065,US,social
US-ORD-001066,US,paid_search
US-ORD-001067,US,paid_search
US-ORD-001068,US,organic
US-ORD-001069,US,organic
US-ORD-001070,US,organic
US-ORD-001071,US,paid_search
US-ORD-001072,US,paid_search
US-ORD-001073,US,paid_search
US-ORD-001074,US,referral
US-ORD-001075,US,organic
US-ORD-001076,US,organic
US-ORD-001077,US,social
US-ORD-001078,US,paid_search
US-ORD-001079,US,referral
US-ORD-001080,US,email
US-ORD-001081,US,paid_search
US-ORD-001082,US,organic
US-ORD-001083,US,email
US-ORD-001084,US,referral
US-ORD-001085,US,organic
US-ORD-001086,US,social
US-ORD-001087,US,paid_search
US-ORD-001088,US,referral
US-ORD-001089,US,paid_search
US-ORD-001090,US,referral
US-ORD-001091,US,social
US-ORD-001092,US,social
US-ORD-001093,US,organic
US-ORD-001094,US,paid_search
US-ORD-001095,US,paid_search
US-ORD-001096,US,paid_search
US-ORD-001097,US,paid_search
US-ORD-001098,US,email
US-ORD-001099,US,organic
US-ORD-001100,US,paid_search
US-ORD-001101,US,referral
US-ORD-001102,US,email
US-ORD-001103,US,referral
US-ORD-001104,US,referral
US-ORD-001105,US,paid_search
US-ORD-001106,US,organic
US-ORD-001107,US,email
US-ORD-001108,US,social
US-ORD-001109,US,paid_search
US-ORD-001110,US,email
US-ORD-001111,US,paid_search
US-ORD-001112,US,paid_search
US-ORD-001113,US,organic
US-ORD-001114,US,social
US-ORD-001115,US,social
US-ORD-001116,US,paid_search
US-ORD-001117,US,email
US-ORD-001118,US,organic
US-ORD-001119,US,paid_search
US-ORD-001120,US,email
US-ORD-001121,US,referral
US-ORD-001122,US,email
US-ORD-001123,US,email
US-ORD-001124,US,social
US-ORD-001125,US,social
US-ORD-001126,US,paid_search
US-ORD-001127,US,organic
US-ORD-001128,US,organic
US-ORD-001129,US,organic
US-ORD-001130,US,social
US-ORD-001131,US,organic
US-ORD-001132,US,paid_search
US-ORD-001133,US,paid_search
US-ORD-001134,US,social
US-ORD-001135,US,paid_search
US-ORD-001136,US,email
US-ORD-001137,US,organic
US-ORD-001138,US,organic
US-ORD-001139,US,social
US-ORD-001140,US,email
US-ORD-001141,US,organic
US-ORD-001142,US,social
US-ORD-001143,US,social
US-ORD-001144,US,organic
US-ORD-001145,US,email
US-ORD-001146,US,email
US-ORD-001147,US,social
US-ORD-001148,US,email
US-ORD-001149,US,email
US-ORD-001150,US,social
US-ORD-001151,US,email
US-ORD-001152,US,social
US-ORD-001153,US,social
US-ORD-001154,US,social
US-ORD-001155,US,email
US-ORD-001156,US,paid_search
US-ORD-001157,US,email
US-ORD-001158,US,email
US-ORD-001159,US,paid_search
US-ORD-001160,US,email
US-ORD-001161,US,paid_search
US-ORD-001162,US,organic
US-ORD-001163,US,social
US-ORD-001164,US,paid_search
US-ORD-001165,US,email
US-ORD-001166,US,email
US-ORD-001167,US,organic
US-ORD-001168,US,paid_search
US-ORD-001169,US,organic
US-ORD-001170,US,social
US-ORD-001171,US,referral
US-ORD-001172,US,social
US-ORD-001173,US,organic
US-ORD-001174,US,social
US-ORD-001175,US,organic
US-ORD-001176,US,email
US-ORD-001177,US,paid_search
US-ORD-001178,US,email
US-ORD-001179,US,organic
US-ORD-001180,US,referral
US-ORD-001181,US,organic
US-ORD-001182,US,social
US-ORD-001183,US,referral
US-ORD-001184,US,paid_search
US-ORD-001185,US,referral
US-ORD-001186,US,social
US-ORD-001187,US,paid_search
US-ORD-001188,US,organic
US-ORD-001189,US,social
US-ORD-001190,US,paid_search
US-ORD-001191,US,social
US-ORD-001192,US,organic
US-ORD-001193,US,social
US-ORD-001194,US,paid_search
US-ORD-001195,US,email
US-ORD-001196,US,referral
US-ORD-001197,US,referral
US-ORD-001198,US,social
US-ORD-001199,US,paid_search
US-ORD-001200,US,email
US-ORD-001201,US,paid_search
US-ORD-001202,US,paid_search
US-ORD-001203,US,organic
US-ORD-001204,US,organic
US-ORD-001205,US,email
US-ORD-001206,US,social
US-ORD-001207,US,organic
US-ORD-001208,US,organic
US-ORD-001209,US,referral
US-ORD-001210,US,organic
US-ORD-001211,US,organic
US-ORD-001212,US,paid_search
US-ORD-001213,US,email
US-ORD-001214,US,social
US-ORD-001215,US,paid_search
US-ORD-001216,US,paid_search
US-ORD-001217,US,social
US-ORD-001218,US,social
US-ORD-001219,US,organic
US-ORD-001220,US,referral
US-ORD-001221,US,paid_search
US-ORD-001222,US,organic
US-ORD-001223,US,referral
US-ORD-001224,US,organic
US-ORD-001225,US,social
US-ORD-001226,US,organic
US-ORD-001227,US,organic
US-ORD-001228,US,referral
US-ORD-001229,US,organic
US-ORD-001230,US,email
US-ORD-001231,US,paid_search
US-ORD-001232,US,paid_search
US-ORD-001233,US,paid_search
US-ORD-001234,US,social
US-ORD-001235,US,organic
US-ORD-001236,US,email
US-ORD-001237,US,organic
US-ORD-001238,US,referral
US-ORD-001239,US,paid_search
US-ORD-001240,US,email
US-ORD-001241,US,email
US-ORD-001242,US,email
US-ORD-001243,US,email
US-ORD-001244,US,email
US-ORD-001245,US,social
US-ORD-001246,US,paid_search
US-ORD-001247,US,paid_search
US-ORD-001248,US,referral
US-ORD-001249,US,social
US-ORD-001250,US,email
US-ORD-001251,US,organic
US-ORD-001252,US,paid_search
US-ORD-001253,US,paid_search
US-ORD-001254,US,social
US-ORD-001255,US,organic
US-ORD-001256,US,paid_search
US-ORD-001257,US,organic
US-ORD-001258,US,paid_search
US-ORD-001259,US,social
US-ORD-001260,US,organic
US-ORD-001261,US,email
US-ORD-001262,US,organic
US-ORD-001263,US,organic
US-ORD-001264,US,paid_search
US-ORD-001265,US,paid_search
US-ORD-001266,US,organic
US-ORD-001267,US,organic
US-ORD-001268,US,social
US-ORD-001269,US,organic
US-ORD-001270,US,social
US-ORD-001271,US,email
US-ORD-001272,US,email
US-ORD-001273,US,paid_search
US-ORD-001274,US,organic
US-ORD-001275,US,paid_search
US-ORD-001276,US,paid_search
US-ORD-001277,US,referral
US-ORD-001278,US,paid_search
US-ORD-001279,US,organic
US-ORD-001280,US,social
US-ORD-001281,US,social
US-ORD-001282,US,social
US-ORD-001283,US,paid_search
US-ORD-001284,US,organic
US-ORD-001285,US,organic
US-ORD-001286,US,paid_search
US-ORD-001287,US,organic
US-ORD-001288,US,paid_search
US-ORD-001289,US,paid_search
US-ORD-001290,US,organic
US-ORD-001291,US,paid_search
US-ORD-001292,US,social
US-ORD-001293,US,social
US-ORD-001294,US,email
US-ORD-001295,US,paid_search
US-ORD-001296,US,paid_search
US-ORD-001297,US,paid_search
US-ORD-001298,US,social
US-ORD-001299,US,social
US-ORD-001300,US,paid_search
US-ORD-001301,US,referral
US-ORD-001302,US,paid_search
US-ORD-001303,US,organic
US-ORD-001304,US,social
US-ORD-001305,US,email
US-ORD-001306,US,social
US-ORD-001307,US,email
US-ORD-001308,US,organic
US-ORD-001309,US,email
US-ORD-001310,US,paid_search
US-ORD-001311,US,email
US-ORD-001312,US,organic
US-ORD-001313,US,email
US-ORD-001314,US,organic
US-ORD-001315,US,social
US-ORD-001316,US,organic
US-ORD-001317,US,social
US-ORD-001318,US,paid_search
US-ORD-001319,US,paid_search
US-ORD-001320,US,paid_search
US-ORD-001321,US,paid_search
US-ORD-001322,US,email
US-ORD-001323,US,paid_search
US-ORD-001324,US,referral
US-ORD-001325,US,organic
US-ORD-001326,US,paid_search
US-ORD-001327,US,email
US-ORD-001328,US,social
US-ORD-001329,US,organic
US-ORD-001330,US,social
US-ORD-001331,US,social
US-ORD-001332,US,paid_search
US-ORD-001333,US,referral
US-ORD-001334,US,referral
US-ORD-001335,US,social
US-ORD-001336,US,paid_search
US-ORD-001337,US,social
US-ORD-001338,US,paid_search
US-ORD-001339,US,paid_search
US-ORD-001340,US,organic
US-ORD-001341,US,organic
US-ORD-001342,US,email
US-ORD-001343,US,social
US-ORD-001344,US,social
US-ORD-001345,US,organic
US-ORD-001346,US,organic
US-ORD-001347,US,organic
US-ORD-001348,US,referral
US-ORD-001349,US,paid_search
US-ORD-001350,US,email
US-ORD-001351,US,social
US-ORD-001352,US,organic
US-ORD-001353,US,social
US-ORD-001354,US,organic
US-ORD-001355,US,email
US-ORD-001356,US,referral
US-ORD-001357,US,organic
US-ORD-001358,US,organic
US-ORD-001359,US,social
US-ORD-001360,US,referral
US-ORD-001361,US,paid_search
US-ORD-001362,US,social
US-ORD-001363,US,social
US-ORD-001364,US,social
US-ORD-001365,US,paid_search
US-ORD-001366,US,social
US-ORD-001367,US,referral
US-ORD-001368,US,paid_search
US-ORD-001369,US,paid_search
US-ORD-001370,US,referral
US-ORD-001371,US,paid_search
US-ORD-001372,US,email
US-ORD-001373,US,organic
US-ORD-001374,US,paid_search
US-ORD-001375,US,email
US-ORD-001376,US,organic
US-ORD-001377,US,organic
US-ORD-001378,US,organic
US-ORD-001379,US,social
US-ORD-001380,US,paid_search
US-ORD-001381,US,organic
US-ORD-001382,US,referral
US-ORD-001383,US,organic
US-ORD-001384,US,social
US-ORD-001385,US,organic
US-ORD-001386,US,email
US-ORD-001387,US,paid_search
US-ORD-001388,US,referral
US-ORD-001389,US,organic
US-ORD-001390,US,paid_search
US-ORD-001391,US,paid_search
US-ORD-001392,US,paid_search
US-ORD-001393,US,organic
US-ORD-001394,US,organic
US-ORD-001395,US,email
US-ORD-001396,US,organic
US-ORD-001397,US,paid_search
US-ORD-001398,US,social
US-ORD-001399,US,social
US-ORD-001400,US,paid_search
US-ORD-001401,US,paid_search
US-ORD-001402,US,paid_search
US-ORD-001403,US,social
US-ORD-001404,US,social
US-ORD-001405,US,organic
US-ORD-001406,US,email
US-ORD-001407,US,email
US-ORD-001408,US,social
US-ORD-001409,US,email
US-ORD-001410,US,paid_search
US-ORD-001411,US,paid_search
US-ORD-001412,US,organic
US-ORD-001413,US,paid_search
US-ORD-001414,US,organic
US-ORD-001415,US,referral
US-ORD-001416,US,paid_search
US-ORD-001417,US,paid_search
US-ORD-001418,US,organic
US-ORD-001419,US,referral
US-ORD-001420,US,organic
US-ORD-001421,US,organic
US-ORD-001422,US,paid_search
US-ORD-001423,US,paid_search
US-ORD-001424,US,referral
US-ORD-001425,US,referral
US-ORD-001426,US,paid_search
US-ORD-001427,US,referral
US-ORD-001428,US,social
US-ORD-001429,US,email
US-ORD-001430,US,organic
US-ORD-001431,US,organic
US-ORD-001432,US,organic
US-ORD-001433,US,social
US-ORD-001434,US,paid_search
US-ORD-001435,US,paid_search
US-ORD-001436,US,organic
US-ORD-001437,US,social
US-ORD-001438,US,paid_search
US-ORD-001439,US,social
US-ORD-001440,US,referral
US-ORD-001441,US,paid_search
US-ORD-001442,US,social
US-ORD-001443,US,organic
US-ORD-001444,US,email
US-ORD-001445,US,paid_search
US-ORD-001446,US,social
US-ORD-001447,US,email
US-ORD-001448,US,referral
US-ORD-001449,US,social
US-ORD-001450,US,organic
US-ORD-001451,US,social
US-ORD-001452,US,email
US-ORD-001453,US,social
US-ORD-001454,US,paid_search
US-ORD-001455,US,referral
US-ORD-001456,US,social
US-ORD-001457,US,social
US-ORD-001458,US,paid_search
US-ORD-001459,US,social
US-ORD-001460,US,organic
US-ORD-001461,US,social
US-ORD-001462,US,paid_search
US-ORD-001463,US,social
US-ORD-001464,US,referral
US-ORD-001465,US,paid_search
US-ORD-001466,US,referral
US-ORD-001467,US,organic
US-ORD-001468,US,email
US-ORD-001469,US,email
US-ORD-001470,US,social
US-ORD-001471,US,social
US-ORD-001472,US,email
US-ORD-001473,US,organic
US-ORD-001474,US,organic
US-ORD-001475,US,social
US-ORD-001476,US,email
US-ORD-001477,US,email
US-ORD-001478,US,email
US-ORD-001479,US,organic
US-ORD-001480,US,email
US-ORD-001481,US,paid_search
US-ORD-001482,US,organic
US-ORD-001483,US,paid_search
US-ORD-001484,US,organic
US-ORD-001485,US,organic
US-ORD-001486,US,organic
US-ORD-001487,US,social
US-ORD-001488,US,organic
US-ORD-001489,US,organic
US-ORD-001490,US,paid_search
US-ORD-001491,US,organic
US-ORD-001492,US,paid_search
US-ORD-001493,US,paid_search
US-ORD-001494,US,social
US-ORD-001495,US,social
US-ORD-001496,US,social
US-ORD-001497,US,organic
US-ORD-001498,US,organic
US-ORD-001499,US,email
US-ORD-001500,US,organic
US-ORD-001501,US,organic
US-ORD-001502,US,paid_search
US-ORD-001503,US,organic
US-ORD-001504,US,organic
US-ORD-001505,US,organic
US-ORD-001506,US,social
US-ORD-001507,US,organic
US-ORD-001508,US,social
US-ORD-001509,US,email
US-ORD-001510,US,email
US-ORD-001511,US,social
US-ORD-001512,US,referral
US-ORD-001513,US,paid_search
US-ORD-001514,US,paid_search
US-ORD-001515,US,paid_search
US-ORD-001516,US,social
US-ORD-001517,US,email
US-ORD-001518,US,paid_search
US-ORD-001519,US,referral
US-ORD-001520,US,paid_search
US-ORD-001521,US,referral
US-ORD-001522,US,organic
US-ORD-001523,US,paid_search
US-ORD-001524,US,organic
US-ORD-001525,US,organic
US-ORD-001526,US,organic
US-ORD-001527,US,organic
US-ORD-001528,US,email
US-ORD-001529,US,organic
US-ORD-001530,US,organic
US-ORD-001531,US,social
US-ORD-001532,US,social
US-ORD-001533,US,organic
US-ORD-001534,US,organic
US-ORD-001535,US,paid_search
US-ORD-001536,US,paid_search
US-ORD-001537,US,social
US-ORD-001538,US,paid_search
US-ORD-001539,US,organic
US-ORD-001540,US,social
US-ORD-001541,US,paid_search
US-ORD-001542,US,social
US-ORD-001543,US,organic
US-ORD-001544,US,referral
US-ORD-001545,US,organic
US-ORD-001546,US,email
US-ORD-001547,US,social
US-ORD-001548,US,paid_search
US-ORD-001549,US,social
US-ORD-001550,US,referral
US-ORD-001551,US,social
US-ORD-001552,US,email
US-ORD-001553,US,email
US-ORD-001554,US,paid_search
US-ORD-001555,US,paid_search
US-ORD-001556,US,social
US-ORD-001557,US,organic
US-ORD-001558,US,email
US-ORD-001559,US,referral
US-ORD-001560,US,organic
US-ORD-001561,US,paid_search
US-ORD-001562,US,email
US-ORD-001563,US,organic
US-ORD-001564,US,email
US-ORD-001565,US,organic
US-ORD-001566,US,social
US-ORD-001567,US,paid_search
US-ORD-001568,US,social
US-ORD-001569,US,organic
US-ORD-001570,US,social
US-ORD-001571,US,paid_search
US-ORD-001572,US,social
US-ORD-001573,US,email
US-ORD-001574,US,paid_search
US-ORD-001575,US,paid_search
US-ORD-001576,US,paid_search
US-ORD-001577,US,social
US-ORD-001578,US,social
US-ORD-001579,US,organic
US-ORD-001580,US,paid_search
US-ORD-001581,US,organic
US-ORD-001582,US,social
US-ORD-001583,US,organic
US-ORD-001584,US,referral
US-ORD-001585,US,paid_search
US-ORD-001586,US,social
US-ORD-001587,US,organic
US-ORD-001588,US,organic
US-ORD-001589,US,social
US-ORD-001590,US,social
US-ORD-001591,US,referral
US-ORD-001592,US,paid_search
US-ORD-001593,US,paid_search
US-ORD-001594,US,social
US-ORD-001595,US,social
US-ORD-001596,US,organic
US-ORD-001597,US,paid_search
US-ORD-001598,US,paid_search
US-ORD-001599,US,email
US-ORD-001600,US,paid_search
US-ORD-001601,US,organic
US-ORD-001602,US,paid_search
US-ORD-001603,US,organic
US-ORD-001604,US,paid_search
US-ORD-001605,US,organic
US-ORD-001606,US,paid_search
US-ORD-001607,US,email
US-ORD-001608,US,paid_search
US-ORD-001609,US,organic
US-ORD-001610,US,email
US-ORD-001611,US,social
US-ORD-001612,US,organic
US-ORD-001613,US,organic
US-ORD-001614,US,organic
US-ORD-001615,US,social
US-ORD-001616,US,referral
US-ORD-001617,US,social
US-ORD-001618,US,social
US-ORD-001619,US,social
US-ORD-001620,US,organic
US-ORD-001621,US,paid_search
US-ORD-001622,US,social
US-ORD-001623,US,referral
US-ORD-001624,US,paid_search
US-ORD-001625,US,social
US-ORD-001626,US,paid_search
US-ORD-001627,US,organic
US-ORD-001628,US,paid_search
US-ORD-001629,US,organic
US-ORD-001630,US,email
US-ORD-001631,US,organic
US-ORD-001632,US,social
US-ORD-001633,US,email
US-ORD-001634,US,referral
US-ORD-001635,US,paid_search
US-ORD-001636,US,organic
US-ORD-001637,US,paid_search
US-ORD-001638,US,referral
US-ORD-001639,US,referral
US-ORD-001640,US,organic
US-ORD-001641,US,email
US-ORD-001642,US,organic
US-ORD-001643,US,social
US-ORD-001644,US,paid_search
US-ORD-001645,US,email
US-ORD-001646,US,paid_search
US-ORD-001647,US,email
US-ORD-001648,US,email
US-ORD-001649,US,social
US-ORD-001650,US,paid_search
US-ORD-001651,US,organic
US-ORD-001652,US,organic
US-ORD-001653,US,organic
US-ORD-001654,US,paid_search
US-ORD-001655,US,referral
US-ORD-001656,US,social
US-ORD-001657,US,organic
US-ORD-001658,US,organic
US-ORD-001659,US,organic
US-ORD-001660,US,social
US-ORD-001661,US,organic
US-ORD-001662,US,referral
US-ORD-001663,US,organic
US-ORD-001664,US,referral
US-ORD-001665,US,email
US-ORD-001666,US,paid_search
US-ORD-001667,US,referral
US-ORD-001668,US,paid_search
US-ORD-001669,US,email
US-ORD-001670,US,organic
US-ORD-001671,US,email
US-ORD-001672,US,email
US-ORD-001673,US,email
US-ORD-001674,US,email
US-ORD-001675,US,organic
US-ORD-001676,US,paid_search
US-ORD-001677,US,organic
US-ORD-001678,US,paid_search
US-ORD-001679,US,social
US-ORD-001680,US,organic
US-ORD-001681,US,referral
US-ORD-001682,US,social
US-ORD-001683,US,email
US-ORD-001684,US,paid_search
US-ORD-001685,US,email
US-ORD-001686,US,referral
US-ORD-001687,US,organic
US-ORD-001688,US,social
US-ORD-001689,US,email
US-ORD-001690,US,paid_search
US-ORD-001691,US,organic
US-ORD-001692,US,organic
US-ORD-001693,US,paid_search
US-ORD-001694,US,organic
US-ORD-001695,US,paid_search
US-ORD-001696,US,paid_search
US-ORD-001697,US,paid_search
US-ORD-001698,US,referral
US-ORD-001699,US,organic
US-ORD-001700,US,referral
US-ORD-001701,US,organic
US-ORD-001702,US,organic
US-ORD-001703,US,organic
US-ORD-001704,US,organic
US-ORD-001705,US,paid_search
US-ORD-001706,US,social
US-ORD-001707,US,paid_search
US-ORD-001708,US,social
US-ORD-001709,US,social
US-ORD-001710,US,paid_search
US-ORD-001711,US,paid_search
US-ORD-001712,US,email
US-ORD-001713,US,organic
US-ORD-001714,US,paid_search
US-ORD-001715,US,referral
US-ORD-001716,US,paid_search
US-ORD-001717,US,social
US-ORD-001718,US,referral
US-ORD-001719,US,paid_search
US-ORD-001720,US,paid_search
US-ORD-001721,US,paid_search
US-ORD-001722,US,organic
US-ORD-001723,US,paid_search
US-ORD-001724,US,social
US-ORD-001725,US,paid_search
US-ORD-001726,US,organic
US-ORD-001727,US,referral
US-ORD-001728,US,email
US-ORD-001729,US,social
US-ORD-001730,US,organic
US-ORD-001731,US,social
US-ORD-001732,US,organic
US-ORD-001733,US,organic
US-ORD-001734,US,paid_search
US-ORD-001735,US,email
US-ORD-001736,US,organic
US-ORD-001737,US,paid_search
US-ORD-001738,US,organic
US-ORD-001739,US,organic
US-ORD-001740,US,email
US-ORD-001741,US,social
US-ORD-001742,US,email
US-ORD-001743,US,paid_search
US-ORD-001744,US,organic
US-ORD-001745,US,organic
US-ORD-001746,US,paid_search
US-ORD-001747,US,organic
US-ORD-001748,US,email
US-ORD-001749,US,paid_search
US-ORD-001750,US,organic
US-ORD-001751,US,paid_search
US-ORD-001752,US,paid_search
US-ORD-001753,US,paid_search
US-ORD-001754,US,referral
US-ORD-001755,US,email
US-ORD-001756,US,referral
US-ORD-001757,US,organic
US-ORD-001758,US,paid_search
US-ORD-001759,US,organic
US-ORD-001760,US,organic
US-ORD-001761,US,email
US-ORD-001762,US,paid_search
US-ORD-001763,US,organic
US-ORD-001764,US,paid_search
US-ORD-001765,US,organic
US-ORD-001766,US,social
US-ORD-001767,US,organic
US-ORD-001768,US,organic
US-ORD-001769,US,organic
US-ORD-001770,US,organic
US-ORD-001771,US,email
US-ORD-001772,US,email
US-ORD-001773,US,referral
US-ORD-001774,US,email
US-ORD-001775,US,organic
US-ORD-001776,US,social
US-ORD-001777,US,organic
US-ORD-001778,US,organic
US-ORD-001779,US,email
US-ORD-001780,US,paid_search
US-ORD-001781,US,referral
US-ORD-001782,US,organic
US-ORD-001783,US,social
US-ORD-001784,US,social
US-ORD-001785,US,email
US-ORD-001786,US,social
US-ORD-001787,US,social
US-ORD-001788,US,paid_search
US-ORD-001789,US,organic
US-ORD-001790,US,paid_search
US-ORD-001791,US,social
US-ORD-001792,US,organic
US-ORD-001793,US,social
US-ORD-001794,US,paid_search
US-ORD-001795,US,paid_search
US-ORD-001796,US,social
US-ORD-001797,US,paid_search
US-ORD-001798,US,paid_search
US-ORD-001799,US,paid_search
US-ORD-001800,US,referral
US-ORD-001801,US,social
US-ORD-001802,US,organic
US-ORD-001803,US,organic
US-ORD-001804,US,organic
US-ORD-001805,US,email
US-ORD-001806,US,social
US-ORD-001807,US,paid_search
US-ORD-001808,US,paid_search
US-ORD-001809,US,paid_search
US-ORD-001810,US,social
US-ORD-001811,US,email
US-ORD-001812,US,organic
US-ORD-001813,US,paid_search
US-ORD-001814,US,paid_search
US-ORD-001815,US,referral
US-ORD-001816,US,organic
US-ORD-001817,US,email
US-ORD-001818,US,social
US-ORD-001819,US,organic
US-ORD-001820,US,paid_search
US-ORD-001821,US,paid_search
US-ORD-001822,US,social
US-ORD-001823,US,email
US-ORD-001824,US,social
US-ORD-001825,US,organic
US-ORD-001826,US,paid_search
US-ORD-001827,US,referral
US-ORD-001828,US,email
US-ORD-001829,US,organic
US-ORD-001830,US,referral
US-ORD-001831,US,social
US-ORD-001832,US,social
US-ORD-001833,US,social
US-ORD-001834,US,email
US-ORD-001835,US,social
US-ORD-001836,US,paid_search
US-ORD-001837,US,organic
US-ORD-001838,US,referral
US-ORD-001839,US,paid_search
US-ORD-001840,US,organic
US-ORD-001841,US,organic
US-ORD-001842,US,organic
US-ORD-001843,US,social
US-ORD-001844,US,referral
US-ORD-001845,US,paid_search
US-ORD-001846,US,paid_search
US-ORD-001847,US,paid_search
US-ORD-001848,US,email
US-ORD-001849,US,social
US-ORD-001850,US,organic
US-ORD-001851,US,email
US-ORD-001852,US,email
US-ORD-001853,US,email
US-ORD-001854,US,referral
US-ORD-001855,US,organic
US-ORD-001856,US,email
US-ORD-001857,US,organic
US-ORD-001858,US,email
US-ORD-001859,US,social
US-ORD-001860,US,email
US-ORD-001861,US,social
US-ORD-001862,US,paid_search
US-ORD-001863,US,organic
US-ORD-001864,US,referral
US-ORD-001865,US,referral
US-ORD-001866,US,paid_search
US-ORD-001867,US,paid_search
US-ORD-001868,US,paid_search
US-ORD-001869,US,social
US-ORD-001870,US,email
US-ORD-001871,US,paid_search
US-ORD-001872,US,organic
US-ORD-001873,US,email
US-ORD-001874,US,social
US-ORD-001875,US,organic
US-ORD-001876,US,social
US-ORD-001877,US,organic
US-ORD-001878,US,organic
US-ORD-001879,US,social
US-ORD-001880,US,social
US-ORD-001881,US,email
US-ORD-001882,US,social
US-ORD-001883,US,email
US-ORD-001884,US,paid_search
US-ORD-001885,US,organic
US-ORD-001886,US,paid_search
US-ORD-001887,US,paid_search
US-ORD-001888,US,social
US-ORD-001889,US,referral
US-ORD-001890,US,paid_search
US-ORD-001891,US,organic
US-ORD-001892,US,email
US-ORD-001893,US,paid_search
US-ORD-001894,US,social
US-ORD-001895,US,social
US-ORD-001896,US,social
US-ORD-001897,US,paid_search
US-ORD-001898,US,organic
US-ORD-001899,US,email
US-ORD-001900,US,social
US-ORD-001901,US,paid_search
US-ORD-001902,US,email
US-ORD-001903,US,paid_search
US-ORD-001904,US,social
US-ORD-001905,US,paid_search
US-ORD-001906,US,referral
US-ORD-001907,US,organic
US-ORD-001908,US,organic
US-ORD-001909,US,paid_search
US-ORD-001910,US,organic
US-ORD-001911,US,email
US-ORD-001912,US,referral
US-ORD-001913,US,organic
US-ORD-001914,US,organic
US-ORD-001915,US,social
US-ORD-001916,US,email
US-ORD-001917,US,social
US-ORD-001918,US,organic
US-ORD-001919,US,organic
US-ORD-001920,US,social
US-ORD-001921,US,paid_search
US-ORD-001922,US,social
US-ORD-001923,US,organic
US-ORD-001924,US,email
US-ORD-001925,US,paid_search
US-ORD-001926,US,social
US-ORD-001927,US,organic
US-ORD-001928,US,social
US-ORD-001929,US,paid_search
US-ORD-001930,US,social
US-ORD-001931,US,social
US-ORD-001932,US,social
US-ORD-001933,US,social
US-ORD-001934,US,social
US-ORD-001935,US,email
US-ORD-001936,US,organic
US-ORD-001937,US,email
US-ORD-001938,US,organic
US-ORD-001939,US,paid_search
US-ORD-001940,US,paid_search
US-ORD-001941,US,organic
US-ORD-001942,US,email
US-ORD-001943,US,social
US-ORD-001944,US,email
US-ORD-001945,US,organic
US-ORD-001946,US,organic
US-ORD-001947,US,paid_search
US-ORD-001948,US,organic
US-ORD-001949,US,organic
US-ORD-001950,US,paid_search
US-ORD-001951,US,paid_search
US-ORD-001952,US,social
US-ORD-001953,US,social
US-ORD-001954,US,referral
US-ORD-001955,US,referral
US-ORD-001956,US,social
US-ORD-001957,US,organic
US-ORD-001958,US,social
US-ORD-001959,US,email
US-ORD-001960,US,paid_search
US-ORD-001961,US,organic
US-ORD-001962,US,email
US-ORD-001963,US,organic
US-ORD-001964,US,social
US-ORD-001965,US,social
US-ORD-001966,US,paid_search
US-ORD-001967,US,organic
US-ORD-001968,US,organic
US-ORD-001969,US,paid_search
US-ORD-001970,US,paid_search
US-ORD-001971,US,email
US-ORD-001972,US,organic
US-ORD-001973,US,organic
US-ORD-001974,US,organic
US-ORD-001975,US,referral
US-ORD-001976,US,organic
US-ORD-001977,US,organic
US-ORD-001978,US,email
US-ORD-001979,US,email
US-ORD-001980,US,paid_search
US-ORD-001981,US,email
US-ORD-001982,US,organic
US-ORD-001983,US,organic
US-ORD-001984,US,paid_search
US-ORD-001985,US,paid_search
US-ORD-001986,US,social
US-ORD-001987,US,organic
US-ORD-001988,US,organic
US-ORD-001989,US,social
US-ORD-001990,US,email
US-ORD-001991,US,paid_search
US-ORD-001992,US,social
US-ORD-001993,US,paid_search
US-ORD-001994,US,email
US-ORD-001995,US,social
US-ORD-001996,US,referral
US-ORD-001997,US,paid_search
US-ORD-001998,US,paid_search
US-ORD-001999,US,organic
US-ORD-001699-REORDER,US,organic
US-ORD-001170-REORDER,US,paid_search
US-ORD-001196-REORDER,US,referral
US-ORD-001957-REORDER,US,paid_search
US-ORD-001466-REORDER,US,organic
US-ORD-001820-REORDER,US,email
US-ORD-000289-REORDER,US,organic
US-ORD-000531-REORDER,US,email
US-ORD-000381-REORDER,US,paid_search
US-ORD-000133-REORDER,US,organic
US-ORD-000351-REORDER,US,paid_search
US-ORD-000971-REORDER,US,paid_search
US-ORD-001368-REORDER,US,referral
US-ORD-000695-REORDER,US,paid_search
US-ORD-000610-REORDER,US,organic
US-ORD-000534-REORDER,US,organic
US-ORD-001864-REORDER,US,organic
US-ORD-000554-REORDER,US,email
DE-ORD-000000,DE,paid_search
DE-ORD-000001,DE,social
DE-ORD-000002,DE,organic
DE-ORD-000003,DE,organic
DE-ORD-000004,DE,social
DE-ORD-000005,DE,email
DE-ORD-000006,DE,social
DE-ORD-000007,DE,email
DE-ORD-000008,DE,organic
DE-ORD-000009,DE,organic
DE-ORD-000010,DE,organic
DE-ORD-000011,DE,paid_search
DE-ORD-000012,DE,social
DE-ORD-000013,DE,social
DE-ORD-000014,DE,social
DE-ORD-000015,DE,social
DE-ORD-000016,DE,social
DE-ORD-000017,DE,paid_search
DE-ORD-000018,DE,paid_search
DE-ORD-000019,DE,social
DE-ORD-000020,DE,organic
DE-ORD-000021,DE,paid_search
DE-ORD-000022,DE,organic
DE-ORD-000023,DE,social
DE-ORD-000024,DE,organic
DE-ORD-000025,DE,social
DE-ORD-000026,DE,social
DE-ORD-000027,DE,organic
DE-ORD-000028,DE,email
DE-ORD-000029,DE,social
DE-ORD-000030,DE,social
DE-ORD-000031,DE,social
DE-ORD-000032,DE,paid_search
DE-ORD-000033,DE,social
DE-ORD-000034,DE,organic
DE-ORD-000035,DE,referral
DE-ORD-000036,DE,email
DE-ORD-000037,DE,social
DE-ORD-000038,DE,organic
DE-ORD-000039,DE,paid_search
DE-ORD-000040,DE,organic
DE-ORD-000041,DE,organic
DE-ORD-000042,DE,organic
DE-ORD-000043,DE,organic
DE-ORD-000044,DE,paid_search
DE-ORD-000045,DE,referral
DE-ORD-000046,DE,paid_search
DE-ORD-000047,DE,referral
DE-ORD-000048,DE,referral
DE-ORD-000049,DE,organic
DE-ORD-000050,DE,social
DE-ORD-000051,DE,organic
DE-ORD-000052,DE,social
DE-ORD-000053,DE,organic
DE-ORD-000054,DE,organic
DE-ORD-000055,DE,social
DE-ORD-000056,DE,organic
DE-ORD-000057,DE,social
DE-ORD-000058,DE,organic
DE-ORD-000059,DE,organic
DE-ORD-000060,DE,paid_search
DE-ORD-000061,DE,paid_search
DE-ORD-000062,DE,organic
DE-ORD-000063,DE,paid_search
DE-ORD-000064,DE,paid_search
DE-ORD-000065,DE,email
DE-ORD-000066,DE,paid_search
DE-ORD-000067,DE,social
DE-ORD-000068,DE,organic
DE-ORD-000069,DE,email
DE-ORD-000070,DE,organic
DE-ORD-000071,DE,organic
DE-ORD-000072,DE,organic
DE-ORD-000073,DE,organic
DE-ORD-000074,DE,social
DE-ORD-000075,DE,paid_search
DE-ORD-000076,DE,referral
DE-ORD-000077,DE,organic
DE-ORD-000078,DE,organic
DE-ORD-000079,DE,social
DE-ORD-000080,DE,organic
DE-ORD-000081,DE,email
DE-ORD-000082,DE,organic
DE-ORD-000083,DE,social
DE-ORD-000084,DE,paid_search
DE-ORD-000085,DE,email
DE-ORD-000086,DE,social
DE-ORD-000087,DE,paid_search
DE-ORD-000088,DE,paid_search
DE-ORD-000089,DE,organic
DE-ORD-000090,DE,referral
DE-ORD-000091,DE,organic
DE-ORD-000092,DE,organic
DE-ORD-000093,DE,paid_search
DE-ORD-000094,DE,organic
DE-ORD-000095,DE,social
DE-ORD-000096,DE,referral
DE-ORD-000097,DE,organic
DE-ORD-000098,DE,email
DE-ORD-000099,DE,organic
DE-ORD-000100,DE,paid_search
DE-ORD-000101,DE,organic
DE-ORD-000102,DE,social
DE-ORD-000103,DE,referral
DE-ORD-000104,DE,email
DE-ORD-000105,DE,paid_search
DE-ORD-000106,DE,paid_search
DE-ORD-000107,DE,paid_search
DE-ORD-000108,DE,referral
DE-ORD-000109,DE,email
DE-ORD-000110,DE,email
DE-ORD-000111,DE,organic
DE-ORD-000112,DE,organic
DE-ORD-000113,DE,organic
DE-ORD-000114,DE,organic
DE-ORD-000115,DE,organic
DE-ORD-000116,DE,paid_search
DE-ORD-000117,DE,paid_search
DE-ORD-000118,DE,email
DE-ORD-000119,DE,email
DE-ORD-000120,DE,organic
DE-ORD-000121,DE,organic
DE-ORD-000122,DE,organic
DE-ORD-000123,DE,social
DE-ORD-000124,DE,email
DE-ORD-000125,DE,email
DE-ORD-000126,DE,social
DE-ORD-000127,DE,paid_search
DE-ORD-000128,DE,organic
DE-ORD-000129,DE,organic
DE-ORD-000130,DE,organic
DE-ORD-000131,DE,email
DE-ORD-000132,DE,organic
DE-ORD-000133,DE,paid_search
DE-ORD-000134,DE,organic
DE-ORD-000135,DE,referral
DE-ORD-000136,DE,paid_search
DE-ORD-000137,DE,social
DE-ORD-000138,DE,organic
DE-ORD-000139,DE,paid_search
DE-ORD-000140,DE,organic
DE-ORD-000141,DE,social
DE-ORD-000142,DE,organic
DE-ORD-000143,DE,email
DE-ORD-000144,DE,organic
DE-ORD-000145,DE,paid_search
DE-ORD-000146,DE,referral
DE-ORD-000147,DE,organic
DE-ORD-000148,DE,social
DE-ORD-000149,DE,email
DE-ORD-000150,DE,organic
DE-ORD-000151,DE,social
DE-ORD-000152,DE,paid_search
DE-ORD-000153,DE,organic
DE-ORD-000154,DE,paid_search
DE-ORD-000155,DE,email
DE-ORD-000156,DE,paid_search
DE-ORD-000157,DE,social
DE-ORD-000158,DE,referral
DE-ORD-000159,DE,organic
DE-ORD-000160,DE,organic
DE-ORD-000161,DE,organic
DE-ORD-000162,DE,organic
DE-ORD-000163,DE,organic
DE-ORD-000164,DE,social
DE-ORD-000165,DE,referral
DE-ORD-000166,DE,referral
DE-ORD-000167,DE,email
DE-ORD-000168,DE,email
DE-ORD-000169,DE,organic
DE-ORD-000170,DE,social
DE-ORD-000171,DE,email
DE-ORD-000172,DE,organic
DE-ORD-000173,DE,referral
DE-ORD-000174,DE,organic
DE-ORD-000175,DE,social
DE-ORD-000176,DE,social
DE-ORD-000177,DE,referral
DE-ORD-000178,DE,paid_search
DE-ORD-000179,DE,social
DE-ORD-000180,DE,organic
DE-ORD-000181,DE,organic
DE-ORD-000182,DE,email
DE-ORD-000183,DE,social
DE-ORD-000184,DE,social
DE-ORD-000185,DE,organic
DE-ORD-000186,DE,organic
DE-ORD-000187,DE,social
DE-ORD-000188,DE,organic
DE-ORD-000189,DE,paid_search
DE-ORD-000190,DE,referral
DE-ORD-000191,DE,organic
DE-ORD-000192,DE,social
DE-ORD-000193,DE,organic
DE-ORD-000194,DE,organic
DE-ORD-000195,DE,organic
DE-ORD-000196,DE,organic
DE-ORD-000197,DE,organic
DE-ORD-000198,DE,organic
DE-ORD-000199,DE,organic
DE-ORD-000200,DE,paid_search
DE-ORD-000201,DE,organic
DE-ORD-000202,DE,paid_search
DE-ORD-000203,DE,paid_search
DE-ORD-000204,DE,referral
DE-ORD-000205,DE,social
DE-ORD-000206,DE,social
DE-ORD-000207,DE,organic
DE-ORD-000208,DE,referral
DE-ORD-000209,DE,social
DE-ORD-000210,DE,email
DE-ORD-000211,DE,organic
DE-ORD-000212,DE,referral
DE-ORD-000213,DE,email
DE-ORD-000214,DE,email
DE-ORD-000215,DE,paid_search
DE-ORD-000216,DE,organic
DE-ORD-000217,DE,organic
DE-ORD-000218,DE,organic
DE-ORD-000219,DE,email
DE-ORD-000220,DE,paid_search
DE-ORD-000221,DE,paid_search
DE-ORD-000222,DE,organic
DE-ORD-000223,DE,paid_search
DE-ORD-000224,DE,paid_search
DE-ORD-000225,DE,email
DE-ORD-000226,DE,social
DE-ORD-000227,DE,paid_search
DE-ORD-000228,DE,organic
DE-ORD-000229,DE,organic
DE-ORD-000230,DE,paid_search
DE-ORD-000231,DE,social
DE-ORD-000232,DE,social
DE-ORD-000233,DE,social
DE-ORD-000234,DE,social
DE-ORD-000235,DE,paid_search
DE-ORD-000236,DE,referral
DE-ORD-000237,DE,email
DE-ORD-000238,DE,referral
DE-ORD-000239,DE,paid_search
DE-ORD-000240,DE,referral
DE-ORD-000241,DE,email
DE-ORD-000242,DE,email
DE-ORD-000243,DE,paid_search
DE-ORD-000244,DE,social
DE-ORD-000245,DE,referral
DE-ORD-000246,DE,social
DE-ORD-000247,DE,social
DE-ORD-000248,DE,referral
DE-ORD-000249,DE,organic
DE-ORD-000250,DE,social
DE-ORD-000251,DE,organic
DE-ORD-000252,DE,referral
DE-ORD-000253,DE,paid_search
DE-ORD-000254,DE,organic
DE-ORD-000255,DE,social
DE-ORD-000256,DE,email
DE-ORD-000257,DE,social
DE-ORD-000258,DE,referral
DE-ORD-000259,DE,referral
DE-ORD-000260,DE,paid_search
DE-ORD-000261,DE,organic
DE-ORD-000262,DE,paid_search
DE-ORD-000263,DE,organic
DE-ORD-000264,DE,organic
DE-ORD-000265,DE,referral
DE-ORD-000266,DE,email
DE-ORD-000267,DE,paid_search
DE-ORD-000268,DE,paid_search
DE-ORD-000269,DE,social
DE-ORD-000270,DE,organic
DE-ORD-000271,DE,organic
DE-ORD-000272,DE,email
DE-ORD-000273,DE,referral
DE-ORD-000274,DE,organic
DE-ORD-000275,DE,email
DE-ORD-000276,DE,organic
DE-ORD-000277,DE,social
DE-ORD-000278,DE,organic
DE-ORD-000279,DE,paid_search
DE-ORD-000280,DE,referral
DE-ORD-000281,DE,organic
DE-ORD-000282,DE,social
DE-ORD-000283,DE,organic
DE-ORD-000284,DE,paid_search
DE-ORD-000285,DE,paid_search
DE-ORD-000286,DE,organic
DE-ORD-000287,DE,social
DE-ORD-000288,DE,organic
DE-ORD-000289,DE,social
DE-ORD-000290,DE,social
DE-ORD-000291,DE,social
DE-ORD-000292,DE,organic
DE-ORD-000293,DE,referral
DE-ORD-000294,DE,organic
DE-ORD-000295,DE,organic
DE-ORD-000296,DE,paid_search
DE-ORD-000297,DE,organic
DE-ORD-000298,DE,paid_search
DE-ORD-000299,DE,social
DE-ORD-000300,DE,paid_search
DE-ORD-000301,DE,organic
DE-ORD-000302,DE,email
DE-ORD-000303,DE,organic
DE-ORD-000304,DE,paid_search
DE-ORD-000305,DE,paid_search
DE-ORD-000306,DE,email
DE-ORD-000307,DE,paid_search
DE-ORD-000308,DE,organic
DE-ORD-000309,DE,organic
DE-ORD-000310,DE,social
DE-ORD-000311,DE,social
DE-ORD-000312,DE,email
DE-ORD-000313,DE,paid_search
DE-ORD-000314,DE,organic
DE-ORD-000315,DE,organic
DE-ORD-000316,DE,paid_search
DE-ORD-000317,DE,organic
DE-ORD-000318,DE,organic
DE-ORD-000319,DE,organic
DE-ORD-000320,DE,social
DE-ORD-000321,DE,organic
DE-ORD-000322,DE,social
DE-ORD-000323,DE,organic
DE-ORD-000324,DE,organic
DE-ORD-000325,DE,organic
DE-ORD-000326,DE,paid_search
DE-ORD-000327,DE,paid_search
DE-ORD-000328,DE,organic
DE-ORD-000329,DE,referral
DE-ORD-000330,DE,social
DE-ORD-000331,DE,paid_search
DE-ORD-000332,DE,email
DE-ORD-000333,DE,social
DE-ORD-000334,DE,social
DE-ORD-000335,DE,email
DE-ORD-000336,DE,organic
DE-ORD-000337,DE,paid_search
DE-ORD-000338,DE,organic
DE-ORD-000339,DE,organic
DE-ORD-000340,DE,organic
DE-ORD-000341,DE,social
DE-ORD-000342,DE,referral
DE-ORD-000343,DE,referral
DE-ORD-000344,DE,email
DE-ORD-000345,DE,email
DE-ORD-000346,DE,referral
DE-ORD-000347,DE,paid_search
DE-ORD-000348,DE,organic
DE-ORD-000349,DE,organic
DE-ORD-000350,DE,email
DE-ORD-000351,DE,organic
DE-ORD-000352,DE,social
DE-ORD-000353,DE,paid_search
DE-ORD-000354,DE,organic
DE-ORD-000355,DE,social
DE-ORD-000356,DE,paid_search
DE-ORD-000357,DE,organic
DE-ORD-000358,DE,organic
DE-ORD-000359,DE,organic
DE-ORD-000360,DE,social
DE-ORD-000361,DE,organic
DE-ORD-000362,DE,social
DE-ORD-000363,DE,paid_search
DE-ORD-000364,DE,email
DE-ORD-000365,DE,organic
DE-ORD-000366,DE,social
DE-ORD-000367,DE,social
DE-ORD-000368,DE,paid_search
DE-ORD-000369,DE,email
DE-ORD-000370,DE,social
DE-ORD-000371,DE,organic
DE-ORD-000372,DE,paid_search
DE-ORD-000373,DE,referral
DE-ORD-000374,DE,email
DE-ORD-000375,DE,paid_search
DE-ORD-000376,DE,organic
DE-ORD-000377,DE,email
DE-ORD-000378,DE,social
DE-ORD-000379,DE,email
DE-ORD-000380,DE,organic
DE-ORD-000381,DE,social
DE-ORD-000382,DE,organic
DE-ORD-000383,DE,paid_search
DE-ORD-000384,DE,social
DE-ORD-000385,DE,referral
DE-ORD-000386,DE,organic
DE-ORD-000387,DE,organic
DE-ORD-000388,DE,social
DE-ORD-000389,DE,organic
DE-ORD-000390,DE,email
DE-ORD-000391,DE,email
DE-ORD-000392,DE,paid_search
DE-ORD-000393,DE,referral
DE-ORD-000394,DE,email
DE-ORD-000395,DE,email
DE-ORD-000396,DE,social
DE-ORD-000397,DE,email
DE-ORD-000398,DE,paid_search
DE-ORD-000399,DE,organic
DE-ORD-000400,DE,email
DE-ORD-000401,DE,paid_search
DE-ORD-000402,DE,paid_search
DE-ORD-000403,DE,email
DE-ORD-000404,DE,email
DE-ORD-000405,DE,paid_search
DE-ORD-000406,DE,email
DE-ORD-000407,DE,social
DE-ORD-000408,DE,organic
DE-ORD-000409,DE,email
DE-ORD-000410,DE,organic
DE-ORD-000411,DE,paid_search
DE-ORD-000412,DE,organic
DE-ORD-000413,DE,organic
DE-ORD-000414,DE,organic
DE-ORD-000415,DE,email
DE-ORD-000416,DE,email
DE-ORD-000417,DE,social
DE-ORD-000418,DE,email
DE-ORD-000419,DE,paid_search
DE-ORD-000420,DE,paid_search
DE-ORD-000421,DE,email
DE-ORD-000422,DE,paid_search
DE-ORD-000423,DE,paid_search
DE-ORD-000424,DE,social
DE-ORD-000425,DE,organic
DE-ORD-000426,DE,email
DE-ORD-000427,DE,organic
DE-ORD-000428,DE,paid_search
DE-ORD-000429,DE,organic
DE-ORD-000430,DE,social
DE-ORD-000431,DE,organic
DE-ORD-000432,DE,organic
DE-ORD-000433,DE,email
DE-ORD-000434,DE,referral
DE-ORD-000435,DE,organic
DE-ORD-000436,DE,organic
DE-ORD-000437,DE,organic
DE-ORD-000438,DE,referral
DE-ORD-000439,DE,referral
DE-ORD-000440,DE,paid_search
DE-ORD-000441,DE,social
DE-ORD-000442,DE,organic
DE-ORD-000443,DE,paid_search
DE-ORD-000444,DE,paid_search
DE-ORD-000445,DE,organic
DE-ORD-000446,DE,organic
DE-ORD-000447,DE,paid_search
DE-ORD-000448,DE,social
DE-ORD-000449,DE,organic
DE-ORD-000450,DE,social
DE-ORD-000451,DE,organic
DE-ORD-000452,DE,paid_search
DE-ORD-000453,DE,organic
DE-ORD-000454,DE,paid_search
DE-ORD-000455,DE,organic
DE-ORD-000456,DE,paid_search
DE-ORD-000457,DE,organic
DE-ORD-000458,DE,paid_search
DE-ORD-000459,DE,social
DE-ORD-000460,DE,email
DE-ORD-000461,DE,paid_search
DE-ORD-000462,DE,organic
DE-ORD-000463,DE,paid_search
DE-ORD-000464,DE,social
DE-ORD-000465,DE,organic
DE-ORD-000466,DE,organic
DE-ORD-000467,DE,organic
DE-ORD-000468,DE,referral
DE-ORD-000469,DE,organic
DE-ORD-000470,DE,social
DE-ORD-000471,DE,organic
DE-ORD-000472,DE,referral
DE-ORD-000473,DE,email
DE-ORD-000474,DE,organic
DE-ORD-000475,DE,email
DE-ORD-000476,DE,organic
DE-ORD-000477,DE,email
DE-ORD-000478,DE,email
DE-ORD-000479,DE,paid_search
DE-ORD-000480,DE,social
DE-ORD-000481,DE,organic
DE-ORD-000482,DE,organic
DE-ORD-000483,DE,organic
DE-ORD-000484,DE,social
DE-ORD-000485,DE,paid_search
DE-ORD-000486,DE,paid_search
DE-ORD-000487,DE,social
DE-ORD-000488,DE,paid_search
DE-ORD-000489,DE,paid_search
DE-ORD-000490,DE,paid_search
DE-ORD-000491,DE,organic
DE-ORD-000492,DE,organic
DE-ORD-000493,DE,paid_search
DE-ORD-000494,DE,referral
DE-ORD-000495,DE,social
DE-ORD-000496,DE,organic
DE-ORD-000497,DE,organic
DE-ORD-000498,DE,organic
DE-ORD-000499,DE,social
DE-ORD-000500,DE,paid_search
DE-ORD-000501,DE,paid_search
DE-ORD-000502,DE,email
DE-ORD-000503,DE,organic
DE-ORD-000504,DE,organic
DE-ORD-000505,DE,email
DE-ORD-000506,DE,social
DE-ORD-000507,DE,organic
DE-ORD-000508,DE,social
DE-ORD-000509,DE,paid_search
DE-ORD-000510,DE,social
DE-ORD-000511,DE,organic
DE-ORD-000512,DE,email
DE-ORD-000513,DE,referral
DE-ORD-000514,DE,referral
DE-ORD-000515,DE,referral
DE-ORD-000516,DE,organic
DE-ORD-000517,DE,organic
DE-ORD-000518,DE,organic
DE-ORD-000519,DE,social
DE-ORD-000520,DE,email
DE-ORD-000521,DE,paid_search
DE-ORD-000522,DE,referral
DE-ORD-000523,DE,email
DE-ORD-000524,DE,referral
DE-ORD-000525,DE,email
DE-ORD-000526,DE,organic
DE-ORD-000527,DE,paid_search
DE-ORD-000528,DE,paid_search
DE-ORD-000529,DE,organic
DE-ORD-000530,DE,social
DE-ORD-000531,DE,email
DE-ORD-000532,DE,email
DE-ORD-000533,DE,social
DE-ORD-000534,DE,paid_search
DE-ORD-000535,DE,paid_search
DE-ORD-000536,DE,paid_search
DE-ORD-000537,DE,organic
DE-ORD-000538,DE,organic
DE-ORD-000539,DE,paid_search
DE-ORD-000540,DE,organic
DE-ORD-000541,DE,paid_search
DE-ORD-000542,DE,social
DE-ORD-000543,DE,organic
DE-ORD-000544,DE,organic
DE-ORD-000545,DE,organic
DE-ORD-000546,DE,referral
DE-ORD-000547,DE,paid_search
DE-ORD-000548,DE,organic
DE-ORD-000549,DE,social
DE-ORD-000550,DE,social
DE-ORD-000551,DE,referral
DE-ORD-000552,DE,organic
DE-ORD-000553,DE,organic
DE-ORD-000554,DE,paid_search
DE-ORD-000555,DE,social
DE-ORD-000556,DE,organic
DE-ORD-000557,DE,paid_search
DE-ORD-000558,DE,organic
DE-ORD-000559,DE,organic
DE-ORD-000560,DE,paid_search
DE-ORD-000561,DE,social
DE-ORD-000562,DE,social
DE-ORD-000563,DE,paid_search
DE-ORD-000564,DE,organic
DE-ORD-000565,DE,social
DE-ORD-000566,DE,organic
DE-ORD-000567,DE,organic
DE-ORD-000568,DE,organic
DE-ORD-000569,DE,social
DE-ORD-000570,DE,referral
DE-ORD-000571,DE,social
DE-ORD-000572,DE,paid_search
DE-ORD-000573,DE,organic
DE-ORD-000574,DE,email
DE-ORD-000575,DE,paid_search
DE-ORD-000576,DE,referral
DE-ORD-000577,DE,referral
DE-ORD-000578,DE,paid_search
DE-ORD-000579,DE,referral
DE-ORD-000580,DE,organic
DE-ORD-000581,DE,email
DE-ORD-000582,DE,organic
DE-ORD-000583,DE,organic
DE-ORD-000584,DE,social
DE-ORD-000585,DE,email
DE-ORD-000586,DE,paid_search
DE-ORD-000587,DE,social
DE-ORD-000588,DE,paid_search
DE-ORD-000589,DE,organic
DE-ORD-000590,DE,organic
DE-ORD-000591,DE,organic
DE-ORD-000592,DE,organic
DE-ORD-000593,DE,paid_search
DE-ORD-000594,DE,paid_search
DE-ORD-000595,DE,paid_search
DE-ORD-000596,DE,organic
DE-ORD-000597,DE,referral
DE-ORD-000598,DE,paid_search
DE-ORD-000599,DE,referral
DE-ORD-000600,DE,social
DE-ORD-000601,DE,social
DE-ORD-000602,DE,social
DE-ORD-000603,DE,email
DE-ORD-000604,DE,paid_search
DE-ORD-000605,DE,organic
DE-ORD-000606,DE,social
DE-ORD-000607,DE,social
DE-ORD-000608,DE,email
DE-ORD-000609,DE,paid_search
DE-ORD-000610,DE,social
DE-ORD-000611,DE,organic
DE-ORD-000612,DE,organic
DE-ORD-000613,DE,organic
DE-ORD-000614,DE,social
DE-ORD-000615,DE,email
DE-ORD-000616,DE,organic
DE-ORD-000617,DE,email
DE-ORD-000618,DE,organic
DE-ORD-000619,DE,paid_search
DE-ORD-000620,DE,paid_search
DE-ORD-000621,DE,paid_search
DE-ORD-000622,DE,organic
DE-ORD-000623,DE,organic
DE-ORD-000624,DE,social
DE-ORD-000625,DE,social
DE-ORD-000626,DE,paid_search
DE-ORD-000627,DE,paid_search
DE-ORD-000628,DE,organic
DE-ORD-000629,DE,organic
DE-ORD-000630,DE,paid_search
DE-ORD-000631,DE,paid_search
DE-ORD-000632,DE,referral
DE-ORD-000633,DE,email
DE-ORD-000634,DE,paid_search
DE-ORD-000635,DE,organic
DE-ORD-000636,DE,organic
DE-ORD-000637,DE,email
DE-ORD-000638,DE,organic
DE-ORD-000639,DE,paid_search
DE-ORD-000640,DE,social
DE-ORD-000641,DE,organic
DE-ORD-000642,DE,organic
DE-ORD-000643,DE,organic
DE-ORD-000644,DE,organic
DE-ORD-000645,DE,organic
DE-ORD-000646,DE,paid_search
DE-ORD-000647,DE,organic
DE-ORD-000648,DE,paid_search
DE-ORD-000649,DE,email
DE-ORD-000650,DE,paid_search
DE-ORD-000651,DE,paid_search
DE-ORD-000652,DE,social
DE-ORD-000653,DE,email
DE-ORD-000654,DE,email
DE-ORD-000655,DE,organic
DE-ORD-000656,DE,paid_search
DE-ORD-000657,DE,social
DE-ORD-000658,DE,social
DE-ORD-000659,DE,paid_search
DE-ORD-000660,DE,referral
DE-ORD-000661,DE,paid_search
DE-ORD-000662,DE,referral
DE-ORD-000663,DE,email
DE-ORD-000664,DE,social
DE-ORD-000665,DE,referral
DE-ORD-000666,DE,social
DE-ORD-000667,DE,paid_search
DE-ORD-000668,DE,organic
DE-ORD-000669,DE,paid_search
DE-ORD-000670,DE,organic
DE-ORD-000671,DE,social
DE-ORD-000672,DE,organic
DE-ORD-000673,DE,organic
DE-ORD-000674,DE,social
DE-ORD-000675,DE,email
DE-ORD-000676,DE,paid_search
DE-ORD-000677,DE,organic
DE-ORD-000678,DE,paid_search
DE-ORD-000679,DE,social
DE-ORD-000680,DE,paid_search
DE-ORD-000681,DE,social
DE-ORD-000682,DE,organic
DE-ORD-000683,DE,paid_search
DE-ORD-000684,DE,referral
DE-ORD-000685,DE,paid_search
DE-ORD-000686,DE,organic
DE-ORD-000687,DE,paid_search
DE-ORD-000688,DE,organic
DE-ORD-000689,DE,organic
DE-ORD-000690,DE,organic
DE-ORD-000691,DE,paid_search
DE-ORD-000692,DE,organic
DE-ORD-000693,DE,social
DE-ORD-000694,DE,email
DE-ORD-000695,DE,organic
DE-ORD-000696,DE,social
DE-ORD-000697,DE,paid_search
DE-ORD-000698,DE,organic
DE-ORD-000699,DE,paid_search
DE-ORD-000700,DE,paid_search
DE-ORD-000701,DE,paid_search
DE-ORD-000702,DE,organic
DE-ORD-000703,DE,social
DE-ORD-000704,DE,referral
DE-ORD-000705,DE,paid_search
DE-ORD-000706,DE,social
DE-ORD-000707,DE,email
DE-ORD-000708,DE,social
DE-ORD-000709,DE,organic
DE-ORD-000710,DE,organic
DE-ORD-000711,DE,paid_search
DE-ORD-000712,DE,organic
DE-ORD-000713,DE,social
DE-ORD-000714,DE,paid_search
DE-ORD-000715,DE,paid_search
DE-ORD-000716,DE,social
DE-ORD-000717,DE,email
DE-ORD-000718,DE,organic
DE-ORD-000719,DE,social
DE-ORD-000720,DE,organic
DE-ORD-000721,DE,paid_search
DE-ORD-000722,DE,organic
DE-ORD-000723,DE,social
DE-ORD-000724,DE,referral
DE-ORD-000725,DE,paid_search
DE-ORD-000726,DE,organic
DE-ORD-000727,DE,organic
DE-ORD-000728,DE,organic
DE-ORD-000729,DE,paid_search
DE-ORD-000730,DE,organic
DE-ORD-000731,DE,email
DE-ORD-000732,DE,social
DE-ORD-000733,DE,organic
DE-ORD-000734,DE,organic
DE-ORD-000735,DE,organic
DE-ORD-000736,DE,organic
DE-ORD-000737,DE,email
DE-ORD-000738,DE,referral
DE-ORD-000739,DE,organic
DE-ORD-000740,DE,organic
DE-ORD-000741,DE,email
DE-ORD-000742,DE,organic
DE-ORD-000743,DE,social
DE-ORD-000744,DE,paid_search
DE-ORD-000745,DE,social
DE-ORD-000746,DE,organic
DE-ORD-000747,DE,email
DE-ORD-000748,DE,email
DE-ORD-000749,DE,paid_search
DE-ORD-000750,DE,social
DE-ORD-000751,DE,email
DE-ORD-000752,DE,organic
DE-ORD-000753,DE,paid_search
DE-ORD-000754,DE,paid_search
DE-ORD-000755,DE,organic
DE-ORD-000756,DE,organic
DE-ORD-000757,DE,social
DE-ORD-000758,DE,paid_search
DE-ORD-000759,DE,email
DE-ORD-000760,DE,organic
DE-ORD-000761,DE,paid_search
DE-ORD-000762,DE,organic
DE-ORD-000763,DE,organic
DE-ORD-000764,DE,paid_search
DE-ORD-000765,DE,organic
DE-ORD-000766,DE,paid_search
DE-ORD-000767,DE,social
DE-ORD-000768,DE,email
DE-ORD-000769,DE,organic
DE-ORD-000770,DE,social
DE-ORD-000771,DE,social
DE-ORD-000772,DE,paid_search
DE-ORD-000773,DE,referral
DE-ORD-000774,DE,email
DE-ORD-000775,DE,paid_search
DE-ORD-000776,DE,paid_search
DE-ORD-000777,DE,paid_search
DE-ORD-000778,DE,paid_search
DE-ORD-000779,DE,social
DE-ORD-000780,DE,organic
DE-ORD-000781,DE,email
DE-ORD-000782,DE,social
DE-ORD-000783,DE,social
DE-ORD-000784,DE,social
DE-ORD-000785,DE,paid_search
DE-ORD-000786,DE,organic
DE-ORD-000787,DE,social
DE-ORD-000788,DE,paid_search
DE-ORD-000789,DE,paid_search
DE-ORD-000790,DE,email
DE-ORD-000791,DE,social
DE-ORD-000792,DE,organic
DE-ORD-000793,DE,social
DE-ORD-000794,DE,email
DE-ORD-000795,DE,organic
DE-ORD-000796,DE,paid_search
DE-ORD-000797,DE,referral
DE-ORD-000798,DE,organic
DE-ORD-000799,DE,paid_search
DE-ORD-000800,DE,organic
DE-ORD-000801,DE,email
DE-ORD-000802,DE,paid_search
DE-ORD-000803,DE,organic
DE-ORD-000804,DE,paid_search
DE-ORD-000805,DE,referral
DE-ORD-000806,DE,paid_search
DE-ORD-000807,DE,social
DE-ORD-000808,DE,referral
DE-ORD-000809,DE,paid_search
DE-ORD-000810,DE,referral
DE-ORD-000811,DE,referral
DE-ORD-000812,DE,email
DE-ORD-000813,DE,paid_search
DE-ORD-000814,DE,social
DE-ORD-000815,DE,email
DE-ORD-000816,DE,referral
DE-ORD-000817,DE,paid_search
DE-ORD-000818,DE,email
DE-ORD-000819,DE,organic
DE-ORD-000820,DE,paid_search
DE-ORD-000821,DE,organic
DE-ORD-000822,DE,email
DE-ORD-000823,DE,organic
DE-ORD-000824,DE,organic
DE-ORD-000825,DE,referral
DE-ORD-000826,DE,organic
DE-ORD-000827,DE,social
DE-ORD-000828,DE,organic
DE-ORD-000829,DE,organic
DE-ORD-000830,DE,social
DE-ORD-000831,DE,referral
DE-ORD-000832,DE,organic
DE-ORD-000833,DE,email
DE-ORD-000834,DE,paid_search
DE-ORD-000835,DE,paid_search
DE-ORD-000836,DE,organic
DE-ORD-000837,DE,paid_search
DE-ORD-000838,DE,organic
DE-ORD-000839,DE,organic
DE-ORD-000840,DE,paid_search
DE-ORD-000841,DE,organic
DE-ORD-000842,DE,organic
DE-ORD-000843,DE,social
DE-ORD-000844,DE,referral
DE-ORD-000845,DE,social
DE-ORD-000846,DE,organic
DE-ORD-000847,DE,referral
DE-ORD-000848,DE,email
DE-ORD-000849,DE,paid_search
DE-ORD-000850,DE,paid_search
DE-ORD-000851,DE,social
DE-ORD-000852,DE,social
DE-ORD-000853,DE,email
DE-ORD-000854,DE,social
DE-ORD-000855,DE,social
DE-ORD-000856,DE,referral
DE-ORD-000857,DE,organic
DE-ORD-000858,DE,paid_search
DE-ORD-000859,DE,email
DE-ORD-000860,DE,organic
DE-ORD-000861,DE,email
DE-ORD-000862,DE,referral
DE-ORD-000863,DE,social
DE-ORD-000864,DE,social
DE-ORD-000865,DE,organic
DE-ORD-000866,DE,organic
DE-ORD-000867,DE,organic
DE-ORD-000868,DE,social
DE-ORD-000869,DE,email
DE-ORD-000870,DE,social
DE-ORD-000871,DE,paid_search
DE-ORD-000872,DE,organic
DE-ORD-000873,DE,email
DE-ORD-000874,DE,organic
DE-ORD-000875,DE,organic
DE-ORD-000876,DE,email
DE-ORD-000877,DE,social
DE-ORD-000878,DE,organic
DE-ORD-000879,DE,email
DE-ORD-000880,DE,paid_search
DE-ORD-000881,DE,referral
DE-ORD-000882,DE,paid_search
DE-ORD-000883,DE,paid_search
DE-ORD-000884,DE,email
DE-ORD-000885,DE,paid_search
DE-ORD-000886,DE,social
DE-ORD-000887,DE,email
DE-ORD-000888,DE,email
DE-ORD-000889,DE,referral
DE-ORD-000890,DE,organic
DE-ORD-000891,DE,social
DE-ORD-000892,DE,paid_search
DE-ORD-000893,DE,organic
DE-ORD-000894,DE,email
DE-ORD-000895,DE,organic
DE-ORD-000896,DE,social
DE-ORD-000897,DE,organic
DE-ORD-000898,DE,social
DE-ORD-000899,DE,referral
DE-ORD-000900,DE,paid_search
DE-ORD-000901,DE,social
DE-ORD-000902,DE,email
DE-ORD-000903,DE,organic
DE-ORD-000904,DE,paid_search
DE-ORD-000905,DE,social
DE-ORD-000906,DE,organic
DE-ORD-000907,DE,paid_search
DE-ORD-000908,DE,email
DE-ORD-000909,DE,organic
DE-ORD-000910,DE,referral
DE-ORD-000911,DE,email
DE-ORD-000912,DE,social
DE-ORD-000913,DE,paid_search
DE-ORD-000914,DE,organic
DE-ORD-000915,DE,paid_search
DE-ORD-000916,DE,referral
DE-ORD-000917,DE,paid_search
DE-ORD-000918,DE,organic
DE-ORD-000919,DE,organic
DE-ORD-000920,DE,organic
DE-ORD-000921,DE,paid_search
DE-ORD-000922,DE,social
DE-ORD-000923,DE,paid_search
DE-ORD-000924,DE,paid_search
DE-ORD-000925,DE,organic
DE-ORD-000926,DE,social
DE-ORD-000927,DE,social
DE-ORD-000928,DE,organic
DE-ORD-000929,DE,social
DE-ORD-000930,DE,organic
DE-ORD-000931,DE,referral
DE-ORD-000932,DE,paid_search
DE-ORD-000933,DE,social
DE-ORD-000934,DE,email
DE-ORD-000935,DE,email
DE-ORD-000936,DE,paid_search
DE-ORD-000937,DE,organic
DE-ORD-000938,DE,social
DE-ORD-000939,DE,paid_search
DE-ORD-000940,DE,email
DE-ORD-000941,DE,social
DE-ORD-000942,DE,social
DE-ORD-000943,DE,paid_search
DE-ORD-000944,DE,social
DE-ORD-000945,DE,social
DE-ORD-000946,DE,email
DE-ORD-000947,DE,paid_search
DE-ORD-000948,DE,paid_search
DE-ORD-000949,DE,organic
DE-ORD-000950,DE,paid_search
DE-ORD-000951,DE,social
DE-ORD-000952,DE,referral
DE-ORD-000953,DE,organic
DE-ORD-000954,DE,email
DE-ORD-000955,DE,paid_search
DE-ORD-000956,DE,paid_search
DE-ORD-000957,DE,paid_search
DE-ORD-000958,DE,organic
DE-ORD-000959,DE,referral
DE-ORD-000960,DE,paid_search
DE-ORD-000961,DE,social
DE-ORD-000962,DE,organic
DE-ORD-000963,DE,referral
DE-ORD-000964,DE,paid_search
DE-ORD-000965,DE,paid_search
DE-ORD-000966,DE,paid_search
DE-ORD-000967,DE,organic
DE-ORD-000968,DE,organic
DE-ORD-000969,DE,email
DE-ORD-000970,DE,social
DE-ORD-000971,DE,social
DE-ORD-000972,DE,organic
DE-ORD-000973,DE,paid_search
DE-ORD-000974,DE,organic
DE-ORD-000975,DE,referral
DE-ORD-000976,DE,email
DE-ORD-000977,DE,email
DE-ORD-000978,DE,email
DE-ORD-000979,DE,paid_search
DE-ORD-000980,DE,paid_search
DE-ORD-000981,DE,paid_search
DE-ORD-000982,DE,organic
DE-ORD-000983,DE,paid_search
DE-ORD-000984,DE,organic
DE-ORD-000985,DE,social
DE-ORD-000986,DE,email
DE-ORD-000987,DE,social
DE-ORD-000988,DE,referral
DE-ORD-000989,DE,paid_search
DE-ORD-000990,DE,paid_search
DE-ORD-000991,DE,social
DE-ORD-000992,DE,organic
DE-ORD-000993,DE,organic
DE-ORD-000994,DE,organic
DE-ORD-000995,DE,organic
DE-ORD-000996,DE,organic
DE-ORD-000997,DE,organic
DE-ORD-000998,DE,organic
DE-ORD-000999,DE,social
DE-ORD-001000,DE,organic
DE-ORD-001001,DE,organic
DE-ORD-001002,DE,paid_search
DE-ORD-001003,DE,organic
DE-ORD-001004,DE,social
DE-ORD-001005,DE,email
DE-ORD-001006,DE,social
DE-ORD-001007,DE,paid_search
DE-ORD-001008,DE,social
DE-ORD-001009,DE,social
DE-ORD-001010,DE,organic
DE-ORD-001011,DE,organic
DE-ORD-001012,DE,organic
DE-ORD-001013,DE,social
DE-ORD-001014,DE,social
DE-ORD-001015,DE,paid_search
DE-ORD-001016,DE,social
DE-ORD-001017,DE,paid_search
DE-ORD-001018,DE,paid_search
DE-ORD-001019,DE,referral
DE-ORD-001020,DE,referral
DE-ORD-001021,DE,paid_search
DE-ORD-001022,DE,organic
DE-ORD-001023,DE,paid_search
DE-ORD-001024,DE,organic
DE-ORD-001025,DE,email
DE-ORD-001026,DE,referral
DE-ORD-001027,DE,social
DE-ORD-001028,DE,organic
DE-ORD-001029,DE,social
DE-ORD-001030,DE,organic
DE-ORD-001031,DE,referral
DE-ORD-001032,DE,email
DE-ORD-001033,DE,social
DE-ORD-001034,DE,organic
DE-ORD-001035,DE,organic
DE-ORD-001036,DE,paid_search
DE-ORD-001037,DE,email
DE-ORD-001038,DE,organic
DE-ORD-001039,DE,organic
DE-ORD-001040,DE,organic
DE-ORD-001041,DE,email
DE-ORD-001042,DE,paid_search
DE-ORD-001043,DE,email
DE-ORD-001044,DE,email
DE-ORD-001045,DE,referral
DE-ORD-001046,DE,organic
DE-ORD-001047,DE,paid_search
DE-ORD-001048,DE,organic
DE-ORD-001049,DE,organic
DE-ORD-001050,DE,paid_search
DE-ORD-001051,DE,social
DE-ORD-001052,DE,organic
DE-ORD-001053,DE,email
DE-ORD-001054,DE,paid_search
DE-ORD-001055,DE,social
DE-ORD-001056,DE,email
DE-ORD-001057,DE,email
DE-ORD-001058,DE,email
DE-ORD-001059,DE,social
DE-ORD-001060,DE,referral
DE-ORD-001061,DE,organic
DE-ORD-001062,DE,organic
DE-ORD-001063,DE,paid_search
DE-ORD-001064,DE,paid_search
DE-ORD-001065,DE,paid_search
DE-ORD-001066,DE,paid_search
DE-ORD-001067,DE,organic
DE-ORD-001068,DE,paid_search
DE-ORD-001069,DE,paid_search
DE-ORD-001070,DE,referral
DE-ORD-001071,DE,paid_search
DE-ORD-001072,DE,social
DE-ORD-001073,DE,paid_search
DE-ORD-001074,DE,referral
DE-ORD-001075,DE,email
DE-ORD-001076,DE,social
DE-ORD-001077,DE,social
DE-ORD-001078,DE,paid_search
DE-ORD-001079,DE,referral
DE-ORD-001080,DE,email
DE-ORD-001081,DE,email
DE-ORD-001082,DE,social
DE-ORD-001083,DE,organic
DE-ORD-001084,DE,email
DE-ORD-001085,DE,organic
DE-ORD-001086,DE,social
DE-ORD-001087,DE,paid_search
DE-ORD-001088,DE,referral
DE-ORD-001089,DE,paid_search
DE-ORD-001090,DE,paid_search
DE-ORD-001091,DE,social
DE-ORD-001092,DE,email
DE-ORD-001093,DE,social
DE-ORD-001094,DE,paid_search
DE-ORD-001095,DE,paid_search
DE-ORD-001096,DE,email
DE-ORD-001097,DE,referral
DE-ORD-001098,DE,email
DE-ORD-001099,DE,organic
DE-ORD-001100,DE,referral
DE-ORD-001101,DE,organic
DE-ORD-001102,DE,organic
DE-ORD-001103,DE,organic
DE-ORD-001104,DE,organic
DE-ORD-001105,DE,email
DE-ORD-001106,DE,organic
DE-ORD-001107,DE,organic
DE-ORD-001108,DE,organic
DE-ORD-001109,DE,paid_search
DE-ORD-001110,DE,social
DE-ORD-001111,DE,paid_search
DE-ORD-001112,DE,paid_search
DE-ORD-001113,DE,social
DE-ORD-001114,DE,social
DE-ORD-001115,DE,email
DE-ORD-001116,DE,organic
DE-ORD-001117,DE,email
DE-ORD-001118,DE,referral
DE-ORD-001119,DE,email
DE-ORD-001120,DE,social
DE-ORD-001121,DE,organic
DE-ORD-001122,DE,referral
DE-ORD-001123,DE,organic
DE-ORD-001124,DE,paid_search
DE-ORD-001125,DE,organic
DE-ORD-001126,DE,paid_search
DE-ORD-001127,DE,referral
DE-ORD-001128,DE,social
DE-ORD-001129,DE,social
DE-ORD-001130,DE,social
DE-ORD-001131,DE,organic
DE-ORD-001132,DE,paid_search
DE-ORD-001133,DE,social
DE-ORD-001134,DE,social
DE-ORD-001135,DE,organic
DE-ORD-001136,DE,email
DE-ORD-001137,DE,paid_search
DE-ORD-001138,DE,paid_search
DE-ORD-001139,DE,paid_search
DE-ORD-001140,DE,organic
DE-ORD-001141,DE,email
DE-ORD-001142,DE,email
DE-ORD-001143,DE,organic
DE-ORD-001144,DE,social
DE-ORD-001145,DE,social
DE-ORD-001146,DE,paid_search
DE-ORD-001147,DE,paid_search
DE-ORD-001148,DE,referral
DE-ORD-001149,DE,social
DE-ORD-001150,DE,referral
DE-ORD-001151,DE,organic
DE-ORD-001152,DE,social
DE-ORD-001153,DE,paid_search
DE-ORD-001154,DE,organic
DE-ORD-001155,DE,organic
DE-ORD-001156,DE,organic
DE-ORD-001157,DE,paid_search
DE-ORD-001158,DE,organic
DE-ORD-001159,DE,paid_search
DE-ORD-001160,DE,social
DE-ORD-001161,DE,organic
DE-ORD-001162,DE,paid_search
DE-ORD-001163,DE,paid_search
DE-ORD-001164,DE,paid_search
DE-ORD-001165,DE,social
DE-ORD-001166,DE,paid_search
DE-ORD-001167,DE,email
DE-ORD-001168,DE,paid_search
DE-ORD-001169,DE,paid_search
DE-ORD-001170,DE,email
DE-ORD-001171,DE,social
DE-ORD-001172,DE,paid_search
DE-ORD-001173,DE,email
DE-ORD-001174,DE,organic
DE-ORD-001175,DE,email
DE-ORD-001176,DE,social
DE-ORD-001177,DE,social
DE-ORD-001178,DE,referral
DE-ORD-001179,DE,paid_search
DE-ORD-001180,DE,social
DE-ORD-001181,DE,organic
DE-ORD-001182,DE,paid_search
DE-ORD-001183,DE,paid_search
DE-ORD-001184,DE,paid_search
DE-ORD-001185,DE,social
DE-ORD-001186,DE,social
DE-ORD-001187,DE,social
DE-ORD-001188,DE,paid_search
DE-ORD-001189,DE,organic
DE-ORD-001190,DE,referral
DE-ORD-001191,DE,organic
DE-ORD-001192,DE,social
DE-ORD-001193,DE,email
DE-ORD-001194,DE,email
DE-ORD-001195,DE,organic
DE-ORD-001196,DE,email
DE-ORD-001197,DE,organic
DE-ORD-001198,DE,email
DE-ORD-001199,DE,paid_search
DE-ORD-001200,DE,organic
DE-ORD-001201,DE,paid_search
DE-ORD-001202,DE,email
DE-ORD-001203,DE,organic
DE-ORD-001204,DE,paid_search
DE-ORD-001205,DE,paid_search
DE-ORD-001206,DE,referral
DE-ORD-001207,DE,email
DE-ORD-001208,DE,social
DE-ORD-001209,DE,social
DE-ORD-001210,DE,organic
DE-ORD-001211,DE,organic
DE-ORD-001212,DE,referral
DE-ORD-001213,DE,paid_search
DE-ORD-001214,DE,organic
DE-ORD-001215,DE,organic
DE-ORD-001216,DE,organic
DE-ORD-001217,DE,organic
DE-ORD-001218,DE,organic
DE-ORD-001219,DE,paid_search
DE-ORD-001220,DE,organic
DE-ORD-001221,DE,paid_search
DE-ORD-001222,DE,paid_search
DE-ORD-001223,DE,paid_search
DE-ORD-001224,DE,email
DE-ORD-001225,DE,organic
DE-ORD-001226,DE,social
DE-ORD-001227,DE,social
DE-ORD-001228,DE,social
DE-ORD-001229,DE,organic
DE-ORD-001230,DE,organic
DE-ORD-001231,DE,organic
DE-ORD-001232,DE,social
DE-ORD-001233,DE,organic
DE-ORD-001234,DE,email
DE-ORD-001235,DE,email
DE-ORD-001236,DE,paid_search
DE-ORD-001237,DE,paid_search
DE-ORD-001238,DE,social
DE-ORD-001239,DE,organic
DE-ORD-001240,DE,paid_search
DE-ORD-001241,DE,email
DE-ORD-001242,DE,paid_search
DE-ORD-001243,DE,referral
DE-ORD-001244,DE,social
DE-ORD-001245,DE,email
DE-ORD-001246,DE,paid_search
DE-ORD-001247,DE,paid_search
DE-ORD-001248,DE,organic
DE-ORD-001249,DE,paid_search
DE-ORD-001250,DE,organic
DE-ORD-001251,DE,organic
DE-ORD-001252,DE,paid_search
DE-ORD-001253,DE,paid_search
DE-ORD-001254,DE,email
DE-ORD-001255,DE,paid_search
DE-ORD-001256,DE,paid_search
DE-ORD-001257,DE,social
DE-ORD-001258,DE,referral
DE-ORD-001259,DE,organic
DE-ORD-001260,DE,paid_search
DE-ORD-001261,DE,social
DE-ORD-001262,DE,referral
DE-ORD-001263,DE,email
DE-ORD-001264,DE,social
DE-ORD-001265,DE,organic
DE-ORD-001266,DE,organic
DE-ORD-001267,DE,paid_search
DE-ORD-001268,DE,social
DE-ORD-001269,DE,social
DE-ORD-001270,DE,referral
DE-ORD-001271,DE,organic
DE-ORD-001272,DE,paid_search
DE-ORD-001273,DE,organic
DE-ORD-001274,DE,social
DE-ORD-001275,DE,email
DE-ORD-001276,DE,paid_search
DE-ORD-001277,DE,organic
DE-ORD-001278,DE,organic
DE-ORD-001279,DE,organic
DE-ORD-001280,DE,email
DE-ORD-001281,DE,organic
DE-ORD-001282,DE,email
DE-ORD-001283,DE,social
DE-ORD-001284,DE,email
DE-ORD-001285,DE,organic
DE-ORD-001286,DE,email
DE-ORD-001287,DE,organic
DE-ORD-001288,DE,organic
DE-ORD-001289,DE,paid_search
DE-ORD-001290,DE,organic
DE-ORD-001291,DE,organic
DE-ORD-001292,DE,organic
DE-ORD-001293,DE,referral
DE-ORD-001294,DE,paid_search
DE-ORD-001295,DE,email
DE-ORD-001296,DE,referral
DE-ORD-001297,DE,paid_search
DE-ORD-001298,DE,social
DE-ORD-001299,DE,organic
DE-ORD-001300,DE,paid_search
DE-ORD-001301,DE,organic
DE-ORD-001302,DE,referral
DE-ORD-001303,DE,paid_search
DE-ORD-001304,DE,social
DE-ORD-001305,DE,organic
DE-ORD-001306,DE,email
DE-ORD-001307,DE,paid_search
DE-ORD-001308,DE,social
DE-ORD-001309,DE,social
DE-ORD-001310,DE,social
DE-ORD-001311,DE,referral
DE-ORD-001312,DE,email
DE-ORD-001313,DE,paid_search
DE-ORD-001314,DE,organic
DE-ORD-001315,DE,organic
DE-ORD-001316,DE,organic
DE-ORD-001317,DE,organic
DE-ORD-001318,DE,organic
DE-ORD-001319,DE,organic
DE-ORD-001320,DE,referral
DE-ORD-001321,DE,paid_search
DE-ORD-001322,DE,referral
DE-ORD-001323,DE,organic
DE-ORD-001324,DE,social
DE-ORD-001325,DE,email
DE-ORD-001326,DE,organic
DE-ORD-001327,DE,organic
DE-ORD-001328,DE,organic
DE-ORD-001329,DE,organic
DE-ORD-001330,DE,referral
DE-ORD-001331,DE,email
DE-ORD-001332,DE,paid_search
DE-ORD-001333,DE,paid_search
DE-ORD-001334,DE,organic
DE-ORD-001335,DE,paid_search
DE-ORD-001336,DE,social
DE-ORD-001337,DE,paid_search
DE-ORD-001338,DE,organic
DE-ORD-001339,DE,paid_search
DE-ORD-001340,DE,organic
DE-ORD-001341,DE,social
DE-ORD-001342,DE,organic
DE-ORD-001343,DE,referral
DE-ORD-001344,DE,email
DE-ORD-001345,DE,organic
DE-ORD-001346,DE,paid_search
DE-ORD-001347,DE,email
DE-ORD-001348,DE,referral
DE-ORD-001349,DE,email
DE-ORD-001350,DE,paid_search
DE-ORD-001351,DE,referral
DE-ORD-001352,DE,organic
DE-ORD-001353,DE,social
DE-ORD-001354,DE,referral
DE-ORD-001355,DE,paid_search
DE-ORD-001356,DE,referral
DE-ORD-001357,DE,organic
DE-ORD-001358,DE,referral
DE-ORD-001359,DE,organic
DE-ORD-001360,DE,referral
DE-ORD-001361,DE,paid_search
DE-ORD-001362,DE,social
DE-ORD-001363,DE,organic
DE-ORD-001364,DE,organic
DE-ORD-001365,DE,paid_search
DE-ORD-001366,DE,social
DE-ORD-001367,DE,paid_search
DE-ORD-001368,DE,social
DE-ORD-001369,DE,organic
DE-ORD-001370,DE,referral
DE-ORD-001371,DE,paid_search
DE-ORD-001372,DE,paid_search
DE-ORD-001373,DE,paid_search
DE-ORD-001374,DE,organic
DE-ORD-001375,DE,paid_search
DE-ORD-001376,DE,organic
DE-ORD-001377,DE,email
DE-ORD-001378,DE,social
DE-ORD-001379,DE,social
DE-ORD-001380,DE,paid_search
DE-ORD-001381,DE,social
DE-ORD-001382,DE,paid_search
DE-ORD-001383,DE,email
DE-ORD-001384,DE,organic
DE-ORD-001385,DE,organic
DE-ORD-001386,DE,organic
DE-ORD-001387,DE,email
DE-ORD-001388,DE,paid_search
DE-ORD-001389,DE,social
DE-ORD-001390,DE,paid_search
DE-ORD-001391,DE,social
DE-ORD-001392,DE,referral
DE-ORD-001393,DE,organic
DE-ORD-001394,DE,organic
DE-ORD-001395,DE,referral
DE-ORD-001396,DE,organic
DE-ORD-001397,DE,organic
DE-ORD-001398,DE,social
DE-ORD-001399,DE,social
DE-ORD-001400,DE,paid_search
DE-ORD-001401,DE,email
DE-ORD-001402,DE,organic
DE-ORD-001403,DE,paid_search
DE-ORD-001404,DE,email
DE-ORD-001405,DE,organic
DE-ORD-001406,DE,paid_search
DE-ORD-001407,DE,social
DE-ORD-001408,DE,email
DE-ORD-001409,DE,email
DE-ORD-001410,DE,referral
DE-ORD-001411,DE,email
DE-ORD-001412,DE,paid_search
DE-ORD-001413,DE,organic
DE-ORD-001414,DE,email
DE-ORD-001415,DE,organic
DE-ORD-001416,DE,social
DE-ORD-001417,DE,social
DE-ORD-001418,DE,organic
DE-ORD-001419,DE,referral
DE-ORD-001420,DE,organic
DE-ORD-001421,DE,organic
DE-ORD-001422,DE,referral
DE-ORD-001423,DE,organic
DE-ORD-001424,DE,paid_search
DE-ORD-001425,DE,organic
DE-ORD-001426,DE,email
DE-ORD-001427,DE,email
DE-ORD-001428,DE,email
DE-ORD-001429,DE,social
DE-ORD-001430,DE,organic
DE-ORD-001431,DE,email
DE-ORD-001432,DE,email
DE-ORD-001433,DE,paid_search
DE-ORD-001434,DE,paid_search
DE-ORD-001435,DE,referral
DE-ORD-001436,DE,email
DE-ORD-001437,DE,email
DE-ORD-001438,DE,email
DE-ORD-001439,DE,organic
DE-ORD-001440,DE,social
DE-ORD-001441,DE,organic
DE-ORD-001442,DE,paid_search
DE-ORD-001443,DE,social
DE-ORD-001444,DE,organic
DE-ORD-001445,DE,social
DE-ORD-001446,DE,organic
DE-ORD-001447,DE,organic
DE-ORD-001448,DE,paid_search
DE-ORD-001449,DE,organic
DE-ORD-001450,DE,paid_search
DE-ORD-001451,DE,paid_search
DE-ORD-001452,DE,referral
DE-ORD-001453,DE,paid_search
DE-ORD-001454,DE,organic
DE-ORD-001455,DE,social
DE-ORD-001456,DE,social
DE-ORD-001457,DE,paid_search
DE-ORD-001458,DE,email
DE-ORD-001459,DE,email
DE-ORD-001460,DE,paid_search
DE-ORD-001461,DE,organic
DE-ORD-001462,DE,referral
DE-ORD-001463,DE,email
DE-ORD-001464,DE,social
DE-ORD-001465,DE,paid_search
DE-ORD-001466,DE,organic
DE-ORD-001467,DE,social
DE-ORD-001468,DE,paid_search
DE-ORD-001469,DE,organic
DE-ORD-001470,DE,social
DE-ORD-001471,DE,organic
DE-ORD-001472,DE,email
DE-ORD-001473,DE,email
DE-ORD-001474,DE,organic
DE-ORD-001475,DE,email
DE-ORD-001476,DE,paid_search
DE-ORD-001477,DE,email
DE-ORD-001478,DE,paid_search
DE-ORD-001479,DE,paid_search
DE-ORD-001480,DE,social
DE-ORD-001481,DE,organic
DE-ORD-001482,DE,referral
DE-ORD-001483,DE,organic
DE-ORD-001484,DE,organic
DE-ORD-001485,DE,organic
DE-ORD-001486,DE,organic
DE-ORD-001487,DE,organic
DE-ORD-001488,DE,social
DE-ORD-001489,DE,email
DE-ORD-001490,DE,email
DE-ORD-001491,DE,referral
DE-ORD-001492,DE,organic
DE-ORD-001493,DE,social
DE-ORD-001494,DE,organic
DE-ORD-001495,DE,social
DE-ORD-001496,DE,organic
DE-ORD-001497,DE,referral
DE-ORD-001498,DE,social
DE-ORD-001499,DE,referral
DE-ORD-001500,DE,email
DE-ORD-001501,DE,referral
DE-ORD-001502,DE,email
DE-ORD-001503,DE,organic
DE-ORD-001504,DE,organic
DE-ORD-001505,DE,organic
DE-ORD-001506,DE,paid_search
DE-ORD-001507,DE,organic
DE-ORD-001508,DE,organic
DE-ORD-001509,DE,organic
DE-ORD-001510,DE,referral
DE-ORD-001511,DE,referral
DE-ORD-001512,DE,paid_search
DE-ORD-001513,DE,organic
DE-ORD-001514,DE,organic
DE-ORD-001515,DE,organic
DE-ORD-001516,DE,email
DE-ORD-001517,DE,organic
DE-ORD-001518,DE,social
DE-ORD-001519,DE,email
DE-ORD-001520,DE,email
DE-ORD-001521,DE,paid_search
DE-ORD-001522,DE,social
DE-ORD-001523,DE,organic
DE-ORD-001524,DE,organic
DE-ORD-001525,DE,paid_search
DE-ORD-001526,DE,organic
DE-ORD-001527,DE,organic
DE-ORD-001528,DE,organic
DE-ORD-001529,DE,social
DE-ORD-001530,DE,email
DE-ORD-001531,DE,paid_search
DE-ORD-001532,DE,paid_search
DE-ORD-001533,DE,email
DE-ORD-001534,DE,paid_search
DE-ORD-001535,DE,referral
DE-ORD-001536,DE,social
DE-ORD-001537,DE,organic
DE-ORD-001538,DE,paid_search
DE-ORD-001539,DE,paid_search
DE-ORD-001540,DE,paid_search
DE-ORD-001541,DE,paid_search
DE-ORD-001542,DE,social
DE-ORD-001543,DE,paid_search
DE-ORD-001544,DE,organic
DE-ORD-001545,DE,social
DE-ORD-001546,DE,organic
DE-ORD-001547,DE,paid_search
DE-ORD-001548,DE,paid_search
DE-ORD-001549,DE,paid_search
DE-ORD-001550,DE,social
DE-ORD-001551,DE,organic
DE-ORD-001552,DE,email
DE-ORD-001553,DE,organic
DE-ORD-001554,DE,organic
DE-ORD-001555,DE,organic
DE-ORD-001556,DE,social
DE-ORD-001557,DE,organic
DE-ORD-001558,DE,paid_search
DE-ORD-001559,DE,social
DE-ORD-001560,DE,organic
DE-ORD-001561,DE,organic
DE-ORD-001562,DE,social
DE-ORD-001563,DE,organic
DE-ORD-001564,DE,social
DE-ORD-001565,DE,organic
DE-ORD-001566,DE,social
DE-ORD-001567,DE,social
DE-ORD-001568,DE,organic
DE-ORD-001569,DE,social
DE-ORD-001570,DE,email
DE-ORD-001571,DE,organic
DE-ORD-001572,DE,organic
DE-ORD-001573,DE,email
DE-ORD-001574,DE,social
DE-ORD-001575,DE,paid_search
DE-ORD-001576,DE,email
DE-ORD-001577,DE,paid_search
DE-ORD-001578,DE,social
DE-ORD-001579,DE,email
DE-ORD-001580,DE,referral
DE-ORD-001581,DE,paid_search
DE-ORD-001582,DE,social
DE-ORD-001583,DE,organic
DE-ORD-001584,DE,organic
DE-ORD-001585,DE,paid_search
DE-ORD-001586,DE,social
DE-ORD-001587,DE,organic
DE-ORD-001588,DE,paid_search
DE-ORD-001589,DE,social
DE-ORD-001590,DE,social
DE-ORD-001591,DE,email
DE-ORD-001592,DE,referral
DE-ORD-001593,DE,organic
DE-ORD-001594,DE,referral
DE-ORD-001595,DE,email
DE-ORD-001596,DE,organic
DE-ORD-001597,DE,paid_search
DE-ORD-001598,DE,organic
DE-ORD-001599,DE,organic
DE-ORD-001600,DE,social
DE-ORD-001601,DE,social
DE-ORD-001602,DE,social
DE-ORD-001603,DE,organic
DE-ORD-001604,DE,paid_search
DE-ORD-001605,DE,email
DE-ORD-001606,DE,organic
DE-ORD-001607,DE,referral
DE-ORD-001608,DE,paid_search
DE-ORD-001609,DE,referral
DE-ORD-001610,DE,paid_search
DE-ORD-001611,DE,paid_search
DE-ORD-001612,DE,paid_search
DE-ORD-001613,DE,social
DE-ORD-001614,DE,email
DE-ORD-001615,DE,organic
DE-ORD-001616,DE,referral
DE-ORD-001617,DE,social
DE-ORD-001618,DE,social
DE-ORD-001619,DE,email
DE-ORD-001620,DE,organic
DE-ORD-001621,DE,organic
DE-ORD-001622,DE,referral
DE-ORD-001623,DE,referral
DE-ORD-001624,DE,referral
DE-ORD-001625,DE,referral
DE-ORD-001626,DE,paid_search
DE-ORD-001627,DE,email
DE-ORD-001628,DE,organic
DE-ORD-001629,DE,referral
DE-ORD-001630,DE,organic
DE-ORD-001631,DE,social
DE-ORD-001632,DE,organic
DE-ORD-001633,DE,organic
DE-ORD-001634,DE,paid_search
DE-ORD-001635,DE,email
DE-ORD-001636,DE,email
DE-ORD-001637,DE,paid_search
DE-ORD-001638,DE,email
DE-ORD-001639,DE,social
DE-ORD-001640,DE,organic
DE-ORD-001641,DE,organic
DE-ORD-001642,DE,email
DE-ORD-001643,DE,social
DE-ORD-001644,DE,organic
DE-ORD-001645,DE,social
DE-ORD-001646,DE,paid_search
DE-ORD-001647,DE,organic
DE-ORD-001648,DE,paid_search
DE-ORD-001649,DE,paid_search
DE-ORD-001650,DE,social
DE-ORD-001651,DE,referral
DE-ORD-001652,DE,organic
DE-ORD-001653,DE,paid_search
DE-ORD-001654,DE,social
DE-ORD-001655,DE,email
DE-ORD-001656,DE,social
DE-ORD-001657,DE,email
DE-ORD-001658,DE,organic
DE-ORD-001659,DE,email
DE-ORD-001660,DE,paid_search
DE-ORD-001661,DE,organic
DE-ORD-001662,DE,organic
DE-ORD-001663,DE,organic
DE-ORD-001664,DE,referral
DE-ORD-001665,DE,email
DE-ORD-001666,DE,paid_search
DE-ORD-001667,DE,paid_search
DE-ORD-001668,DE,organic
DE-ORD-001669,DE,organic
DE-ORD-001670,DE,social
DE-ORD-001671,DE,referral
DE-ORD-001672,DE,referral
DE-ORD-001673,DE,social
DE-ORD-001674,DE,email
DE-ORD-001675,DE,organic
DE-ORD-001676,DE,paid_search
DE-ORD-001677,DE,organic
DE-ORD-001678,DE,social
DE-ORD-001679,DE,social
DE-ORD-001680,DE,paid_search
DE-ORD-001681,DE,organic
DE-ORD-001682,DE,organic
DE-ORD-001683,DE,referral
DE-ORD-001684,DE,organic
DE-ORD-001685,DE,email
DE-ORD-001686,DE,email
DE-ORD-001687,DE,organic
DE-ORD-001688,DE,social
DE-ORD-001689,DE,email
DE-ORD-001690,DE,organic
DE-ORD-001691,DE,referral
DE-ORD-001692,DE,paid_search
DE-ORD-001693,DE,paid_search
DE-ORD-001694,DE,email
DE-ORD-001695,DE,email
DE-ORD-001696,DE,referral
DE-ORD-001697,DE,social
DE-ORD-001698,DE,referral
DE-ORD-001699,DE,email
DE-ORD-001700,DE,email
DE-ORD-001701,DE,social
DE-ORD-001702,DE,organic
DE-ORD-001703,DE,referral
DE-ORD-001704,DE,organic
DE-ORD-001705,DE,organic
DE-ORD-001706,DE,organic
DE-ORD-001707,DE,social
DE-ORD-001708,DE,organic
DE-ORD-001709,DE,paid_search
DE-ORD-001710,DE,email
DE-ORD-001711,DE,organic
DE-ORD-001712,DE,social
DE-ORD-001713,DE,paid_search
DE-ORD-001714,DE,paid_search
DE-ORD-001715,DE,paid_search
DE-ORD-001716,DE,social
DE-ORD-001717,DE,paid_search
DE-ORD-001718,DE,referral
DE-ORD-001719,DE,paid_search
DE-ORD-001720,DE,paid_search
DE-ORD-001721,DE,paid_search
DE-ORD-001722,DE,paid_search
DE-ORD-001723,DE,email
DE-ORD-001724,DE,email
DE-ORD-001725,DE,social
DE-ORD-001726,DE,paid_search
DE-ORD-001727,DE,organic
DE-ORD-001728,DE,organic
DE-ORD-001729,DE,referral
DE-ORD-001730,DE,paid_search
DE-ORD-001731,DE,social
DE-ORD-001732,DE,organic
DE-ORD-001733,DE,organic
DE-ORD-001734,DE,organic
DE-ORD-001735,DE,paid_search
DE-ORD-001736,DE,email
DE-ORD-001737,DE,paid_search
DE-ORD-001738,DE,social
DE-ORD-001739,DE,paid_search
DE-ORD-001740,DE,referral
DE-ORD-001741,DE,paid_search
DE-ORD-001742,DE,email
DE-ORD-001743,DE,email
DE-ORD-001744,DE,referral
DE-ORD-001745,DE,organic
DE-ORD-001746,DE,social
DE-ORD-001747,DE,organic
DE-ORD-001748,DE,paid_search
DE-ORD-001749,DE,organic
DE-ORD-001750,DE,paid_search
DE-ORD-001751,DE,referral
DE-ORD-001752,DE,paid_search
DE-ORD-001753,DE,social
DE-ORD-001754,DE,social
DE-ORD-001755,DE,organic
DE-ORD-001756,DE,social
DE-ORD-001757,DE,paid_search
DE-ORD-001758,DE,social
DE-ORD-001759,DE,organic
DE-ORD-001760,DE,referral
DE-ORD-001761,DE,email
DE-ORD-001762,DE,referral
DE-ORD-001763,DE,paid_search
DE-ORD-001764,DE,organic
DE-ORD-001765,DE,paid_search
DE-ORD-001766,DE,paid_search
DE-ORD-001767,DE,paid_search
DE-ORD-001768,DE,social
DE-ORD-001769,DE,paid_search
DE-ORD-001770,DE,organic
DE-ORD-001771,DE,email
DE-ORD-001772,DE,social
DE-ORD-001773,DE,organic
DE-ORD-001774,DE,organic
DE-ORD-001775,DE,organic
DE-ORD-001776,DE,paid_search
DE-ORD-001777,DE,social
DE-ORD-001778,DE,organic
DE-ORD-001779,DE,email
DE-ORD-001780,DE,email
DE-ORD-001781,DE,social
DE-ORD-001782,DE,organic
DE-ORD-001783,DE,paid_search
DE-ORD-001784,DE,email
DE-ORD-001785,DE,organic
DE-ORD-001786,DE,paid_search
DE-ORD-001787,DE,paid_search
DE-ORD-001788,DE,paid_search
DE-ORD-001789,DE,email
DE-ORD-001790,DE,paid_search
DE-ORD-001791,DE,organic
DE-ORD-001792,DE,organic
DE-ORD-001793,DE,social
DE-ORD-001794,DE,email
DE-ORD-001795,DE,email
DE-ORD-001796,DE,organic
DE-ORD-001797,DE,paid_search
DE-ORD-001798,DE,organic
DE-ORD-001799,DE,social
DE-ORD-001800,DE,social
DE-ORD-001801,DE,social
DE-ORD-001802,DE,paid_search
DE-ORD-001803,DE,social
DE-ORD-001804,DE,paid_search
DE-ORD-001805,DE,email
DE-ORD-001806,DE,organic
DE-ORD-001807,DE,social
DE-ORD-001808,DE,paid_search
DE-ORD-001809,DE,organic
DE-ORD-001810,DE,social
DE-ORD-001811,DE,paid_search
DE-ORD-001812,DE,email
DE-ORD-001813,DE,social
DE-ORD-001814,DE,social
DE-ORD-001815,DE,organic
DE-ORD-001816,DE,organic
DE-ORD-001817,DE,social
DE-ORD-001818,DE,organic
DE-ORD-001819,DE,social
DE-ORD-001820,DE,organic
DE-ORD-001821,DE,paid_search
DE-ORD-001822,DE,paid_search
DE-ORD-001823,DE,paid_search
DE-ORD-001824,DE,organic
DE-ORD-001825,DE,social
DE-ORD-001826,DE,email
DE-ORD-001827,DE,paid_search
DE-ORD-001828,DE,referral
DE-ORD-001829,DE,organic
DE-ORD-001830,DE,referral
DE-ORD-001831,DE,social
DE-ORD-001832,DE,social
DE-ORD-001833,DE,paid_search
DE-ORD-001834,DE,paid_search
DE-ORD-001835,DE,paid_search
DE-ORD-001836,DE,social
DE-ORD-001837,DE,organic
DE-ORD-001838,DE,email
DE-ORD-001839,DE,organic
DE-ORD-001840,DE,email
DE-ORD-001841,DE,paid_search
DE-ORD-001842,DE,paid_search
DE-ORD-001843,DE,organic
DE-ORD-001844,DE,organic
DE-ORD-001845,DE,organic
DE-ORD-001846,DE,email
DE-ORD-001847,DE,paid_search
DE-ORD-001848,DE,organic
DE-ORD-001849,DE,email
DE-ORD-001850,DE,paid_search
DE-ORD-001851,DE,referral
DE-ORD-001852,DE,referral
DE-ORD-001853,DE,paid_search
DE-ORD-001854,DE,organic
DE-ORD-001855,DE,organic
DE-ORD-001856,DE,email
DE-ORD-001857,DE,social
DE-ORD-001858,DE,social
DE-ORD-001859,DE,email
DE-ORD-001860,DE,paid_search
DE-ORD-001861,DE,email
DE-ORD-001862,DE,social
DE-ORD-001863,DE,social
DE-ORD-001864,DE,email
DE-ORD-001865,DE,social
DE-ORD-001866,DE,paid_search
DE-ORD-001867,DE,organic
DE-ORD-001868,DE,organic
DE-ORD-001869,DE,paid_search
DE-ORD-001870,DE,referral
DE-ORD-001871,DE,paid_search
DE-ORD-001872,DE,social
DE-ORD-001873,DE,organic
DE-ORD-001874,DE,paid_search
DE-ORD-001875,DE,referral
DE-ORD-001876,DE,email
DE-ORD-001877,DE,organic
DE-ORD-001878,DE,paid_search
DE-ORD-001879,DE,paid_search
DE-ORD-001880,DE,organic
DE-ORD-001881,DE,organic
DE-ORD-001882,DE,organic
DE-ORD-001883,DE,referral
DE-ORD-001884,DE,social
DE-ORD-001885,DE,email
DE-ORD-001886,DE,social
DE-ORD-001887,DE,organic
DE-ORD-001888,DE,email
DE-ORD-001889,DE,organic
DE-ORD-001890,DE,email
DE-ORD-001891,DE,organic
DE-ORD-001892,DE,paid_search
DE-ORD-001893,DE,email
DE-ORD-001894,DE,social
DE-ORD-001895,DE,email
DE-ORD-001896,DE,referral
DE-ORD-001897,DE,paid_search
DE-ORD-001898,DE,organic
DE-ORD-001899,DE,organic
DE-ORD-001900,DE,social
DE-ORD-001901,DE,email
DE-ORD-001902,DE,organic
DE-ORD-001903,DE,social
DE-ORD-001904,DE,social
DE-ORD-001905,DE,paid_search
DE-ORD-001906,DE,email
DE-ORD-001907,DE,social
DE-ORD-001908,DE,referral
DE-ORD-001909,DE,organic
DE-ORD-001910,DE,paid_search
DE-ORD-001911,DE,organic
DE-ORD-001912,DE,paid_search
DE-ORD-001913,DE,referral
DE-ORD-001914,DE,paid_search
DE-ORD-001915,DE,email
DE-ORD-001916,DE,organic
DE-ORD-001917,DE,organic
DE-ORD-001918,DE,paid_search
DE-ORD-001919,DE,social
DE-ORD-001920,DE,social
DE-ORD-001921,DE,organic
DE-ORD-001922,DE,referral
DE-ORD-001923,DE,organic
DE-ORD-001924,DE,organic
DE-ORD-001925,DE,organic
DE-ORD-001926,DE,paid_search
DE-ORD-001927,DE,referral
DE-ORD-001928,DE,organic
DE-ORD-001929,DE,paid_search
DE-ORD-001930,DE,organic
DE-ORD-001931,DE,social
DE-ORD-001932,DE,organic
DE-ORD-001933,DE,social
DE-ORD-001934,DE,paid_search
DE-ORD-001935,DE,organic
DE-ORD-001936,DE,email
DE-ORD-001937,DE,paid_search
DE-ORD-001938,DE,email
DE-ORD-001939,DE,paid_search
DE-ORD-001940,DE,email
DE-ORD-001941,DE,organic
DE-ORD-001942,DE,social
DE-ORD-001943,DE,paid_search
DE-ORD-001944,DE,paid_search
DE-ORD-001945,DE,paid_search
DE-ORD-001946,DE,paid_search
DE-ORD-001947,DE,organic
DE-ORD-001948,DE,organic
DE-ORD-001949,DE,social
DE-ORD-001950,DE,email
DE-ORD-001951,DE,social
DE-ORD-001952,DE,social
DE-ORD-001953,DE,organic
DE-ORD-001954,DE,organic
DE-ORD-001955,DE,organic
DE-ORD-001956,DE,email
DE-ORD-001957,DE,paid_search
DE-ORD-001958,DE,paid_search
DE-ORD-001959,DE,social
DE-ORD-001960,DE,paid_search
DE-ORD-001961,DE,email
DE-ORD-001962,DE,email
DE-ORD-001963,DE,paid_search
DE-ORD-001964,DE,paid_search
DE-ORD-001965,DE,organic
DE-ORD-001966,DE,social
DE-ORD-001967,DE,organic
DE-ORD-001968,DE,social
DE-ORD-001969,DE,social
DE-ORD-001970,DE,organic
DE-ORD-001971,DE,paid_search
DE-ORD-001972,DE,email
DE-ORD-001973,DE,paid_search
DE-ORD-001974,DE,email
DE-ORD-001975,DE,organic
DE-ORD-001976,DE,social
DE-ORD-001977,DE,email
DE-ORD-001978,DE,email
DE-ORD-001979,DE,organic
DE-ORD-001980,DE,paid_search
DE-ORD-001981,DE,email
DE-ORD-001982,DE,organic
DE-ORD-001983,DE,paid_search
DE-ORD-001984,DE,referral
DE-ORD-001985,DE,paid_search
DE-ORD-001986,DE,paid_search
DE-ORD-001987,DE,paid_search
DE-ORD-001988,DE,social
DE-ORD-001989,DE,social
DE-ORD-001990,DE,organic
DE-ORD-001991,DE,organic
DE-ORD-001992,DE,organic
DE-ORD-001993,DE,social
DE-ORD-001994,DE,paid_search
DE-ORD-001995,DE,referral
DE-ORD-001996,DE,paid_search
DE-ORD-001997,DE,referral
DE-ORD-001998,DE,paid_search
DE-ORD-001999,DE,email
DE-ORD-001671-REORDER,DE,paid_search
DE-ORD-001200-REORDER,DE,paid_search
DE-ORD-001246-REORDER,DE,email
DE-ORD-001666-REORDER,DE,email
DE-ORD-001529-REORDER,DE,organic
DE-ORD-001846-REORDER,DE,social
DE-ORD-000086-REORDER,DE,social
DE-ORD-000321-REORDER,DE,email
DE-ORD-000269-REORDER,DE,organic
DE-ORD-000069-REORDER,DE,organic
DE-ORD-000140-REORDER,DE,organic
DE-ORD-001420-REORDER,DE,organic
DE-ORD-001499-REORDER,DE,email
DE-ORD-000836-REORDER,DE,paid_search
DE-ORD-000485-REORDER,DE,paid_search
DE-ORD-000322-REORDER,DE,social
DE-ORD-001910-REORDER,DE,social
GH-ORD-000000,GH,organic
GH-ORD-000001,GH,organic
GH-ORD-000002,GH,social
GH-ORD-000003,GH,email
GH-ORD-000004,GH,organic
GH-ORD-000005,GH,organic
GH-ORD-000006,GH,referral
GH-ORD-000007,GH,social
GH-ORD-000008,GH,paid_search
GH-ORD-000009,GH,social
GH-ORD-000010,GH,referral
GH-ORD-000011,GH,email
GH-ORD-000012,GH,social
GH-ORD-000013,GH,paid_search
GH-ORD-000014,GH,email
GH-ORD-000015,GH,organic
GH-ORD-000016,GH,email
GH-ORD-000017,GH,organic
GH-ORD-000018,GH,paid_search
GH-ORD-000019,GH,organic
GH-ORD-000020,GH,organic
GH-ORD-000021,GH,social
GH-ORD-000022,GH,referral
GH-ORD-000023,GH,social
GH-ORD-000024,GH,email
GH-ORD-000025,GH,organic
GH-ORD-000026,GH,email
GH-ORD-000027,GH,email
GH-ORD-000028,GH,social
GH-ORD-000029,GH,organic
GH-ORD-000030,GH,social
GH-ORD-000031,GH,social
GH-ORD-000032,GH,organic
GH-ORD-000033,GH,email
GH-ORD-000034,GH,referral
GH-ORD-000035,GH,organic
GH-ORD-000036,GH,social
GH-ORD-000037,GH,social
GH-ORD-000038,GH,social
GH-ORD-000039,GH,organic
GH-ORD-000040,GH,email
GH-ORD-000041,GH,organic
GH-ORD-000042,GH,paid_search
GH-ORD-000043,GH,email
GH-ORD-000044,GH,social
GH-ORD-000045,GH,email
GH-ORD-000046,GH,paid_search
GH-ORD-000047,GH,paid_search
GH-ORD-000048,GH,referral
GH-ORD-000049,GH,paid_search
GH-ORD-000050,GH,email
GH-ORD-000051,GH,email
GH-ORD-000052,GH,social
GH-ORD-000053,GH,paid_search
GH-ORD-000054,GH,social
GH-ORD-000055,GH,email
GH-ORD-000056,GH,organic
GH-ORD-000057,GH,organic
GH-ORD-000058,GH,organic
GH-ORD-000059,GH,paid_search
GH-ORD-000060,GH,email
GH-ORD-000061,GH,email
GH-ORD-000062,GH,referral
GH-ORD-000063,GH,social
GH-ORD-000064,GH,email
GH-ORD-000065,GH,paid_search
GH-ORD-000066,GH,social
GH-ORD-000067,GH,social
GH-ORD-000068,GH,referral
GH-ORD-000069,GH,email
GH-ORD-000070,GH,referral
GH-ORD-000071,GH,email
GH-ORD-000072,GH,email
GH-ORD-000073,GH,paid_search
GH-ORD-000074,GH,email
GH-ORD-000075,GH,social
GH-ORD-000076,GH,organic
GH-ORD-000077,GH,paid_search
GH-ORD-000078,GH,social
GH-ORD-000079,GH,organic
GH-ORD-000080,GH,organic
GH-ORD-000081,GH,social
GH-ORD-000082,GH,referral
GH-ORD-000083,GH,email
GH-ORD-000084,GH,organic
GH-ORD-000085,GH,organic
GH-ORD-000086,GH,paid_search
GH-ORD-000087,GH,organic
GH-ORD-000088,GH,paid_search
GH-ORD-000089,GH,referral
GH-ORD-000090,GH,social
GH-ORD-000091,GH,paid_search
GH-ORD-000092,GH,organic
GH-ORD-000093,GH,organic
GH-ORD-000094,GH,organic
GH-ORD-000095,GH,paid_search
GH-ORD-000096,GH,referral
GH-ORD-000097,GH,organic
GH-ORD-000098,GH,paid_search
GH-ORD-000099,GH,paid_search
GH-ORD-000100,GH,social
GH-ORD-000101,GH,paid_search
GH-ORD-000102,GH,paid_search
GH-ORD-000103,GH,organic
GH-ORD-000104,GH,social
GH-ORD-000105,GH,paid_search
GH-ORD-000106,GH,organic
GH-ORD-000107,GH,organic
GH-ORD-000108,GH,paid_search
GH-ORD-000109,GH,organic
GH-ORD-000110,GH,paid_search
GH-ORD-000111,GH,paid_search
GH-ORD-000112,GH,organic
GH-ORD-000113,GH,paid_search
GH-ORD-000114,GH,paid_search
GH-ORD-000115,GH,organic
GH-ORD-000116,GH,referral
GH-ORD-000117,GH,social
GH-ORD-000118,GH,email
GH-ORD-000119,GH,email
GH-ORD-000120,GH,referral
GH-ORD-000121,GH,email
GH-ORD-000122,GH,social
GH-ORD-000123,GH,organic
GH-ORD-000124,GH,paid_search
GH-ORD-000125,GH,social
GH-ORD-000126,GH,referral
GH-ORD-000127,GH,organic
GH-ORD-000128,GH,social
GH-ORD-000129,GH,organic
GH-ORD-000130,GH,organic
GH-ORD-000131,GH,organic
GH-ORD-000132,GH,organic
GH-ORD-000133,GH,organic
GH-ORD-000134,GH,social
GH-ORD-000135,GH,email
GH-ORD-000136,GH,email
GH-ORD-000137,GH,paid_search
GH-ORD-000138,GH,email
GH-ORD-000139,GH,organic
GH-ORD-000140,GH,organic
GH-ORD-000141,GH,social
GH-ORD-000142,GH,organic
GH-ORD-000143,GH,paid_search
GH-ORD-000144,GH,organic
GH-ORD-000145,GH,social
GH-ORD-000146,GH,organic
GH-ORD-000147,GH,social
GH-ORD-000148,GH,social
GH-ORD-000149,GH,social
GH-ORD-000150,GH,email
GH-ORD-000151,GH,organic
GH-ORD-000152,GH,paid_search
GH-ORD-000153,GH,organic
GH-ORD-000154,GH,organic
GH-ORD-000155,GH,social
GH-ORD-000156,GH,paid_search
GH-ORD-000157,GH,organic
GH-ORD-000158,GH,email
GH-ORD-000159,GH,social
GH-ORD-000160,GH,social
GH-ORD-000161,GH,email
GH-ORD-000162,GH,email
GH-ORD-000163,GH,social
GH-ORD-000164,GH,organic
GH-ORD-000165,GH,referral
GH-ORD-000166,GH,social
GH-ORD-000167,GH,paid_search
GH-ORD-000168,GH,organic
GH-ORD-000169,GH,social
GH-ORD-000170,GH,referral
GH-ORD-000171,GH,paid_search
GH-ORD-000172,GH,paid_search
GH-ORD-000173,GH,email
GH-ORD-000174,GH,referral
GH-ORD-000175,GH,organic
GH-ORD-000176,GH,organic
GH-ORD-000177,GH,social
GH-ORD-000178,GH,organic
GH-ORD-000179,GH,email
GH-ORD-000180,GH,paid_search
GH-ORD-000181,GH,paid_search
GH-ORD-000182,GH,paid_search
GH-ORD-000183,GH,organic
GH-ORD-000184,GH,paid_search
GH-ORD-000185,GH,paid_search
GH-ORD-000186,GH,email
GH-ORD-000187,GH,paid_search
GH-ORD-000188,GH,referral
GH-ORD-000189,GH,organic
GH-ORD-000190,GH,social
GH-ORD-000191,GH,paid_search
GH-ORD-000192,GH,paid_search
GH-ORD-000193,GH,social
GH-ORD-000194,GH,social
GH-ORD-000195,GH,email
GH-ORD-000196,GH,email
GH-ORD-000197,GH,social
GH-ORD-000198,GH,organic
GH-ORD-000199,GH,email
GH-ORD-000200,GH,social
GH-ORD-000201,GH,referral
GH-ORD-000202,GH,email
GH-ORD-000203,GH,paid_search
GH-ORD-000204,GH,organic
GH-ORD-000205,GH,social
GH-ORD-000206,GH,social
GH-ORD-000207,GH,social
GH-ORD-000208,GH,email
GH-ORD-000209,GH,organic
GH-ORD-000210,GH,paid_search
GH-ORD-000211,GH,paid_search
GH-ORD-000212,GH,social
GH-ORD-000213,GH,social
GH-ORD-000214,GH,organic
GH-ORD-000215,GH,social
GH-ORD-000216,GH,paid_search
GH-ORD-000217,GH,paid_search
GH-ORD-000218,GH,social
GH-ORD-000219,GH,organic
GH-ORD-000220,GH,social
GH-ORD-000221,GH,email
GH-ORD-000222,GH,email
GH-ORD-000223,GH,paid_search
GH-ORD-000224,GH,organic
GH-ORD-000225,GH,social
GH-ORD-000226,GH,email
GH-ORD-000227,GH,email
GH-ORD-000228,GH,paid_search
GH-ORD-000229,GH,paid_search
GH-ORD-000230,GH,social
GH-ORD-000231,GH,social
GH-ORD-000232,GH,organic
GH-ORD-000233,GH,paid_search
GH-ORD-000234,GH,social
GH-ORD-000235,GH,organic
GH-ORD-000236,GH,paid_search
GH-ORD-000237,GH,paid_search
GH-ORD-000238,GH,organic
GH-ORD-000239,GH,social
GH-ORD-000240,GH,organic
GH-ORD-000241,GH,paid_search
GH-ORD-000242,GH,paid_search
GH-ORD-000243,GH,organic
GH-ORD-000244,GH,social
GH-ORD-000245,GH,paid_search
GH-ORD-000246,GH,social
GH-ORD-000247,GH,paid_search
GH-ORD-000248,GH,paid_search
GH-ORD-000249,GH,paid_search
GH-ORD-000250,GH,paid_search
GH-ORD-000251,GH,social
GH-ORD-000252,GH,organic
GH-ORD-000253,GH,email
GH-ORD-000254,GH,paid_search
GH-ORD-000255,GH,paid_search
GH-ORD-000256,GH,organic
GH-ORD-000257,GH,email
GH-ORD-000258,GH,organic
GH-ORD-000259,GH,organic
GH-ORD-000260,GH,organic
GH-ORD-000261,GH,paid_search
GH-ORD-000262,GH,referral
GH-ORD-000263,GH,organic
GH-ORD-000264,GH,email
GH-ORD-000265,GH,social
GH-ORD-000266,GH,organic
GH-ORD-000267,GH,paid_search
GH-ORD-000268,GH,social
GH-ORD-000269,GH,paid_search
GH-ORD-000270,GH,organic
GH-ORD-000271,GH,social
GH-ORD-000272,GH,email
GH-ORD-000273,GH,social
GH-ORD-000274,GH,social
GH-ORD-000275,GH,paid_search
GH-ORD-000276,GH,organic
GH-ORD-000277,GH,paid_search
GH-ORD-000278,GH,social
GH-ORD-000279,GH,referral
GH-ORD-000280,GH,organic
GH-ORD-000281,GH,paid_search
GH-ORD-000282,GH,organic
GH-ORD-000283,GH,email
GH-ORD-000284,GH,social
GH-ORD-000285,GH,paid_search
GH-ORD-000286,GH,referral
GH-ORD-000287,GH,email
GH-ORD-000288,GH,paid_search
GH-ORD-000289,GH,referral
GH-ORD-000290,GH,organic
GH-ORD-000291,GH,organic
GH-ORD-000292,GH,organic
GH-ORD-000293,GH,email
GH-ORD-000294,GH,social
GH-ORD-000295,GH,paid_search
GH-ORD-000296,GH,referral
GH-ORD-000297,GH,paid_search
GH-ORD-000298,GH,social
GH-ORD-000299,GH,social
GH-ORD-000300,GH,paid_search
GH-ORD-000301,GH,paid_search
GH-ORD-000302,GH,email
GH-ORD-000303,GH,organic
GH-ORD-000304,GH,social
GH-ORD-000305,GH,organic
GH-ORD-000306,GH,social
GH-ORD-000307,GH,organic
GH-ORD-000308,GH,organic
GH-ORD-000309,GH,organic
GH-ORD-000310,GH,email
GH-ORD-000311,GH,organic
GH-ORD-000312,GH,paid_search
GH-ORD-000313,GH,referral
GH-ORD-000314,GH,email
GH-ORD-000315,GH,paid_search
GH-ORD-000316,GH,referral
GH-ORD-000317,GH,social
GH-ORD-000318,GH,paid_search
GH-ORD-000319,GH,paid_search
GH-ORD-000320,GH,social
GH-ORD-000321,GH,email
GH-ORD-000322,GH,paid_search
GH-ORD-000323,GH,organic
GH-ORD-000324,GH,organic
GH-ORD-000325,GH,social
GH-ORD-000326,GH,paid_search
GH-ORD-000327,GH,paid_search
GH-ORD-000328,GH,social
GH-ORD-000329,GH,email
GH-ORD-000330,GH,organic
GH-ORD-000331,GH,organic
GH-ORD-000332,GH,organic
GH-ORD-000333,GH,organic
GH-ORD-000334,GH,referral
GH-ORD-000335,GH,email
GH-ORD-000336,GH,paid_search
GH-ORD-000337,GH,organic
GH-ORD-000338,GH,organic
GH-ORD-000339,GH,social
GH-ORD-000340,GH,organic
GH-ORD-000341,GH,email
GH-ORD-000342,GH,email
GH-ORD-000343,GH,organic
GH-ORD-000344,GH,email
GH-ORD-000345,GH,email
GH-ORD-000346,GH,email
GH-ORD-000347,GH,referral
GH-ORD-000348,GH,organic
GH-ORD-000349,GH,organic
GH-ORD-000350,GH,email
GH-ORD-000351,GH,email
GH-ORD-000352,GH,referral
GH-ORD-000353,GH,paid_search
GH-ORD-000354,GH,social
GH-ORD-000355,GH,paid_search
GH-ORD-000356,GH,organic
GH-ORD-000357,GH,paid_search
GH-ORD-000358,GH,paid_search
GH-ORD-000359,GH,paid_search
GH-ORD-000360,GH,social
GH-ORD-000361,GH,organic
GH-ORD-000362,GH,paid_search
GH-ORD-000363,GH,organic
GH-ORD-000364,GH,paid_search
GH-ORD-000365,GH,referral
GH-ORD-000366,GH,organic
GH-ORD-000367,GH,organic
GH-ORD-000368,GH,email
GH-ORD-000369,GH,social
GH-ORD-000370,GH,social
GH-ORD-000371,GH,social
GH-ORD-000372,GH,referral
GH-ORD-000373,GH,paid_search
GH-ORD-000374,GH,referral
GH-ORD-000375,GH,email
GH-ORD-000376,GH,social
GH-ORD-000377,GH,social
GH-ORD-000378,GH,social
GH-ORD-000379,GH,paid_search
GH-ORD-000380,GH,paid_search
GH-ORD-000381,GH,referral
GH-ORD-000382,GH,organic
GH-ORD-000383,GH,organic
GH-ORD-000384,GH,email
GH-ORD-000385,GH,organic
GH-ORD-000386,GH,paid_search
GH-ORD-000387,GH,social
GH-ORD-000388,GH,social
GH-ORD-000389,GH,paid_search
GH-ORD-000390,GH,referral
GH-ORD-000391,GH,paid_search
GH-ORD-000392,GH,organic
GH-ORD-000393,GH,paid_search
GH-ORD-000394,GH,social
GH-ORD-000395,GH,organic
GH-ORD-000396,GH,organic
GH-ORD-000397,GH,email
GH-ORD-000398,GH,paid_search
GH-ORD-000399,GH,email
GH-ORD-000400,GH,social
GH-ORD-000401,GH,referral
GH-ORD-000402,GH,social
GH-ORD-000403,GH,paid_search
GH-ORD-000404,GH,paid_search
GH-ORD-000405,GH,email
GH-ORD-000406,GH,email
GH-ORD-000407,GH,organic
GH-ORD-000408,GH,social
GH-ORD-000409,GH,organic
GH-ORD-000410,GH,referral
GH-ORD-000411,GH,referral
GH-ORD-000412,GH,referral
GH-ORD-000413,GH,email
GH-ORD-000414,GH,referral
GH-ORD-000415,GH,paid_search
GH-ORD-000416,GH,email
GH-ORD-000417,GH,social
GH-ORD-000418,GH,referral
GH-ORD-000419,GH,social
GH-ORD-000420,GH,paid_search
GH-ORD-000421,GH,social
GH-ORD-000422,GH,social
GH-ORD-000423,GH,paid_search
GH-ORD-000424,GH,organic
GH-ORD-000425,GH,social
GH-ORD-000426,GH,organic
GH-ORD-000427,GH,organic
GH-ORD-000428,GH,paid_search
GH-ORD-000429,GH,referral
GH-ORD-000430,GH,email
GH-ORD-000431,GH,paid_search
GH-ORD-000432,GH,email
GH-ORD-000433,GH,social
GH-ORD-000434,GH,paid_search
GH-ORD-000435,GH,organic
GH-ORD-000436,GH,social
GH-ORD-000437,GH,organic
GH-ORD-000438,GH,email
GH-ORD-000439,GH,organic
GH-ORD-000440,GH,paid_search
GH-ORD-000441,GH,referral
GH-ORD-000442,GH,paid_search
GH-ORD-000443,GH,social
GH-ORD-000444,GH,paid_search
GH-ORD-000445,GH,organic
GH-ORD-000446,GH,organic
GH-ORD-000447,GH,paid_search
GH-ORD-000448,GH,organic
GH-ORD-000449,GH,paid_search
GH-ORD-000450,GH,social
GH-ORD-000451,GH,social
GH-ORD-000452,GH,paid_search
GH-ORD-000453,GH,email
GH-ORD-000454,GH,paid_search
GH-ORD-000455,GH,paid_search
GH-ORD-000456,GH,social
GH-ORD-000457,GH,organic
GH-ORD-000458,GH,organic
GH-ORD-000459,GH,paid_search
GH-ORD-000460,GH,email
GH-ORD-000461,GH,social
GH-ORD-000462,GH,paid_search
GH-ORD-000463,GH,organic
GH-ORD-000464,GH,email
GH-ORD-000465,GH,social
GH-ORD-000466,GH,paid_search
GH-ORD-000467,GH,organic
GH-ORD-000468,GH,paid_search
GH-ORD-000469,GH,organic
GH-ORD-000470,GH,email
GH-ORD-000471,GH,organic
GH-ORD-000472,GH,organic
GH-ORD-000473,GH,referral
GH-ORD-000474,GH,social
GH-ORD-000475,GH,social
GH-ORD-000476,GH,organic
GH-ORD-000477,GH,social
GH-ORD-000478,GH,social
GH-ORD-000479,GH,organic
GH-ORD-000480,GH,referral
GH-ORD-000481,GH,email
GH-ORD-000482,GH,social
GH-ORD-000483,GH,organic
GH-ORD-000484,GH,organic
GH-ORD-000485,GH,paid_search
GH-ORD-000486,GH,organic
GH-ORD-000487,GH,email
GH-ORD-000488,GH,organic
GH-ORD-000489,GH,email
GH-ORD-000490,GH,paid_search
GH-ORD-000491,GH,organic
GH-ORD-000492,GH,social
GH-ORD-000493,GH,organic
GH-ORD-000494,GH,email
GH-ORD-000495,GH,referral
GH-ORD-000496,GH,paid_search
GH-ORD-000497,GH,paid_search
GH-ORD-000498,GH,paid_search
GH-ORD-000499,GH,social
GH-ORD-000500,GH,organic
GH-ORD-000501,GH,social
GH-ORD-000502,GH,organic
GH-ORD-000503,GH,social
GH-ORD-000504,GH,email
GH-ORD-000505,GH,organic
GH-ORD-000506,GH,organic
GH-ORD-000507,GH,paid_search
GH-ORD-000508,GH,organic
GH-ORD-000509,GH,organic
GH-ORD-000510,GH,organic
GH-ORD-000511,GH,referral
GH-ORD-000512,GH,referral
GH-ORD-000513,GH,email
GH-ORD-000514,GH,organic
GH-ORD-000515,GH,social
GH-ORD-000516,GH,organic
GH-ORD-000517,GH,paid_search
GH-ORD-000518,GH,organic
GH-ORD-000519,GH,paid_search
GH-ORD-000520,GH,organic
GH-ORD-000521,GH,organic
GH-ORD-000522,GH,referral
GH-ORD-000523,GH,organic
GH-ORD-000524,GH,referral
GH-ORD-000525,GH,paid_search
GH-ORD-000526,GH,paid_search
GH-ORD-000527,GH,organic
GH-ORD-000528,GH,social
GH-ORD-000529,GH,paid_search
GH-ORD-000530,GH,paid_search
GH-ORD-000531,GH,organic
GH-ORD-000532,GH,organic
GH-ORD-000533,GH,social
GH-ORD-000534,GH,organic
GH-ORD-000535,GH,paid_search
GH-ORD-000536,GH,email
GH-ORD-000537,GH,organic
GH-ORD-000538,GH,social
GH-ORD-000539,GH,email
GH-ORD-000540,GH,referral
GH-ORD-000541,GH,organic
GH-ORD-000542,GH,social
GH-ORD-000543,GH,organic
GH-ORD-000544,GH,social
GH-ORD-000545,GH,organic
GH-ORD-000546,GH,organic
GH-ORD-000547,GH,email
GH-ORD-000548,GH,paid_search
GH-ORD-000549,GH,email
GH-ORD-000550,GH,email
GH-ORD-000551,GH,organic
GH-ORD-000552,GH,organic
GH-ORD-000553,GH,organic
GH-ORD-000554,GH,referral
GH-ORD-000555,GH,paid_search
GH-ORD-000556,GH,social
GH-ORD-000557,GH,social
GH-ORD-000558,GH,referral
GH-ORD-000559,GH,email
GH-ORD-000560,GH,social
GH-ORD-000561,GH,paid_search
GH-ORD-000562,GH,organic
GH-ORD-000563,GH,paid_search
GH-ORD-000564,GH,email
GH-ORD-000565,GH,social
GH-ORD-000566,GH,email
GH-ORD-000567,GH,social
GH-ORD-000568,GH,organic
GH-ORD-000569,GH,paid_search
GH-ORD-000570,GH,organic
GH-ORD-000571,GH,paid_search
GH-ORD-000572,GH,social
GH-ORD-000573,GH,paid_search
GH-ORD-000574,GH,social
GH-ORD-000575,GH,social
GH-ORD-000576,GH,organic
GH-ORD-000577,GH,paid_search
GH-ORD-000578,GH,organic
GH-ORD-000579,GH,organic
GH-ORD-000580,GH,social
GH-ORD-000581,GH,paid_search
GH-ORD-000582,GH,email
GH-ORD-000583,GH,email
GH-ORD-000584,GH,paid_search
GH-ORD-000585,GH,social
GH-ORD-000586,GH,social
GH-ORD-000587,GH,social
GH-ORD-000588,GH,paid_search
GH-ORD-000589,GH,paid_search
GH-ORD-000590,GH,paid_search
GH-ORD-000591,GH,organic
GH-ORD-000592,GH,email
GH-ORD-000593,GH,social
GH-ORD-000594,GH,referral
GH-ORD-000595,GH,paid_search
GH-ORD-000596,GH,paid_search
GH-ORD-000597,GH,social
GH-ORD-000598,GH,organic
GH-ORD-000599,GH,organic
GH-ORD-000600,GH,organic
GH-ORD-000601,GH,paid_search
GH-ORD-000602,GH,social
GH-ORD-000603,GH,organic
GH-ORD-000604,GH,social
GH-ORD-000605,GH,email
GH-ORD-000606,GH,paid_search
GH-ORD-000607,GH,referral
GH-ORD-000608,GH,organic
GH-ORD-000609,GH,referral
GH-ORD-000610,GH,paid_search
GH-ORD-000611,GH,social
GH-ORD-000612,GH,organic
GH-ORD-000613,GH,email
GH-ORD-000614,GH,social
GH-ORD-000615,GH,organic
GH-ORD-000616,GH,referral
GH-ORD-000617,GH,organic
GH-ORD-000618,GH,paid_search
GH-ORD-000619,GH,social
GH-ORD-000620,GH,social
GH-ORD-000621,GH,organic
GH-ORD-000622,GH,organic
GH-ORD-000623,GH,referral
GH-ORD-000624,GH,social
GH-ORD-000625,GH,paid_search
GH-ORD-000626,GH,paid_search
GH-ORD-000627,GH,referral
GH-ORD-000628,GH,social
GH-ORD-000629,GH,referral
GH-ORD-000630,GH,organic
GH-ORD-000631,GH,social
GH-ORD-000632,GH,social
GH-ORD-000633,GH,organic
GH-ORD-000634,GH,social
GH-ORD-000635,GH,social
GH-ORD-000636,GH,organic
GH-ORD-000637,GH,email
GH-ORD-000638,GH,email
GH-ORD-000639,GH,email
GH-ORD-000640,GH,email
GH-ORD-000641,GH,organic
GH-ORD-000642,GH,organic
GH-ORD-000643,GH,email
GH-ORD-000644,GH,organic
GH-ORD-000645,GH,paid_search
GH-ORD-000646,GH,organic
GH-ORD-000647,GH,paid_search
GH-ORD-000648,GH,social
GH-ORD-000649,GH,organic
GH-ORD-000650,GH,organic
GH-ORD-000651,GH,referral
GH-ORD-000652,GH,email
GH-ORD-000653,GH,email
GH-ORD-000654,GH,social
GH-ORD-000655,GH,email
GH-ORD-000656,GH,email
GH-ORD-000657,GH,social
GH-ORD-000658,GH,referral
GH-ORD-000659,GH,paid_search
GH-ORD-000660,GH,referral
GH-ORD-000661,GH,organic
GH-ORD-000662,GH,organic
GH-ORD-000663,GH,paid_search
GH-ORD-000664,GH,organic
GH-ORD-000665,GH,social
GH-ORD-000666,GH,referral
GH-ORD-000667,GH,referral
GH-ORD-000668,GH,referral
GH-ORD-000669,GH,organic
GH-ORD-000670,GH,referral
GH-ORD-000671,GH,organic
GH-ORD-000672,GH,email
GH-ORD-000673,GH,paid_search
GH-ORD-000674,GH,organic
GH-ORD-000675,GH,referral
GH-ORD-000676,GH,referral
GH-ORD-000677,GH,social
GH-ORD-000678,GH,email
GH-ORD-000679,GH,paid_search
GH-ORD-000680,GH,social
GH-ORD-000681,GH,social
GH-ORD-000682,GH,paid_search
GH-ORD-000683,GH,paid_search
GH-ORD-000684,GH,paid_search
GH-ORD-000685,GH,social
GH-ORD-000686,GH,paid_search
GH-ORD-000687,GH,organic
GH-ORD-000688,GH,organic
GH-ORD-000689,GH,social
GH-ORD-000690,GH,social
GH-ORD-000691,GH,social
GH-ORD-000692,GH,organic
GH-ORD-000693,GH,organic
GH-ORD-000694,GH,organic
GH-ORD-000695,GH,email
GH-ORD-000696,GH,organic
GH-ORD-000697,GH,organic
GH-ORD-000698,GH,social
GH-ORD-000699,GH,organic
GH-ORD-000700,GH,email
GH-ORD-000701,GH,organic
GH-ORD-000702,GH,social
GH-ORD-000703,GH,paid_search
GH-ORD-000704,GH,organic
GH-ORD-000705,GH,organic
GH-ORD-000706,GH,email
GH-ORD-000707,GH,referral
GH-ORD-000708,GH,organic
GH-ORD-000709,GH,email
GH-ORD-000710,GH,social
GH-ORD-000711,GH,referral
GH-ORD-000712,GH,email
GH-ORD-000713,GH,paid_search
GH-ORD-000714,GH,social
GH-ORD-000715,GH,organic
GH-ORD-000716,GH,paid_search
GH-ORD-000717,GH,organic
GH-ORD-000718,GH,referral
GH-ORD-000719,GH,referral
GH-ORD-000720,GH,email
GH-ORD-000721,GH,referral
GH-ORD-000722,GH,email
GH-ORD-000723,GH,paid_search
GH-ORD-000724,GH,organic
GH-ORD-000725,GH,paid_search
GH-ORD-000726,GH,paid_search
GH-ORD-000727,GH,paid_search
GH-ORD-000728,GH,organic
GH-ORD-000729,GH,email
GH-ORD-000730,GH,email
GH-ORD-000731,GH,social
GH-ORD-000732,GH,referral
GH-ORD-000733,GH,organic
GH-ORD-000734,GH,email
GH-ORD-000735,GH,organic
GH-ORD-000736,GH,organic
GH-ORD-000737,GH,referral
GH-ORD-000738,GH,organic
GH-ORD-000739,GH,organic
GH-ORD-000740,GH,organic
GH-ORD-000741,GH,social
GH-ORD-000742,GH,referral
GH-ORD-000743,GH,paid_search
GH-ORD-000744,GH,email
GH-ORD-000745,GH,paid_search
GH-ORD-000746,GH,organic
GH-ORD-000747,GH,paid_search
GH-ORD-000748,GH,email
GH-ORD-000749,GH,paid_search
GH-ORD-000750,GH,social
GH-ORD-000751,GH,organic
GH-ORD-000752,GH,paid_search
GH-ORD-000753,GH,email
GH-ORD-000754,GH,paid_search
GH-ORD-000755,GH,paid_search
GH-ORD-000756,GH,organic
GH-ORD-000757,GH,social
GH-ORD-000758,GH,social
GH-ORD-000759,GH,paid_search
GH-ORD-000760,GH,paid_search
GH-ORD-000761,GH,organic
GH-ORD-000762,GH,organic
GH-ORD-000763,GH,email
GH-ORD-000764,GH,email
GH-ORD-000765,GH,social
GH-ORD-000766,GH,organic
GH-ORD-000767,GH,social
GH-ORD-000768,GH,email
GH-ORD-000769,GH,social
GH-ORD-000770,GH,email
GH-ORD-000771,GH,social
GH-ORD-000772,GH,social
GH-ORD-000773,GH,organic
GH-ORD-000774,GH,social
GH-ORD-000775,GH,paid_search
GH-ORD-000776,GH,email
GH-ORD-000777,GH,email
GH-ORD-000778,GH,email
GH-ORD-000779,GH,organic
GH-ORD-000780,GH,paid_search
GH-ORD-000781,GH,paid_search
GH-ORD-000782,GH,social
GH-ORD-000783,GH,email
GH-ORD-000784,GH,social
GH-ORD-000785,GH,paid_search
GH-ORD-000786,GH,referral
GH-ORD-000787,GH,referral
GH-ORD-000788,GH,organic
GH-ORD-000789,GH,social
GH-ORD-000790,GH,email
GH-ORD-000791,GH,social
GH-ORD-000792,GH,referral
GH-ORD-000793,GH,paid_search
GH-ORD-000794,GH,social
GH-ORD-000795,GH,social
GH-ORD-000796,GH,email
GH-ORD-000797,GH,email
GH-ORD-000798,GH,referral
GH-ORD-000799,GH,organic
GH-ORD-000800,GH,email
GH-ORD-000801,GH,organic
GH-ORD-000802,GH,organic
GH-ORD-000803,GH,organic
GH-ORD-000804,GH,email
GH-ORD-000805,GH,referral
GH-ORD-000806,GH,organic
GH-ORD-000807,GH,paid_search
GH-ORD-000808,GH,email
GH-ORD-000809,GH,social
GH-ORD-000810,GH,referral
GH-ORD-000811,GH,organic
GH-ORD-000812,GH,paid_search
GH-ORD-000813,GH,organic
GH-ORD-000814,GH,paid_search
GH-ORD-000815,GH,organic
GH-ORD-000816,GH,paid_search
GH-ORD-000817,GH,paid_search
GH-ORD-000818,GH,paid_search
GH-ORD-000819,GH,referral
GH-ORD-000820,GH,organic
GH-ORD-000821,GH,organic
GH-ORD-000822,GH,email
GH-ORD-000823,GH,social
GH-ORD-000824,GH,social
GH-ORD-000825,GH,social
GH-ORD-000826,GH,email
GH-ORD-000827,GH,email
GH-ORD-000828,GH,social
GH-ORD-000829,GH,email
GH-ORD-000830,GH,organic
GH-ORD-000831,GH,organic
GH-ORD-000832,GH,email
GH-ORD-000833,GH,organic
GH-ORD-000834,GH,referral
GH-ORD-000835,GH,paid_search
GH-ORD-000836,GH,organic
GH-ORD-000837,GH,referral
GH-ORD-000838,GH,paid_search
GH-ORD-000839,GH,referral
GH-ORD-000840,GH,referral
GH-ORD-000841,GH,email
GH-ORD-000842,GH,social
GH-ORD-000843,GH,social
GH-ORD-000844,GH,email
GH-ORD-000845,GH,email
GH-ORD-000846,GH,social
GH-ORD-000847,GH,referral
GH-ORD-000848,GH,social
GH-ORD-000849,GH,referral
GH-ORD-000850,GH,paid_search
GH-ORD-000851,GH,paid_search
GH-ORD-000852,GH,organic
GH-ORD-000853,GH,organic
GH-ORD-000854,GH,email
GH-ORD-000855,GH,paid_search
GH-ORD-000856,GH,referral
GH-ORD-000857,GH,organic
GH-ORD-000858,GH,organic
GH-ORD-000859,GH,organic
GH-ORD-000860,GH,social
GH-ORD-000861,GH,paid_search
GH-ORD-000862,GH,paid_search
GH-ORD-000863,GH,social
GH-ORD-000864,GH,paid_search
GH-ORD-000865,GH,paid_search
GH-ORD-000866,GH,email
GH-ORD-000867,GH,paid_search
GH-ORD-000868,GH,organic
GH-ORD-000869,GH,paid_search
GH-ORD-000870,GH,organic
GH-ORD-000871,GH,social
GH-ORD-000872,GH,paid_search
GH-ORD-000873,GH,email
GH-ORD-000874,GH,referral
GH-ORD-000875,GH,paid_search
GH-ORD-000876,GH,referral
GH-ORD-000877,GH,organic
GH-ORD-000878,GH,paid_search
GH-ORD-000879,GH,paid_search
GH-ORD-000880,GH,organic
GH-ORD-000881,GH,social
GH-ORD-000882,GH,organic
GH-ORD-000883,GH,email
GH-ORD-000884,GH,social
GH-ORD-000885,GH,organic
GH-ORD-000886,GH,social
GH-ORD-000887,GH,referral
GH-ORD-000888,GH,paid_search
GH-ORD-000889,GH,organic
GH-ORD-000890,GH,organic
GH-ORD-000891,GH,organic
GH-ORD-000892,GH,organic
GH-ORD-000893,GH,organic
GH-ORD-000894,GH,social
GH-ORD-000895,GH,social
GH-ORD-000896,GH,social
GH-ORD-000897,GH,paid_search
GH-ORD-000898,GH,organic
GH-ORD-000899,GH,organic
GH-ORD-000900,GH,organic
GH-ORD-000901,GH,referral
GH-ORD-000902,GH,organic
GH-ORD-000903,GH,paid_search
GH-ORD-000904,GH,organic
GH-ORD-000905,GH,email
GH-ORD-000906,GH,email
GH-ORD-000907,GH,organic
GH-ORD-000908,GH,paid_search
GH-ORD-000909,GH,organic
GH-ORD-000910,GH,social
GH-ORD-000911,GH,referral
GH-ORD-000912,GH,social
GH-ORD-000913,GH,social
GH-ORD-000914,GH,organic
GH-ORD-000915,GH,organic
GH-ORD-000916,GH,email
GH-ORD-000917,GH,organic
GH-ORD-000918,GH,referral
GH-ORD-000919,GH,organic
GH-ORD-000920,GH,paid_search
GH-ORD-000921,GH,social
GH-ORD-000922,GH,paid_search
GH-ORD-000923,GH,organic
GH-ORD-000924,GH,organic
GH-ORD-000925,GH,social
GH-ORD-000926,GH,organic
GH-ORD-000927,GH,paid_search
GH-ORD-000928,GH,social
GH-ORD-000929,GH,organic
GH-ORD-000930,GH,referral
GH-ORD-000931,GH,organic
GH-ORD-000932,GH,social
GH-ORD-000933,GH,paid_search
GH-ORD-000934,GH,email
GH-ORD-000935,GH,social
GH-ORD-000936,GH,referral
GH-ORD-000937,GH,paid_search
GH-ORD-000938,GH,organic
GH-ORD-000939,GH,social
GH-ORD-000940,GH,paid_search
GH-ORD-000941,GH,organic
GH-ORD-000942,GH,referral
GH-ORD-000943,GH,organic
GH-ORD-000944,GH,referral
GH-ORD-000945,GH,paid_search
GH-ORD-000946,GH,social
GH-ORD-000947,GH,social
GH-ORD-000948,GH,organic
GH-ORD-000949,GH,referral
GH-ORD-000950,GH,paid_search
GH-ORD-000951,GH,email
GH-ORD-000952,GH,social
GH-ORD-000953,GH,organic
GH-ORD-000954,GH,referral
GH-ORD-000955,GH,organic
GH-ORD-000956,GH,email
GH-ORD-000957,GH,organic
GH-ORD-000958,GH,email
GH-ORD-000959,GH,social
GH-ORD-000960,GH,paid_search
GH-ORD-000961,GH,social
GH-ORD-000962,GH,paid_search
GH-ORD-000963,GH,organic
GH-ORD-000964,GH,paid_search
GH-ORD-000965,GH,paid_search
GH-ORD-000966,GH,paid_search
GH-ORD-000967,GH,organic
GH-ORD-000968,GH,organic
GH-ORD-000969,GH,organic
GH-ORD-000970,GH,paid_search
GH-ORD-000971,GH,social
GH-ORD-000972,GH,social
GH-ORD-000973,GH,organic
GH-ORD-000974,GH,email
GH-ORD-000975,GH,social
GH-ORD-000976,GH,social
GH-ORD-000977,GH,organic
GH-ORD-000978,GH,paid_search
GH-ORD-000979,GH,email
GH-ORD-000980,GH,email
GH-ORD-000981,GH,paid_search
GH-ORD-000982,GH,organic
GH-ORD-000983,GH,social
GH-ORD-000984,GH,social
GH-ORD-000985,GH,email
GH-ORD-000986,GH,paid_search
GH-ORD-000987,GH,organic
GH-ORD-000988,GH,paid_search
GH-ORD-000989,GH,organic
GH-ORD-000990,GH,paid_search
GH-ORD-000991,GH,email
GH-ORD-000992,GH,organic
GH-ORD-000993,GH,email
GH-ORD-000994,GH,paid_search
GH-ORD-000995,GH,paid_search
GH-ORD-000996,GH,organic
GH-ORD-000997,GH,organic
GH-ORD-000998,GH,email
GH-ORD-000999,GH,organic
GH-ORD-001000,GH,paid_search
GH-ORD-001001,GH,paid_search
GH-ORD-001002,GH,paid_search
GH-ORD-001003,GH,email
GH-ORD-001004,GH,organic
GH-ORD-001005,GH,social
GH-ORD-001006,GH,social
GH-ORD-001007,GH,paid_search
GH-ORD-001008,GH,paid_search
GH-ORD-001009,GH,email
GH-ORD-001010,GH,social
GH-ORD-001011,GH,organic
GH-ORD-001012,GH,paid_search
GH-ORD-001013,GH,paid_search
GH-ORD-001014,GH,organic
GH-ORD-001015,GH,paid_search
GH-ORD-001016,GH,paid_search
GH-ORD-001017,GH,organic
GH-ORD-001018,GH,paid_search
GH-ORD-001019,GH,paid_search
GH-ORD-001020,GH,email
GH-ORD-001021,GH,social
GH-ORD-001022,GH,referral
GH-ORD-001023,GH,organic
GH-ORD-001024,GH,social
GH-ORD-001025,GH,paid_search
GH-ORD-001026,GH,social
GH-ORD-001027,GH,paid_search
GH-ORD-001028,GH,paid_search
GH-ORD-001029,GH,referral
GH-ORD-001030,GH,social
GH-ORD-001031,GH,referral
GH-ORD-001032,GH,organic
GH-ORD-001033,GH,organic
GH-ORD-001034,GH,organic
GH-ORD-001035,GH,social
GH-ORD-001036,GH,social
GH-ORD-001037,GH,referral
GH-ORD-001038,GH,paid_search
GH-ORD-001039,GH,social
GH-ORD-001040,GH,organic
GH-ORD-001041,GH,paid_search
GH-ORD-001042,GH,organic
GH-ORD-001043,GH,organic
GH-ORD-001044,GH,paid_search
GH-ORD-001045,GH,paid_search
GH-ORD-001046,GH,organic
GH-ORD-001047,GH,organic
GH-ORD-001048,GH,organic
GH-ORD-001049,GH,paid_search
GH-ORD-001050,GH,paid_search
GH-ORD-001051,GH,referral
GH-ORD-001052,GH,referral
GH-ORD-001053,GH,organic
GH-ORD-001054,GH,referral
GH-ORD-001055,GH,social
GH-ORD-001056,GH,paid_search
GH-ORD-001057,GH,paid_search
GH-ORD-001058,GH,referral
GH-ORD-001059,GH,social
GH-ORD-001060,GH,email
GH-ORD-001061,GH,email
GH-ORD-001062,GH,organic
GH-ORD-001063,GH,paid_search
GH-ORD-001064,GH,paid_search
GH-ORD-001065,GH,paid_search
GH-ORD-001066,GH,paid_search
GH-ORD-001067,GH,organic
GH-ORD-001068,GH,paid_search
GH-ORD-001069,GH,paid_search
GH-ORD-001070,GH,organic
GH-ORD-001071,GH,organic
GH-ORD-001072,GH,organic
GH-ORD-001073,GH,organic
GH-ORD-001074,GH,social
GH-ORD-001075,GH,referral
GH-ORD-001076,GH,paid_search
GH-ORD-001077,GH,paid_search
GH-ORD-001078,GH,email
GH-ORD-001079,GH,organic
GH-ORD-001080,GH,email
GH-ORD-001081,GH,paid_search
GH-ORD-001082,GH,email
GH-ORD-001083,GH,referral
GH-ORD-001084,GH,social
GH-ORD-001085,GH,paid_search
GH-ORD-001086,GH,email
GH-ORD-001087,GH,email
GH-ORD-001088,GH,email
GH-ORD-001089,GH,paid_search
GH-ORD-001090,GH,email
GH-ORD-001091,GH,paid_search
GH-ORD-001092,GH,paid_search
GH-ORD-001093,GH,social
GH-ORD-001094,GH,organic
GH-ORD-001095,GH,social
GH-ORD-001096,GH,social
GH-ORD-001097,GH,paid_search
GH-ORD-001098,GH,social
GH-ORD-001099,GH,referral
GH-ORD-001100,GH,paid_search
GH-ORD-001101,GH,social
GH-ORD-001102,GH,organic
GH-ORD-001103,GH,organic
GH-ORD-001104,GH,organic
GH-ORD-001105,GH,organic
GH-ORD-001106,GH,paid_search
GH-ORD-001107,GH,referral
GH-ORD-001108,GH,social
GH-ORD-001109,GH,organic
GH-ORD-001110,GH,organic
GH-ORD-001111,GH,organic
GH-ORD-001112,GH,organic
GH-ORD-001113,GH,organic
GH-ORD-001114,GH,organic
GH-ORD-001115,GH,organic
GH-ORD-001116,GH,paid_search
GH-ORD-001117,GH,social
GH-ORD-001118,GH,email
GH-ORD-001119,GH,paid_search
GH-ORD-001120,GH,paid_search
GH-ORD-001121,GH,paid_search
GH-ORD-001122,GH,referral
GH-ORD-001123,GH,email
GH-ORD-001124,GH,social
GH-ORD-001125,GH,referral
GH-ORD-001126,GH,organic
GH-ORD-001127,GH,referral
GH-ORD-001128,GH,organic
GH-ORD-001129,GH,paid_search
GH-ORD-001130,GH,social
GH-ORD-001131,GH,organic
GH-ORD-001132,GH,social
GH-ORD-001133,GH,organic
GH-ORD-001134,GH,social
GH-ORD-001135,GH,organic
GH-ORD-001136,GH,paid_search
GH-ORD-001137,GH,referral
GH-ORD-001138,GH,email
GH-ORD-001139,GH,referral
GH-ORD-001140,GH,social
GH-ORD-001141,GH,social
GH-ORD-001142,GH,social
GH-ORD-001143,GH,paid_search
GH-ORD-001144,GH,paid_search
GH-ORD-001145,GH,organic
GH-ORD-001146,GH,email
GH-ORD-001147,GH,paid_search
GH-ORD-001148,GH,referral
GH-ORD-001149,GH,organic
GH-ORD-001150,GH,social
GH-ORD-001151,GH,paid_search
GH-ORD-001152,GH,organic
GH-ORD-001153,GH,referral
GH-ORD-001154,GH,organic
GH-ORD-001155,GH,organic
GH-ORD-001156,GH,paid_search
GH-ORD-001157,GH,paid_search
GH-ORD-001158,GH,paid_search
GH-ORD-001159,GH,social
GH-ORD-001160,GH,organic
GH-ORD-001161,GH,social
GH-ORD-001162,GH,paid_search
GH-ORD-001163,GH,email
GH-ORD-001164,GH,email
GH-ORD-001165,GH,paid_search
GH-ORD-001166,GH,organic
GH-ORD-001167,GH,paid_search
GH-ORD-001168,GH,email
GH-ORD-001169,GH,social
GH-ORD-001170,GH,referral
GH-ORD-001171,GH,paid_search
GH-ORD-001172,GH,organic
GH-ORD-001173,GH,paid_search
GH-ORD-001174,GH,organic
GH-ORD-001175,GH,organic
GH-ORD-001176,GH,paid_search
GH-ORD-001177,GH,social
GH-ORD-001178,GH,organic
GH-ORD-001179,GH,email
GH-ORD-001180,GH,organic
GH-ORD-001181,GH,referral
GH-ORD-001182,GH,referral
GH-ORD-001183,GH,referral
GH-ORD-001184,GH,email
GH-ORD-001185,GH,email
GH-ORD-001186,GH,social
GH-ORD-001187,GH,paid_search
GH-ORD-001188,GH,social
GH-ORD-001189,GH,social
GH-ORD-001190,GH,referral
GH-ORD-001191,GH,organic
GH-ORD-001192,GH,organic
GH-ORD-001193,GH,social
GH-ORD-001194,GH,referral
GH-ORD-001195,GH,paid_search
GH-ORD-001196,GH,organic
GH-ORD-001197,GH,organic
GH-ORD-001198,GH,paid_search
GH-ORD-001199,GH,paid_search
GH-ORD-001200,GH,organic
GH-ORD-001201,GH,email
GH-ORD-001202,GH,paid_search
GH-ORD-001203,GH,organic
GH-ORD-001204,GH,email
GH-ORD-001205,GH,referral
GH-ORD-001206,GH,referral
GH-ORD-001207,GH,organic
GH-ORD-001208,GH,referral
GH-ORD-001209,GH,paid_search
GH-ORD-001210,GH,social
GH-ORD-001211,GH,social
GH-ORD-001212,GH,paid_search
GH-ORD-001213,GH,organic
GH-ORD-001214,GH,paid_search
GH-ORD-001215,GH,email
GH-ORD-001216,GH,organic
GH-ORD-001217,GH,social
GH-ORD-001218,GH,paid_search
GH-ORD-001219,GH,paid_search
GH-ORD-001220,GH,referral
GH-ORD-001221,GH,email
GH-ORD-001222,GH,referral
GH-ORD-001223,GH,organic
GH-ORD-001224,GH,paid_search
GH-ORD-001225,GH,organic
GH-ORD-001226,GH,organic
GH-ORD-001227,GH,paid_search
GH-ORD-001228,GH,social
GH-ORD-001229,GH,organic
GH-ORD-001230,GH,paid_search
GH-ORD-001231,GH,organic
GH-ORD-001232,GH,social
GH-ORD-001233,GH,social
GH-ORD-001234,GH,organic
GH-ORD-001235,GH,organic
GH-ORD-001236,GH,paid_search
GH-ORD-001237,GH,referral
GH-ORD-001238,GH,referral
GH-ORD-001239,GH,social
GH-ORD-001240,GH,paid_search
GH-ORD-001241,GH,organic
GH-ORD-001242,GH,social
GH-ORD-001243,GH,referral
GH-ORD-001244,GH,referral
GH-ORD-001245,GH,email
GH-ORD-001246,GH,paid_search
GH-ORD-001247,GH,referral
GH-ORD-001248,GH,social
GH-ORD-001249,GH,email
GH-ORD-001250,GH,organic
GH-ORD-001251,GH,organic
GH-ORD-001252,GH,organic
GH-ORD-001253,GH,paid_search
GH-ORD-001254,GH,organic
GH-ORD-001255,GH,email
GH-ORD-001256,GH,paid_search
GH-ORD-001257,GH,paid_search
GH-ORD-001258,GH,paid_search
GH-ORD-001259,GH,organic
GH-ORD-001260,GH,referral
GH-ORD-001261,GH,paid_search
GH-ORD-001262,GH,paid_search
GH-ORD-001263,GH,referral
GH-ORD-001264,GH,email
GH-ORD-001265,GH,paid_search
GH-ORD-001266,GH,email
GH-ORD-001267,GH,social
GH-ORD-001268,GH,email
GH-ORD-001269,GH,organic
GH-ORD-001270,GH,referral
GH-ORD-001271,GH,paid_search
GH-ORD-001272,GH,paid_search
GH-ORD-001273,GH,organic
GH-ORD-001274,GH,organic
GH-ORD-001275,GH,referral
GH-ORD-001276,GH,social
GH-ORD-001277,GH,paid_search
GH-ORD-001278,GH,organic
GH-ORD-001279,GH,organic
GH-ORD-001280,GH,referral
GH-ORD-001281,GH,social
GH-ORD-001282,GH,social
GH-ORD-001283,GH,social
GH-ORD-001284,GH,email
GH-ORD-001285,GH,social
GH-ORD-001286,GH,paid_search
GH-ORD-001287,GH,email
GH-ORD-001288,GH,social
GH-ORD-001289,GH,social
GH-ORD-001290,GH,referral
GH-ORD-001291,GH,email
GH-ORD-001292,GH,email
GH-ORD-001293,GH,referral
GH-ORD-001294,GH,paid_search
GH-ORD-001295,GH,organic
GH-ORD-001296,GH,social
GH-ORD-001297,GH,organic
GH-ORD-001298,GH,email
GH-ORD-001299,GH,email
GH-ORD-001300,GH,social
GH-ORD-001301,GH,referral
GH-ORD-001302,GH,organic
GH-ORD-001303,GH,social
GH-ORD-001304,GH,social
GH-ORD-001305,GH,organic
GH-ORD-001306,GH,paid_search
GH-ORD-001307,GH,email
GH-ORD-001308,GH,social
GH-ORD-001309,GH,email
GH-ORD-001310,GH,organic
GH-ORD-001311,GH,paid_search
GH-ORD-001312,GH,organic
GH-ORD-001313,GH,organic
GH-ORD-001314,GH,referral
GH-ORD-001315,GH,paid_search
GH-ORD-001316,GH,referral
GH-ORD-001317,GH,referral
GH-ORD-001318,GH,referral
GH-ORD-001319,GH,organic
GH-ORD-001320,GH,referral
GH-ORD-001321,GH,organic
GH-ORD-001322,GH,paid_search
GH-ORD-001323,GH,paid_search
GH-ORD-001324,GH,referral
GH-ORD-001325,GH,paid_search
GH-ORD-001326,GH,organic
GH-ORD-001327,GH,paid_search
GH-ORD-001328,GH,organic
GH-ORD-001329,GH,paid_search
GH-ORD-001330,GH,email
GH-ORD-001331,GH,social
GH-ORD-001332,GH,referral
GH-ORD-001333,GH,social
GH-ORD-001334,GH,referral
GH-ORD-001335,GH,organic
GH-ORD-001336,GH,social
GH-ORD-001337,GH,social
GH-ORD-001338,GH,organic
GH-ORD-001339,GH,email
GH-ORD-001340,GH,social
GH-ORD-001341,GH,email
GH-ORD-001342,GH,email
GH-ORD-001343,GH,paid_search
GH-ORD-001344,GH,social
GH-ORD-001345,GH,paid_search
GH-ORD-001346,GH,social
GH-ORD-001347,GH,social
GH-ORD-001348,GH,referral
GH-ORD-001349,GH,paid_search
GH-ORD-001350,GH,paid_search
GH-ORD-001351,GH,paid_search
GH-ORD-001352,GH,organic
GH-ORD-001353,GH,email
GH-ORD-001354,GH,email
GH-ORD-001355,GH,social
GH-ORD-001356,GH,email
GH-ORD-001357,GH,organic
GH-ORD-001358,GH,paid_search
GH-ORD-001359,GH,paid_search
GH-ORD-001360,GH,email
GH-ORD-001361,GH,social
GH-ORD-001362,GH,social
GH-ORD-001363,GH,organic
GH-ORD-001364,GH,organic
GH-ORD-001365,GH,referral
GH-ORD-001366,GH,paid_search
GH-ORD-001367,GH,email
GH-ORD-001368,GH,organic
GH-ORD-001369,GH,paid_search
GH-ORD-001370,GH,social
GH-ORD-001371,GH,organic
GH-ORD-001372,GH,social
GH-ORD-001373,GH,social
GH-ORD-001374,GH,organic
GH-ORD-001375,GH,email
GH-ORD-001376,GH,social
GH-ORD-001377,GH,organic
GH-ORD-001378,GH,social
GH-ORD-001379,GH,social
GH-ORD-001380,GH,paid_search
GH-ORD-001381,GH,referral
GH-ORD-001382,GH,organic
GH-ORD-001383,GH,email
GH-ORD-001384,GH,email
GH-ORD-001385,GH,organic
GH-ORD-001386,GH,organic
GH-ORD-001387,GH,organic
GH-ORD-001388,GH,organic
GH-ORD-001389,GH,email
GH-ORD-001390,GH,email
GH-ORD-001391,GH,paid_search
GH-ORD-001392,GH,social
GH-ORD-001393,GH,referral
GH-ORD-001394,GH,social
GH-ORD-001395,GH,email
GH-ORD-001396,GH,email
GH-ORD-001397,GH,organic
GH-ORD-001398,GH,organic
GH-ORD-001399,GH,social
GH-ORD-001400,GH,organic
GH-ORD-001401,GH,social
GH-ORD-001402,GH,social
GH-ORD-001403,GH,email
GH-ORD-001404,GH,organic
GH-ORD-001405,GH,paid_search
GH-ORD-001406,GH,organic
GH-ORD-001407,GH,organic
GH-ORD-001408,GH,organic
GH-ORD-001409,GH,social
GH-ORD-001410,GH,paid_search
GH-ORD-001411,GH,organic
GH-ORD-001412,GH,organic
GH-ORD-001413,GH,organic
GH-ORD-001414,GH,organic
GH-ORD-001415,GH,organic
GH-ORD-001416,GH,referral
GH-ORD-001417,GH,paid_search
GH-ORD-001418,GH,social
GH-ORD-001419,GH,referral
GH-ORD-001420,GH,organic
GH-ORD-001421,GH,email
GH-ORD-001422,GH,paid_search
GH-ORD-001423,GH,organic
GH-ORD-001424,GH,organic
GH-ORD-001425,GH,paid_search
GH-ORD-001426,GH,organic
GH-ORD-001427,GH,organic
GH-ORD-001428,GH,social
GH-ORD-001429,GH,referral
GH-ORD-001430,GH,paid_search
GH-ORD-001431,GH,organic
GH-ORD-001432,GH,organic
GH-ORD-001433,GH,organic
GH-ORD-001434,GH,email
GH-ORD-001435,GH,organic
GH-ORD-001436,GH,paid_search
GH-ORD-001437,GH,social
GH-ORD-001438,GH,email
GH-ORD-001439,GH,organic
GH-ORD-001440,GH,social
GH-ORD-001441,GH,paid_search
GH-ORD-001442,GH,paid_search
GH-ORD-001443,GH,paid_search
GH-ORD-001444,GH,organic
GH-ORD-001445,GH,referral
GH-ORD-001446,GH,organic
GH-ORD-001447,GH,paid_search
GH-ORD-001448,GH,organic
GH-ORD-001449,GH,organic
GH-ORD-001450,GH,social
GH-ORD-001451,GH,organic
GH-ORD-001452,GH,organic
GH-ORD-001453,GH,social
GH-ORD-001454,GH,paid_search
GH-ORD-001455,GH,paid_search
GH-ORD-001456,GH,paid_search
GH-ORD-001457,GH,organic
GH-ORD-001458,GH,paid_search
GH-ORD-001459,GH,organic
GH-ORD-001460,GH,email
GH-ORD-001461,GH,social
GH-ORD-001462,GH,social
GH-ORD-001463,GH,email
GH-ORD-001464,GH,organic
GH-ORD-001465,GH,email
GH-ORD-001466,GH,organic
GH-ORD-001467,GH,organic
GH-ORD-001468,GH,organic
GH-ORD-001469,GH,paid_search
GH-ORD-001470,GH,referral
GH-ORD-001471,GH,paid_search
GH-ORD-001472,GH,organic
GH-ORD-001473,GH,organic
GH-ORD-001474,GH,paid_search
GH-ORD-001475,GH,paid_search
GH-ORD-001476,GH,paid_search
GH-ORD-001477,GH,organic
GH-ORD-001478,GH,email
GH-ORD-001479,GH,organic
GH-ORD-001480,GH,paid_search
GH-ORD-001481,GH,social
GH-ORD-001482,GH,referral
GH-ORD-001483,GH,paid_search
GH-ORD-001484,GH,organic
GH-ORD-001485,GH,referral
GH-ORD-001486,GH,paid_search
GH-ORD-001487,GH,organic
GH-ORD-001488,GH,paid_search
GH-ORD-001489,GH,referral
GH-ORD-001490,GH,referral
GH-ORD-001491,GH,email
GH-ORD-001492,GH,organic
GH-ORD-001493,GH,organic
GH-ORD-001494,GH,paid_search
GH-ORD-001495,GH,email
GH-ORD-001496,GH,referral
GH-ORD-001497,GH,organic
GH-ORD-001498,GH,social
GH-ORD-001499,GH,paid_search
GH-ORD-001500,GH,organic
GH-ORD-001501,GH,social
GH-ORD-001502,GH,organic
GH-ORD-001503,GH,organic
GH-ORD-001504,GH,paid_search
GH-ORD-001505,GH,email
GH-ORD-001506,GH,email
GH-ORD-001507,GH,referral
GH-ORD-001508,GH,social
GH-ORD-001509,GH,organic
GH-ORD-001510,GH,organic
GH-ORD-001511,GH,referral
GH-ORD-001512,GH,social
GH-ORD-001513,GH,social
GH-ORD-001514,GH,social
GH-ORD-001515,GH,email
GH-ORD-001516,GH,paid_search
GH-ORD-001517,GH,paid_search
GH-ORD-001518,GH,social
GH-ORD-001519,GH,email
GH-ORD-001520,GH,social
GH-ORD-001521,GH,organic
GH-ORD-001522,GH,organic
GH-ORD-001523,GH,social
GH-ORD-001524,GH,social
GH-ORD-001525,GH,social
GH-ORD-001526,GH,organic
GH-ORD-001527,GH,referral
GH-ORD-001528,GH,social
GH-ORD-001529,GH,email
GH-ORD-001530,GH,paid_search
GH-ORD-001531,GH,organic
GH-ORD-001532,GH,email
GH-ORD-001533,GH,paid_search
GH-ORD-001534,GH,organic
GH-ORD-001535,GH,organic
GH-ORD-001536,GH,email
GH-ORD-001537,GH,organic
GH-ORD-001538,GH,paid_search
GH-ORD-001539,GH,referral
GH-ORD-001540,GH,social
GH-ORD-001541,GH,paid_search
GH-ORD-001542,GH,paid_search
GH-ORD-001543,GH,referral
GH-ORD-001544,GH,paid_search
GH-ORD-001545,GH,social
GH-ORD-001546,GH,organic
GH-ORD-001547,GH,email
GH-ORD-001548,GH,email
GH-ORD-001549,GH,social
GH-ORD-001550,GH,paid_search
GH-ORD-001551,GH,email
GH-ORD-001552,GH,organic
GH-ORD-001553,GH,referral
GH-ORD-001554,GH,organic
GH-ORD-001555,GH,social
GH-ORD-001556,GH,paid_search
GH-ORD-001557,GH,social
GH-ORD-001558,GH,organic
GH-ORD-001559,GH,organic
GH-ORD-001560,GH,paid_search
GH-ORD-001561,GH,paid_search
GH-ORD-001562,GH,paid_search
GH-ORD-001563,GH,organic
GH-ORD-001564,GH,email
GH-ORD-001565,GH,organic
GH-ORD-001566,GH,social
GH-ORD-001567,GH,paid_search
GH-ORD-001568,GH,social
GH-ORD-001569,GH,organic
GH-ORD-001570,GH,referral
GH-ORD-001571,GH,email
GH-ORD-001572,GH,organic
GH-ORD-001573,GH,email
GH-ORD-001574,GH,paid_search
GH-ORD-001575,GH,social
GH-ORD-001576,GH,paid_search
GH-ORD-001577,GH,organic
GH-ORD-001578,GH,paid_search
GH-ORD-001579,GH,social
GH-ORD-001580,GH,organic
GH-ORD-001581,GH,email
GH-ORD-001582,GH,organic
GH-ORD-001583,GH,paid_search
GH-ORD-001584,GH,social
GH-ORD-001585,GH,email
GH-ORD-001586,GH,referral
GH-ORD-001587,GH,social
GH-ORD-001588,GH,email
GH-ORD-001589,GH,email
GH-ORD-001590,GH,paid_search
GH-ORD-001591,GH,paid_search
GH-ORD-001592,GH,paid_search
GH-ORD-001593,GH,organic
GH-ORD-001594,GH,organic
GH-ORD-001595,GH,referral
GH-ORD-001596,GH,organic
GH-ORD-001597,GH,social
GH-ORD-001598,GH,social
GH-ORD-001599,GH,paid_search
GH-ORD-001600,GH,paid_search
GH-ORD-001601,GH,organic
GH-ORD-001602,GH,social
GH-ORD-001603,GH,referral
GH-ORD-001604,GH,organic
GH-ORD-001605,GH,email
GH-ORD-001606,GH,organic
GH-ORD-001607,GH,social
GH-ORD-001608,GH,social
GH-ORD-001609,GH,paid_search
GH-ORD-001610,GH,paid_search
GH-ORD-001611,GH,paid_search
GH-ORD-001612,GH,organic
GH-ORD-001613,GH,social
GH-ORD-001614,GH,paid_search
GH-ORD-001615,GH,social
GH-ORD-001616,GH,organic
GH-ORD-001617,GH,email
GH-ORD-001618,GH,email
GH-ORD-001619,GH,email
GH-ORD-001620,GH,organic
GH-ORD-001621,GH,organic
GH-ORD-001622,GH,email
GH-ORD-001623,GH,paid_search
GH-ORD-001624,GH,organic
GH-ORD-001625,GH,paid_search
GH-ORD-001626,GH,social
GH-ORD-001627,GH,social
GH-ORD-001628,GH,social
GH-ORD-001629,GH,organic
GH-ORD-001630,GH,paid_search
GH-ORD-001631,GH,referral
GH-ORD-001632,GH,organic
GH-ORD-001633,GH,organic
GH-ORD-001634,GH,social
GH-ORD-001635,GH,paid_search
GH-ORD-001636,GH,paid_search
GH-ORD-001637,GH,organic
GH-ORD-001638,GH,paid_search
GH-ORD-001639,GH,paid_search
GH-ORD-001640,GH,email
GH-ORD-001641,GH,organic
GH-ORD-001642,GH,organic
GH-ORD-001643,GH,social
GH-ORD-001644,GH,referral
GH-ORD-001645,GH,paid_search
GH-ORD-001646,GH,email
GH-ORD-001647,GH,social
GH-ORD-001648,GH,paid_search
GH-ORD-001649,GH,organic
GH-ORD-001650,GH,organic
GH-ORD-001651,GH,social
GH-ORD-001652,GH,paid_search
GH-ORD-001653,GH,organic
GH-ORD-001654,GH,social
GH-ORD-001655,GH,organic
GH-ORD-001656,GH,email
GH-ORD-001657,GH,email
GH-ORD-001658,GH,organic
GH-ORD-001659,GH,referral
GH-ORD-001660,GH,paid_search
GH-ORD-001661,GH,paid_search
GH-ORD-001662,GH,organic
GH-ORD-001663,GH,social
GH-ORD-001664,GH,social
GH-ORD-001665,GH,organic
GH-ORD-001666,GH,paid_search
GH-ORD-001667,GH,paid_search
GH-ORD-001668,GH,email
GH-ORD-001669,GH,email
GH-ORD-001670,GH,social
GH-ORD-001671,GH,social
GH-ORD-001672,GH,social
GH-ORD-001673,GH,paid_search
GH-ORD-001674,GH,organic
GH-ORD-001675,GH,social
GH-ORD-001676,GH,organic
GH-ORD-001677,GH,paid_search
GH-ORD-001678,GH,referral
GH-ORD-001679,GH,email
GH-ORD-001680,GH,organic
GH-ORD-001681,GH,social
GH-ORD-001682,GH,referral
GH-ORD-001683,GH,paid_search
GH-ORD-001684,GH,organic
GH-ORD-001685,GH,organic
GH-ORD-001686,GH,organic
GH-ORD-001687,GH,email
GH-ORD-001688,GH,organic
GH-ORD-001689,GH,paid_search
GH-ORD-001690,GH,paid_search
GH-ORD-001691,GH,paid_search
GH-ORD-001692,GH,organic
GH-ORD-001693,GH,social
GH-ORD-001694,GH,paid_search
GH-ORD-001695,GH,social
GH-ORD-001696,GH,social
GH-ORD-001697,GH,organic
GH-ORD-001698,GH,social
GH-ORD-001699,GH,social
GH-ORD-001700,GH,organic
GH-ORD-001701,GH,organic
GH-ORD-001702,GH,social
GH-ORD-001703,GH,referral
GH-ORD-001704,GH,organic
GH-ORD-001705,GH,organic
GH-ORD-001706,GH,organic
GH-ORD-001707,GH,paid_search
GH-ORD-001708,GH,social
GH-ORD-001709,GH,organic
GH-ORD-001710,GH,paid_search
GH-ORD-001711,GH,organic
GH-ORD-001712,GH,paid_search
GH-ORD-001713,GH,organic
GH-ORD-001714,GH,paid_search
GH-ORD-001715,GH,paid_search
GH-ORD-001716,GH,email
GH-ORD-001717,GH,referral
GH-ORD-001718,GH,paid_search
GH-ORD-001719,GH,organic
GH-ORD-001720,GH,organic
GH-ORD-001721,GH,organic
GH-ORD-001722,GH,organic
GH-ORD-001723,GH,organic
GH-ORD-001724,GH,social
GH-ORD-001725,GH,paid_search
GH-ORD-001726,GH,paid_search
GH-ORD-001727,GH,email
GH-ORD-001728,GH,social
GH-ORD-001729,GH,organic
GH-ORD-001730,GH,organic
GH-ORD-001731,GH,organic
GH-ORD-001732,GH,organic
GH-ORD-001733,GH,organic
GH-ORD-001734,GH,organic
GH-ORD-001735,GH,organic
GH-ORD-001736,GH,social
GH-ORD-001737,GH,social
GH-ORD-001738,GH,organic
GH-ORD-001739,GH,organic
GH-ORD-001740,GH,organic
GH-ORD-001741,GH,organic
GH-ORD-001742,GH,organic
GH-ORD-001743,GH,email
GH-ORD-001744,GH,social
GH-ORD-001745,GH,email
GH-ORD-001746,GH,social
GH-ORD-001747,GH,referral
GH-ORD-001748,GH,social
GH-ORD-001749,GH,referral
GH-ORD-001750,GH,paid_search
GH-ORD-001751,GH,paid_search
GH-ORD-001752,GH,social
GH-ORD-001753,GH,referral
GH-ORD-001754,GH,organic
GH-ORD-001755,GH,paid_search
GH-ORD-001756,GH,organic
GH-ORD-001757,GH,social
GH-ORD-001758,GH,organic
GH-ORD-001759,GH,social
GH-ORD-001760,GH,referral
GH-ORD-001761,GH,email
GH-ORD-001762,GH,organic
GH-ORD-001763,GH,organic
GH-ORD-001764,GH,organic
GH-ORD-001765,GH,organic
GH-ORD-001766,GH,paid_search
GH-ORD-001767,GH,email
GH-ORD-001768,GH,organic
GH-ORD-001769,GH,email
GH-ORD-001770,GH,referral
GH-ORD-001771,GH,paid_search
GH-ORD-001772,GH,referral
GH-ORD-001773,GH,social
GH-ORD-001774,GH,organic
GH-ORD-001775,GH,organic
GH-ORD-001776,GH,organic
GH-ORD-001777,GH,organic
GH-ORD-001778,GH,social
GH-ORD-001779,GH,paid_search
GH-ORD-001780,GH,social
GH-ORD-001781,GH,organic
GH-ORD-001782,GH,paid_search
GH-ORD-001783,GH,social
GH-ORD-001784,GH,social
GH-ORD-001785,GH,organic
GH-ORD-001786,GH,paid_search
GH-ORD-001787,GH,email
GH-ORD-001788,GH,social
GH-ORD-001789,GH,paid_search
GH-ORD-001790,GH,organic
GH-ORD-001791,GH,organic
GH-ORD-001792,GH,paid_search
GH-ORD-001793,GH,social
GH-ORD-001794,GH,email
GH-ORD-001795,GH,social
GH-ORD-001796,GH,paid_search
GH-ORD-001797,GH,email
GH-ORD-001798,GH,organic
GH-ORD-001799,GH,referral
GH-ORD-001800,GH,paid_search
GH-ORD-001801,GH,organic
GH-ORD-001802,GH,social
GH-ORD-001803,GH,paid_search
GH-ORD-001804,GH,email
GH-ORD-001805,GH,social
GH-ORD-001806,GH,paid_search
GH-ORD-001807,GH,social
GH-ORD-001808,GH,organic
GH-ORD-001809,GH,paid_search
GH-ORD-001810,GH,referral
GH-ORD-001811,GH,email
GH-ORD-001812,GH,organic
GH-ORD-001813,GH,organic
GH-ORD-001814,GH,organic
GH-ORD-001815,GH,email
GH-ORD-001816,GH,referral
GH-ORD-001817,GH,organic
GH-ORD-001818,GH,email
GH-ORD-001819,GH,organic
GH-ORD-001820,GH,organic
GH-ORD-001821,GH,referral
GH-ORD-001822,GH,organic
GH-ORD-001823,GH,organic
GH-ORD-001824,GH,social
GH-ORD-001825,GH,organic
GH-ORD-001826,GH,organic
GH-ORD-001827,GH,referral
GH-ORD-001828,GH,social
GH-ORD-001829,GH,email
GH-ORD-001830,GH,organic
GH-ORD-001831,GH,organic
GH-ORD-001832,GH,referral
GH-ORD-001833,GH,organic
GH-ORD-001834,GH,paid_search
GH-ORD-001835,GH,organic
GH-ORD-001836,GH,organic
GH-ORD-001837,GH,paid_search
GH-ORD-001838,GH,email
GH-ORD-001839,GH,referral
GH-ORD-001840,GH,social
GH-ORD-001841,GH,email
GH-ORD-001842,GH,email
GH-ORD-001843,GH,social
GH-ORD-001844,GH,paid_search
GH-ORD-001845,GH,paid_search
GH-ORD-001846,GH,paid_search
GH-ORD-001847,GH,paid_search
GH-ORD-001848,GH,organic
GH-ORD-001849,GH,organic
GH-ORD-001850,GH,paid_search
GH-ORD-001851,GH,paid_search
GH-ORD-001852,GH,organic
GH-ORD-001853,GH,organic
GH-ORD-001854,GH,email
GH-ORD-001855,GH,paid_search
GH-ORD-001856,GH,email
GH-ORD-001857,GH,referral
GH-ORD-001858,GH,social
GH-ORD-001859,GH,social
GH-ORD-001860,GH,referral
GH-ORD-001861,GH,paid_search
GH-ORD-001862,GH,referral
GH-ORD-001863,GH,email
GH-ORD-001864,GH,social
GH-ORD-001865,GH,organic
GH-ORD-001866,GH,organic
GH-ORD-001867,GH,social
GH-ORD-001868,GH,social
GH-ORD-001869,GH,social
GH-ORD-001870,GH,paid_search
GH-ORD-001871,GH,organic
GH-ORD-001872,GH,organic
GH-ORD-001873,GH,organic
GH-ORD-001874,GH,paid_search
GH-ORD-001875,GH,paid_search
GH-ORD-001876,GH,organic
GH-ORD-001877,GH,organic
GH-ORD-001878,GH,paid_search
GH-ORD-001879,GH,referral
GH-ORD-001880,GH,email
GH-ORD-001881,GH,social
GH-ORD-001882,GH,paid_search
GH-ORD-001883,GH,social
GH-ORD-001884,GH,organic
GH-ORD-001885,GH,referral
GH-ORD-001886,GH,social
GH-ORD-001887,GH,social
GH-ORD-001888,GH,email
GH-ORD-001889,GH,paid_search
GH-ORD-001890,GH,paid_search
GH-ORD-001891,GH,social
GH-ORD-001892,GH,paid_search
GH-ORD-001893,GH,paid_search
GH-ORD-001894,GH,social
GH-ORD-001895,GH,organic
GH-ORD-001896,GH,social
GH-ORD-001897,GH,referral
GH-ORD-001898,GH,organic
GH-ORD-001899,GH,paid_search
GH-ORD-001900,GH,paid_search
GH-ORD-001901,GH,paid_search
GH-ORD-001902,GH,paid_search
GH-ORD-001903,GH,paid_search
GH-ORD-001904,GH,organic
GH-ORD-001905,GH,organic
GH-ORD-001906,GH,social
GH-ORD-001907,GH,email
GH-ORD-001908,GH,email
GH-ORD-001909,GH,organic
GH-ORD-001910,GH,paid_search
GH-ORD-001911,GH,social
GH-ORD-001912,GH,organic
GH-ORD-001913,GH,paid_search
GH-ORD-001914,GH,email
GH-ORD-001915,GH,organic
GH-ORD-001916,GH,paid_search
GH-ORD-001917,GH,email
GH-ORD-001918,GH,referral
GH-ORD-001919,GH,organic
GH-ORD-001920,GH,organic
GH-ORD-001921,GH,social
GH-ORD-001922,GH,social
GH-ORD-001923,GH,paid_search
GH-ORD-001924,GH,social
GH-ORD-001925,GH,referral
GH-ORD-001926,GH,organic
GH-ORD-001927,GH,referral
GH-ORD-001928,GH,referral
GH-ORD-001929,GH,organic
GH-ORD-001930,GH,email
GH-ORD-001931,GH,paid_search
GH-ORD-001932,GH,social
GH-ORD-001933,GH,email
GH-ORD-001934,GH,paid_search
GH-ORD-001935,GH,social
GH-ORD-001936,GH,email
GH-ORD-001937,GH,organic
GH-ORD-001938,GH,paid_search
GH-ORD-001939,GH,paid_search
GH-ORD-001940,GH,social
GH-ORD-001941,GH,referral
GH-ORD-001942,GH,email
GH-ORD-001943,GH,organic
GH-ORD-001944,GH,organic
GH-ORD-001945,GH,organic
GH-ORD-001946,GH,paid_search
GH-ORD-001947,GH,organic
GH-ORD-001948,GH,organic
GH-ORD-001949,GH,organic
GH-ORD-001950,GH,referral
GH-ORD-001951,GH,social
GH-ORD-001952,GH,social
GH-ORD-001953,GH,paid_search
GH-ORD-001954,GH,referral
GH-ORD-001955,GH,email
GH-ORD-001956,GH,email
GH-ORD-001957,GH,organic
GH-ORD-001958,GH,organic
GH-ORD-001959,GH,organic
GH-ORD-001960,GH,paid_search
GH-ORD-001961,GH,social
GH-ORD-001962,GH,referral
GH-ORD-001963,GH,paid_search
GH-ORD-001964,GH,paid_search
GH-ORD-001965,GH,social
GH-ORD-001966,GH,organic
GH-ORD-001967,GH,social
GH-ORD-001968,GH,social
GH-ORD-001969,GH,organic
GH-ORD-001970,GH,email
GH-ORD-001971,GH,organic
GH-ORD-001972,GH,email
GH-ORD-001973,GH,email
GH-ORD-001974,GH,email
GH-ORD-001975,GH,paid_search
GH-ORD-001976,GH,paid_search
GH-ORD-001977,GH,paid_search
GH-ORD-001978,GH,organic
GH-ORD-001979,GH,email
GH-ORD-001980,GH,organic
GH-ORD-001981,GH,email
GH-ORD-001982,GH,organic
GH-ORD-001983,GH,organic
GH-ORD-001984,GH,email
GH-ORD-001985,GH,organic
GH-ORD-001986,GH,email
GH-ORD-001987,GH,paid_search
GH-ORD-001988,GH,referral
GH-ORD-001989,GH,social
GH-ORD-001990,GH,email
GH-ORD-001991,GH,paid_search
GH-ORD-001992,GH,organic
GH-ORD-001993,GH,referral
GH-ORD-001994,GH,email
GH-ORD-001995,GH,paid_search
GH-ORD-001996,GH,organic
GH-ORD-001997,GH,organic
GH-ORD-001998,GH,paid_search
GH-ORD-001999,GH,social
GH-ORD-001021-REORDER,GH,paid_search
GH-ORD-000562-REORDER,GH,organic
GH-ORD-000314-REORDER,GH,social
GH-ORD-001118-REORDER,GH,organic
GH-ORD-000071-REORDER,GH,social
GH-ORD-001971-REORDER,GH,referral
GH-ORD-000796-REORDER,GH,paid_search
GH-ORD-001132-REORDER,GH,social
GH-ORD-001301-REORDER,GH,paid_search
GH-ORD-000231-REORDER,GH,organic
GH-ORD-001122-REORDER,GH,paid_search
GH-ORD-000520-REORDER,GH,paid_search
GH-ORD-000679-REORDER,GH,organic
GH-ORD-000349-REORDER,GH,organic
GH-ORD-000594-REORDER,GH,email
GH-ORD-001712-REORDER,GH,social
