order_id,customer_id,region,currency_code,amount_local_currency,amount_display,product_category,order_date,delivered_date,is_refunded,refund_date,review_score,order_status
US-ORD-000000,US-CUST-00392,US,USD,97.35,97.35,Electronics,2023-11-24 00:00:00,28-Nov-2023,True,12/11/2023 00:00,4.0,completed
US-ORD-000001,US-CUST-00255,US,USD,143.54,143.54,Books,2025-07-10 00:00:00,07/14/2025 12:45,False,,3.0,completed
US-ORD-000002,US-CUST-00292,US,USD,146.06,146.06,Grocery,17-Jan-2024,2024-01-23 12:50:12,False,,3.0,completed
US-ORD-000003,US-CUST-00327,US,USD,99.42,99.42,Fashion,05.10.2023,09-Oct-2023,False,,,completed
US-ORD-000004,US-CUST-00205,US,USD,54.04,54.04,Sports,08/17/2024 00:00,08/22/2024 11:36,False,,2.0,completed
US-ORD-000005,US-CUST-00088,US,USD,3.0,3.0,Electronics,2025-10-08 00:00:00,11-Oct-2025,False,,3.0,completed
US-ORD-000006,US-CUST-00477,US,USD,89.14,89.14,Health,07.09.2025,2025-09-10 04:24:53,False,,2.0,completed
US-ORD-000007,US-CUST-00165,US,USD,140.95,140.95,Home & Kitchen,08.01.2024,2024-01-12 13:09:45,False,,4.0,completed
US-ORD-000008,US-CUST-00564,US,USD,10.89,10.89,Books,06.04.2024,09.04.2024,False,,4.0,completed
US-ORD-000009,US-CUST-00345,US,USD,23.21,23.21,Automotive,2024-09-12 00:00:00,09/17/2024 18:02,False,,3.0,completed
US-ORD-000010,US-CUST-00031,US,USD,61.87,61.87,,28-Feb-2023,03.03.2023,False,,5.0,completed
US-ORD-000011,US-CUST-00450,US,USD,74.39,74.39,Sports,16-Aug-2024,18-Aug-2024,False,,4.0,completed
US-ORD-000012,US-CUST-00133,US,USD,20.06,20.06,Books,22.02.2024,27.02.2024,False,,,completed
US-ORD-000013,US-CUST-00428,US,USD,3.0,3.0,Books,08/06/2023 00:00,08/27/2023 08:14,False,,,completed
US-ORD-000014,US-CUST-00510,US,USD,83.86,83.86,Books,24.11.2023,11/30/2023 11:26,False,,4.0,completed
US-ORD-000015,US-CUST-00118-DUP,US,USD,69.8,69.8,Toys,04-Jul-2023,07/08/2023 09:32,False,,2.0,completed
US-ORD-000016,US-CUST-00583,US,USD,42.61,42.61,Fashion,01/17/2023 00:00,21.01.2023,False,,4.0,completed
US-ORD-000017,US-CUST-00131,US,USD,90.46,90.46,Fashion,2024-08-14 00:00:00,15.08.2024,False,,4.0,completed
US-ORD-000018,US-CUST-00039,US,USD,57.67,57.67,Health,11/25/2024 00:00,11/28/2024 15:30,False,,4.0,completed
US-ORD-000019,US-CUST-00306,US,USD,121.39,121.39,Health,28.08.2025,09/03/2025 20:42,False,,3.0,completed
US-ORD-000020,US-CUST-00426,US,USD,61.09,61.09,Health,09.11.2025,14-Nov-2025,False,,4.0,completed
US-ORD-000021,US-CUST-00389,US,USD,53.44,53.44,Automotive,02/24/2023 00:00,02/28/2023 15:05,False,,3.0,completed
US-ORD-000022,US-CUST-00420,US,USD,21.17,21.17,Electronics,11-May-2024,05/17/2024 15:00,True,05-Jun-2024,5.0,completed
US-ORD-000023,US-CUST-00545,US,USD,71.76,71.76,Home & Kitchen,08.05.2023,15-May-2023,False,,4.0,completed
US-ORD-000024,US-CUST-00304,US,USD,45.97,45.97,Automotive,25.06.2024,30.06.2024,False,,,completed
US-ORD-000025,US-CUST-00404,US,USD,144.21,144.21,Books,28.09.2025,02.10.2025,False,,5.0,completed
US-ORD-000026,US-CUST-00490,US,USD,3.0,3.0,,10/27/2023 00:00,2023-11-02 15:27:04,False,,4.0,completed
US-ORD-000027,US-CUST-00423,US,USD,61.54,61.54,Health,09.07.2024,07/26/2024 04:24,True,08/21/2024 00:00,2.0,completed
US-ORD-000028,US-CUST-00488,US,USD,65.11,65.11,,07/25/2023 00:00,07/30/2023 17:08,False,,,completed
US-ORD-000029,US-CUST-00237,US,USD,141.51,141.51,Books,2024-08-11 00:00:00,,False,,,completed
US-ORD-000030,US-CUST-00296,US,USD,38.62,38.62,Toys,2023-12-25 00:00:00,2023-12-28 23:54:56,False,,4.0,cancelled
US-ORD-000031,US-CUST-00279,US,USD,89.79,89.79,Books,08/08/2023 00:00,11-Aug-2023,False,,4.0,completed
US-ORD-000032,US-CUST-00179,US,USD,79.37,79.37,Home & Kitchen,08-Nov-2024,11/14/2024 22:29,True,03.12.2024,3.0,completed
US-ORD-000033,US-CUST-00006,US,USD,60.26,60.26,Books,21.11.2025,11/25/2025 05:10,False,,,completed
US-ORD-000034,US-CUST-00121,US,USD,9.14,9.14,Sports,03-Jul-2025,2025-07-08 14:12:49,False,,4.0,completed
US-ORD-000035,US-CUST-00376,US,USD,75.23,75.23,Health,04/10/2025 00:00,14.04.2025,False,,,completed
US-ORD-000036,US-CUST-00550,US,USD,11.31,11.31,Grocery,10/01/2023 00:00,05.10.2023,False,,3.0,completed
US-ORD-000037,US-CUST-00517,US,USD,38.9,38.9,Health,06/17/2023 00:00,2023-06-21 16:15:29,False,,4.0,completed
US-ORD-000038,US-CUST-00522,US,USD,159.88,159.88,Home & Kitchen,03-Nov-2023,2023-11-08 08:22:47,False,,4.0,completed
US-ORD-000039,US-CUST-00022,US,USD,71.65,71.65,Home & Kitchen,17-Jul-2025,2025-07-18 03:53:56,False,,3.0,completed
US-ORD-000040,US-CUST-00061,US,USD,77.71,77.71,Beauty,2023-01-07 00:00:00,,False,,,completed
US-ORD-000041,US-CUST-00430,US,USD,66.34,66.34,Electronics,24.08.2025,08/29/2025 14:28,False,,3.0,completed
US-ORD-000042,US-CUST-00136,US,USD,22.41,22.41,Grocery,22.02.2025,01-Mar-2025,False,,,completed
US-ORD-000043,US-CUST-00557,US,USD,108.84,108.84,Health,15-Mar-2025,2025-03-21 13:58:10,False,,3.0,completed
US-ORD-000044,US-CUST-00429,US,USD,138.13,138.13,Beauty,2024-04-15 00:00:00,04/17/2024 04:42,False,,4.0,completed
US-ORD-000045,US-CUST-00552,US,USD,173.57,173.57,Fashion,05/18/2023 00:00,2023-05-21 00:27:15,False,,3.0,completed
US-ORD-000046,US-CUST-00242,US,USD,79.48,79.48,Home & Kitchen,26.04.2023,29.04.2023,False,,2.0,completed
US-ORD-000047,US-CUST-00352,US,USD,78.09,78.09,Beauty,03-Dec-2025,12/05/2025 21:00,False,,4.0,completed
US-ORD-000048,US-CUST-00307,US,USD,33.63,33.63,Toys,10/14/2024 00:00,10/22/2024 02:23,False,,3.0,completed
US-ORD-000049,US-CUST-00080,US,USD,60.51,60.51,Health,29-Apr-2023,05/05/2023 15:02,False,,2.0,completed
US-ORD-000050,US-CUST-00074,US,USD,85.24,85.24,Health,07/09/2023 00:00,16.07.2023,False,,2.0,completed
US-ORD-000051,US-CUST-00120,US,USD,83.31,83.31,Grocery,20-Mar-2024,25.03.2024,False,,,completed
US-ORD-000052,US-CUST-00267,US,USD,110.18,110.18,Toys,23.02.2024,25.02.2024,False,,2.0,completed
US-ORD-000053,US-CUST-00320,US,USD,98.49,98.49,Grocery,15-Oct-2025,20-Oct-2025,False,,4.0,completed
US-ORD-000054,US-CUST-00583,US,USD,90.59,90.59,,03/29/2024 00:00,01-Apr-2024,False,,4.0,completed
US-ORD-000055,US-CUST-00143,US,USD,88.19,88.19,Sports,22-Nov-2024,25-Nov-2024,False,,5.0,completed
US-ORD-000056,US-CUST-00236,US,USD,96.32,96.32,,2023-05-01 00:00:00,2023-05-03 14:49:02,False,,4.0,completed
US-ORD-000057,US-CUST-00421,US,USD,31.14,31.14,Beauty,2023-01-19 00:00:00,25-Jan-2023,False,,5.0,cancelled
US-ORD-000058,US-CUST-00183,US,USD,38.07,38.07,Health,2024-07-16 00:00:00,,False,,,completed
US-ORD-000059,US-CUST-00382,US,USD,93.58,93.58,Home & Kitchen,09-Dec-2025,15.12.2025,False,,5.0,completed
US-ORD-000060,US-CUST-00095,US,USD,63.96,63.96,Beauty,13-May-2024,2024-05-16 11:49:14,False,,3.0,completed
US-ORD-000061,US-CUST-00579,US,USD,38.29,38.29,Electronics,2025-09-01 00:00:00,2025-09-05 20:17:56,False,,4.0,completed
US-ORD-000062,US-CUST-00287,US,USD,87.45,87.45,Beauty,2023-03-29 00:00:00,04-Apr-2023,False,,4.0,completed
US-ORD-000063,US-CUST-00580,US,USD,140.41,140.41,Electronics,06-Oct-2024,10-Oct-2024,False,,5.0,completed
US-ORD-000064,US-CUST-00349-DUP,US,USD,103.16,103.16,Toys,10-Nov-2024,20.11.2024,True,12/08/2024 00:00,3.0,completed
US-ORD-000065,US-CUST-00442,US,USD,96.71,96.71,Electronics,10/30/2024 00:00,03-Nov-2024,False,,,completed
US-ORD-000066,US-CUST-00157,US,USD,107.13,107.13,Fashion,17-Feb-2025,02/22/2025 22:42,False,,3.0,completed
US-ORD-000067,US-CUST-00441,US,USD,36.89,36.89,,07-Aug-2023,08.08.2023,False,,3.0,completed
US-ORD-000068,US-CUST-00086,US,USD,113.54,113.54,Toys,11/15/2025 00:00,27.11.2025,False,,2.0,completed
US-ORD-000069,US-CUST-00431,US,USD,82.79,82.79,Toys,14.12.2023,19.12.2023,False,,3.0,completed
US-ORD-000070,US-CUST-00311,US,USD,81.92,81.92,Books,2023-06-07 00:00:00,12-Jun-2023,False,,2.0,completed
US-ORD-000071,US-CUST-00078-DUP,US,USD,91.1,91.1,Automotive,11/11/2024 00:00,17-Nov-2024,False,,,completed
US-ORD-000072,US-CUST-00589,US,USD,123.74,123.74,Grocery,02/16/2024 00:00,23.02.2024,False,,2.0,completed
US-ORD-000073,US-CUST-00563,US,USD,32.8,32.8,Toys,2024-07-28 00:00:00,08/03/2024 00:43,False,,4.0,completed
US-ORD-000074,US-CUST-00511,US,USD,98.18,98.18,Beauty,08/03/2025 00:00,2025-08-15 16:55:52,False,,4.0,completed
US-ORD-000075,US-CUST-00410,US,USD,126.1,126.1,Sports,10-May-2024,16-May-2024,False,,4.0,completed
US-ORD-000076,US-CUST-00045,US,USD,60.81,60.81,Health,06-Jan-2025,2025-01-12 12:25:49,False,,3.0,completed
US-ORD-000077,US-CUST-00565-DUP,US,USD,64.34,64.34,Toys,11/10/2024 00:00,11/26/2024 00:42,False,,4.0,completed
US-ORD-000078,US-CUST-00319,US,USD,179.16,179.16,Grocery,20.02.2023,2023-02-21 06:22:16,False,,4.0,completed
US-ORD-000079,US-CUST-00045,US,USD,3.0,3.0,Health,2024-02-28 00:00:00,03-Mar-2024,False,,4.0,completed
US-ORD-000080,US-CUST-00436,US,USD,77.89,77.89,Fashion,03-Dec-2024,12/05/2024 20:16,False,,3.0,completed
US-ORD-000081,US-CUST-00004,US,USD,105.58,105.58,Home & Kitchen,04/09/2025 00:00,12-Apr-2025,True,05/13/2025 00:00,4.0,completed
US-ORD-000082,US-CUST-00501,US,USD,77.05,77.05,Automotive,09.05.2023,05/12/2023 16:43,False,,5.0,completed
US-ORD-000083,US-CUST-00304,US,USD,103.53,103.53,Automotive,2025-03-14 00:00:00,14-Mar-2025,False,,4.0,completed
US-ORD-000084,US-CUST-00392,US,USD,45.22,45.22,Fashion,03-Oct-2024,10/25/2024 16:55,False,,3.0,completed
US-ORD-000085,US-CUST-00367,US,USD,69.84,69.84,Health,2023-12-21 00:00:00,12/27/2023 00:14,False,,4.0,completed
US-ORD-000086,US-CUST-00454,US,USD,20.99,20.99,Toys,04-Feb-2024,08-Feb-2024,False,,3.0,completed
US-ORD-000087,US-CUST-00507,US,USD,45.6,45.6,Beauty,2023-03-05 00:00:00,13.03.2023,False,,4.0,completed
US-ORD-000088,US-CUST-00435,US,USD,18.26,18.26,Health,2024-07-02 00:00:00,2024-07-08 20:03:26,False,,5.0,completed
US-ORD-000089,US-CUST-00089,US,USD,121.46,121.46,Sports,21-May-2024,,False,,,completed
US-ORD-000090,US-CUST-00142,US,USD,53.21,53.21,Beauty,08/29/2023 00:00,05.09.2023,False,,3.0,completed
US-ORD-000091,US-CUST-00273,US,USD,94.97,94.97,Automotive,2023-05-02 00:00:00,05/08/2023 13:10,False,,3.0,completed
US-ORD-000092,US-CUST-00329,US,USD,72.32,72.32,Electronics,04/22/2025 00:00,04/22/2025 00:00,False,,3.0,completed
US-ORD-000093,US-CUST-00095,US,USD,63.63,63.63,Grocery,15-Mar-2025,17-Mar-2025,False,,5.0,completed
US-ORD-000094,US-CUST-00469,US,USD,10.64,10.64,Books,23.07.2024,2024-07-27 02:52:40,False,,4.0,completed
US-ORD-000095,US-CUST-00560,US,USD,139.86,139.86,Toys,12/30/2025 00:00,01/01/2026 03:04,False,,5.0,completed
US-ORD-000096,US-CUST-00127,US,USD,75.46,75.46,Books,09/20/2025 00:00,2025-09-23 00:53:15,False,,4.0,completed
US-ORD-000097,US-CUST-00280,US,USD,83.96,83.96,Toys,2023-01-02 00:00:00,01/05/2023 19:11,False,,,completed
US-ORD-000098,US-CUST-00439,US,USD,78.14,78.14,Fashion,2024-05-27 00:00:00,05/31/2024 05:30,True,01.07.2024,4.0,completed
US-ORD-000099,US-CUST-00432,US,USD,104.8,104.8,Beauty,01/03/2023 00:00,23-Jan-2023,True,09.02.2023,,completed
US-ORD-000100,US-CUST-00136,US,USD,19.3,19.3,Toys,04/13/2024 00:00,2024-04-22 06:23:08,False,,2.0,completed
US-ORD-000101,US-CUST-00453,US,USD,68.17,68.17,Automotive,01/18/2023 00:00,01/24/2023 04:14,False,,4.0,completed
US-ORD-000102,US-CUST-00253,US,USD,46.98,46.98,Home & Kitchen,25.07.2023,29-Jul-2023,False,,3.0,completed
US-ORD-000103,US-CUST-00308,US,USD,48.48,48.48,Health,05/23/2024 00:00,29.05.2024,False,,4.0,completed
US-ORD-000104,US-CUST-00395,US,USD,43.82,43.82,Beauty,2025-11-09 00:00:00,2025-11-15 19:10:50,False,,4.0,completed
US-ORD-000105,US-CUST-00396,US,USD,111.58,111.58,Health,26-May-2023,,False,,,completed
US-ORD-000106,US-CUST-00061,US,USD,37.7,37.7,Grocery,20-Dec-2023,2023-12-23 21:06:40,False,,4.0,completed
US-ORD-000107,US-CUST-00208,US,USD,102.47,102.47,Toys,10/23/2025 00:00,10/27/2025 22:59,False,,4.0,completed
US-ORD-000108,US-CUST-00244,US,USD,132.49,132.49,Automotive,2025-03-11 00:00:00,2025-03-14 19:36:16,False,,,completed
US-ORD-000109,US-CUST-00012,US,USD,99.62,99.62,Fashion,06/08/2025 00:00,12.06.2025,False,,3.0,completed
US-ORD-000110,US-CUST-00275,US,USD,124.44,124.44,Grocery,2023-12-02 00:00:00,08.12.2023,False,,4.0,completed
US-ORD-000111,US-CUST-00508,US,USD,133.75,133.75,Books,02-Mar-2023,2023-03-07 01:00:29,False,,4.0,completed
US-ORD-000112,US-CUST-00118,US,USD,61.04,61.04,Grocery,04/24/2023 00:00,04/29/2023 15:33,False,,3.0,completed
US-ORD-000113,US-CUST-00183,US,USD,79.36,79.36,Electronics,2023-01-06 00:00:00,,True,01-Feb-2023,,completed
US-ORD-000114,US-CUST-00514,US,USD,38.18,38.18,Beauty,2025-05-08 00:00:00,17.05.2025,False,,3.0,completed
US-ORD-000115,US-CUST-00318,US,USD,20.36,20.36,Electronics,22.11.2025,,False,,,completed
US-ORD-000116,US-CUST-00505,US,USD,110.62,110.62,Electronics,07/24/2025 00:00,30.07.2025,False,,4.0,completed
US-ORD-000117,US-CUST-00009,US,USD,74.45,74.45,,17.05.2024,05/20/2024 04:55,False,,4.0,cancelled
US-ORD-000118,US-CUST-00145,US,USD,44.53,44.53,Sports,09.02.2025,02/15/2025 22:48,False,,,completed
US-ORD-000119,US-CUST-00136,US,USD,68.38,68.38,Health,19-Apr-2024,22-Apr-2024,False,,3.0,completed
US-ORD-000120,US-CUST-00334,US,USD,93.58,93.58,Toys,08.05.2023,25.05.2023,False,,3.0,completed
US-ORD-000121,US-CUST-00123,US,USD,85.97,85.97,Fashion,23.04.2024,05/06/2024 11:45,False,,3.0,completed
US-ORD-000122,US-CUST-00212-DUP,US,USD,53.8,53.8,Grocery,2024-03-01 00:00:00,2024-03-06 11:08:18,False,,2.0,completed
US-ORD-000123,US-CUST-00178,US,USD,11.66,11.66,Home & Kitchen,2024-11-02 00:00:00,05.11.2024,False,,3.0,completed
US-ORD-000124,US-CUST-00063,US,USD,88.99,88.99,Health,07/15/2025 00:00,22-Jul-2025,False,,4.0,completed
US-ORD-000125,US-CUST-00022,US,USD,67.8,67.8,Books,2025-03-31 00:00:00,2025-04-04 23:05:13,False,,3.0,completed
US-ORD-000126,US-CUST-00587,US,USD,74.17,74.17,Home & Kitchen,27-Jun-2025,01.07.2025,False,,4.0,completed
US-ORD-000127,US-CUST-00456,US,USD,37.77,37.77,,03/19/2025 00:00,03/25/2025 00:55,False,,5.0,completed
US-ORD-000128,US-CUST-00204,US,USD,70.11,70.11,Sports,05/18/2024 00:00,23-May-2024,False,,4.0,completed
US-ORD-000129,US-CUST-00276,US,USD,56.95,56.95,Toys,02/09/2023 00:00,14-Feb-2023,False,,4.0,completed
US-ORD-000130,US-CUST-00598,US,USD,79.4,79.4,Electronics,03/24/2024 00:00,2024-03-27 10:53:43,False,,4.0,completed
US-ORD-000131,US-CUST-00397,US,USD,97.41,97.41,Beauty,25.07.2023,2023-08-01 21:39:17,False,,4.0,completed
US-ORD-000132,US-CUST-00581,US,USD,171.89,171.89,Home & Kitchen,12/22/2023 00:00,25.12.2023,False,,4.0,completed
US-ORD-000133,US-CUST-00539,US,USD,83.25,83.25,Grocery,21-Jan-2024,2024-01-30 09:06:37,False,,3.0,cancelled
US-ORD-000134,US-CUST-00373,US,USD,37.21,37.21,Home & Kitchen,2024-02-17 00:00:00,20.02.2024,True,03/07/2024 00:00,2.0,completed
US-ORD-000135,US-CUST-00498,US,USD,51.34,51.34,Automotive,21.03.2025,03/24/2025 11:33,False,,4.0,completed
US-ORD-000136,US-CUST-00001,US,USD,90.38,90.38,Beauty,31-Dec-2024,08-Jan-2025,False,,4.0,completed
US-ORD-000137,US-CUST-00339,US,USD,49.04,49.04,Home & Kitchen,2023-03-08 00:00:00,03/11/2023 04:52,False,,4.0,completed
US-ORD-000138,US-CUST-00069,US,USD,15.59,15.59,Home & Kitchen,16.10.2024,24.10.2024,False,,5.0,completed
US-ORD-000139,US-CUST-00387,US,USD,53.89,53.89,,10.08.2023,11-Aug-2023,False,,5.0,completed
US-ORD-000140,US-CUST-00301,US,USD,69.85,69.85,Grocery,2023-07-27 00:00:00,08/03/2023 11:24,False,,2.0,completed
US-ORD-000141,US-CUST-00095,US,USD,48.03,48.03,Fashion,03.08.2023,08/08/2023 00:15,False,,,completed
US-ORD-000142,US-CUST-00194,US,USD,77.11,77.11,Electronics,15-Sep-2025,19-Sep-2025,False,,4.0,completed
US-ORD-000143,US-CUST-00301,US,USD,26.96,26.96,Sports,27-Jun-2024,18-Jul-2024,False,,4.0,completed
US-ORD-000144,US-CUST-00482,US,USD,98.15,98.15,Beauty,22-Feb-2023,2023-02-28 10:09:27,False,,2.0,completed
US-ORD-000145,US-CUST-00269,US,USD,5.96,5.96,Fashion,26-Jun-2024,03.07.2024,False,,4.0,completed
US-ORD-000146,US-CUST-00077-DUP,US,USD,41.32,41.32,Sports,04/08/2024 00:00,2024-04-16 02:27:19,False,,4.0,completed
US-ORD-000147,US-CUST-00404,US,USD,128.07,128.07,Health,2025-03-03 00:00:00,08-Mar-2025,False,,5.0,completed
US-ORD-000148,US-CUST-00171,US,USD,153.99,153.99,Automotive,11/24/2025 00:00,2025-11-28 12:02:58,False,,,completed
US-ORD-000149,US-CUST-00349-DUP,US,USD,118.72,118.72,Electronics,16.09.2023,22-Sep-2023,False,,5.0,completed
US-ORD-000150,US-CUST-00012,US,USD,31.58,31.58,Fashion,18-May-2023,24.05.2023,False,,,completed
US-ORD-000151,US-CUST-00292,US,USD,122.63,122.63,Home & Kitchen,03.11.2023,2023-11-04 11:34:49,False,,2.0,completed
US-ORD-000152,US-CUST-00411,US,USD,3.0,3.0,Toys,2024-06-24 00:00:00,28-Jun-2024,True,17-Jul-2024,4.0,completed
US-ORD-000153,US-CUST-00310,US,USD,142.61,142.61,,09.11.2024,14.11.2024,False,,5.0,completed
US-ORD-000154,US-CUST-00275,US,USD,12.9,12.9,Fashion,03-Oct-2025,04.10.2025,False,,3.0,completed
US-ORD-000155,US-CUST-00057,US,USD,92.28,92.28,Beauty,07/02/2023 00:00,06-Jul-2023,False,,,completed
US-ORD-000156,US-CUST-00059,US,USD,3.0,3.0,Toys,11/03/2025 00:00,2025-11-07 19:43:20,False,,2.0,completed
US-ORD-000157,US-CUST-00031,US,USD,105.14,105.14,Books,04/14/2023 00:00,19-Apr-2023,False,,3.0,completed
US-ORD-000158,US-CUST-00092,US,USD,51.88,51.88,Home & Kitchen,02.07.2025,04.07.2025,False,,3.0,completed
US-ORD-000159,US-CUST-00275,US,USD,117.98,117.98,Home & Kitchen,12-Apr-2023,04/15/2023 00:41,False,,4.0,completed
US-ORD-000160,US-CUST-00281,US,USD,51.14,51.14,Grocery,19-Jan-2023,2023-01-22 09:56:31,False,,,completed
US-ORD-000161,US-CUST-00383,US,USD,70.18,70.18,Grocery,15.12.2024,17-Dec-2024,False,,,completed
US-ORD-000162,US-CUST-00305,US,USD,50.09,50.09,Grocery,08/10/2023 00:00,12.08.2023,False,,5.0,completed
US-ORD-000163,US-CUST-00509,US,USD,76.59,76.59,Electronics,07.05.2024,10-May-2024,False,,4.0,completed
US-ORD-000164,US-CUST-00194,US,USD,69.95,69.95,Toys,07.05.2025,,False,,,completed
US-ORD-000165,US-CUST-00571,US,USD,102.64,102.64,Health,03/31/2024 00:00,06.04.2024,False,,3.0,completed
US-ORD-000166,US-CUST-00227,US,USD,49.09,49.09,Home & Kitchen,22.08.2025,08/26/2025 10:47,False,,1.0,completed
US-ORD-000167,US-CUST-00054,US,USD,6.82,6.82,Toys,2024-09-20 00:00:00,27.09.2024,False,,5.0,completed
US-ORD-000168,US-CUST-00205,US,USD,63.79,63.79,Health,03.02.2024,09.02.2024,False,,4.0,completed
US-ORD-000169,US-CUST-00059,US,USD,213.55,213.55,Home & Kitchen,2025-07-26 00:00:00,2025-08-02 05:44:22,False,,3.0,completed
US-ORD-000170,US-CUST-00439,US,USD,32.0,32.0,Home & Kitchen,04-Mar-2024,2024-03-05 18:53:26,False,,4.0,completed
US-ORD-000171,US-CUST-00018,US,USD,40.96,40.96,Health,2023-03-19 00:00:00,2023-03-21 03:43:54,False,,3.0,completed
US-ORD-000172,US-CUST-00066,US,USD,26.33,26.33,Beauty,2024-05-24 00:00:00,06/01/2024 08:58,False,,4.0,completed
US-ORD-000173,US-CUST-00501,US,USD,74.64,74.64,Grocery,18.08.2024,25.08.2024,False,,4.0,completed
US-ORD-000174,US-CUST-00126,US,USD,36.24,36.24,,04.12.2023,12/12/2023 01:06,False,,4.0,completed
US-ORD-000175,US-CUST-00020,US,USD,28.32,28.32,Toys,2023-03-18 00:00:00,2023-03-22 14:51:49,False,,3.0,completed
US-ORD-000176,US-CUST-00009,US,USD,12.77,12.77,Grocery,03.05.2025,09-May-2025,False,,5.0,completed
US-ORD-000177,US-CUST-00120,US,USD,12.06,12.06,Health,26.07.2023,08/01/2023 03:01,False,,3.0,completed
US-ORD-000178,US-CUST-00419,US,USD,53.08,53.08,Grocery,06.08.2023,09.08.2023,False,,3.0,completed
US-ORD-000179,US-CUST-00505,US,USD,77.18,77.18,Beauty,10/13/2025 00:00,10/16/2025 08:06,True,2025-11-18 00:00:00,4.0,completed
US-ORD-000180,US-CUST-00051,US,USD,72.74,72.74,Fashion,2025-11-13 00:00:00,11/30/2025 12:31,False,,3.0,completed
US-ORD-000181,US-CUST-00046,US,USD,49.05,49.05,Sports,2023-03-22 00:00:00,28-Mar-2023,False,,4.0,completed
US-ORD-000182,US-CUST-00187,US,USD,31.01,31.01,Books,2023-12-16 00:00:00,21.12.2023,False,,4.0,completed
US-ORD-000183,US-CUST-00115,US,USD,3.0,3.0,Sports,07/23/2025 00:00,29-Jul-2025,False,,3.0,completed
US-ORD-000184,US-CUST-00388,US,USD,100.68,100.68,Home & Kitchen,01.05.2023,04-May-2023,False,,2.0,completed
US-ORD-000185,US-CUST-00537,US,USD,3.0,3.0,Grocery,09/25/2023 00:00,18-Oct-2023,True,18.10.2023,,completed
US-ORD-000186,US-CUST-00394,US,USD,86.69,86.69,Health,11/23/2024 00:00,2024-11-26 04:35:34,False,,4.0,completed
US-ORD-000187,US-CUST-00503,US,USD,3.0,3.0,Electronics,22.04.2023,26-Apr-2023,False,,2.0,completed
US-ORD-000188,US-CUST-00586,US,USD,45.67,45.67,Electronics,23-Jul-2024,28-Jul-2024,False,,3.0,completed
US-ORD-000189,US-CUST-00000,US,USD,57.7,57.7,Grocery,2025-10-17 00:00:00,2025-10-24 00:18:07,False,,3.0,completed
US-ORD-000190,US-CUST-00228,US,USD,112.61,112.61,Health,15-Sep-2024,17-Sep-2024,False,,4.0,completed
US-ORD-000191,US-CUST-00298,US,USD,139.87,139.87,Books,26.08.2025,2025-09-07 01:21:39,False,,,completed
US-ORD-000192,US-CUST-00402,US,USD,39.14,39.14,Home & Kitchen,04/04/2023 00:00,10-Apr-2023,False,,3.0,completed
US-ORD-000193,US-CUST-00516,US,USD,91.7,91.7,Books,01/26/2024 00:00,2024-01-29 19:00:31,False,,4.0,completed
US-ORD-000194,US-CUST-00181,US,USD,67.99,67.99,Health,01/09/2023 00:00,16-Jan-2023,False,,4.0,completed
US-ORD-000195,US-CUST-00254,US,USD,90.19,90.19,Fashion,20.09.2023,24.09.2023,False,,,completed
US-ORD-000196,US-CUST-00566,US,USD,53.06,53.06,Sports,12/03/2024 00:00,25.12.2024,False,,4.0,completed
US-ORD-000197,US-CUST-00596,US,USD,56.06,56.06,Books,18-Aug-2024,02.09.2024,False,,5.0,completed
US-ORD-000198,US-CUST-00057,US,USD,114.2,114.2,Sports,12/29/2025 00:00,2026-01-02 08:21:03,False,,5.0,completed
US-ORD-000199,US-CUST-00463,US,USD,56.64,56.64,Sports,2023-11-26 00:00:00,02.12.2023,False,,3.0,completed
US-ORD-000200,US-CUST-00426,US,USD,3.0,3.0,Health,04.04.2024,08.04.2024,False,,4.0,completed
US-ORD-000201,US-CUST-00376,US,USD,150.44,150.44,Electronics,04/21/2023 00:00,26-Apr-2023,False,,3.0,completed
US-ORD-000202,US-CUST-00386,US,USD,112.32,112.32,Sports,2024-02-01 00:00:00,2024-02-01 13:51:55,False,,4.0,completed
US-ORD-000203,US-CUST-00157,US,USD,109.69,109.69,Home & Kitchen,25.06.2024,2024-06-27 01:01:40,False,,5.0,completed
US-ORD-000204,US-CUST-00188,US,USD,90.23,90.23,Grocery,2024-09-08 00:00:00,2024-09-12 04:03:58,False,,4.0,completed
US-ORD-000205,US-CUST-00369,US,USD,177.18,177.18,Toys,23.11.2023,28.11.2023,False,,4.0,completed
US-ORD-000206,US-CUST-00249,US,USD,54.33,54.33,Grocery,2025-12-22 00:00:00,2025-12-25 07:12:26,False,,4.0,completed
US-ORD-000207,US-CUST-00529,US,USD,36.48,36.48,Toys,19.10.2024,24-Oct-2024,False,,3.0,completed
US-ORD-000208,US-CUST-00550,US,USD,96.55,96.55,Grocery,2025-11-07 00:00:00,11/12/2025 16:00,False,,4.0,completed
US-ORD-000209,US-CUST-00445,US,USD,52.05,52.05,Beauty,2024-03-07 00:00:00,2024-03-11 11:02:45,False,,,completed
US-ORD-000210,US-CUST-00072,US,USD,30.96,30.96,Electronics,11/11/2023 00:00,2023-11-15 02:40:26,False,,4.0,completed
US-ORD-000211,US-CUST-00064,US,USD,109.06,109.06,Toys,2025-04-14 00:00:00,17.04.2025,True,2025-05-20 00:00:00,4.0,completed
US-ORD-000212,US-CUST-00031,US,USD,136.0,136.0,Books,29-May-2023,2023-06-17 19:50:41,False,,5.0,completed
US-ORD-000213,US-CUST-00382,US,USD,40.18,40.18,Home & Kitchen,2024-03-26 00:00:00,28.03.2024,False,,2.0,completed
US-ORD-000214,US-CUST-00352,US,USD,142.32,142.32,,10/17/2023 00:00,23-Oct-2023,False,,3.0,completed
US-ORD-000215,US-CUST-00055,US,USD,87.6,87.6,Home & Kitchen,15-Nov-2025,17.11.2025,False,,5.0,completed
US-ORD-000216,US-CUST-00131,US,USD,80.81,80.81,Sports,05/30/2023 00:00,06/04/2023 05:15,False,,4.0,completed
US-ORD-000217,US-CUST-00323,US,USD,96.65,96.65,Beauty,23-May-2023,28.05.2023,False,,3.0,completed
US-ORD-000218,US-CUST-00339,US,USD,96.22,96.22,Beauty,03-Oct-2024,11-Oct-2024,False,,5.0,completed
US-ORD-000219,US-CUST-00269,US,USD,146.69,146.69,Sports,2025-01-04 00:00:00,14.01.2025,False,,3.0,completed
US-ORD-000220,US-CUST-00266,US,USD,69.34,69.34,Health,08-Feb-2023,13-Feb-2023,False,,4.0,completed
US-ORD-000221,US-CUST-00372,US,USD,3.0,3.0,Books,2023-11-01 00:00:00,09.11.2023,False,,3.0,completed
US-ORD-000222,US-CUST-00224,US,USD,55.79,55.79,Health,06-Dec-2023,12/08/2023 23:25,False,,2.0,completed
US-ORD-000223,US-CUST-00040,US,USD,112.04,112.04,Books,25.06.2024,30.06.2024,False,,,completed
US-ORD-000224,US-CUST-00079,US,USD,16.95,16.95,Sports,03.12.2025,12/05/2025 09:50,False,,3.0,completed
US-ORD-000225,US-CUST-00513,US,USD,150.11,150.11,Health,04/01/2024 00:00,05.04.2024,False,,2.0,completed
US-ORD-000226,US-CUST-00121,US,USD,63.94,63.94,Fashion,04/16/2024 00:00,04/20/2024 10:54,False,,1.0,completed
US-ORD-000227,US-CUST-00249,US,USD,72.56,72.56,Fashion,2024-11-07 00:00:00,11/11/2024 12:54,False,,4.0,completed
US-ORD-000228,US-CUST-00264,US,USD,158.2,158.2,Home & Kitchen,11/26/2023 00:00,,False,,,completed
US-ORD-000229,US-CUST-00482,US,USD,62.9,62.9,Automotive,10-Apr-2025,12.04.2025,False,,5.0,completed
US-ORD-000230,US-CUST-00350,US,USD,77.66,77.66,Automotive,21-Apr-2025,04/26/2025 00:40,False,,3.0,completed
US-ORD-000231,US-CUST-00153,US,USD,83.91,83.91,Beauty,2023-05-21 00:00:00,05/30/2023 17:04,False,,3.0,completed
US-ORD-000232,US-CUST-00441,US,USD,50.39,50.39,Health,21-Mar-2023,04/14/2023 22:25,False,,3.0,completed
US-ORD-000233,US-CUST-00589,US,USD,42.92,42.92,Health,2023-03-30 00:00:00,04-Apr-2023,False,,3.0,completed
US-ORD-000234,US-CUST-00193,US,USD,142.68,142.68,Grocery,2024-06-05 00:00:00,2024-06-05 00:00:00,False,,4.0,completed
US-ORD-000235,US-CUST-00370,US,USD,131.07,131.07,Automotive,2023-01-15 00:00:00,15-Jan-2023,False,,3.0,completed
US-ORD-000236,US-CUST-00208,US,USD,58.29,58.29,Sports,03-Jun-2024,05.06.2024,False,,3.0,completed
US-ORD-000237,US-CUST-00407,US,USD,25.02,25.02,Home & Kitchen,09/15/2025 00:00,23.09.2025,False,,4.0,completed
US-ORD-000238,US-CUST-00563,US,USD,132.22,132.22,Beauty,2023-09-01 00:00:00,09/07/2023 10:38,False,,2.0,completed
US-ORD-000239,US-CUST-00038,US,USD,51.4,51.4,Fashion,11-Jan-2023,16-Jan-2023,False,,2.0,completed
US-ORD-000240,US-CUST-00449,US,USD,107.08,107.08,Automotive,2025-03-31 00:00:00,2025-04-04 12:27:51,False,,3.0,completed
US-ORD-000241,US-CUST-00000,US,USD,106.99,106.99,Sports,11/27/2025 00:00,12/02/2025 21:19,False,,3.0,completed
US-ORD-000242,US-CUST-00092,US,USD,127.17,127.17,Toys,19.07.2024,07/21/2024 20:06,False,,4.0,completed
US-ORD-000243,US-CUST-00179,US,USD,101.69,101.69,Books,13-Dec-2024,12/17/2024 09:08,False,,4.0,completed
US-ORD-000244,US-CUST-00453,US,USD,18.7,18.7,Health,29-May-2023,04.06.2023,False,,3.0,completed
US-ORD-000245,US-CUST-00264,US,USD,51.48,51.48,Books,2024-05-13 00:00:00,20-May-2024,False,,3.0,completed
US-ORD-000246,US-CUST-00254,US,USD,11.62,11.62,Beauty,27.03.2024,28.03.2024,False,,4.0,completed
US-ORD-000247,US-CUST-00194,US,USD,17.38,17.38,Fashion,01-Dec-2024,09.12.2024,False,,2.0,completed
US-ORD-000248,US-CUST-00109,US,USD,151.34,151.34,Beauty,2024-04-25 00:00:00,04/30/2024 10:07,False,,3.0,completed
US-ORD-000249,US-CUST-00588,US,USD,50.48,50.48,,05.10.2025,2025-10-10 19:09:30,False,,3.0,completed
US-ORD-000250,US-CUST-00514,US,USD,124.65,124.65,Sports,12.11.2025,11/17/2025 05:28,True,22-Dec-2025,4.0,completed
US-ORD-000251,US-CUST-00388,US,USD,58.64,58.64,Grocery,2023-12-24 00:00:00,28-Dec-2023,False,,4.0,completed
US-ORD-000252,US-CUST-00434,US,USD,3.0,3.0,Home & Kitchen,06/15/2024 00:00,17-Jun-2024,False,,4.0,completed
US-ORD-000253,US-CUST-00102,US,USD,82.69,82.69,Books,01.02.2025,02/05/2025 15:10,False,,4.0,completed
US-ORD-000254,US-CUST-00137,US,USD,90.64,90.64,Toys,04.06.2025,06/07/2025 22:05,False,,3.0,completed
US-ORD-000255,US-CUST-00260,US,USD,83.81,83.81,Sports,06-Sep-2024,09-Sep-2024,False,,4.0,completed
US-ORD-000256,US-CUST-00020,US,USD,3.0,3.0,Grocery,17-Jul-2023,24.07.2023,False,,4.0,completed
US-ORD-000257,US-CUST-00522,US,USD,86.52,86.52,Automotive,12-Feb-2024,02/18/2024 23:10,False,,5.0,completed
US-ORD-000258,US-CUST-00431,US,USD,120.65,120.65,Fashion,04-Jul-2025,07/05/2025 07:38,False,,,completed
US-ORD-000259,US-CUST-00404,US,USD,17.42,17.42,Fashion,27.05.2023,30.05.2023,False,,4.0,completed
US-ORD-000260,US-CUST-00257,US,USD,98.29,98.29,Automotive,2025-01-13 00:00:00,01/16/2025 13:09,False,,4.0,completed
US-ORD-000261,US-CUST-00085,US,USD,41.01,41.01,Fashion,2025-03-24 00:00:00,27-Mar-2025,False,,2.0,completed
US-ORD-000262,US-CUST-00129,US,USD,33.45,33.45,Fashion,11/15/2023 00:00,17.11.2023,False,,3.0,completed
US-ORD-000263,US-CUST-00278,US,USD,122.41,122.41,,16-Dec-2023,19.12.2023,False,,,completed
US-ORD-000264,US-CUST-00355,US,USD,193.46,193.46,Automotive,29-Dec-2023,03-Jan-2024,False,,4.0,completed
US-ORD-000265,US-CUST-00139,US,USD,36.37,36.37,Grocery,03.07.2023,07/09/2023 09:36,False,,3.0,completed
US-ORD-000266,US-CUST-00118-DUP,US,USD,80.49,80.49,Electronics,12/31/2025 00:00,10-Jan-2026,False,,3.0,completed
US-ORD-000267,US-CUST-00387,US,USD,126.72,126.72,Beauty,02/04/2025 00:00,07-Feb-2025,False,,3.0,completed
US-ORD-000268,US-CUST-00422,US,USD,154.69,154.69,Beauty,05/14/2025 00:00,17.05.2025,False,,5.0,completed
US-ORD-000269,US-CUST-00019,US,USD,106.85,106.85,Home & Kitchen,01/09/2024 00:00,12-Jan-2024,False,,4.0,completed
US-ORD-000270,US-CUST-00154,US,USD,118.76,118.76,Electronics,2025-12-31 00:00:00,01/19/2026 05:50,False,,2.0,completed
US-ORD-000271,US-CUST-00149,US,USD,42.28,42.28,Toys,2024-12-01 00:00:00,05.12.2024,False,,3.0,completed
US-ORD-000272,US-CUST-00254,US,USD,102.93,102.93,Fashion,14-Mar-2025,19.03.2025,False,,2.0,completed
US-ORD-000273,US-CUST-00533,US,USD,92.11,92.11,Beauty,06/26/2025 00:00,,False,,,completed
US-ORD-000274,US-CUST-00053,US,USD,100.19,100.19,Books,10/01/2024 00:00,2024-10-08 03:52:38,False,,4.0,completed
US-ORD-000275,US-CUST-00043,US,USD,95.66,95.66,Toys,28-Apr-2024,02.05.2024,False,,2.0,completed
US-ORD-000276,US-CUST-00061,US,USD,94.33,94.33,Books,2023-11-14 00:00:00,19-Nov-2023,False,,,completed
US-ORD-000277,US-CUST-00449,US,USD,87.22,87.22,Health,11/12/2023 00:00,26.11.2023,False,,3.0,completed
US-ORD-000278,US-CUST-00501,US,USD,122.39,122.39,Books,02/12/2025 00:00,2025-02-16 22:06:04,False,,4.0,completed
US-ORD-000279,US-CUST-00269,US,USD,76.27,76.27,Books,13.12.2024,12/18/2024 01:25,False,,4.0,completed
US-ORD-000280,US-CUST-00551,US,USD,51.78,51.78,Toys,02-Nov-2025,07.11.2025,False,,3.0,completed
US-ORD-000281,US-CUST-00068,US,USD,55.45,55.45,Health,2025-10-15 00:00:00,19-Oct-2025,False,,4.0,completed
US-ORD-000282,US-CUST-00397,US,USD,53.46,53.46,Home & Kitchen,23-Sep-2023,30-Sep-2023,False,,3.0,completed
US-ORD-000283,US-CUST-00081,US,USD,66.59,66.59,Electronics,08-Jun-2024,2024-06-12 02:53:34,True,07/22/2024 00:00,,completed
US-ORD-000284,US-CUST-00272,US,USD,140.11,140.11,Books,2023-05-05 00:00:00,10-May-2023,False,,4.0,completed
US-ORD-000285,US-CUST-00197,US,USD,8.15,8.15,Fashion,09/14/2024 00:00,2024-09-19 12:49:06,False,,4.0,completed
US-ORD-000286,US-CUST-00437,US,USD,78.7,78.7,Health,2024-01-02 00:00:00,2024-01-09 03:08:35,False,,3.0,completed
US-ORD-000287,US-CUST-00322,US,USD,138.42,138.42,Health,05.01.2024,01/14/2024 14:20,False,,,completed
US-ORD-000288,US-CUST-00260,US,USD,58.67,58.67,Toys,24.04.2025,04/28/2025 02:36,False,,5.0,completed
US-ORD-000289,US-CUST-00138,US,USD,146.08,146.08,,05.07.2025,,False,,,cancelled
US-ORD-000290,US-CUST-00282,US,USD,56.09,56.09,Beauty,03/30/2024 00:00,,False,,,completed
US-ORD-000291,US-CUST-00409,US,USD,14.5,14.5,Books,07/31/2025 00:00,08/03/2025 03:54,False,,3.0,completed
US-ORD-000292,US-CUST-00590,US,USD,40.45,40.45,Grocery,26-Oct-2024,2024-10-30 22:20:06,False,,4.0,completed
US-ORD-000293,US-CUST-00030-DUP,US,USD,144.77,144.77,Books,2023-04-25 00:00:00,28-Apr-2023,False,,4.0,completed
US-ORD-000294,US-CUST-00514,US,USD,65.37,65.37,Electronics,02/22/2025 00:00,,False,,,completed
US-ORD-000295,US-CUST-00135,US,USD,105.37,105.37,Grocery,15.03.2025,2025-03-17 18:06:33,False,,4.0,completed
US-ORD-000296,US-CUST-00404,US,USD,82.49,82.49,Health,04/11/2023 00:00,05/04/2023 23:38,False,,4.0,completed
US-ORD-000297,US-CUST-00423,US,USD,185.49,185.49,Beauty,09-Dec-2025,12-Dec-2025,False,,3.0,completed
US-ORD-000298,US-CUST-00452,US,USD,46.96,46.96,Books,01/26/2024 00:00,29.01.2024,False,,3.0,completed
US-ORD-000299,US-CUST-00151,US,USD,128.51,128.51,Beauty,23.04.2024,2024-04-30 20:11:03,False,,,cancelled
US-ORD-000300,US-CUST-00208,US,USD,49.32,49.32,Sports,16.08.2023,,False,,,completed
US-ORD-000301,US-CUST-00277,US,USD,96.21,96.21,Electronics,2023-10-17 00:00:00,2023-10-20 21:29:35,False,,4.0,completed
US-ORD-000302,US-CUST-00395,US,USD,84.13,84.13,Fashion,01/18/2023 00:00,19.01.2023,False,,,completed
US-ORD-000303,US-CUST-00022,US,USD,144.64,144.64,Fashion,2025-11-07 00:00:00,2025-11-15 14:12:07,False,,3.0,completed
US-ORD-000304,US-CUST-00513,US,USD,57.55,57.55,Sports,20.12.2025,12/25/2025 13:43,True,25.01.2026,4.0,completed
US-ORD-000305,US-CUST-00349,US,USD,104.63,104.63,Toys,11-Jun-2024,2024-06-20 00:29:23,False,,3.0,completed
US-ORD-000306,US-CUST-00319,US,USD,39.08,39.08,Toys,29.06.2023,07/01/2023 05:47,False,,3.0,completed
US-ORD-000307,US-CUST-00536,US,USD,73.51,73.51,Beauty,09/27/2023 00:00,10/05/2023 14:08,False,,3.0,completed
US-ORD-000308,US-CUST-00030,US,USD,85.07,85.07,Automotive,25.10.2023,2023-10-29 23:12:42,False,,5.0,completed
US-ORD-000309,US-CUST-00026,US,USD,188.71,188.71,Toys,27.04.2025,30.04.2025,False,,3.0,completed
US-ORD-000310,US-CUST-00480,US,USD,121.99,121.99,Automotive,17.04.2024,23.04.2024,False,,5.0,completed
US-ORD-000311,US-CUST-00227,US,USD,101.28,101.28,Grocery,03/04/2025 00:00,03/08/2025 06:45,True,2025-04-12 00:00:00,,completed
US-ORD-000312,US-CUST-00437,US,USD,101.58,101.58,Home & Kitchen,16-May-2023,23-May-2023,False,,,completed
US-ORD-000313,US-CUST-00043,US,USD,111.92,111.92,Books,02/18/2025 00:00,2025-02-24 00:20:56,False,,4.0,completed
US-ORD-000314,US-CUST-00292,US,USD,127.62,127.62,Electronics,21-Mar-2025,2025-03-28 18:20:37,False,,,completed
US-ORD-000315,US-CUST-00512,US,USD,104.19,104.19,Automotive,2024-08-25 00:00:00,08/29/2024 15:58,False,,4.0,completed
US-ORD-000316,US-CUST-00465,US,USD,129.29,129.29,Toys,2023-10-05 00:00:00,10/08/2023 08:47,False,,,completed
US-ORD-000317,US-CUST-00523,US,USD,91.59,91.59,Fashion,12/02/2023 00:00,06.12.2023,False,,4.0,completed
US-ORD-000318,US-CUST-00052,US,USD,132.53,132.53,Electronics,18-Feb-2025,02/23/2025 09:10,False,,4.0,completed
US-ORD-000319,US-CUST-00510,US,USD,13.81,13.81,Sports,2025-07-02 00:00:00,07/17/2025 11:49,True,10.08.2025,4.0,completed
US-ORD-000320,US-CUST-00250,US,USD,172.35,172.35,Beauty,07.10.2025,11-Oct-2025,False,,4.0,completed
US-ORD-000321,US-CUST-00033,US,USD,86.22,86.22,Electronics,01.03.2024,,False,,,completed
US-ORD-000322,US-CUST-00349-DUP,US,USD,70.71,70.71,Electronics,06/29/2023 00:00,07/04/2023 13:23,False,,4.0,completed
US-ORD-000323,US-CUST-00563,US,USD,83.4,83.4,Electronics,2025-01-07 00:00:00,11.01.2025,False,,4.0,completed
US-ORD-000324,US-CUST-00111,US,USD,123.31,123.31,Fashion,2023-10-03 00:00:00,05-Oct-2023,False,,4.0,completed
US-ORD-000325,US-CUST-00509,US,USD,43.49,43.49,Toys,11-Aug-2024,18.08.2024,False,,2.0,completed
US-ORD-000326,US-CUST-00212,US,USD,49.85,49.85,Sports,21-Apr-2024,,True,2024-05-26 00:00:00,,completed
US-ORD-000327,US-CUST-00069,US,USD,145.45,145.45,Books,14.11.2024,2024-11-18 20:50:38,False,,3.0,completed
US-ORD-000328,US-CUST-00179,US,USD,159.65,159.65,Electronics,10/25/2024 00:00,27-Oct-2024,False,,2.0,completed
US-ORD-000329,US-CUST-00549,US,USD,94.8,94.8,Grocery,23.11.2024,11/26/2024 23:54,False,,,completed
US-ORD-000330,US-CUST-00339,US,USD,29.04,29.04,Electronics,27.04.2025,03.05.2025,False,,4.0,completed
US-ORD-000331,US-CUST-00398,US,USD,49.62,49.62,Sports,11/02/2023 00:00,04-Nov-2023,False,,4.0,completed
US-ORD-000332,US-CUST-00309,US,USD,104.26,104.26,Books,09/23/2024 00:00,2024-09-27 19:14:22,False,,5.0,completed
US-ORD-000333,US-CUST-00518,US,USD,26.85,26.85,Fashion,2023-12-25 00:00:00,,False,,,completed
US-ORD-000334,US-CUST-00528,US,USD,43.86,43.86,Home & Kitchen,10/21/2025 00:00,25.10.2025,False,,,completed
US-ORD-000335,US-CUST-00089,US,USD,85.95,85.95,Grocery,16.03.2023,2023-03-20 12:25:14,True,2023-04-29 00:00:00,4.0,completed
US-ORD-000336,US-CUST-00205,US,USD,18.68,18.68,Fashion,04/05/2023 00:00,12.04.2023,True,14.05.2023,3.0,completed
US-ORD-000337,US-CUST-00573,US,USD,125.28,125.28,Books,2025-12-26 00:00:00,31.12.2025,False,,4.0,completed
US-ORD-000338,US-CUST-00553,US,USD,100.64,100.64,Health,18-Dec-2024,01/06/2025 21:29,False,,,completed
US-ORD-000339,US-CUST-00401,US,USD,103.92,103.92,Grocery,03/01/2023 00:00,,False,,,completed
US-ORD-000340,US-CUST-00476,US,USD,83.84,83.84,Automotive,07/02/2025 00:00,07/08/2025 10:01,False,,3.0,completed
US-ORD-000341,US-CUST-00264,US,USD,139.81,139.81,Fashion,17.08.2025,20-Aug-2025,False,,5.0,completed
US-ORD-000342,US-CUST-00472,US,USD,73.19,73.19,Books,11/07/2024 00:00,,False,,,completed
US-ORD-000343,US-CUST-00072,US,USD,80.76,80.76,Automotive,14.12.2024,17-Dec-2024,False,,4.0,completed
US-ORD-000344,US-CUST-00284-DUP,US,USD,45.63,45.63,Automotive,31-Mar-2025,04/04/2025 02:34,False,,2.0,completed
US-ORD-000345,US-CUST-00587,US,USD,54.65,54.65,Automotive,10-Jun-2025,06/10/2025 03:39,False,,2.0,completed
US-ORD-000346,US-CUST-00055-DUP,US,USD,109.22,109.22,Books,06-Aug-2025,08/12/2025 13:43,False,,4.0,completed
US-ORD-000347,US-CUST-00591,US,USD,31.49,31.49,Fashion,06-May-2023,05/15/2023 21:42,False,,3.0,completed
US-ORD-000348,US-CUST-00352,US,USD,22.87,22.87,Sports,2024-10-10 00:00:00,18.10.2024,False,,4.0,completed
US-ORD-000349,US-CUST-00573,US,USD,65.06,65.06,Toys,11.11.2025,2025-11-16 01:17:25,False,,4.0,completed
US-ORD-000350,US-CUST-00445,US,USD,3.0,3.0,Electronics,07/31/2024 00:00,04-Aug-2024,False,,3.0,completed
US-ORD-000351,US-CUST-00128,US,USD,29.93,29.93,Home & Kitchen,08/30/2025 00:00,03.09.2025,False,,,cancelled
US-ORD-000352,US-CUST-00425,US,USD,155.9,155.9,Home & Kitchen,02-Feb-2023,08-Feb-2023,False,,3.0,completed
US-ORD-000353,US-CUST-00007,US,USD,100.77,100.77,Automotive,21-May-2025,28-May-2025,False,,4.0,completed
US-ORD-000354,US-CUST-00493,US,USD,77.68,77.68,Health,2024-04-29 00:00:00,02.05.2024,True,15-May-2024,4.0,completed
US-ORD-000355,US-CUST-00483,US,USD,92.71,92.71,Sports,2025-12-14 00:00:00,,False,,,completed
US-ORD-000356,US-CUST-00339,US,USD,103.58,103.58,Automotive,01-Oct-2024,2024-10-08 02:22:42,False,,3.0,completed
US-ORD-000357,US-CUST-00484,US,USD,134.28,134.28,Sports,08/26/2024 00:00,31.08.2024,False,,5.0,completed
US-ORD-000358,US-CUST-00135,US,USD,43.99,43.99,,20.08.2024,08/28/2024 11:19,False,,4.0,completed
US-ORD-000359,US-CUST-00241,US,USD,45.69,45.69,Electronics,10-Jun-2024,06/14/2024 00:46,False,,3.0,completed
US-ORD-000360,US-CUST-00392,US,USD,94.09,94.09,Electronics,12/16/2025 00:00,12/31/2025 01:05,False,,3.0,completed
US-ORD-000361,US-CUST-00171,US,USD,73.9,73.9,Beauty,09-Dec-2023,2023-12-18 06:49:44,False,,5.0,completed
US-ORD-000362,US-CUST-00148,US,USD,94.63,94.63,Grocery,09-Sep-2024,09/14/2024 01:49,False,,4.0,cancelled
US-ORD-000363,US-CUST-00442,US,USD,102.61,102.61,Toys,08.07.2025,2025-07-10 22:54:21,False,,3.0,completed
US-ORD-000364,US-CUST-00565-DUP,US,USD,3.0,3.0,Fashion,06/30/2024 00:00,05-Jul-2024,False,,4.0,completed
US-ORD-000365,US-CUST-00290,US,USD,53.26,53.26,Books,04.01.2024,2024-01-12 03:33:04,True,2024-01-22 00:00:00,2.0,completed
US-ORD-000366,US-CUST-00122,US,USD,9.1,9.1,Automotive,2023-02-18 00:00:00,02/23/2023 10:46,False,,4.0,completed
US-ORD-000367,US-CUST-00478,US,USD,150.78,150.78,Toys,2023-09-24 00:00:00,09/28/2023 01:58,False,,4.0,completed
US-ORD-000368,US-CUST-00063,US,USD,73.27,73.27,Toys,20-Jul-2024,24.07.2024,False,,4.0,completed
US-ORD-000369,US-CUST-00402,US,USD,104.35,104.35,Sports,05/04/2023 00:00,05-May-2023,False,,5.0,completed
US-ORD-000370,US-CUST-00074,US,USD,137.1,137.1,Home & Kitchen,2023-08-11 00:00:00,2023-08-14 17:58:22,False,,4.0,completed
US-ORD-000371,US-CUST-00337,US,USD,97.23,97.23,,28-May-2024,2024-06-02 12:30:44,False,,3.0,completed
US-ORD-000372,US-CUST-00493,US,USD,44.78,44.78,Grocery,2025-11-21 00:00:00,2025-11-25 22:46:24,False,,,completed
US-ORD-000373,US-CUST-00470,US,USD,127.77,127.77,Books,05.01.2025,2025-01-11 02:05:34,False,,3.0,completed
US-ORD-000374,US-CUST-00367,US,USD,109.73,109.73,,28-Dec-2023,12/28/2023 00:00,False,,5.0,completed
US-ORD-000375,US-CUST-00315,US,USD,3.0,3.0,Beauty,15-Jun-2025,06/19/2025 06:36,False,,2.0,completed
US-ORD-000376,US-CUST-00121,US,USD,16.74,16.74,,07/09/2025 00:00,,False,,,completed
US-ORD-000377,US-CUST-00144,US,USD,53.95,53.95,Grocery,07-Dec-2025,12/12/2025 16:37,False,,3.0,completed
US-ORD-000378,US-CUST-00099,US,USD,96.47,96.47,,23-Aug-2025,08/28/2025 03:41,True,2025-09-27 00:00:00,2.0,completed
US-ORD-000379,US-CUST-00411,US,USD,119.83,119.83,Fashion,11.05.2023,05/15/2023 00:17,False,,2.0,completed
US-ORD-000380,US-CUST-00144,US,USD,55.73,55.73,Books,09-Oct-2023,2023-10-17 00:02:11,False,,4.0,completed
US-ORD-000381,US-CUST-00385,US,USD,59.31,59.31,Health,01/27/2025 00:00,2025-01-31 07:14:08,False,,3.0,cancelled
US-ORD-000382,US-CUST-00487,US,USD,168.45,168.45,,09/24/2025 00:00,2025-09-29 18:19:58,False,,4.0,completed
US-ORD-000383,US-CUST-00511,US,USD,121.36,121.36,Health,2024-07-08 00:00:00,07/13/2024 11:27,False,,3.0,completed
US-ORD-000384,US-CUST-00370,US,USD,66.16,66.16,Books,09/08/2024 00:00,09/12/2024 20:33,False,,3.0,completed
US-ORD-000385,US-CUST-00055,US,USD,107.74,107.74,Sports,02.03.2024,16-Mar-2024,False,,,completed
US-ORD-000386,US-CUST-00029,US,USD,107.97,107.97,Sports,09-Jun-2025,13-Jun-2025,True,2025-07-17 00:00:00,4.0,completed
US-ORD-000387,US-CUST-00235,US,USD,3.0,3.0,Beauty,2023-05-26 00:00:00,01.06.2023,False,,,completed
US-ORD-000388,US-CUST-00055,US,USD,90.59,90.59,Beauty,20-Jul-2023,26-Jul-2023,False,,1.0,completed
US-ORD-000389,US-CUST-00582,US,USD,168.98,168.98,Home & Kitchen,2025-07-20 00:00:00,04.08.2025,False,,4.0,completed
US-ORD-000390,US-CUST-00174,US,USD,28.2,28.2,Grocery,08/16/2023 00:00,22.08.2023,False,,3.0,completed
US-ORD-000391,US-CUST-00252,US,USD,46.93,46.93,Grocery,12/04/2025 00:00,12-Dec-2025,False,,3.0,completed
US-ORD-000392,US-CUST-00516,US,USD,84.78,84.78,Automotive,2024-03-31 00:00:00,2024-04-06 17:45:47,False,,,completed
US-ORD-000393,US-CUST-00012,US,USD,97.31,97.31,Grocery,18-Mar-2025,2025-03-23 07:13:12,False,,4.0,completed
US-ORD-000394,US-CUST-00584,US,USD,183.15,183.15,Books,2023-09-29 00:00:00,2023-10-03 21:14:03,True,04.11.2023,4.0,completed
US-ORD-000395,US-CUST-00072,US,USD,122.28,122.28,Home & Kitchen,07-Aug-2025,14.08.2025,False,,5.0,completed
US-ORD-000396,US-CUST-00212,US,USD,103.74,103.74,,2024-11-12 00:00:00,14.11.2024,False,,5.0,completed
US-ORD-000397,US-CUST-00041,US,USD,23.41,23.41,Electronics,18.11.2024,23.11.2024,False,,3.0,completed
US-ORD-000398,US-CUST-00594,US,USD,72.11,72.11,Health,05/18/2023 00:00,23.05.2023,False,,4.0,completed
US-ORD-000399,US-CUST-00497,US,USD,93.99,93.99,Books,2024-04-06 00:00:00,14-Apr-2024,False,,4.0,completed
US-ORD-000400,US-CUST-00067,US,USD,64.01,64.01,Health,12/25/2025 00:00,31.12.2025,False,,5.0,completed
US-ORD-000401,US-CUST-00114,US,USD,19.76,19.76,Fashion,07/26/2025 00:00,01.08.2025,False,,4.0,completed
US-ORD-000402,US-CUST-00135,US,USD,61.61,61.61,Health,23-Feb-2024,,False,,,completed
US-ORD-000403,US-CUST-00532,US,USD,68.25,68.25,Electronics,28.06.2025,,False,,,completed
US-ORD-000404,US-CUST-00313,US,USD,67.21,67.21,Books,12/03/2024 00:00,08-Dec-2024,False,,,completed
US-ORD-000405,US-CUST-00164,US,USD,25.67,25.67,Grocery,09.04.2024,2024-04-11 02:52:39,False,,,completed
US-ORD-000406,US-CUST-00035,US,USD,146.75,146.75,Home & Kitchen,26.12.2023,01/13/2024 07:20,False,,3.0,completed
US-ORD-000407,US-CUST-00148,US,USD,3.0,3.0,Books,30-Oct-2023,02.11.2023,False,,,completed
US-ORD-000408,US-CUST-00587,US,USD,15.46,15.46,Electronics,11/16/2023 00:00,24.11.2023,False,,,completed
US-ORD-000409,US-CUST-00411,US,USD,120.44,120.44,Books,06/24/2025 00:00,2025-06-27 14:58:07,False,,5.0,completed
US-ORD-000410,US-CUST-00085,US,USD,119.18,119.18,Books,09-Jul-2023,07/13/2023 08:24,False,,1.0,completed
US-ORD-000411,US-CUST-00437,US,USD,178.09,178.09,Health,28.06.2023,2023-06-30 05:18:01,False,,2.0,completed
US-ORD-000412,US-CUST-00454,US,USD,121.02,121.02,Sports,25-Jan-2023,03-Feb-2023,False,,5.0,completed
US-ORD-000413,US-CUST-00109-DUP,US,USD,100.38,100.38,Home & Kitchen,2024-08-14 00:00:00,20-Aug-2024,False,,4.0,completed
US-ORD-000414,US-CUST-00090,US,USD,109.15,109.15,Grocery,2024-09-13 00:00:00,18.09.2024,False,,4.0,completed
US-ORD-000415,US-CUST-00502,US,USD,72.18,72.18,Toys,2024-07-13 00:00:00,07/16/2024 11:48,False,,3.0,completed
US-ORD-000416,US-CUST-00307,US,USD,3.0,3.0,Automotive,10-Sep-2024,14-Sep-2024,False,,3.0,completed
US-ORD-000417,US-CUST-00588-DUP,US,USD,25.34,25.34,Toys,12.08.2024,08/17/2024 08:38,True,20.09.2024,,completed
US-ORD-000418,US-CUST-00265,US,USD,137.64,137.64,Sports,06/12/2025 00:00,2025-06-18 20:04:45,False,,2.0,completed
US-ORD-000419,US-CUST-00364,US,USD,30.47,30.47,Books,2023-10-27 00:00:00,02.11.2023,False,,3.0,completed
US-ORD-000420,US-CUST-00330,US,USD,64.89,64.89,Fashion,20.12.2025,12/26/2025 02:24,False,,3.0,completed
US-ORD-000421,US-CUST-00140,US,USD,79.74,79.74,Sports,08.09.2024,2024-09-10 07:58:00,False,,3.0,completed
US-ORD-000422,US-CUST-00572,US,USD,89.39,89.39,Toys,2025-09-20 00:00:00,2025-09-21 19:32:10,False,,4.0,completed
US-ORD-000423,US-CUST-00452,US,USD,74.12,74.12,Fashion,06.06.2023,12-Jun-2023,False,,4.0,completed
US-ORD-000424,US-CUST-00080,US,USD,136.39,136.39,Electronics,15-Sep-2024,09/29/2024 06:00,False,,3.0,completed
US-ORD-000425,US-CUST-00060,US,USD,80.5,80.5,,17-Aug-2023,23-Aug-2023,True,2023-09-04 00:00:00,4.0,completed
US-ORD-000426,US-CUST-00204,US,USD,76.83,76.83,Electronics,06/02/2024 00:00,2024-06-05 14:18:15,False,,3.0,completed
US-ORD-000427,US-CUST-00512,US,USD,11.88,11.88,Fashion,03/01/2023 00:00,09.03.2023,False,,2.0,completed
US-ORD-000428,US-CUST-00550,US,USD,43.82,43.82,Fashion,2023-05-20 00:00:00,05/23/2023 13:30,False,,4.0,completed
US-ORD-000429,US-CUST-00109,US,USD,61.73,61.73,Beauty,07/22/2023 00:00,29-Jul-2023,False,,3.0,completed
US-ORD-000430,US-CUST-00532,US,USD,87.55,87.55,Toys,02/16/2025 00:00,2025-02-19 07:54:12,False,,5.0,completed
US-ORD-000431,US-CUST-00290,US,USD,21.56,21.56,Sports,09-Jan-2025,,False,,,completed
US-ORD-000432,US-CUST-00487,US,USD,103.52,103.52,Grocery,30.09.2024,05-Oct-2024,False,,3.0,completed
US-ORD-000433,US-CUST-00104,US,USD,69.16,69.16,Fashion,10/03/2025 00:00,2025-10-08 02:06:10,False,,3.0,completed
US-ORD-000434,US-CUST-00285,US,USD,118.37,118.37,Books,12.02.2024,21-Feb-2024,False,,3.0,completed
US-ORD-000435,US-CUST-00465,US,USD,13.36,13.36,Books,2025-03-30 00:00:00,03-Apr-2025,False,,5.0,completed
US-ORD-000436,US-CUST-00027,US,USD,38.83,38.83,Grocery,09/29/2025 00:00,2025-10-07 06:40:39,False,,5.0,completed
US-ORD-000437,US-CUST-00477,US,USD,50.09,50.09,Home & Kitchen,10/31/2024 00:00,2024-11-06 03:18:40,False,,5.0,completed
US-ORD-000438,US-CUST-00121,US,USD,57.94,57.94,Grocery,16-Oct-2025,2025-10-20 14:13:41,False,,3.0,completed
US-ORD-000439,US-CUST-00310,US,USD,29.34,29.34,Grocery,02/09/2025 00:00,,False,,,completed
US-ORD-000440,US-CUST-00552,US,USD,19.92,19.92,Sports,03-Oct-2023,2023-10-08 01:38:09,False,,3.0,completed
US-ORD-000441,US-CUST-00328,US,USD,85.52,85.52,Health,2023-11-17 00:00:00,18-Nov-2023,False,,,completed
US-ORD-000442,US-CUST-00438,US,USD,89.89,89.89,Home & Kitchen,03.04.2023,2023-04-09 16:00:33,False,,2.0,completed
US-ORD-000443,US-CUST-00067,US,USD,91.83,91.83,Books,23.04.2025,04/30/2025 10:55,False,,,completed
US-ORD-000444,US-CUST-00527,US,USD,20.57,20.57,Electronics,14-Dec-2023,,False,,,completed
US-ORD-000445,US-CUST-00210,US,USD,93.86,93.86,,19.08.2025,22-Aug-2025,False,,3.0,completed
US-ORD-000446,US-CUST-00077,US,USD,100.12,100.12,Home & Kitchen,11/26/2024 00:00,01-Dec-2024,False,,,completed
US-ORD-000447,US-CUST-00592,US,USD,99.24,99.24,Sports,2023-04-08 00:00:00,04/11/2023 03:48,False,,4.0,completed
US-ORD-000448,US-CUST-00309,US,USD,11.38,11.38,Fashion,13.07.2024,17-Jul-2024,False,,3.0,completed
US-ORD-000449,US-CUST-00528,US,USD,41.9,41.9,Beauty,10/03/2024 00:00,10-Oct-2024,False,,,completed
US-ORD-000450,US-CUST-00205,US,USD,124.11,124.11,Grocery,12.03.2024,18-Mar-2024,False,,3.0,completed
US-ORD-000451,US-CUST-00208,US,USD,60.76,60.76,Home & Kitchen,07-May-2024,14-May-2024,False,,,completed
US-ORD-000452,US-CUST-00317,US,USD,81.38,81.38,Home & Kitchen,10-Aug-2024,19-Aug-2024,False,,4.0,completed
US-ORD-000453,US-CUST-00264,US,USD,83.64,83.64,Toys,12.06.2025,,False,,,completed
US-ORD-000454,US-CUST-00065,US,USD,81.01,81.01,Electronics,27-Dec-2023,2023-12-31 16:40:53,True,2024-02-08 00:00:00,4.0,completed
US-ORD-000455,US-CUST-00123,US,USD,118.05,118.05,Toys,04.07.2023,07/07/2023 10:16,False,,2.0,completed
US-ORD-000456,US-CUST-00241,US,USD,3.0,3.0,Beauty,04-Jul-2023,10.07.2023,False,,3.0,completed
US-ORD-000457,US-CUST-00383,US,USD,3.0,3.0,Home & Kitchen,2023-08-07 00:00:00,12-Aug-2023,False,,5.0,completed
US-ORD-000458,US-CUST-00021,US,USD,74.73,74.73,Grocery,2025-05-17 00:00:00,05/23/2025 16:14,False,,4.0,completed
US-ORD-000459,US-CUST-00242,US,USD,70.55,70.55,Beauty,22-Apr-2023,28.04.2023,False,,3.0,completed
US-ORD-000460,US-CUST-00449,US,USD,87.03,87.03,Sports,15.03.2025,03/20/2025 15:26,False,,3.0,completed
US-ORD-000461,US-CUST-00432,US,USD,119.64,119.64,Electronics,2025-04-12 00:00:00,06-May-2025,False,,3.0,completed
US-ORD-000462,US-CUST-00188,US,USD,99.14,99.14,Health,18-Jun-2024,21.06.2024,False,,4.0,completed
US-ORD-000463,US-CUST-00133,US,USD,74.59,74.59,Electronics,06-Oct-2023,13.10.2023,False,,4.0,completed
US-ORD-000464,US-CUST-00288,US,USD,73.87,73.87,Grocery,10/16/2024 00:00,22.10.2024,False,,5.0,completed
US-ORD-000465,US-CUST-00203,US,USD,100.1,100.1,Home & Kitchen,22.01.2025,01/27/2025 00:29,True,02/06/2025 00:00,,completed
US-ORD-000466,US-CUST-00580,US,USD,15.97,15.97,Electronics,2023-12-12 00:00:00,14.12.2023,False,,3.0,cancelled
US-ORD-000467,US-CUST-00272,US,USD,47.57,47.57,Toys,12.12.2025,16-Dec-2025,False,,4.0,completed
US-ORD-000468,US-CUST-00428,US,USD,98.84,98.84,Home & Kitchen,02/21/2025 00:00,02/25/2025 20:36,False,,4.0,completed
US-ORD-000469,US-CUST-00469,US,USD,77.9,77.9,Electronics,2023-10-26 00:00:00,27-Oct-2023,False,,3.0,cancelled
US-ORD-000470,US-CUST-00262,US,USD,68.52,68.52,Books,2023-09-30 00:00:00,10/02/2023 13:56,False,,4.0,completed
US-ORD-000471,US-CUST-00109-DUP,US,USD,143.88,143.88,Electronics,2023-05-01 00:00:00,08.05.2023,False,,,cancelled
US-ORD-000472,US-CUST-00183,US,USD,65.4,65.4,Automotive,30.10.2025,06.11.2025,False,,4.0,completed
US-ORD-000473,US-CUST-00130,US,USD,59.83,59.83,Books,06-Oct-2025,24-Oct-2025,False,,3.0,completed
US-ORD-000474,US-CUST-00320,US,USD,57.53,57.53,Books,29-Jul-2024,03.08.2024,False,,4.0,completed
US-ORD-000475,US-CUST-00266,US,USD,75.14,75.14,Grocery,10/08/2024 00:00,13-Oct-2024,True,2024-10-27 00:00:00,5.0,completed
US-ORD-000476,US-CUST-00468,US,USD,117.73,117.73,Fashion,12-Jun-2025,2025-06-14 00:43:29,False,,1.0,completed
US-ORD-000477,US-CUST-00279,US,USD,117.04,117.04,Fashion,10/31/2023 00:00,02.11.2023,False,,3.0,completed
US-ORD-000478,US-CUST-00336,US,USD,22.34,22.34,Health,2023-01-09 00:00:00,2023-01-10 09:30:17,False,,4.0,completed
US-ORD-000479,US-CUST-00491,US,USD,109.16,109.16,Toys,07-Sep-2023,2023-09-10 20:19:39,False,,1.0,completed
US-ORD-000480,US-CUST-00582,US,USD,50.42,50.42,Automotive,07/05/2024 00:00,2024-07-10 18:48:23,False,,2.0,completed
US-ORD-000481,US-CUST-00390,US,USD,83.25,83.25,Sports,2023-04-10 00:00:00,,False,,,completed
US-ORD-000482,US-CUST-00157,US,USD,101.07,101.07,Beauty,2023-12-31 00:00:00,2024-01-05 05:44:23,True,01/21/2024 00:00,3.0,completed
US-ORD-000483,US-CUST-00501,US,USD,128.85,128.85,Sports,04-Jun-2025,08.06.2025,False,,3.0,completed
US-ORD-000484,US-CUST-00436,US,USD,33.0,33.0,Sports,2025-09-02 00:00:00,06-Sep-2025,False,,3.0,completed
US-ORD-000485,US-CUST-00085,US,USD,67.22,67.22,Grocery,30.11.2024,12/08/2024 10:09,False,,2.0,completed
US-ORD-000486,US-CUST-00048,US,USD,3.0,3.0,Grocery,2023-06-12 00:00:00,19.06.2023,False,,3.0,completed
US-ORD-000487,US-CUST-00260,US,USD,44.89,44.89,Fashion,2025-11-17 00:00:00,24-Nov-2025,False,,3.0,completed
US-ORD-000488,US-CUST-00304,US,USD,157.17,157.17,Fashion,03.02.2023,02/09/2023 08:32,False,,3.0,completed
US-ORD-000489,US-CUST-00265,US,USD,172.08,172.08,Grocery,2025-07-20 00:00:00,07/23/2025 18:55,False,,,completed
US-ORD-000490,US-CUST-00414,US,USD,108.39,108.39,Electronics,06-Feb-2023,,False,,,completed
US-ORD-000491,US-CUST-00192,US,USD,133.58,133.58,Toys,2025-01-08 00:00:00,2025-01-25 02:57:09,False,,4.0,completed
US-ORD-000492,US-CUST-00432,US,USD,41.1,41.1,Beauty,2023-10-25 00:00:00,10/30/2023 22:04,False,,3.0,completed
US-ORD-000493,US-CUST-00401,US,USD,165.6,165.6,Grocery,2023-11-09 00:00:00,14-Nov-2023,False,,3.0,completed
US-ORD-000494,US-CUST-00499,US,USD,83.31,83.31,Toys,07/30/2023 00:00,01.08.2023,True,26-Aug-2023,3.0,completed
US-ORD-000495,US-CUST-00119,US,USD,129.02,129.02,Electronics,17-Dec-2025,2025-12-20 16:28:08,False,,,completed
US-ORD-000496,US-CUST-00352,US,USD,27.89,27.89,Grocery,11-Dec-2024,,False,,,completed
US-ORD-000497,US-CUST-00426,US,USD,128.36,128.36,Automotive,25.03.2024,31-Mar-2024,False,,4.0,completed
US-ORD-000498,US-CUST-00503,US,USD,40.94,40.94,Automotive,2023-11-28 00:00:00,2023-11-30 03:45:11,False,,5.0,completed
US-ORD-000499,US-CUST-00178,US,USD,60.48,60.48,Sports,2025-10-08 00:00:00,2025-10-12 11:57:36,False,,5.0,completed
US-ORD-000500,US-CUST-00047,US,USD,100.03,100.03,Toys,22.11.2024,11/27/2024 21:52,False,,5.0,completed
US-ORD-000501,US-CUST-00108,US,USD,46.04,46.04,Automotive,2025-11-21 00:00:00,27-Nov-2025,False,,4.0,completed
US-ORD-000502,US-CUST-00452,US,USD,87.09,87.09,Health,27-Mar-2023,04/04/2023 01:21,False,,4.0,completed
US-ORD-000503,US-CUST-00006,US,USD,99.22,99.22,Home & Kitchen,07/23/2023 00:00,07/30/2023 03:28,False,,,completed
US-ORD-000504,US-CUST-00251,US,USD,58.58,58.58,Books,08/28/2025 00:00,31.08.2025,False,,3.0,completed
US-ORD-000505,US-CUST-00528,US,USD,3.0,3.0,Toys,20.12.2025,16-Jan-2026,False,,,completed
US-ORD-000506,US-CUST-00168,US,USD,25.36,25.36,Home & Kitchen,25-Jun-2025,2025-06-29 13:22:47,False,,,completed
US-ORD-000507,US-CUST-00532,US,USD,62.54,62.54,Home & Kitchen,17.03.2023,,False,,,completed
US-ORD-000508,US-CUST-00150,US,USD,111.71,111.71,Books,15-Sep-2024,,False,,,completed
US-ORD-000509,US-CUST-00414,US,USD,48.76,48.76,Health,02/25/2024 00:00,29-Feb-2024,False,,4.0,completed
US-ORD-000510,US-CUST-00523,US,USD,63.81,63.81,Electronics,22.06.2023,06/30/2023 05:09,False,,4.0,completed
US-ORD-000511,US-CUST-00517,US,USD,108.07,108.07,,2023-11-24 00:00:00,30.11.2023,False,,5.0,completed
US-ORD-000512,US-CUST-00586,US,USD,83.15,83.15,Sports,2025-02-02 00:00:00,2025-02-04 09:45:07,False,,4.0,completed
US-ORD-000513,US-CUST-00586,US,USD,45.69,45.69,Automotive,04/28/2024 00:00,05/01/2024 22:37,False,,4.0,completed
US-ORD-000514,US-CUST-00435,US,USD,130.72,130.72,Beauty,30-Nov-2025,12/05/2025 01:01,False,,4.0,completed
US-ORD-000515,US-CUST-00572,US,USD,151.6,151.6,Toys,08-May-2023,13-May-2023,False,,5.0,completed
US-ORD-000516,US-CUST-00517,US,USD,100.45,100.45,Toys,10/18/2025 00:00,19-Oct-2025,False,,4.0,completed
US-ORD-000517,US-CUST-00160,US,USD,92.15,92.15,Home & Kitchen,26.07.2025,2025-08-02 13:54:29,False,,4.0,completed
US-ORD-000518,US-CUST-00310,US,USD,68.77,68.77,Automotive,01.09.2023,19.09.2023,True,2023-09-20 00:00:00,,completed
US-ORD-000519,US-CUST-00500,US,USD,65.59,65.59,Home & Kitchen,2023-10-20 00:00:00,23.10.2023,False,,3.0,completed
US-ORD-000520,US-CUST-00486,US,USD,101.49,101.49,Fashion,12/15/2024 00:00,23.12.2024,False,,4.0,completed
US-ORD-000521,US-CUST-00419,US,USD,21.19,21.19,Grocery,30-Oct-2025,11/04/2025 21:20,False,,5.0,completed
US-ORD-000522,US-CUST-00025,US,USD,47.56,47.56,Books,20.03.2025,24-Mar-2025,False,,,completed
US-ORD-000523,US-CUST-00514,US,USD,75.66,75.66,Health,2023-09-11 00:00:00,2023-09-14 10:19:29,False,,4.0,completed
US-ORD-000524,US-CUST-00454,US,USD,69.56,69.56,Home & Kitchen,2025-12-25 00:00:00,12/30/2025 20:08,False,,,completed
US-ORD-000525,US-CUST-00540,US,USD,35.06,35.06,Toys,18.10.2024,2024-10-22 03:00:07,False,,4.0,completed
US-ORD-000526,US-CUST-00314,US,USD,58.22,58.22,Fashion,06-Jul-2023,14.07.2023,False,,3.0,completed
US-ORD-000527,US-CUST-00331,US,USD,85.11,85.11,Automotive,01.05.2023,2023-05-07 20:45:51,False,,2.0,completed
US-ORD-000528,US-CUST-00117,US,USD,3.0,3.0,Electronics,05.09.2023,09/06/2023 22:46,False,,5.0,completed
US-ORD-000529,US-CUST-00567,US,USD,50.17,50.17,Health,2025-08-09 00:00:00,19-Aug-2025,False,,3.0,completed
US-ORD-000530,US-CUST-00172,US,USD,83.3,83.3,Sports,09/15/2023 00:00,09/23/2023 02:01,False,,5.0,completed
US-ORD-000531,US-CUST-00296,US,USD,167.77,167.77,Health,05/17/2025 00:00,,False,,,cancelled
US-ORD-000532,US-CUST-00522,US,USD,121.08,121.08,Sports,14.09.2025,20-Sep-2025,False,,4.0,completed
US-ORD-000533,US-CUST-00215,US,USD,50.2,50.2,Automotive,29.12.2025,01/09/2026 08:43,False,,,completed
US-ORD-000534,US-CUST-00470,US,USD,74.85,74.85,Sports,02.12.2024,06.12.2024,False,,3.0,cancelled
US-ORD-000535,US-CUST-00500,US,USD,106.34,106.34,Electronics,01-Oct-2023,,True,21-Oct-2023,,completed
US-ORD-000536,US-CUST-00234-DUP,US,USD,78.98,78.98,,08.06.2023,15-Jun-2023,False,,2.0,completed
US-ORD-000537,US-CUST-00366,US,USD,66.29,66.29,Fashion,01/18/2023 00:00,21-Jan-2023,True,2023-02-25 00:00:00,2.0,completed
US-ORD-000538,US-CUST-00405,US,USD,71.28,71.28,Beauty,2024-09-12 00:00:00,16.09.2024,True,10/12/2024 00:00,,completed
US-ORD-000539,US-CUST-00265,US,USD,143.11,143.11,Grocery,10/21/2025 00:00,10/27/2025 06:16,False,,3.0,completed
US-ORD-000540,US-CUST-00258,US,USD,158.43,158.43,Beauty,15-Jul-2024,,False,,,cancelled
US-ORD-000541,US-CUST-00370,US,USD,101.19,101.19,Electronics,2025-05-24 00:00:00,28-May-2025,False,,3.0,completed
US-ORD-000542,US-CUST-00585,US,USD,58.25,58.25,Electronics,2024-04-04 00:00:00,11-Apr-2024,False,,5.0,completed
US-ORD-000543,US-CUST-00099,US,USD,144.45,144.45,Toys,2024-04-07 00:00:00,04/11/2024 00:32,False,,2.0,completed
US-ORD-000544,US-CUST-00055,US,USD,81.34,81.34,Automotive,19.02.2023,20.02.2023,False,,,completed
US-ORD-000545,US-CUST-00062,US,USD,89.54,89.54,Fashion,2024-04-29 00:00:00,2024-05-03 16:54:54,False,,3.0,completed
US-ORD-000546,US-CUST-00057,US,USD,3.24,3.24,Home & Kitchen,2023-05-14 00:00:00,2023-05-20 00:39:10,False,,3.0,completed
US-ORD-000547,US-CUST-00464,US,USD,22.35,22.35,Toys,20-Feb-2025,02/20/2025 00:00,False,,3.0,completed
US-ORD-000548,US-CUST-00105,US,USD,154.75,154.75,Automotive,2025-05-26 00:00:00,2025-06-03 07:44:25,False,,3.0,completed
US-ORD-000549,US-CUST-00455,US,USD,47.9,47.9,Automotive,05/19/2023 00:00,05/24/2023 22:30,False,,3.0,completed
US-ORD-000550,US-CUST-00150,US,USD,88.58,88.58,Electronics,01-Apr-2023,07.04.2023,False,,5.0,completed
US-ORD-000551,US-CUST-00058,US,USD,70.49,70.49,Sports,12/03/2024 00:00,,False,,,completed
US-ORD-000552,US-CUST-00478,US,USD,35.49,35.49,Toys,22.04.2023,04/25/2023 08:18,False,,3.0,completed
US-ORD-000553,US-CUST-00224,US,USD,91.53,91.53,Automotive,2024-11-18 00:00:00,2024-11-24 19:51:07,False,,3.0,completed
US-ORD-000554,US-CUST-00006,US,USD,142.17,142.17,Grocery,16.04.2024,20.04.2024,False,,3.0,cancelled
US-ORD-000555,US-CUST-00030,US,USD,41.38,41.38,Electronics,01/02/2025 00:00,01/21/2025 03:38,False,,4.0,completed
US-ORD-000556,US-CUST-00180,US,USD,108.16,108.16,Beauty,23.12.2023,27.12.2023,False,,4.0,completed
US-ORD-000557,US-CUST-00378,US,USD,98.22,98.22,Home & Kitchen,12.02.2023,2023-02-13 20:59:52,False,,3.0,completed
US-ORD-000558,US-CUST-00194,US,USD,110.74,110.74,Automotive,12/15/2025 00:00,2025-12-17 11:47:38,False,,4.0,completed
US-ORD-000559,US-CUST-00548,US,USD,13.95,13.95,Books,05.02.2025,02/10/2025 22:23,False,,3.0,completed
US-ORD-000560,US-CUST-00214,US,USD,3.0,3.0,Beauty,2024-11-02 00:00:00,11/09/2024 07:54,False,,,completed
US-ORD-000561,US-CUST-00382,US,USD,41.94,41.94,Home & Kitchen,13-May-2023,16.05.2023,False,,4.0,completed
US-ORD-000562,US-CUST-00240,US,USD,126.69,126.69,Grocery,10-Oct-2025,2025-10-12 23:14:25,False,,4.0,completed
US-ORD-000563,US-CUST-00302,US,USD,94.3,94.3,Toys,20-May-2025,26.05.2025,False,,4.0,completed
US-ORD-000564,US-CUST-00509,US,USD,58.48,58.48,,16.04.2024,19.04.2024,False,,4.0,completed
US-ORD-000565,US-CUST-00525,US,USD,26.75,26.75,Home & Kitchen,2023-02-20 00:00:00,2023-02-20 00:00:00,False,,4.0,completed
US-ORD-000566,US-CUST-00281,US,USD,115.68,115.68,Fashion,04/11/2024 00:00,04/11/2024 06:34,False,,3.0,completed
US-ORD-000567,US-CUST-00413,US,USD,102.86,102.86,Health,10-Oct-2023,,False,,,completed
US-ORD-000568,US-CUST-00214,US,USD,75.94,75.94,Grocery,25-Jan-2023,01/28/2023 13:03,False,,3.0,completed
US-ORD-000569,US-CUST-00460,US,USD,136.87,136.87,Grocery,2025-08-17 00:00:00,31-Aug-2025,False,,3.0,completed
US-ORD-000570,US-CUST-00347,US,USD,53.28,53.28,Sports,09/20/2023 00:00,,False,,,completed
US-ORD-000571,US-CUST-00338,US,USD,80.52,80.52,Health,06-Apr-2025,2025-04-14 05:59:04,False,,,completed
US-ORD-000572,US-CUST-00311,US,USD,89.54,89.54,Toys,2024-02-23 00:00:00,27-Feb-2024,False,,3.0,completed
US-ORD-000573,US-CUST-00290,US,USD,4.66,4.66,Electronics,12/30/2023 00:00,2024-01-05 18:23:21,False,,,completed
US-ORD-000574,US-CUST-00160,US,USD,71.5,71.5,Fashion,2025-12-09 00:00:00,2025-12-13 15:20:13,False,,5.0,completed
US-ORD-000575,US-CUST-00486,US,USD,88.44,88.44,Grocery,05/06/2025 00:00,05/09/2025 11:54,False,,3.0,completed
US-ORD-000576,US-CUST-00065,US,USD,126.68,126.68,Automotive,27-Sep-2024,02-Oct-2024,False,,2.0,completed
US-ORD-000577,US-CUST-00294,US,USD,116.37,116.37,Health,20-May-2024,23-May-2024,False,,5.0,completed
US-ORD-000578,US-CUST-00442,US,USD,123.6,123.6,Toys,01-Sep-2024,09/05/2024 02:31,False,,5.0,completed
US-ORD-000579,US-CUST-00550,US,USD,78.05,78.05,Automotive,11.01.2024,2024-01-17 16:55:59,False,,4.0,completed
US-ORD-000580,US-CUST-00333,US,USD,36.91,36.91,Beauty,17-May-2023,2023-05-20 17:06:34,False,,4.0,completed
US-ORD-000581,US-CUST-00351,US,USD,59.94,59.94,Beauty,01-Jun-2024,2024-06-05 04:37:29,False,,3.0,completed
US-ORD-000582,US-CUST-00084,US,USD,94.06,94.06,,03/23/2025 00:00,10.04.2025,False,,3.0,completed
US-ORD-000583,US-CUST-00301,US,USD,76.09,76.09,Home & Kitchen,2025-06-15 00:00:00,06/22/2025 19:47,False,,3.0,completed
US-ORD-000584,US-CUST-00035,US,USD,95.36,95.36,Home & Kitchen,03/11/2025 00:00,13.03.2025,False,,4.0,completed
US-ORD-000585,US-CUST-00004,US,USD,66.58,66.58,Health,2023-04-08 00:00:00,2023-04-14 23:18:54,False,,5.0,completed
US-ORD-000586,US-CUST-00064,US,USD,191.53,191.53,Beauty,02/18/2024 00:00,2024-02-24 03:49:20,True,2024-03-04 00:00:00,4.0,completed
US-ORD-000587,US-CUST-00330,US,USD,83.75,83.75,Home & Kitchen,07/17/2023 00:00,,False,,,completed
US-ORD-000588,US-CUST-00012,US,USD,90.23,90.23,Toys,20-Mar-2025,24.03.2025,False,,4.0,completed
US-ORD-000589,US-CUST-00511,US,USD,134.29,134.29,Fashion,2024-03-26 00:00:00,28.03.2024,True,05/08/2024 00:00,5.0,completed
US-ORD-000590,US-CUST-00340,US,USD,134.27,134.27,Sports,12/18/2023 00:00,22-Dec-2023,False,,2.0,completed
US-ORD-000591,US-CUST-00523,US,USD,47.65,47.65,Grocery,10/13/2024 00:00,,False,,,completed
US-ORD-000592,US-CUST-00081,US,USD,73.97,73.97,,2023-01-28 00:00:00,2023-01-31 00:02:00,False,,3.0,completed
US-ORD-000593,US-CUST-00454,US,USD,112.83,112.83,Sports,18.10.2025,2025-10-24 02:14:35,False,,,completed
US-ORD-000594,US-CUST-00350,US,USD,64.25,64.25,Electronics,10/12/2024 00:00,16.10.2024,False,,3.0,completed
US-ORD-000595,US-CUST-00452,US,USD,33.49,33.49,Beauty,2023-04-21 00:00:00,04/29/2023 05:32,False,,3.0,completed
US-ORD-000596,US-CUST-00128,US,USD,129.77,129.77,Fashion,2025-10-03 00:00:00,,False,,,completed
US-ORD-000597,US-CUST-00180,US,USD,119.92,119.92,Beauty,02/23/2024 00:00,27-Feb-2024,False,,4.0,completed
US-ORD-000598,US-CUST-00482,US,USD,73.91,73.91,Beauty,07-Jul-2025,2025-07-10 04:37:20,False,,4.0,completed
US-ORD-000599,US-CUST-00307,US,USD,21.94,21.94,Home & Kitchen,06/06/2025 00:00,2025-06-13 09:00:30,False,,3.0,completed
US-ORD-000600,US-CUST-00139,US,USD,84.05,84.05,Sports,26-Dec-2023,31.12.2023,False,,3.0,completed
US-ORD-000601,US-CUST-00382,US,USD,101.4,101.4,,24-Jan-2024,28.01.2024,False,,,completed
US-ORD-000602,US-CUST-00446,US,USD,114.21,114.21,Toys,26.05.2023,2023-05-28 07:23:34,False,,4.0,completed
US-ORD-000603,US-CUST-00252,US,USD,162.25,162.25,Health,12/14/2024 00:00,16.12.2024,False,,,completed
US-ORD-000604,US-CUST-00253,US,USD,44.5,44.5,Electronics,01/10/2025 00:00,16.01.2025,False,,4.0,cancelled
US-ORD-000605,US-CUST-00437,US,USD,90.78,90.78,Toys,09.07.2023,2023-07-14 23:28:51,False,,4.0,completed
US-ORD-000606,US-CUST-00091,US,USD,124.94,124.94,Health,2025-10-22 00:00:00,27.10.2025,False,,,completed
US-ORD-000607,US-CUST-00503,US,USD,64.14,64.14,Home & Kitchen,2024-12-06 00:00:00,12-Dec-2024,False,,5.0,completed
US-ORD-000608,US-CUST-00202,US,USD,69.03,69.03,Health,05-May-2025,08-May-2025,False,,4.0,completed
US-ORD-000609,US-CUST-00418,US,USD,69.58,69.58,Grocery,14-Aug-2023,08/14/2023 15:42,True,09/03/2023 00:00,,completed
US-ORD-000610,US-CUST-00496,US,USD,113.13,113.13,Home & Kitchen,2023-08-12 00:00:00,23.08.2023,False,,3.0,cancelled
US-ORD-000611,US-CUST-00212-DUP,US,USD,89.94,89.94,Electronics,28.06.2024,2024-07-03 09:08:38,False,,4.0,completed
US-ORD-000612,US-CUST-00408,US,USD,55.4,55.4,Books,27-Aug-2025,02.09.2025,False,,,completed
US-ORD-000613,US-CUST-00142,US,USD,63.32,63.32,Books,2024-12-30 00:00:00,,False,,,completed
US-ORD-000614,US-CUST-00486,US,USD,102.69,102.69,Sports,22-Dec-2025,12/25/2025 03:05,False,,4.0,completed
US-ORD-000615,US-CUST-00239,US,USD,50.88,50.88,,07-Jan-2023,2023-01-13 14:47:12,False,,4.0,completed
US-ORD-000616,US-CUST-00394,US,USD,157.72,157.72,Books,16.06.2023,20-Jun-2023,False,,,completed
US-ORD-000617,US-CUST-00561,US,USD,59.28,59.28,Health,21-Oct-2023,2023-10-25 23:04:04,False,,3.0,completed
US-ORD-000618,US-CUST-00091,US,USD,111.0,111.0,Fashion,2025-07-02 00:00:00,07/03/2025 18:25,False,,3.0,completed
US-ORD-000619,US-CUST-00487,US,USD,26.95,26.95,Home & Kitchen,2023-03-01 00:00:00,07-Mar-2023,False,,5.0,completed
US-ORD-000620,US-CUST-00351,US,USD,70.3,70.3,Grocery,30-Dec-2025,01/03/2026 15:53,False,,4.0,completed
US-ORD-000621,US-CUST-00091,US,USD,127.28,127.28,Health,20.02.2025,02/23/2025 03:29,False,,4.0,completed
US-ORD-000622,US-CUST-00548,US,USD,118.88,118.88,Fashion,01/21/2024 00:00,11-Feb-2024,False,,4.0,completed
US-ORD-000623,US-CUST-00404,US,USD,120.05,120.05,Books,2025-05-17 00:00:00,05/17/2025 00:00,False,,4.0,completed
US-ORD-000624,US-CUST-00149,US,USD,45.57,45.57,Books,2025-08-01 00:00:00,08/02/2025 08:07,False,,4.0,completed
US-ORD-000625,US-CUST-00341,US,USD,136.81,136.81,Health,09/24/2024 00:00,10/18/2024 17:24,False,,4.0,completed
US-ORD-000626,US-CUST-00499,US,USD,147.55,147.55,Beauty,07-Mar-2024,,False,,,completed
US-ORD-000627,US-CUST-00540,US,USD,148.8,148.8,Electronics,23.11.2023,29-Nov-2023,False,,4.0,completed
US-ORD-000628,US-CUST-00494,US,USD,3.0,3.0,Health,04.02.2024,14.02.2024,False,,3.0,completed
US-ORD-000629,US-CUST-00151,US,USD,172.69,172.69,Beauty,05-Mar-2024,2024-03-09 15:33:26,False,,4.0,completed
US-ORD-000630,US-CUST-00346,US,USD,99.82,99.82,Home & Kitchen,24-May-2025,06/18/2025 02:05,False,,5.0,completed
US-ORD-000631,US-CUST-00384,US,USD,46.98,46.98,,2025-04-07 00:00:00,12-Apr-2025,False,,3.0,completed
US-ORD-000632,US-CUST-00521,US,USD,15.6,15.6,Sports,02/21/2025 00:00,2025-02-24 18:38:06,False,,3.0,completed
US-ORD-000633,US-CUST-00585,US,USD,55.68,55.68,Sports,09/09/2025 00:00,22-Sep-2025,False,,2.0,completed
US-ORD-000634,US-CUST-00542,US,USD,71.26,71.26,Health,11-May-2023,2023-05-12 23:46:24,False,,4.0,completed
US-ORD-000635,US-CUST-00457,US,USD,78.71,78.71,Beauty,12.09.2023,09/14/2023 02:02,False,,3.0,completed
US-ORD-000636,US-CUST-00518,US,USD,41.15,41.15,Automotive,21.09.2023,26.09.2023,False,,,completed
US-ORD-000637,US-CUST-00300,US,USD,135.32,135.32,Toys,18-Dec-2023,12/19/2023 05:59,False,,4.0,completed
US-ORD-000638,US-CUST-00045,US,USD,67.79,67.79,Books,10/01/2025 00:00,07.10.2025,False,,4.0,completed
US-ORD-000639,US-CUST-00131,US,USD,41.16,41.16,Sports,18-Oct-2023,10/22/2023 08:41,False,,3.0,completed
US-ORD-000640,US-CUST-00146,US,USD,123.42,123.42,Sports,06/06/2024 00:00,11-Jun-2024,False,,5.0,completed
US-ORD-000641,US-CUST-00444,US,USD,72.27,72.27,Beauty,05-Jul-2024,07/08/2024 13:59,False,,,completed
US-ORD-000642,US-CUST-00341,US,USD,6.88,6.88,Fashion,21.05.2024,22-May-2024,False,,2.0,completed
US-ORD-000643,US-CUST-00179,US,USD,87.02,87.02,,07.04.2024,04/13/2024 00:25,False,,,completed
US-ORD-000644,US-CUST-00174,US,USD,3.85,3.85,Fashion,29.09.2025,05.10.2025,False,,,completed
US-ORD-000645,US-CUST-00525,US,USD,53.26,53.26,Home & Kitchen,03/08/2025 00:00,13-Mar-2025,False,,5.0,completed
US-ORD-000646,US-CUST-00468,US,USD,115.36,115.36,Toys,10/20/2023 00:00,24.10.2023,False,,3.0,completed
US-ORD-000647,US-CUST-00234,US,USD,3.0,3.0,Grocery,25.12.2024,28-Dec-2024,False,,,completed
US-ORD-000648,US-CUST-00095,US,USD,65.5,65.5,Sports,06/28/2023 00:00,2023-07-01 00:36:55,False,,3.0,completed
US-ORD-000649,US-CUST-00139,US,USD,78.46,78.46,Sports,23-Jun-2023,2023-06-27 13:12:24,False,,3.0,completed
US-ORD-000650,US-CUST-00250,US,USD,82.59,82.59,Fashion,2025-12-26 00:00:00,2025-12-31 21:12:47,False,,3.0,completed
US-ORD-000651,US-CUST-00432,US,USD,138.49,138.49,Health,12-Dec-2023,16.12.2023,False,,,completed
US-ORD-000652,US-CUST-00002,US,USD,75.85,75.85,Fashion,03-Feb-2025,2025-02-09 09:59:39,False,,4.0,completed
US-ORD-000653,US-CUST-00499,US,USD,117.89,117.89,Health,2024-09-16 00:00:00,,False,,,completed
US-ORD-000654,US-CUST-00202,US,USD,47.44,47.44,Books,2025-07-31 00:00:00,08/21/2025 17:21,False,,2.0,completed
US-ORD-000655,US-CUST-00383,US,USD,79.89,79.89,Toys,11.11.2023,11/15/2023 22:24,False,,3.0,completed
US-ORD-000656,US-CUST-00367,US,USD,69.22,69.22,Health,01/09/2024 00:00,29-Jan-2024,False,,3.0,completed
US-ORD-000657,US-CUST-00490,US,USD,79.18,79.18,Electronics,06.08.2024,11.08.2024,False,,3.0,completed
US-ORD-000658,US-CUST-00513,US,USD,131.96,131.96,Health,28-Sep-2025,10/01/2025 06:25,False,,,completed
US-ORD-000659,US-CUST-00350,US,USD,118.63,118.63,Electronics,09-Aug-2023,2023-08-14 20:30:19,False,,3.0,completed
US-ORD-000660,US-CUST-00523,US,USD,154.89,154.89,Toys,01/17/2023 00:00,2023-01-19 14:42:19,False,,4.0,completed
US-ORD-000661,US-CUST-00514,US,USD,120.03,120.03,Sports,08/24/2023 00:00,27-Aug-2023,False,,5.0,completed
US-ORD-000662,US-CUST-00204,US,USD,63.75,63.75,Beauty,2023-11-01 00:00:00,06.11.2023,False,,4.0,completed
US-ORD-000663,US-CUST-00437,US,USD,68.96,68.96,Toys,2025-02-17 00:00:00,02/23/2025 14:55,False,,4.0,completed
US-ORD-000664,US-CUST-00000,US,USD,3.0,3.0,Books,2024-07-05 00:00:00,12-Jul-2024,False,,2.0,completed
US-ORD-000665,US-CUST-00342,US,USD,121.46,121.46,Beauty,20.10.2024,2024-10-27 06:04:54,False,,3.0,completed
US-ORD-000666,US-CUST-00243,US,USD,56.51,56.51,Health,28.01.2023,15.02.2023,False,,3.0,completed
US-ORD-000667,US-CUST-00195,US,USD,61.14,61.14,Fashion,02/25/2025 00:00,2025-03-11 13:25:25,False,,5.0,completed
US-ORD-000668,US-CUST-00157,US,USD,137.81,137.81,Fashion,2023-07-22 00:00:00,25.07.2023,False,,3.0,completed
US-ORD-000669,US-CUST-00446,US,USD,3.0,3.0,Health,2025-05-06 00:00:00,09.05.2025,False,,4.0,completed
US-ORD-000670,US-CUST-00579,US,USD,147.7,147.7,Health,2025-12-08 00:00:00,10.12.2025,False,,3.0,completed
US-ORD-000671,US-CUST-00399,US,USD,73.81,73.81,Toys,25-Jan-2024,2024-01-30 13:26:51,False,,3.0,completed
US-ORD-000672,US-CUST-00537,US,USD,94.08,94.08,,28.02.2024,2024-03-03 01:15:20,False,,3.0,completed
US-ORD-000673,US-CUST-00151,US,USD,99.58,99.58,Sports,27.03.2024,04/01/2024 00:18,False,,3.0,completed
US-ORD-000674,US-CUST-00377,US,USD,70.07,70.07,Electronics,07.07.2024,07/11/2024 19:45,False,,3.0,completed
US-ORD-000675,US-CUST-00364,US,USD,63.35,63.35,Home & Kitchen,06/24/2024 00:00,02.07.2024,False,,4.0,completed
US-ORD-000676,US-CUST-00597,US,USD,61.7,61.7,Home & Kitchen,2024-07-26 00:00:00,,False,,,completed
US-ORD-000677,US-CUST-00595,US,USD,59.98,59.98,Sports,21-Feb-2025,02/28/2025 08:18,False,,4.0,completed
US-ORD-000678,US-CUST-00180,US,USD,70.17,70.17,Toys,04/19/2024 00:00,2024-04-24 21:29:25,False,,2.0,completed
US-ORD-000679,US-CUST-00146,US,USD,24.3,24.3,,2024-01-05 00:00:00,01/07/2024 14:41,False,,4.0,completed
US-ORD-000680,US-CUST-00013,US,USD,152.96,152.96,Toys,2025-07-20 00:00:00,2025-07-29 11:06:08,False,,4.0,completed
US-ORD-000681,US-CUST-00555,US,USD,97.54,97.54,Sports,21.06.2023,2023-06-22 09:32:57,False,,3.0,completed
US-ORD-000682,US-CUST-00249,US,USD,39.55,39.55,Beauty,2023-06-24 00:00:00,27-Jun-2023,False,,3.0,completed
US-ORD-000683,US-CUST-00425,US,USD,53.76,53.76,Health,07/01/2024 00:00,2024-07-02 00:59:36,False,,,cancelled
US-ORD-000684,US-CUST-00393,US,USD,108.66,108.66,Electronics,2024-04-04 00:00:00,06.04.2024,False,,,completed
US-ORD-000685,US-CUST-00086,US,USD,85.77,85.77,Beauty,2023-08-14 00:00:00,23.08.2023,False,,3.0,completed
US-ORD-000686,US-CUST-00293,US,USD,3.0,3.0,Toys,31.12.2023,04-Jan-2024,False,,4.0,completed
US-ORD-000687,US-CUST-00150,US,USD,163.13,163.13,Grocery,09.07.2024,2024-07-11 12:58:53,False,,,completed
US-ORD-000688,US-CUST-00394,US,USD,97.35,97.35,Grocery,03.07.2025,25.07.2025,False,,3.0,completed
US-ORD-000689,US-CUST-00392,US,USD,194.0,194.0,Grocery,18-May-2025,19.05.2025,False,,,completed
US-ORD-000690,US-CUST-00224,US,USD,86.42,86.42,Grocery,2025-12-29 00:00:00,03-Jan-2026,False,,4.0,completed
US-ORD-000691,US-CUST-00112,US,USD,79.41,79.41,Beauty,2023-01-06 00:00:00,,False,,,completed
US-ORD-000692,US-CUST-00120,US,USD,57.38,57.38,Home & Kitchen,01/09/2025 00:00,02/01/2025 12:55,False,,3.0,completed
US-ORD-000693,US-CUST-00150,US,USD,102.97,102.97,Toys,23.02.2023,2023-02-27 06:15:31,False,,4.0,completed
US-ORD-000694,US-CUST-00540,US,USD,73.68,73.68,,16.05.2024,23-May-2024,False,,3.0,completed
US-ORD-000695,US-CUST-00177,US,USD,3.0,3.0,Grocery,11/21/2024 00:00,28.11.2024,False,,3.0,cancelled
US-ORD-000696,US-CUST-00094,US,USD,45.58,45.58,Grocery,17-May-2025,20.05.2025,False,,5.0,completed
US-ORD-000697,US-CUST-00572,US,USD,3.0,3.0,Beauty,2023-09-14 00:00:00,,False,,,completed
US-ORD-000698,US-CUST-00199,US,USD,122.52,122.52,Grocery,17.08.2025,22-Aug-2025,False,,3.0,completed
US-ORD-000699,US-CUST-00216,US,USD,87.85,87.85,Books,2023-06-09 00:00:00,2023-06-15 01:00:49,False,,4.0,completed
US-ORD-000700,US-CUST-00045,US,USD,100.0,100.0,Beauty,25-Sep-2024,2024-09-30 04:17:59,False,,3.0,completed
US-ORD-000701,US-CUST-00407,US,USD,68.19,68.19,Fashion,10/06/2024 00:00,,False,,,completed
US-ORD-000702,US-CUST-00514,US,USD,126.02,126.02,Books,03/11/2025 00:00,2025-03-17 04:29:26,False,,1.0,completed
US-ORD-000703,US-CUST-00095,US,USD,104.52,104.52,Grocery,02/21/2025 00:00,26.02.2025,False,,3.0,completed
US-ORD-000704,US-CUST-00441,US,USD,57.52,57.52,Home & Kitchen,2023-10-16 00:00:00,23.10.2023,False,,4.0,completed
US-ORD-000705,US-CUST-00099,US,USD,40.22,40.22,Beauty,2025-03-04 00:00:00,2025-03-09 19:32:18,False,,,completed
US-ORD-000706,US-CUST-00302,US,USD,31.28,31.28,Health,09/25/2024 00:00,2024-09-27 05:46:41,False,,3.0,completed
US-ORD-000707,US-CUST-00452,US,USD,113.81,113.81,Books,01/14/2025 00:00,20-Jan-2025,False,,4.0,completed
US-ORD-000708,US-CUST-00375,US,USD,107.63,107.63,Electronics,26.09.2025,02-Oct-2025,False,,3.0,completed
US-ORD-000709,US-CUST-00250,US,USD,94.44,94.44,Health,2025-04-26 00:00:00,2025-05-02 14:25:10,False,,4.0,completed
US-ORD-000710,US-CUST-00357,US,USD,128.5,128.5,Sports,04-Aug-2023,2023-08-10 09:59:54,False,,4.0,completed
US-ORD-000711,US-CUST-00204,US,USD,123.16,123.16,Grocery,31-Dec-2025,2026-01-04 22:43:37,False,,3.0,completed
US-ORD-000712,US-CUST-00481,US,USD,67.66,67.66,Books,10/11/2024 00:00,14-Oct-2024,False,,3.0,completed
US-ORD-000713,US-CUST-00484,US,USD,68.5,68.5,,10/17/2024 00:00,20-Oct-2024,False,,3.0,completed
US-ORD-000714,US-CUST-00462,US,USD,3.0,3.0,Toys,16-Feb-2023,2023-02-21 10:14:17,False,,4.0,completed
US-ORD-000715,US-CUST-00429,US,USD,38.23,38.23,Home & Kitchen,15-Jun-2024,09.07.2024,False,,4.0,completed
US-ORD-000716,US-CUST-00203,US,USD,3.0,3.0,Toys,2023-11-26 00:00:00,29-Nov-2023,False,,,completed
US-ORD-000717,US-CUST-00324,US,USD,40.39,40.39,Books,2023-10-24 00:00:00,27.10.2023,True,06-Dec-2023,4.0,completed
US-ORD-000718,US-CUST-00128,US,USD,66.28,66.28,Sports,12-Apr-2025,,False,,,completed
US-ORD-000719,US-CUST-00221,US,USD,3.0,3.0,Electronics,19.07.2023,25-Jul-2023,False,,2.0,completed
US-ORD-000720,US-CUST-00511,US,USD,77.7,77.7,Automotive,27-Jan-2024,01.02.2024,True,10.03.2024,,completed
US-ORD-000721,US-CUST-00181,US,USD,136.23,136.23,Books,12/21/2024 00:00,23.12.2024,False,,1.0,completed
US-ORD-000722,US-CUST-00101,US,USD,83.27,83.27,Sports,2025-02-20 00:00:00,28-Feb-2025,False,,,completed
US-ORD-000723,US-CUST-00557,US,USD,130.75,130.75,Fashion,2023-08-01 00:00:00,06-Aug-2023,False,,3.0,completed
US-ORD-000724,US-CUST-00117,US,USD,111.32,111.32,Automotive,10/27/2025 00:00,30-Oct-2025,False,,4.0,completed
US-ORD-000725,US-CUST-00405,US,USD,97.75,97.75,Books,2023-09-12 00:00:00,19-Sep-2023,False,,5.0,completed
US-ORD-000726,US-CUST-00247,US,USD,92.66,92.66,Health,2024-04-03 00:00:00,06.04.2024,False,,,completed
US-ORD-000727,US-CUST-00325,US,USD,73.85,73.85,,29.04.2025,30.04.2025,False,,3.0,completed
US-ORD-000728,US-CUST-00131,US,USD,56.58,56.58,Beauty,30-May-2025,02-Jun-2025,False,,4.0,completed
US-ORD-000729,US-CUST-00121,US,USD,37.99,37.99,Toys,22-Dec-2023,29-Dec-2023,False,,4.0,completed
US-ORD-000730,US-CUST-00469-DUP,US,USD,74.58,74.58,Health,06/16/2024 00:00,2024-06-20 08:15:39,False,,4.0,completed
US-ORD-000731,US-CUST-00191,US,USD,112.13,112.13,Automotive,06/11/2023 00:00,06/14/2023 06:22,False,,3.0,completed
US-ORD-000732,US-CUST-00147,US,USD,61.33,61.33,Sports,2024-03-30 00:00:00,01-Apr-2024,False,,3.0,completed
US-ORD-000733,US-CUST-00079,US,USD,53.57,53.57,Fashion,31-Jul-2023,2023-08-06 17:58:14,False,,4.0,completed
US-ORD-000734,US-CUST-00429,US,USD,83.71,83.71,Toys,01-Mar-2024,07-Mar-2024,False,,3.0,completed
US-ORD-000735,US-CUST-00032,US,USD,92.57,92.57,Home & Kitchen,2025-07-12 00:00:00,,False,,,completed
US-ORD-000736,US-CUST-00197,US,USD,86.94,86.94,Grocery,2024-12-11 00:00:00,2024-12-14 20:01:39,False,,,completed
US-ORD-000737,US-CUST-00225,US,USD,3.0,3.0,Health,2025-11-26 00:00:00,30.11.2025,False,,5.0,completed
US-ORD-000738,US-CUST-00507,US,USD,116.68,116.68,Sports,17-Sep-2023,2023-09-23 22:20:20,False,,5.0,completed
US-ORD-000739,US-CUST-00419-DUP,US,USD,78.99,78.99,Beauty,30.03.2025,04.04.2025,False,,3.0,completed
US-ORD-000740,US-CUST-00439,US,USD,60.78,60.78,Grocery,02/26/2024 00:00,03.03.2024,False,,5.0,completed
US-ORD-000741,US-CUST-00543,US,USD,68.72,68.72,Fashion,04.02.2025,08.02.2025,False,,4.0,completed
US-ORD-000742,US-CUST-00380,US,USD,102.05,102.05,Home & Kitchen,08/23/2023 00:00,08/25/2023 02:41,False,,1.0,completed
US-ORD-000743,US-CUST-00329,US,USD,50.23,50.23,Electronics,09/08/2023 00:00,,False,,,completed
US-ORD-000744,US-CUST-00076,US,USD,52.13,52.13,Sports,28-Feb-2025,2025-03-04 16:54:23,False,,,completed
US-ORD-000745,US-CUST-00431,US,USD,54.6,54.6,Books,2025-06-10 00:00:00,2025-06-17 21:43:06,False,,,completed
US-ORD-000746,US-CUST-00004,US,USD,89.7,89.7,Automotive,17-Dec-2023,2023-12-22 14:25:21,False,,,completed
US-ORD-000747,US-CUST-00425,US,USD,103.0,103.0,Electronics,04.04.2025,2025-04-06 17:20:09,False,,4.0,completed
US-ORD-000748,US-CUST-00465,US,USD,71.59,71.59,Toys,09-Dec-2024,15-Dec-2024,False,,3.0,completed
US-ORD-000749,US-CUST-00446,US,USD,5.08,5.08,Books,09/06/2023 00:00,2023-09-24 15:15:31,False,,,completed
US-ORD-000750,US-CUST-00044,US,USD,91.94,91.94,Books,2024-01-27 00:00:00,2024-01-30 04:42:05,False,,3.0,completed
US-ORD-000751,US-CUST-00471,US,USD,125.64,125.64,Fashion,2024-09-15 00:00:00,17-Sep-2024,False,,5.0,completed
US-ORD-000752,US-CUST-00246,US,USD,34.47,34.47,Automotive,31-Oct-2023,06-Nov-2023,False,,3.0,completed
US-ORD-000753,US-CUST-00571,US,USD,102.14,102.14,Books,07/28/2024 00:00,2024-07-31 21:52:57,False,,3.0,completed
US-ORD-000754,US-CUST-00107,US,USD,76.84,76.84,Fashion,26.02.2024,02/28/2024 23:53,True,18-Mar-2024,4.0,completed
US-ORD-000755,US-CUST-00108,US,USD,51.91,51.91,Health,12/16/2025 00:00,20.12.2025,False,,3.0,completed
US-ORD-000756,US-CUST-00168,US,USD,3.0,3.0,Toys,14.01.2025,01/18/2025 14:49,False,,5.0,completed
US-ORD-000757,US-CUST-00543,US,USD,110.31,110.31,Home & Kitchen,29-Jul-2023,08/10/2023 23:04,True,08/27/2023 00:00,3.0,completed
US-ORD-000758,US-CUST-00451,US,USD,76.01,76.01,Health,31.08.2023,09/06/2023 02:15,False,,2.0,completed
US-ORD-000759,US-CUST-00505,US,USD,125.14,125.14,Toys,11-Apr-2023,17.04.2023,False,,4.0,completed
US-ORD-000760,US-CUST-00544,US,USD,94.73,94.73,Beauty,2023-04-13 00:00:00,2023-04-18 00:56:29,False,,4.0,completed
US-ORD-000761,US-CUST-00294,US,USD,101.63,101.63,Toys,08.04.2025,12.04.2025,False,,3.0,completed
US-ORD-000762,US-CUST-00174,US,USD,79.58,79.58,Home & Kitchen,13.07.2023,21-Jul-2023,False,,2.0,completed
US-ORD-000763,US-CUST-00270,US,USD,8.96,8.96,Home & Kitchen,2023-12-08 00:00:00,2023-12-13 07:54:30,False,,4.0,completed
US-ORD-000764,US-CUST-00017,US,USD,82.8,82.8,Automotive,20.01.2023,2023-01-25 11:42:35,False,,3.0,completed
US-ORD-000765,US-CUST-00359,US,USD,142.04,142.04,Health,11.12.2025,2025-12-20 19:09:23,False,,3.0,completed
US-ORD-000766,US-CUST-00055-DUP,US,USD,70.35,70.35,Books,03-Jun-2024,04.06.2024,False,,3.0,completed
US-ORD-000767,US-CUST-00250,US,USD,149.77,149.77,Electronics,29-Nov-2025,12/04/2025 01:00,False,,4.0,completed
US-ORD-000768,US-CUST-00460,US,USD,18.29,18.29,Beauty,07/02/2023 00:00,2023-07-05 18:24:52,False,,3.0,completed
US-ORD-000769,US-CUST-00351,US,USD,60.7,60.7,Books,2024-12-15 00:00:00,22.12.2024,False,,4.0,completed
US-ORD-000770,US-CUST-00150,US,USD,24.98,24.98,Automotive,20-Jul-2025,25.07.2025,False,,,completed
US-ORD-000771,US-CUST-00464,US,USD,97.42,97.42,Sports,2025-12-07 00:00:00,14.12.2025,False,,5.0,completed
US-ORD-000772,US-CUST-00051,US,USD,29.32,29.32,Electronics,10.09.2023,,False,,,completed
US-ORD-000773,US-CUST-00201,US,USD,18.41,18.41,Health,03-Aug-2024,08/07/2024 12:46,False,,4.0,completed
US-ORD-000774,US-CUST-00408,US,USD,119.43,119.43,Sports,2023-06-15 00:00:00,19.06.2023,False,,3.0,completed
US-ORD-000775,US-CUST-00256,US,USD,81.83,81.83,Automotive,09/10/2024 00:00,13.09.2024,False,,5.0,completed
US-ORD-000776,US-CUST-00447,US,USD,3.0,3.0,Sports,2024-02-13 00:00:00,18-Feb-2024,False,,,completed
US-ORD-000777,US-CUST-00420,US,USD,166.06,166.06,Books,24-Jun-2025,29.06.2025,False,,3.0,completed
US-ORD-000778,US-CUST-00579,US,USD,58.91,58.91,Toys,24.02.2023,03/14/2023 15:20,False,,5.0,completed
US-ORD-000779,US-CUST-00471,US,USD,3.0,3.0,Home & Kitchen,2025-03-15 00:00:00,,False,,,completed
US-ORD-000780,US-CUST-00598,US,USD,10.92,10.92,Fashion,2024-07-07 00:00:00,25-Jul-2024,False,,3.0,completed
US-ORD-000781,US-CUST-00308,US,USD,101.48,101.48,Home & Kitchen,23.11.2025,11/24/2025 19:17,False,,,completed
US-ORD-000782,US-CUST-00106,US,USD,95.8,95.8,Grocery,14-Jan-2023,2023-01-23 01:10:00,True,2023-02-17 00:00:00,2.0,completed
US-ORD-000783,US-CUST-00559,US,USD,83.54,83.54,Grocery,01.11.2025,04.11.2025,False,,4.0,completed
US-ORD-000784,US-CUST-00523,US,USD,75.86,75.86,Automotive,06/18/2025 00:00,06/26/2025 17:12,False,,4.0,completed
US-ORD-000785,US-CUST-00109,US,USD,156.2,156.2,Sports,16-Aug-2024,20-Aug-2024,False,,4.0,completed
US-ORD-000786,US-CUST-00455,US,USD,16.8,16.8,,2025-05-20 00:00:00,23-May-2025,True,2025-06-13 00:00:00,,completed
US-ORD-000787,US-CUST-00215,US,USD,96.26,96.26,Home & Kitchen,27.12.2024,03.01.2025,True,16.01.2025,,completed
US-ORD-000788,US-CUST-00143,US,USD,91.0,91.0,Toys,11.12.2025,12/15/2025 08:58,False,,3.0,completed
US-ORD-000789,US-CUST-00589,US,USD,18.73,18.73,Toys,12.09.2024,18-Sep-2024,False,,4.0,completed
US-ORD-000790,US-CUST-00237,US,USD,54.66,54.66,Automotive,2024-10-25 00:00:00,29-Oct-2024,False,,4.0,completed
US-ORD-000791,US-CUST-00393,US,USD,55.35,55.35,Grocery,19-Oct-2025,10/23/2025 20:49,False,,5.0,completed
US-ORD-000792,US-CUST-00383,US,USD,63.88,63.88,Automotive,2023-05-07 00:00:00,,False,,,completed
US-ORD-000793,US-CUST-00230,US,USD,45.86,45.86,Fashion,10/19/2024 00:00,10/25/2024 11:43,False,,3.0,completed
US-ORD-000794,US-CUST-00143,US,USD,45.78,45.78,Health,2025-06-07 00:00:00,2025-06-14 15:25:21,False,,5.0,completed
US-ORD-000795,US-CUST-00540,US,USD,47.98,47.98,Automotive,15-Apr-2025,,False,,,completed
US-ORD-000796,US-CUST-00068,US,USD,120.34,120.34,Automotive,29-Feb-2024,03.03.2024,False,,4.0,completed
US-ORD-000797,US-CUST-00338,US,USD,3.0,3.0,Fashion,2025-02-09 00:00:00,2025-03-01 18:50:40,False,,2.0,completed
US-ORD-000798,US-CUST-00530,US,USD,107.88,107.88,Sports,16.08.2024,08/21/2024 00:41,False,,3.0,completed
US-ORD-000799,US-CUST-00205,US,USD,56.68,56.68,Health,27.04.2023,23.05.2023,False,,4.0,completed
US-ORD-000800,US-CUST-00241,US,USD,101.3,101.3,Home & Kitchen,02-May-2023,10.05.2023,False,,,completed
US-ORD-000801,US-CUST-00042,US,USD,4.61,4.61,Books,2023-03-14 00:00:00,2023-03-22 05:37:34,False,,4.0,completed
US-ORD-000802,US-CUST-00056,US,USD,34.55,34.55,Beauty,2025-11-05 00:00:00,07.11.2025,False,,3.0,completed
US-ORD-000803,US-CUST-00128,US,USD,116.47,116.47,Health,06-Feb-2024,2024-02-10 17:52:39,False,,5.0,completed
US-ORD-000804,US-CUST-00243,US,USD,9.7,9.7,Fashion,10/10/2023 00:00,14.10.2023,False,,,completed
US-ORD-000805,US-CUST-00058,US,USD,18.64,18.64,Beauty,2023-01-21 00:00:00,2023-01-26 17:27:15,False,,4.0,completed
US-ORD-000806,US-CUST-00125,US,USD,56.07,56.07,Home & Kitchen,2025-06-17 00:00:00,06/17/2025 00:00,False,,4.0,completed
US-ORD-000807,US-CUST-00564,US,USD,94.65,94.65,Grocery,26.02.2024,03/02/2024 19:24,False,,5.0,completed
US-ORD-000808,US-CUST-00286,US,USD,26.8,26.8,Health,2024-05-15 00:00:00,2024-05-21 08:39:01,True,27-Jun-2024,5.0,completed
US-ORD-000809,US-CUST-00036,US,USD,3.0,3.0,Health,10/08/2023 00:00,10/13/2023 15:20,False,,3.0,completed
US-ORD-000810,US-CUST-00086,US,USD,71.33,71.33,,2025-07-18 00:00:00,23.07.2025,False,,3.0,completed
US-ORD-000811,US-CUST-00053,US,USD,44.59,44.59,,25.02.2025,02-Mar-2025,True,18-Mar-2025,3.0,completed
US-ORD-000812,US-CUST-00284-DUP,US,USD,26.14,26.14,Electronics,12/13/2024 00:00,19.12.2024,False,,2.0,completed
US-ORD-000813,US-CUST-00294,US,USD,104.98,104.98,Automotive,29-Nov-2024,2024-12-04 22:12:15,False,,,completed
US-ORD-000814,US-CUST-00280,US,USD,3.0,3.0,Sports,2025-11-28 00:00:00,12/01/2025 15:28,False,,5.0,completed
US-ORD-000815,US-CUST-00256,US,USD,30.85,30.85,Books,2024-08-28 00:00:00,,False,,,completed
US-ORD-000816,US-CUST-00491,US,USD,95.79,95.79,Sports,10/19/2024 00:00,2024-10-25 13:36:09,False,,,completed
US-ORD-000817,US-CUST-00265,US,USD,63.68,63.68,Sports,12-Jun-2023,2023-06-15 19:19:10,False,,5.0,completed
US-ORD-000818,US-CUST-00450,US,USD,153.25,153.25,Home & Kitchen,24.12.2023,12/30/2023 22:59,False,,4.0,completed
US-ORD-000819,US-CUST-00240,US,USD,38.63,38.63,Electronics,11.04.2024,14.04.2024,True,23.05.2024,4.0,completed
US-ORD-000820,US-CUST-00425,US,USD,93.83,93.83,Grocery,2025-11-04 00:00:00,,False,,,completed
US-ORD-000821,US-CUST-00481,US,USD,104.27,104.27,,02.08.2024,03.08.2024,False,,4.0,completed
US-ORD-000822,US-CUST-00520,US,USD,30.09,30.09,,25.11.2023,2023-11-29 05:34:09,False,,4.0,completed
US-ORD-000823,US-CUST-00229,US,USD,164.81,164.81,,14-Feb-2025,25-Feb-2025,False,,,completed
US-ORD-000824,US-CUST-00249,US,USD,102.3,102.3,Health,06.09.2023,10-Sep-2023,False,,4.0,completed
US-ORD-000825,US-CUST-00419,US,USD,114.94,114.94,Beauty,11.01.2025,2025-01-15 08:36:28,False,,,completed
US-ORD-000826,US-CUST-00128,US,USD,155.78,155.78,Fashion,11/01/2025 00:00,11/06/2025 11:02,False,,4.0,completed
US-ORD-000827,US-CUST-00517,US,USD,104.97,104.97,Automotive,04/14/2025 00:00,19.04.2025,False,,4.0,completed
US-ORD-000828,US-CUST-00567,US,USD,47.22,47.22,Home & Kitchen,10-Feb-2024,,False,,,completed
US-ORD-000829,US-CUST-00527,US,USD,25.49,25.49,Electronics,16-Sep-2023,,False,,,completed
US-ORD-000830,US-CUST-00284-DUP,US,USD,110.05,110.05,Home & Kitchen,2024-12-26 00:00:00,31.12.2024,False,,,completed
US-ORD-000831,US-CUST-00446,US,USD,150.35,150.35,Fashion,03.04.2023,07-Apr-2023,False,,4.0,completed
US-ORD-000832,US-CUST-00464,US,USD,25.87,25.87,Home & Kitchen,03-Oct-2023,2023-10-07 05:25:09,False,,4.0,completed
US-ORD-000833,US-CUST-00530,US,USD,113.21,113.21,Health,28-Dec-2023,2024-01-01 09:53:22,False,,3.0,completed
US-ORD-000834,US-CUST-00215,US,USD,6.7,6.7,Books,25-Feb-2025,2025-03-01 06:51:45,False,,,completed
US-ORD-000835,US-CUST-00295,US,USD,115.07,115.07,Fashion,05.10.2024,11.10.2024,False,,,completed
US-ORD-000836,US-CUST-00199,US,USD,97.53,97.53,Beauty,2023-08-06 00:00:00,08/22/2023 02:23,True,2023-09-18 00:00:00,4.0,completed
US-ORD-000837,US-CUST-00302,US,USD,45.29,45.29,Books,2023-02-22 00:00:00,28-Feb-2023,False,,4.0,completed
US-ORD-000838,US-CUST-00119,US,USD,97.14,97.14,Grocery,03.09.2023,2023-09-06 22:45:01,False,,2.0,completed
US-ORD-000839,US-CUST-00075,US,USD,124.37,124.37,Fashion,31.03.2024,04.04.2024,False,,3.0,completed
US-ORD-000840,US-CUST-00036,US,USD,106.21,106.21,Toys,2023-03-20 00:00:00,24.03.2023,False,,4.0,completed
US-ORD-000841,US-CUST-00134,US,USD,102.77,102.77,Beauty,02/09/2025 00:00,02/15/2025 08:48,False,,2.0,completed
US-ORD-000842,US-CUST-00182,US,USD,129.54,129.54,Health,2023-07-01 00:00:00,2023-07-06 12:32:24,False,,3.0,completed
US-ORD-000843,US-CUST-00307,US,USD,81.45,81.45,Automotive,06/22/2024 00:00,23.06.2024,False,,4.0,completed
US-ORD-000844,US-CUST-00294,US,USD,28.68,28.68,Grocery,20-Sep-2025,22.09.2025,False,,2.0,completed
US-ORD-000845,US-CUST-00131,US,USD,125.07,125.07,Beauty,28-Oct-2024,19.11.2024,False,,5.0,completed
US-ORD-000846,US-CUST-00418,US,USD,50.89,50.89,Automotive,2025-09-28 00:00:00,29.09.2025,False,,,completed
US-ORD-000847,US-CUST-00497,US,USD,24.76,24.76,Sports,10/23/2024 00:00,30-Oct-2024,False,,3.0,completed
US-ORD-000848,US-CUST-00337,US,USD,50.33,50.33,Sports,04/04/2023 00:00,04/09/2023 07:40,False,,4.0,completed
US-ORD-000849,US-CUST-00531,US,USD,125.28,125.28,Electronics,02/10/2023 00:00,04.03.2023,False,,3.0,completed
US-ORD-000850,US-CUST-00423,US,USD,15.33,15.33,Home & Kitchen,02/11/2024 00:00,02/15/2024 04:09,False,,4.0,completed
US-ORD-000851,US-CUST-00407,US,USD,31.63,31.63,,24-May-2024,,False,,,completed
US-ORD-000852,US-CUST-00410,US,USD,90.47,90.47,,08/02/2024 00:00,08/06/2024 21:39,True,2024-09-09 00:00:00,4.0,completed
US-ORD-000853,US-CUST-00400,US,USD,40.87,40.87,Fashion,07/06/2024 00:00,10-Jul-2024,True,08/13/2024 00:00,3.0,completed
US-ORD-000854,US-CUST-00590,US,USD,115.06,115.06,Books,01-Oct-2024,08.10.2024,False,,2.0,completed
US-ORD-000855,US-CUST-00250,US,USD,33.17,33.17,Fashion,29-May-2025,31.05.2025,False,,3.0,cancelled
US-ORD-000856,US-CUST-00237,US,USD,71.25,71.25,Toys,14-Oct-2025,2025-10-16 02:25:01,False,,3.0,completed
US-ORD-000857,US-CUST-00501,US,USD,29.82,29.82,Sports,08/12/2023 00:00,2023-08-17 09:56:55,False,,,completed
US-ORD-000858,US-CUST-00154,US,USD,78.12,78.12,Automotive,2025-04-05 00:00:00,04/08/2025 13:21,True,05.05.2025,4.0,completed
US-ORD-000859,US-CUST-00329,US,USD,50.4,50.4,Electronics,12-Apr-2025,16-Apr-2025,False,,5.0,completed
US-ORD-000860,US-CUST-00130,US,USD,135.32,135.32,Health,2025-11-19 00:00:00,2025-11-21 09:37:12,False,,4.0,completed
US-ORD-000861,US-CUST-00498,US,USD,111.51,111.51,Home & Kitchen,09/06/2023 00:00,2023-09-08 16:53:00,True,04-Oct-2023,4.0,completed
US-ORD-000862,US-CUST-00169,US,USD,144.21,144.21,,05/06/2025 00:00,22.05.2025,False,,3.0,completed
US-ORD-000863,US-CUST-00138,US,USD,120.79,120.79,Automotive,02/23/2024 00:00,28.02.2024,False,,4.0,completed
US-ORD-000864,US-CUST-00192,US,USD,90.33,90.33,Electronics,08/28/2025 00:00,02-Sep-2025,False,,2.0,completed
US-ORD-000865,US-CUST-00353,US,USD,122.13,122.13,Books,2025-07-28 00:00:00,08/04/2025 08:08,False,,,completed
US-ORD-000866,US-CUST-00574,US,USD,64.68,64.68,Sports,07/16/2024 00:00,20.07.2024,False,,,completed
US-ORD-000867,US-CUST-00392,US,USD,6.1,6.1,Fashion,09.11.2023,15.11.2023,False,,4.0,completed
US-ORD-000868,US-CUST-00150,US,USD,72.2,72.2,Automotive,07/21/2024 00:00,07/28/2024 05:58,True,08/12/2024 00:00,3.0,completed
US-ORD-000869,US-CUST-00334,US,USD,100.41,100.41,Books,01.01.2023,01/03/2023 23:03,False,,3.0,completed
US-ORD-000870,US-CUST-00324,US,USD,67.15,67.15,Beauty,2023-08-29 00:00:00,03-Sep-2023,False,,3.0,completed
US-ORD-000871,US-CUST-00256,US,USD,69.08,69.08,Home & Kitchen,2024-03-14 00:00:00,03/20/2024 15:39,False,,3.0,completed
US-ORD-000872,US-CUST-00573,US,USD,3.0,3.0,Books,06/10/2025 00:00,18-Jun-2025,False,,5.0,completed
US-ORD-000873,US-CUST-00259,US,USD,16.85,16.85,Electronics,2024-01-02 00:00:00,01/08/2024 09:06,True,26.01.2024,3.0,completed
US-ORD-000874,US-CUST-00031,US,USD,86.86,86.86,Sports,10-Mar-2023,15.03.2023,False,,3.0,completed
US-ORD-000875,US-CUST-00134,US,USD,39.73,39.73,Grocery,2025-07-19 00:00:00,2025-07-22 14:51:14,True,08/03/2025 00:00,3.0,completed
US-ORD-000876,US-CUST-00198,US,USD,37.57,37.57,Electronics,2023-09-02 00:00:00,06.09.2023,False,,,completed
US-ORD-000877,US-CUST-00062,US,USD,42.79,42.79,Home & Kitchen,2024-10-10 00:00:00,16.10.2024,False,,5.0,completed
US-ORD-000878,US-CUST-00177,US,USD,48.9,48.9,Home & Kitchen,2025-10-24 00:00:00,2025-11-17 11:29:29,False,,4.0,completed
US-ORD-000879,US-CUST-00092,US,USD,96.24,96.24,Fashion,12/19/2024 00:00,2024-12-24 03:38:45,False,,4.0,completed
US-ORD-000880,US-CUST-00083,US,USD,96.7,96.7,Books,01/16/2024 00:00,01/18/2024 12:35,False,,4.0,completed
US-ORD-000881,US-CUST-00231,US,USD,114.93,114.93,Home & Kitchen,01/27/2024 00:00,30.01.2024,False,,4.0,completed
US-ORD-000882,US-CUST-00357,US,USD,105.75,105.75,Home & Kitchen,13-Feb-2024,17-Feb-2024,False,,4.0,completed
US-ORD-000883,US-CUST-00355,US,USD,181.37,181.37,Electronics,16.12.2023,12/19/2023 10:16,False,,2.0,completed
US-ORD-000884,US-CUST-00267,US,USD,88.67,88.67,Health,2025-10-28 00:00:00,2025-11-03 10:38:06,False,,3.0,completed
US-ORD-000885,US-CUST-00034,US,USD,140.4,140.4,Home & Kitchen,24.11.2025,26.11.2025,False,,4.0,completed
US-ORD-000886,US-CUST-00313,US,USD,47.74,47.74,Electronics,01/04/2025 00:00,12.01.2025,False,,,completed
US-ORD-000887,US-CUST-00382,US,USD,164.66,164.66,Electronics,17.01.2024,20-Jan-2024,False,,3.0,completed
US-ORD-000888,US-CUST-00431,US,USD,113.68,113.68,,01-Apr-2025,04/05/2025 05:25,False,,3.0,completed
US-ORD-000889,US-CUST-00203,US,USD,76.14,76.14,,03/31/2025 00:00,01.04.2025,False,,,completed
US-ORD-000890,US-CUST-00000,US,USD,74.38,74.38,Electronics,11/13/2024 00:00,11/16/2024 14:53,False,,3.0,completed
US-ORD-000891,US-CUST-00568,US,USD,139.96,139.96,Sports,19.12.2023,12/21/2023 11:41,False,,4.0,cancelled
US-ORD-000892,US-CUST-00474,US,USD,62.45,62.45,Books,11/23/2023 00:00,27-Nov-2023,False,,4.0,completed
US-ORD-000893,US-CUST-00434,US,USD,90.3,90.3,Toys,16-Jul-2023,07/22/2023 03:23,False,,4.0,completed
US-ORD-000894,US-CUST-00377,US,USD,60.09,60.09,Grocery,11.12.2024,2024-12-14 18:36:45,False,,3.0,completed
US-ORD-000895,US-CUST-00216,US,USD,37.86,37.86,Automotive,04.01.2023,2023-01-14 21:33:23,False,,5.0,completed
US-ORD-000896,US-CUST-00267,US,USD,14.2,14.2,Toys,26-Nov-2024,28.11.2024,False,,4.0,completed
US-ORD-000897,US-CUST-00414,US,USD,99.63,99.63,Health,2025-03-26 00:00:00,2025-04-01 02:20:47,False,,3.0,completed
US-ORD-000898,US-CUST-00055,US,USD,69.35,69.35,Automotive,21.09.2023,2023-09-26 15:44:17,False,,4.0,completed
US-ORD-000899,US-CUST-00373,US,USD,3.0,3.0,Automotive,2023-08-26 00:00:00,30.08.2023,False,,3.0,completed
US-ORD-000900,US-CUST-00181-DUP,US,USD,82.88,82.88,Health,18.05.2025,2025-05-28 23:17:32,False,,,completed
US-ORD-000901,US-CUST-00588-DUP,US,USD,91.54,91.54,,20.07.2025,2025-07-24 08:57:02,False,,4.0,completed
US-ORD-000902,US-CUST-00427,US,USD,96.72,96.72,Sports,2024-11-22 00:00:00,,False,,,completed
US-ORD-000903,US-CUST-00547,US,USD,102.31,102.31,Electronics,2024-09-01 00:00:00,2024-09-10 02:42:50,False,,2.0,completed
US-ORD-000904,US-CUST-00536,US,USD,96.31,96.31,Grocery,24-Oct-2023,27-Oct-2023,False,,4.0,completed
US-ORD-000905,US-CUST-00309,US,USD,33.66,33.66,,30-Oct-2024,2024-11-03 03:57:59,False,,3.0,completed
US-ORD-000906,US-CUST-00196,US,USD,118.91,118.91,Sports,12.01.2024,2024-01-18 20:05:08,False,,2.0,completed
US-ORD-000907,US-CUST-00447,US,USD,77.47,77.47,Health,18.11.2025,2025-11-21 13:56:24,False,,2.0,completed
US-ORD-000908,US-CUST-00291,US,USD,65.23,65.23,Sports,16.01.2024,,False,,,cancelled
US-ORD-000909,US-CUST-00325,US,USD,184.2,184.2,Electronics,2024-02-29 00:00:00,05.03.2024,False,,,completed
US-ORD-000910,US-CUST-00398,US,USD,13.01,13.01,Books,07-Feb-2023,10-Feb-2023,False,,4.0,completed
US-ORD-000911,US-CUST-00545,US,USD,168.98,168.98,Books,01/26/2023 00:00,27-Jan-2023,False,,2.0,completed
US-ORD-000912,US-CUST-00212,US,USD,159.19,159.19,,07.06.2024,2024-06-12 18:42:05,False,,3.0,completed
US-ORD-000913,US-CUST-00360,US,USD,99.06,99.06,Grocery,07-Oct-2024,,False,,,completed
US-ORD-000914,US-CUST-00126,US,USD,75.15,75.15,Sports,2023-02-17 00:00:00,02/22/2023 15:44,False,,4.0,completed
US-ORD-000915,US-CUST-00563,US,USD,29.37,29.37,Fashion,08-Mar-2024,03/13/2024 04:06,False,,,completed
US-ORD-000916,US-CUST-00325,US,USD,33.36,33.36,Toys,21-Mar-2024,26.03.2024,False,,3.0,completed
US-ORD-000917,US-CUST-00003,US,USD,56.64,56.64,Grocery,07.04.2025,10-Apr-2025,False,,4.0,completed
US-ORD-000918,US-CUST-00141,US,USD,113.63,113.63,Fashion,2023-12-19 00:00:00,23-Dec-2023,False,,4.0,completed
US-ORD-000919,US-CUST-00234-DUP,US,USD,9.81,9.81,Electronics,17-Apr-2025,21-Apr-2025,False,,3.0,completed
US-ORD-000920,US-CUST-00330,US,USD,192.94,192.94,Home & Kitchen,01/31/2024 00:00,02/02/2024 18:37,False,,,completed
US-ORD-000921,US-CUST-00512,US,USD,140.89,140.89,Beauty,2023-03-05 00:00:00,11-Mar-2023,False,,,completed
US-ORD-000922,US-CUST-00394,US,USD,87.63,87.63,Home & Kitchen,2024-11-09 00:00:00,2024-11-17 12:24:49,True,25-Nov-2024,,completed
US-ORD-000923,US-CUST-00407,US,USD,91.74,91.74,Health,2024-06-16 00:00:00,2024-06-21 18:40:46,False,,3.0,completed
US-ORD-000924,US-CUST-00173,US,USD,130.06,130.06,Grocery,13.11.2025,29.11.2025,False,,3.0,completed
US-ORD-000925,US-CUST-00469,US,USD,15.63,15.63,Home & Kitchen,26-Nov-2024,11/30/2024 14:15,False,,3.0,completed
US-ORD-000926,US-CUST-00143,US,USD,72.14,72.14,Books,06/16/2024 00:00,23-Jun-2024,False,,3.0,completed
US-ORD-000927,US-CUST-00312,US,USD,73.07,73.07,Beauty,23-Feb-2023,28.02.2023,False,,4.0,completed
US-ORD-000928,US-CUST-00233,US,USD,3.0,3.0,Home & Kitchen,2024-08-26 00:00:00,08/29/2024 18:52,False,,4.0,completed
US-ORD-000929,US-CUST-00159,US,USD,129.0,129.0,Home & Kitchen,12.09.2024,16-Sep-2024,False,,,completed
US-ORD-000930,US-CUST-00066,US,USD,3.0,3.0,Grocery,13.02.2025,19-Feb-2025,False,,3.0,completed
US-ORD-000931,US-CUST-00012,US,USD,21.47,21.47,Beauty,02/27/2024 00:00,2024-03-01 18:01:53,False,,3.0,completed
US-ORD-000932,US-CUST-00550,US,USD,47.79,47.79,Electronics,2025-01-14 00:00:00,2025-01-29 14:07:58,False,,4.0,completed
US-ORD-000933,US-CUST-00250,US,USD,132.37,132.37,Grocery,04/25/2023 00:00,01.05.2023,False,,,completed
US-ORD-000934,US-CUST-00065,US,USD,23.8,23.8,,07/23/2025 00:00,27.07.2025,False,,3.0,completed
US-ORD-000935,US-CUST-00326,US,USD,101.95,101.95,Beauty,2023-05-05 00:00:00,11-May-2023,False,,3.0,completed
US-ORD-000936,US-CUST-00440,US,USD,78.69,78.69,Grocery,2023-08-27 00:00:00,09/01/2023 21:56,False,,5.0,completed
US-ORD-000937,US-CUST-00277,US,USD,106.7,106.7,Beauty,25-Jun-2025,01-Jul-2025,False,,4.0,completed
US-ORD-000938,US-CUST-00574,US,USD,138.47,138.47,Health,04.11.2024,09.11.2024,False,,3.0,completed
US-ORD-000939,US-CUST-00311,US,USD,138.15,138.15,Home & Kitchen,2023-08-17 00:00:00,23-Aug-2023,False,,3.0,completed
US-ORD-000940,US-CUST-00314,US,USD,53.42,53.42,Books,26.06.2025,07/01/2025 14:14,False,,4.0,completed
US-ORD-000941,US-CUST-00405,US,USD,83.88,83.88,Grocery,12/22/2025 00:00,12/27/2025 14:56,False,,5.0,completed
US-ORD-000942,US-CUST-00483,US,USD,123.22,123.22,Books,18.11.2023,23-Nov-2023,False,,,completed
US-ORD-000943,US-CUST-00427,US,USD,117.36,117.36,Books,2024-09-19 00:00:00,21.09.2024,False,,4.0,completed
US-ORD-000944,US-CUST-00207,US,USD,156.42,156.42,Electronics,04/07/2025 00:00,04/11/2025 13:32,False,,3.0,completed
US-ORD-000945,US-CUST-00571,US,USD,45.66,45.66,Sports,06/08/2024 00:00,,False,,,completed
US-ORD-000946,US-CUST-00481,US,USD,39.69,39.69,Grocery,2025-10-27 00:00:00,11/12/2025 06:12,False,,2.0,completed
US-ORD-000947,US-CUST-00291,US,USD,75.7,75.7,Grocery,2025-03-09 00:00:00,15-Mar-2025,True,25.03.2025,3.0,completed
US-ORD-000948,US-CUST-00575,US,USD,143.37,143.37,Books,2023-06-01 00:00:00,06/07/2023 00:31,False,,4.0,completed
US-ORD-000949,US-CUST-00321,US,USD,45.4,45.4,Automotive,02.11.2024,08.11.2024,False,,3.0,completed
US-ORD-000950,US-CUST-00265,US,USD,115.06,115.06,Beauty,02.07.2025,07-Jul-2025,False,,,completed
US-ORD-000951,US-CUST-00061,US,USD,99.9,99.9,Home & Kitchen,17.02.2023,19-Feb-2023,False,,3.0,cancelled
US-ORD-000952,US-CUST-00068,US,USD,101.88,101.88,Electronics,2025-06-14 00:00:00,17.06.2025,False,,4.0,completed
US-ORD-000953,US-CUST-00195,US,USD,13.48,13.48,Health,2023-08-19 00:00:00,2023-08-25 16:42:44,False,,2.0,completed
US-ORD-000954,US-CUST-00347,US,USD,99.85,99.85,Sports,01-Jun-2025,06/07/2025 06:01,False,,3.0,completed
US-ORD-000955,US-CUST-00228,US,USD,101.19,101.19,Electronics,04.06.2025,09-Jun-2025,True,26.06.2025,3.0,completed
US-ORD-000956,US-CUST-00103,US,USD,29.62,29.62,Automotive,2024-02-15 00:00:00,02/16/2024 01:47,False,,4.0,completed
US-ORD-000957,US-CUST-00206,US,USD,4.58,4.58,Home & Kitchen,22.03.2023,27.03.2023,False,,3.0,completed
US-ORD-000958,US-CUST-00026,US,USD,105.56,105.56,Beauty,09-Jul-2024,13.07.2024,True,21-Aug-2024,,completed
US-ORD-000959,US-CUST-00095,US,USD,60.17,60.17,,03/03/2024 00:00,03/09/2024 11:07,False,,4.0,completed
US-ORD-000960,US-CUST-00425,US,USD,89.23,89.23,Fashion,11/23/2025 00:00,28-Nov-2025,False,,,completed
US-ORD-000961,US-CUST-00430,US,USD,5.9,5.9,Health,05-Jul-2023,2023-07-11 12:19:33,False,,4.0,completed
US-ORD-000962,US-CUST-00086,US,USD,29.25,29.25,Books,24-Jul-2023,2023-07-28 12:17:02,False,,3.0,completed
US-ORD-000963,US-CUST-00131,US,USD,68.95,68.95,Sports,02/02/2023 00:00,2023-02-07 16:01:31,False,,5.0,completed
US-ORD-000964,US-CUST-00176,US,USD,123.68,123.68,Electronics,08/20/2025 00:00,22.08.2025,False,,4.0,completed
US-ORD-000965,US-CUST-00271,US,USD,134.8,134.8,Home & Kitchen,07.11.2023,11/12/2023 18:34,True,28.11.2023,4.0,completed
US-ORD-000966,US-CUST-00109-DUP,US,USD,165.55,165.55,,02/22/2023 00:00,03/01/2023 01:08,False,,4.0,completed
US-ORD-000967,US-CUST-00549,US,USD,122.03,122.03,Books,31-Jan-2023,2023-02-12 06:57:16,False,,4.0,completed
US-ORD-000968,US-CUST-00098,US,USD,59.19,59.19,Sports,02-Jan-2023,10.01.2023,False,,3.0,completed
US-ORD-000969,US-CUST-00289,US,USD,143.96,143.96,Home & Kitchen,2024-02-06 00:00:00,02/20/2024 23:59,False,,2.0,completed
US-ORD-000970,US-CUST-00273,US,USD,91.54,91.54,Home & Kitchen,05/28/2024 00:00,28-May-2024,False,,4.0,completed
US-ORD-000971,US-CUST-00202,US,USD,114.84,114.84,Home & Kitchen,02/06/2025 00:00,2025-02-09 19:34:00,False,,4.0,cancelled
US-ORD-000972,US-CUST-00591,US,USD,162.94,162.94,Beauty,11-Mar-2023,14-Mar-2023,False,,3.0,completed
US-ORD-000973,US-CUST-00345,US,USD,141.67,141.67,Grocery,15.03.2024,2024-03-23 22:12:15,False,,4.0,completed
US-ORD-000974,US-CUST-00531,US,USD,120.52,120.52,Sports,17.01.2024,24-Jan-2024,False,,3.0,completed
US-ORD-000975,US-CUST-00123,US,USD,53.16,53.16,Toys,18.01.2025,01/25/2025 11:04,False,,5.0,completed
US-ORD-000976,US-CUST-00523,US,USD,100.33,100.33,Sports,12/12/2024 00:00,2024-12-15 05:46:08,False,,5.0,completed
US-ORD-000977,US-CUST-00545,US,USD,51.11,51.11,Electronics,30.03.2024,04/03/2024 07:54,False,,4.0,completed
US-ORD-000978,US-CUST-00434,US,USD,144.94,144.94,Home & Kitchen,12/23/2025 00:00,01/08/2026 16:59,False,,4.0,completed
US-ORD-000979,US-CUST-00307,US,USD,95.85,95.85,Sports,2025-03-31 00:00:00,05-Apr-2025,False,,4.0,completed
US-ORD-000980,US-CUST-00248,US,USD,3.0,3.0,Beauty,30-Sep-2024,2024-10-04 09:45:46,True,10/28/2024 00:00,4.0,completed
US-ORD-000981,US-CUST-00411,US,USD,23.2,23.2,Toys,2025-05-08 00:00:00,13.05.2025,False,,3.0,completed
US-ORD-000982,US-CUST-00109-DUP,US,USD,154.0,154.0,Beauty,07-Nov-2023,15.11.2023,True,25.11.2023,3.0,completed
US-ORD-000983,US-CUST-00349,US,USD,68.21,68.21,Sports,16.06.2025,20-Jun-2025,False,,3.0,completed
US-ORD-000984,US-CUST-00498,US,USD,83.78,83.78,Toys,25.03.2023,28-Mar-2023,False,,2.0,completed
US-ORD-000985,US-CUST-00442,US,USD,103.02,103.02,Fashion,31-Jul-2023,06.08.2023,False,,3.0,completed
US-ORD-000986,US-CUST-00257,US,USD,115.29,115.29,Sports,04.08.2023,07.08.2023,False,,4.0,completed
US-ORD-000987,US-CUST-00499,US,USD,111.92,111.92,Grocery,27-Jul-2023,31-Jul-2023,False,,4.0,completed
US-ORD-000988,US-CUST-00369,US,USD,51.76,51.76,Electronics,22-Feb-2025,2025-02-26 14:34:10,False,,3.0,completed
US-ORD-000989,US-CUST-00442,US,USD,41.4,41.4,Books,2023-03-23 00:00:00,27-Mar-2023,False,,,completed
US-ORD-000990,US-CUST-00259,US,USD,5.31,5.31,Electronics,06.01.2024,10.01.2024,False,,3.0,completed
US-ORD-000991,US-CUST-00269,US,USD,63.47,63.47,Books,12/05/2024 00:00,09-Dec-2024,False,,3.0,completed
US-ORD-000992,US-CUST-00551,US,USD,96.57,96.57,Toys,10/21/2024 00:00,10/27/2024 17:58,False,,3.0,completed
US-ORD-000993,US-CUST-00207,US,USD,20.86,20.86,Fashion,18.09.2024,07.10.2024,False,,3.0,completed
US-ORD-000994,US-CUST-00114,US,USD,59.16,59.16,Books,09/21/2025 00:00,24.09.2025,False,,2.0,completed
US-ORD-000995,US-CUST-00092,US,USD,54.47,54.47,Health,02-Nov-2025,11/07/2025 08:42,False,,4.0,completed
US-ORD-000996,US-CUST-00300,US,USD,49.92,49.92,Books,2023-10-26 00:00:00,30-Oct-2023,False,,3.0,completed
US-ORD-000997,US-CUST-00224,US,USD,73.59,73.59,Grocery,04/05/2024 00:00,04/08/2024 07:16,False,,4.0,completed
US-ORD-000998,US-CUST-00569,US,USD,3.0,3.0,Beauty,06/20/2025 00:00,2025-06-24 06:44:15,False,,4.0,completed
US-ORD-000999,US-CUST-00269,US,USD,83.27,83.27,Automotive,28-Nov-2025,08-Dec-2025,False,,,completed
US-ORD-001000,US-CUST-00252,US,USD,90.74,90.74,Books,04/25/2024 00:00,,False,,,completed
US-ORD-001001,US-CUST-00229,US,USD,70.7,70.7,Grocery,05-Nov-2025,18.11.2025,False,,3.0,completed
US-ORD-001002,US-CUST-00459,US,USD,37.51,37.51,Grocery,2023-04-19 00:00:00,25-Apr-2023,False,,3.0,completed
US-ORD-001003,US-CUST-00109-DUP,US,USD,69.75,69.75,Home & Kitchen,03-Sep-2025,06.09.2025,False,,5.0,completed
US-ORD-001004,US-CUST-00416,US,USD,60.54,60.54,Toys,10/01/2023 00:00,09.10.2023,False,,,completed
US-ORD-001005,US-CUST-00072,US,USD,111.64,111.64,Electronics,2024-10-06 00:00:00,,False,,,completed
US-ORD-001006,US-CUST-00122,US,USD,91.59,91.59,Beauty,27.11.2023,12/02/2023 18:54,False,,,completed
US-ORD-001007,US-CUST-00187,US,USD,3.0,3.0,Automotive,2025-04-06 00:00:00,10-Apr-2025,False,,4.0,completed
US-ORD-001008,US-CUST-00083,US,USD,72.8,72.8,Toys,30.12.2023,01/01/2024 04:33,False,,3.0,completed
US-ORD-001009,US-CUST-00172,US,USD,151.68,151.68,Health,2023-07-12 00:00:00,2023-07-19 11:51:02,False,,3.0,completed
US-ORD-001010,US-CUST-00071,US,USD,117.82,117.82,,12/19/2025 00:00,2025-12-23 06:24:27,False,,2.0,completed
US-ORD-001011,US-CUST-00587,US,USD,33.4,33.4,Home & Kitchen,10/17/2025 00:00,2025-10-25 03:01:07,False,,3.0,completed
US-ORD-001012,US-CUST-00123,US,USD,64.05,64.05,Health,30.12.2023,2024-01-03 09:36:27,False,,,completed
US-ORD-001013,US-CUST-00345,US,USD,160.69,160.69,Books,09-Aug-2023,08/17/2023 06:02,False,,5.0,completed
US-ORD-001014,US-CUST-00502,US,USD,67.84,67.84,Grocery,03/07/2025 00:00,2025-03-12 14:11:23,False,,2.0,completed
US-ORD-001015,US-CUST-00284-DUP,US,USD,141.46,141.46,Books,2023-03-27 00:00:00,29-Mar-2023,False,,4.0,completed
US-ORD-001016,US-CUST-00138,US,USD,25.62,25.62,Books,06-Jul-2023,09-Jul-2023,False,,3.0,completed
US-ORD-001017,US-CUST-00313,US,USD,47.65,47.65,Toys,22-Aug-2024,25-Aug-2024,True,09.09.2024,3.0,completed
US-ORD-001018,US-CUST-00419-DUP,US,USD,112.5,112.5,Electronics,08/11/2024 00:00,,False,,,completed
US-ORD-001019,US-CUST-00444,US,USD,84.92,84.92,,04/09/2023 00:00,16-Apr-2023,False,,3.0,completed
US-ORD-001020,US-CUST-00211,US,USD,42.69,42.69,Beauty,2023-04-02 00:00:00,04/06/2023 12:56,False,,5.0,completed
US-ORD-001021,US-CUST-00338,US,USD,83.73,83.73,Beauty,02/20/2025 00:00,2025-03-09 22:30:06,False,,,completed
US-ORD-001022,US-CUST-00432,US,USD,96.77,96.77,Books,12.04.2024,04/14/2024 19:05,False,,4.0,completed
US-ORD-001023,US-CUST-00499,US,USD,93.39,93.39,Toys,12.07.2024,16-Jul-2024,False,,3.0,completed
US-ORD-001024,US-CUST-00500,US,USD,35.1,35.1,Electronics,2025-03-20 00:00:00,03/26/2025 01:40,False,,5.0,completed
US-ORD-001025,US-CUST-00267,US,USD,46.32,46.32,Home & Kitchen,2024-11-01 00:00:00,06-Nov-2024,False,,,completed
US-ORD-001026,US-CUST-00490,US,USD,3.0,3.0,Beauty,2025-03-19 00:00:00,22-Mar-2025,False,,3.0,completed
US-ORD-001027,US-CUST-00146,US,USD,34.06,34.06,Toys,19-Mar-2023,2023-03-22 03:02:51,False,,3.0,completed
US-ORD-001028,US-CUST-00156,US,USD,88.15,88.15,Health,26.03.2023,03/30/2023 15:00,False,,1.0,completed
US-ORD-001029,US-CUST-00065,US,USD,3.0,3.0,Home & Kitchen,05/28/2024 00:00,2024-05-31 18:52:13,False,,4.0,completed
US-ORD-001030,US-CUST-00570,US,USD,3.0,3.0,Books,02/03/2024 00:00,07-Feb-2024,False,,3.0,completed
US-ORD-001031,US-CUST-00173,US,USD,137.48,137.48,Electronics,12.10.2024,,False,,,completed
US-ORD-001032,US-CUST-00122,US,USD,92.23,92.23,Fashion,10/21/2023 00:00,,True,06-Nov-2023,,completed
US-ORD-001033,US-CUST-00585,US,USD,3.0,3.0,Automotive,14-Mar-2023,,False,,,completed
US-ORD-001034,US-CUST-00465,US,USD,84.69,84.69,Grocery,03-Mar-2025,09-Mar-2025,False,,,completed
US-ORD-001035,US-CUST-00397,US,USD,251.68,251.68,Grocery,10.11.2023,11/10/2023 19:57,False,,,completed
US-ORD-001036,US-CUST-00232,US,USD,152.61,152.61,Electronics,23-Jan-2025,2025-01-27 10:12:09,False,,4.0,completed
US-ORD-001037,US-CUST-00474,US,USD,72.95,72.95,Beauty,23.12.2024,27-Dec-2024,False,,,completed
US-ORD-001038,US-CUST-00372,US,USD,49.36,49.36,Home & Kitchen,27-Mar-2025,04/01/2025 15:48,False,,,completed
US-ORD-001039,US-CUST-00422,US,USD,6.73,6.73,Books,2025-04-16 00:00:00,04/22/2025 12:01,False,,3.0,completed
US-ORD-001040,US-CUST-00395,US,USD,24.15,24.15,Health,11/22/2024 00:00,26-Nov-2024,False,,5.0,completed
US-ORD-001041,US-CUST-00133,US,USD,50.91,50.91,Toys,16-Nov-2023,11/21/2023 17:12,False,,,completed
US-ORD-001042,US-CUST-00365,US,USD,42.11,42.11,Electronics,12/22/2025 00:00,2025-12-28 12:22:48,True,2026-02-04 00:00:00,4.0,completed
US-ORD-001043,US-CUST-00179,US,USD,158.19,158.19,Sports,12.03.2024,16.03.2024,False,,4.0,completed
US-ORD-001044,US-CUST-00287,US,USD,79.41,79.41,Home & Kitchen,11/24/2023 00:00,12/19/2023 14:12,False,,3.0,completed
US-ORD-001045,US-CUST-00488,US,USD,108.53,108.53,Grocery,10/28/2023 00:00,,False,,,completed
US-ORD-001046,US-CUST-00347,US,USD,72.11,72.11,Grocery,2025-01-12 00:00:00,2025-01-17 04:24:14,False,,4.0,completed
US-ORD-001047,US-CUST-00201,US,USD,69.77,69.77,Home & Kitchen,22.05.2023,27-May-2023,False,,,completed
US-ORD-001048,US-CUST-00373,US,USD,146.02,146.02,Books,20.06.2023,2023-06-26 23:18:05,False,,,completed
US-ORD-001049,US-CUST-00244,US,USD,114.11,114.11,Health,27.07.2024,,False,,,completed
US-ORD-001050,US-CUST-00010,US,USD,34.98,34.98,,2025-06-05 00:00:00,11-Jun-2025,False,,4.0,completed
US-ORD-001051,US-CUST-00343,US,USD,141.27,141.27,Grocery,13.02.2024,,False,,,completed
US-ORD-001052,US-CUST-00460,US,USD,64.67,64.67,Toys,2025-05-19 00:00:00,05.06.2025,False,,3.0,completed
US-ORD-001053,US-CUST-00248,US,USD,119.85,119.85,Health,2024-10-14 00:00:00,,False,,,completed
US-ORD-001054,US-CUST-00349,US,USD,103.82,103.82,Home & Kitchen,2023-05-14 00:00:00,2023-05-18 14:51:21,False,,4.0,completed
US-ORD-001055,US-CUST-00083,US,USD,23.35,23.35,Books,08/01/2025 00:00,2025-08-14 04:05:24,False,,1.0,completed
US-ORD-001056,US-CUST-00487,US,USD,66.59,66.59,Electronics,07/07/2023 00:00,07/08/2023 17:44,True,24-Jul-2023,5.0,completed
US-ORD-001057,US-CUST-00202,US,USD,109.98,109.98,Automotive,11.10.2025,2025-10-16 22:24:00,False,,5.0,completed
US-ORD-001058,US-CUST-00233,US,USD,32.3,32.3,Fashion,01/23/2024 00:00,,False,,,completed
US-ORD-001059,US-CUST-00543,US,USD,116.95,116.95,Automotive,2024-08-30 00:00:00,09/03/2024 12:38,False,,5.0,completed
US-ORD-001060,US-CUST-00061,US,USD,25.22,25.22,Sports,30-May-2024,,False,,,completed
US-ORD-001061,US-CUST-00067,US,USD,47.61,47.61,Electronics,02.07.2025,05.07.2025,False,,3.0,completed
US-ORD-001062,US-CUST-00194,US,USD,130.04,130.04,Grocery,10/15/2024 00:00,19.10.2024,False,,4.0,completed
US-ORD-001063,US-CUST-00474,US,USD,49.33,49.33,Books,29-Mar-2023,30.03.2023,False,,,completed
US-ORD-001064,US-CUST-00152,US,USD,87.15,87.15,Toys,18-Oct-2023,,False,,,completed
US-ORD-001065,US-CUST-00345,US,USD,71.91,71.91,Home & Kitchen,06/08/2025 00:00,06/10/2025 06:19,False,,5.0,completed
US-ORD-001066,US-CUST-00443,US,USD,116.01,116.01,Home & Kitchen,14-Mar-2025,19.03.2025,False,,5.0,completed
US-ORD-001067,US-CUST-00331,US,USD,36.92,36.92,Grocery,24-Nov-2023,,False,,,completed
US-ORD-001068,US-CUST-00162,US,USD,83.99,83.99,Beauty,17.10.2023,10/22/2023 12:40,False,,5.0,completed
US-ORD-001069,US-CUST-00378,US,USD,107.96,107.96,Automotive,28-May-2025,16.06.2025,False,,,completed
US-ORD-001070,US-CUST-00487,US,USD,3.0,3.0,Books,04.07.2025,07.07.2025,False,,,completed
US-ORD-001071,US-CUST-00255,US,USD,69.48,69.48,Beauty,09-Nov-2024,11/14/2024 04:28,False,,2.0,completed
US-ORD-001072,US-CUST-00272,US,USD,183.53,183.53,Books,2023-02-09 00:00:00,26.02.2023,False,,4.0,completed
US-ORD-001073,US-CUST-00364,US,USD,78.24,78.24,Sports,31-Jan-2024,2024-02-04 13:48:50,False,,3.0,completed
US-ORD-001074,US-CUST-00118-DUP,US,USD,78.49,78.49,Books,2024-07-12 00:00:00,07/17/2024 12:22,False,,,completed
US-ORD-001075,US-CUST-00011,US,USD,19.12,19.12,Beauty,05.05.2023,05/10/2023 16:02,False,,3.0,completed
US-ORD-001076,US-CUST-00151,US,USD,3.0,3.0,,23-Oct-2023,26-Oct-2023,False,,,completed
US-ORD-001077,US-CUST-00291,US,USD,56.39,56.39,Automotive,11/18/2023 00:00,26.11.2023,False,,4.0,completed
US-ORD-001078,US-CUST-00563,US,USD,14.9,14.9,Electronics,2024-10-23 00:00:00,28-Oct-2024,False,,2.0,completed
US-ORD-001079,US-CUST-00040,US,USD,123.72,123.72,Toys,2024-10-25 00:00:00,2024-10-29 01:23:09,False,,3.0,completed
US-ORD-001080,US-CUST-00240,US,USD,134.66,134.66,Grocery,2023-09-28 00:00:00,,False,,,completed
US-ORD-001081,US-CUST-00405,US,USD,12.13,12.13,Books,01/01/2025 00:00,2025-01-04 19:59:14,False,,4.0,completed
US-ORD-001082,US-CUST-00053,US,USD,6.63,6.63,Beauty,07/03/2023 00:00,07/16/2023 00:00,False,,3.0,completed
US-ORD-001083,US-CUST-00405,US,USD,99.83,99.83,Beauty,2023-03-28 00:00:00,04/04/2023 09:36,False,,3.0,completed
US-ORD-001084,US-CUST-00213,US,USD,56.49,56.49,,08/16/2024 00:00,23-Aug-2024,False,,2.0,completed
US-ORD-001085,US-CUST-00155,US,USD,57.52,57.52,Books,2023-01-15 00:00:00,20.01.2023,False,,4.0,completed
US-ORD-001086,US-CUST-00200,US,USD,52.06,52.06,Sports,30.07.2024,08/04/2024 01:39,False,,1.0,completed
US-ORD-001087,US-CUST-00415,US,USD,45.38,45.38,Fashion,03/15/2025 00:00,20-Mar-2025,False,,3.0,completed
US-ORD-001088,US-CUST-00219,US,USD,77.65,77.65,Toys,27.03.2023,04/01/2023 21:26,False,,3.0,completed
US-ORD-001089,US-CUST-00185,US,USD,82.67,82.67,Beauty,22.04.2023,25.04.2023,False,,3.0,completed
US-ORD-001090,US-CUST-00254,US,USD,102.46,102.46,Books,2025-03-06 00:00:00,03/11/2025 07:32,False,,3.0,completed
US-ORD-001091,US-CUST-00581,US,USD,85.09,85.09,Electronics,01/01/2023 00:00,07.01.2023,False,,2.0,completed
US-ORD-001092,US-CUST-00035,US,USD,127.16,127.16,Beauty,2025-01-23 00:00:00,27.01.2025,False,,4.0,completed
US-ORD-001093,US-CUST-00031,US,USD,128.88,128.88,Grocery,22-Jun-2024,06/24/2024 06:09,False,,,completed
US-ORD-001094,US-CUST-00156,US,USD,43.08,43.08,Fashion,08/19/2023 00:00,23.08.2023,False,,3.0,completed
US-ORD-001095,US-CUST-00045,US,USD,153.07,153.07,,2025-02-11 00:00:00,14-Feb-2025,False,,3.0,completed
US-ORD-001096,US-CUST-00001,US,USD,84.2,84.2,Sports,2024-07-29 00:00:00,31.07.2024,True,08/21/2024 00:00,3.0,completed
US-ORD-001097,US-CUST-00090,US,USD,89.29,89.29,Health,10.06.2025,06/14/2025 08:01,False,,3.0,completed
US-ORD-001098,US-CUST-00355,US,USD,51.18,51.18,Health,25-Aug-2025,26.08.2025,False,,4.0,completed
US-ORD-001099,US-CUST-00555,US,USD,153.97,153.97,Books,02-Apr-2025,07.04.2025,False,,,completed
US-ORD-001100,US-CUST-00552,US,USD,85.14,85.14,Fashion,06/03/2025 00:00,09.06.2025,False,,2.0,completed
US-ORD-001101,US-CUST-00163,US,USD,151.61,151.61,Health,12/04/2024 00:00,12/09/2024 09:42,False,,5.0,completed
US-ORD-001102,US-CUST-00589,US,USD,42.01,42.01,Toys,2024-02-26 00:00:00,2024-03-05 15:16:01,False,,4.0,completed
US-ORD-001103,US-CUST-00561,US,USD,99.89,99.89,Beauty,04-Dec-2023,09-Dec-2023,False,,3.0,completed
US-ORD-001104,US-CUST-00192,US,USD,129.02,129.02,Beauty,2025-03-15 00:00:00,2025-03-20 06:44:14,False,,2.0,completed
US-ORD-001105,US-CUST-00554,US,USD,24.73,24.73,Fashion,2025-10-30 00:00:00,03.11.2025,False,,4.0,completed
US-ORD-001106,US-CUST-00259,US,USD,72.45,72.45,,27-Jan-2024,02/03/2024 10:30,False,,2.0,completed
US-ORD-001107,US-CUST-00383,US,USD,81.46,81.46,Books,05/14/2025 00:00,,False,,,completed
US-ORD-001108,US-CUST-00484,US,USD,109.19,109.19,Automotive,06-Sep-2025,2025-09-10 19:27:57,False,,4.0,completed
US-ORD-001109,US-CUST-00389,US,USD,36.13,36.13,Toys,2023-07-20 00:00:00,27.07.2023,False,,,completed
US-ORD-001110,US-CUST-00480,US,USD,121.88,121.88,Grocery,2023-06-27 00:00:00,2023-07-15 04:00:36,False,,3.0,completed
US-ORD-001111,US-CUST-00474,US,USD,101.09,101.09,Beauty,13.07.2025,2025-07-25 14:04:08,False,,4.0,completed
US-ORD-001112,US-CUST-00502,US,USD,149.23,149.23,Health,03/05/2025 00:00,,False,,,completed
US-ORD-001113,US-CUST-00203,US,USD,42.17,42.17,,23-Aug-2024,28-Aug-2024,False,,2.0,completed
US-ORD-001114,US-CUST-00348,US,USD,100.76,100.76,Toys,12-Jan-2023,01/17/2023 21:37,False,,2.0,completed
US-ORD-001115,US-CUST-00537,US,USD,22.72,22.72,Fashion,29.06.2025,08-Jul-2025,False,,3.0,completed
US-ORD-001116,US-CUST-00366,US,USD,20.57,20.57,Toys,06-Aug-2023,11-Aug-2023,False,,,completed
US-ORD-001117,US-CUST-00382,US,USD,86.32,86.32,Home & Kitchen,13.05.2024,05/17/2024 14:40,False,,,completed
US-ORD-001118,US-CUST-00400,US,USD,40.99,40.99,Automotive,2024-01-15 00:00:00,01/22/2024 02:20,False,,5.0,completed
US-ORD-001119,US-CUST-00249,US,USD,53.24,53.24,Electronics,10-Nov-2025,2025-11-13 18:36:57,False,,4.0,completed
US-ORD-001120,US-CUST-00072,US,USD,58.89,58.89,Grocery,01/22/2024 00:00,01/26/2024 17:18,False,,4.0,completed
US-ORD-001121,US-CUST-00579,US,USD,3.0,3.0,Home & Kitchen,11/10/2025 00:00,,False,,,completed
US-ORD-001122,US-CUST-00028,US,USD,78.27,78.27,Books,04/26/2025 00:00,30-Apr-2025,True,2025-05-24 00:00:00,3.0,completed
US-ORD-001123,US-CUST-00521,US,USD,73.31,73.31,Toys,04-Feb-2025,02/05/2025 12:54,False,,5.0,completed
US-ORD-001124,US-CUST-00086,US,USD,76.86,76.86,Beauty,11/19/2023 00:00,2023-11-24 21:15:50,False,,4.0,completed
US-ORD-001125,US-CUST-00315,US,USD,29.05,29.05,Books,23-Mar-2023,28.03.2023,False,,3.0,completed
US-ORD-001126,US-CUST-00350,US,USD,113.1,113.1,Automotive,2025-03-01 00:00:00,03/01/2025 17:53,False,,3.0,completed
US-ORD-001127,US-CUST-00579,US,USD,47.87,47.87,Sports,07/03/2024 00:00,07/08/2024 20:44,False,,,completed
US-ORD-001128,US-CUST-00192,US,USD,96.15,96.15,Beauty,09/19/2024 00:00,22-Sep-2024,False,,3.0,completed
US-ORD-001129,US-CUST-00120,US,USD,70.02,70.02,Beauty,27.08.2024,30.08.2024,False,,4.0,completed
US-ORD-001130,US-CUST-00401,US,USD,58.39,58.39,Automotive,26-Feb-2024,02/26/2024 00:00,False,,3.0,completed
US-ORD-001131,US-CUST-00402,US,USD,28.27,28.27,Health,2025-07-29 00:00:00,2025-07-30 17:41:55,False,,2.0,completed
US-ORD-001132,US-CUST-00437,US,USD,79.92,79.92,Grocery,05-Jun-2024,12.06.2024,False,,4.0,completed
US-ORD-001133,US-CUST-00071,US,USD,47.71,47.71,Toys,02.09.2025,2025-09-17 21:53:00,False,,3.0,completed
US-ORD-001134,US-CUST-00010,US,USD,43.74,43.74,Home & Kitchen,2024-07-03 00:00:00,05-Jul-2024,False,,2.0,completed
US-ORD-001135,US-CUST-00023,US,USD,57.45,57.45,Sports,21.07.2024,26.07.2024,False,,3.0,completed
US-ORD-001136,US-CUST-00276,US,USD,56.28,56.28,Toys,18-Dec-2023,12/21/2023 02:36,False,,,completed
US-ORD-001137,US-CUST-00003,US,USD,102.37,102.37,Toys,05/19/2024 00:00,05/21/2024 08:46,False,,4.0,completed
US-ORD-001138,US-CUST-00454,US,USD,29.9,29.9,Automotive,10-Jun-2025,13-Jun-2025,False,,2.0,completed
US-ORD-001139,US-CUST-00503,US,USD,52.44,52.44,Automotive,26-Feb-2025,,False,,,completed
US-ORD-001140,US-CUST-00079,US,USD,98.2,98.2,Books,09-Dec-2025,15-Dec-2025,False,,4.0,completed
US-ORD-001141,US-CUST-00369-DUP,US,USD,25.33,25.33,Beauty,07-Apr-2025,11.04.2025,False,,3.0,completed
US-ORD-001142,US-CUST-00446,US,USD,134.88,134.88,Fashion,14-May-2024,16-May-2024,False,,4.0,completed
US-ORD-001143,US-CUST-00224,US,USD,115.18,115.18,Toys,07/03/2023 00:00,11.07.2023,False,,3.0,completed
US-ORD-001144,US-CUST-00081,US,USD,107.05,107.05,,20.02.2025,03/01/2025 13:31,False,,3.0,completed
US-ORD-001145,US-CUST-00237,US,USD,5.92,5.92,Home & Kitchen,2024-08-23 00:00:00,08/24/2024 05:45,False,,4.0,completed
US-ORD-001146,US-CUST-00078,US,USD,3.0,3.0,Sports,2023-12-27 00:00:00,12/31/2023 06:07,False,,4.0,completed
US-ORD-001147,US-CUST-00251,US,USD,83.33,83.33,Home & Kitchen,2024-07-05 00:00:00,10.07.2024,False,,,completed
US-ORD-001148,US-CUST-00138,US,USD,85.0,85.0,Sports,12/18/2023 00:00,,False,,,completed
US-ORD-001149,US-CUST-00179,US,USD,32.15,32.15,Home & Kitchen,2023-11-16 00:00:00,19.11.2023,False,,3.0,completed
US-ORD-001150,US-CUST-00471,US,USD,112.36,112.36,Automotive,28-Nov-2023,,False,,,completed
US-ORD-001151,US-CUST-00591,US,USD,95.31,95.31,Health,19-Mar-2025,26-Mar-2025,False,,2.0,completed
US-ORD-001152,US-CUST-00376,US,USD,150.03,150.03,Toys,08.12.2025,12/16/2025 01:06,False,,4.0,completed
US-ORD-001153,US-CUST-00150,US,USD,155.18,155.18,Toys,24-Apr-2025,25.04.2025,False,,3.0,completed
US-ORD-001154,US-CUST-00380,US,USD,41.91,41.91,Sports,10/14/2023 00:00,01-Nov-2023,False,,3.0,completed
US-ORD-001155,US-CUST-00443,US,USD,109.09,109.09,Electronics,2025-05-01 00:00:00,16.05.2025,False,,,completed
US-ORD-001156,US-CUST-00069,US,USD,106.28,106.28,Health,27.12.2024,,False,,,completed
US-ORD-001157,US-CUST-00521,US,USD,30.55,30.55,Health,09/27/2024 00:00,09/30/2024 07:21,False,,5.0,completed
US-ORD-001158,US-CUST-00529,US,USD,110.07,110.07,Electronics,2025-01-30 00:00:00,03-Feb-2025,False,,3.0,completed
US-ORD-001159,US-CUST-00579,US,USD,3.0,3.0,Toys,2025-09-25 00:00:00,,False,,,completed
US-ORD-001160,US-CUST-00393,US,USD,161.01,161.01,Toys,11.11.2023,13.11.2023,False,,4.0,completed
US-ORD-001161,US-CUST-00155,US,USD,120.33,120.33,Electronics,27-Mar-2023,03/29/2023 11:45,False,,4.0,completed
US-ORD-001162,US-CUST-00494,US,USD,117.21,117.21,,2024-06-06 00:00:00,,False,,,completed
US-ORD-001163,US-CUST-00264,US,USD,204.08,204.08,Grocery,06.12.2023,07.12.2023,False,,,completed
US-ORD-001164,US-CUST-00022,US,USD,122.64,122.64,Health,30-Oct-2024,03.11.2024,False,,4.0,completed
US-ORD-001165,US-CUST-00151,US,USD,94.86,94.86,Health,11/03/2024 00:00,06-Nov-2024,True,06.12.2024,4.0,completed
US-ORD-001166,US-CUST-00409,US,USD,3.0,3.0,Beauty,24-Mar-2024,2024-03-30 04:57:21,False,,4.0,completed
US-ORD-001167,US-CUST-00415,US,USD,103.74,103.74,Fashion,04-Sep-2024,2024-09-11 02:47:22,False,,4.0,completed
US-ORD-001168,US-CUST-00405,US,USD,81.66,81.66,Electronics,08/27/2025 00:00,30.08.2025,False,,3.0,completed
US-ORD-001169,US-CUST-00084,US,USD,128.4,128.4,Sports,2024-04-26 00:00:00,03.05.2024,False,,3.0,completed
US-ORD-001170,US-CUST-00155,US,USD,77.07,77.07,Home & Kitchen,2023-01-18 00:00:00,2023-01-21 04:34:42,False,,5.0,cancelled
US-ORD-001171,US-CUST-00585,US,USD,104.94,104.94,Electronics,2023-12-30 00:00:00,07.01.2024,False,,3.0,completed
US-ORD-001172,US-CUST-00196,US,USD,57.99,57.99,Books,09/26/2024 00:00,2024-10-01 11:06:33,False,,4.0,completed
US-ORD-001173,US-CUST-00266,US,USD,65.29,65.29,Fashion,10/01/2025 00:00,2025-10-04 06:05:52,False,,4.0,completed
US-ORD-001174,US-CUST-00463,US,USD,107.45,107.45,Fashion,20.11.2025,23.11.2025,True,01.01.2026,5.0,completed
US-ORD-001175,US-CUST-00316,US,USD,127.66,127.66,Sports,19.09.2024,24-Sep-2024,False,,,completed
US-ORD-001176,US-CUST-00459,US,USD,78.58,78.58,Home & Kitchen,08/02/2025 00:00,,True,2025-09-14 00:00:00,,completed
US-ORD-001177,US-CUST-00565,US,USD,36.22,36.22,Sports,31.05.2023,06/05/2023 01:26,False,,2.0,completed
US-ORD-001178,US-CUST-00258,US,USD,114.44,114.44,Grocery,05-Mar-2024,06-Mar-2024,False,,5.0,completed
US-ORD-001179,US-CUST-00432,US,USD,60.14,60.14,Grocery,16.10.2025,20.10.2025,False,,3.0,completed
US-ORD-001180,US-CUST-00151,US,USD,62.04,62.04,Electronics,2024-01-12 00:00:00,19.01.2024,False,,,completed
US-ORD-001181,US-CUST-00369,US,USD,3.0,3.0,Health,06.05.2024,05/13/2024 13:17,False,,4.0,completed
US-ORD-001182,US-CUST-00517,US,USD,20.68,20.68,,02.02.2025,02/04/2025 20:23,False,,5.0,completed
US-ORD-001183,US-CUST-00284-DUP,US,USD,32.45,32.45,Automotive,18.12.2025,20-Dec-2025,False,,5.0,completed
US-ORD-001184,US-CUST-00064,US,USD,90.23,90.23,Electronics,23-Jul-2025,,False,,,completed
US-ORD-001185,US-CUST-00271,US,USD,84.75,84.75,Grocery,04.05.2025,05/06/2025 22:45,False,,4.0,completed
US-ORD-001186,US-CUST-00460,US,USD,122.76,122.76,Beauty,03/21/2023 00:00,27-Mar-2023,False,,4.0,completed
US-ORD-001187,US-CUST-00016,US,USD,154.25,154.25,Electronics,30.05.2025,03.06.2025,False,,,completed
US-ORD-001188,US-CUST-00398,US,USD,21.82,21.82,Grocery,15.04.2023,20.04.2023,False,,,completed
US-ORD-001189,US-CUST-00021,US,USD,168.87,168.87,Electronics,2024-02-15 00:00:00,,False,,,completed
US-ORD-001190,US-CUST-00370,US,USD,58.73,58.73,Home & Kitchen,2024-06-12 00:00:00,17-Jun-2024,False,,3.0,completed
US-ORD-001191,US-CUST-00003,US,USD,30.8,30.8,Sports,08/14/2024 00:00,2024-08-21 05:50:57,False,,5.0,completed
US-ORD-001192,US-CUST-00523,US,USD,83.83,83.83,Home & Kitchen,2024-07-07 00:00:00,2024-07-10 04:36:16,False,,2.0,completed
US-ORD-001193,US-CUST-00018,US,USD,86.61,86.61,Fashion,2024-07-23 00:00:00,09-Aug-2024,False,,4.0,completed
US-ORD-001194,US-CUST-00030,US,USD,74.89,74.89,Home & Kitchen,29.11.2023,12/02/2023 19:42,False,,3.0,completed
US-ORD-001195,US-CUST-00110-DUP,US,USD,112.56,112.56,Fashion,2025-06-04 00:00:00,10-Jun-2025,False,,2.0,completed
US-ORD-001196,US-CUST-00463,US,USD,146.54,146.54,Grocery,04/09/2024 00:00,15.04.2024,False,,5.0,cancelled
US-ORD-001197,US-CUST-00474,US,USD,14.6,14.6,Electronics,2024-12-28 00:00:00,30.12.2024,False,,,completed
US-ORD-001198,US-CUST-00348,US,USD,68.3,68.3,Automotive,2023-07-16 00:00:00,07/22/2023 00:08,False,,5.0,completed
US-ORD-001199,US-CUST-00307,US,USD,106.77,106.77,Books,03/08/2023 00:00,12-Mar-2023,False,,3.0,completed
US-ORD-001200,US-CUST-00307,US,USD,130.35,130.35,Home & Kitchen,16-Feb-2025,2025-02-19 01:41:38,False,,5.0,completed
US-ORD-001201,US-CUST-00341,US,USD,62.2,62.2,Books,06.08.2024,2024-08-23 04:20:52,False,,4.0,completed
US-ORD-001202,US-CUST-00591,US,USD,68.84,68.84,Automotive,10.01.2024,01/13/2024 23:04,True,2024-02-03 00:00:00,3.0,completed
US-ORD-001203,US-CUST-00341,US,USD,94.27,94.27,Fashion,01.09.2024,2024-09-06 03:42:12,False,,3.0,completed
US-ORD-001204,US-CUST-00369,US,USD,67.55,67.55,Fashion,08-Oct-2023,2023-10-13 03:46:18,False,,2.0,completed
US-ORD-001205,US-CUST-00582,US,USD,95.62,95.62,Home & Kitchen,2024-06-25 00:00:00,06/28/2024 00:58,False,,2.0,completed
US-ORD-001206,US-CUST-00244,US,USD,3.0,3.0,Grocery,04-Feb-2023,02/05/2023 09:53,False,,2.0,cancelled
US-ORD-001207,US-CUST-00397,US,USD,43.09,43.09,Sports,12/07/2025 00:00,12/15/2025 21:45,False,,3.0,completed
US-ORD-001208,US-CUST-00127,US,USD,83.0,83.0,Books,22-Aug-2024,27-Aug-2024,False,,4.0,completed
US-ORD-001209,US-CUST-00594,US,USD,71.52,71.52,Electronics,2025-10-16 00:00:00,10/18/2025 14:37,False,,5.0,completed
US-ORD-001210,US-CUST-00136,US,USD,156.32,156.32,Home & Kitchen,05/24/2024 00:00,05/25/2024 15:13,False,,3.0,completed
US-ORD-001211,US-CUST-00211,US,USD,62.41,62.41,,19-Aug-2023,2023-08-22 01:42:07,False,,4.0,completed
US-ORD-001212,US-CUST-00211,US,USD,42.23,42.23,Books,10-Sep-2023,19.09.2023,False,,5.0,completed
US-ORD-001213,US-CUST-00061,US,USD,84.57,84.57,Grocery,12-May-2024,2024-05-19 01:17:43,False,,4.0,completed
US-ORD-001214,US-CUST-00542,US,USD,49.62,49.62,Toys,2024-02-22 00:00:00,25.02.2024,False,,4.0,completed
US-ORD-001215,US-CUST-00491,US,USD,113.77,113.77,Sports,12/13/2024 00:00,18.12.2024,False,,2.0,completed
US-ORD-001216,US-CUST-00148,US,USD,38.87,38.87,Electronics,2023-10-01 00:00:00,05-Oct-2023,False,,3.0,completed
US-ORD-001217,US-CUST-00250,US,USD,163.76,163.76,Health,01/29/2025 00:00,14-Feb-2025,True,2025-03-03 00:00:00,4.0,completed
US-ORD-001218,US-CUST-00429,US,USD,142.01,142.01,Electronics,18.12.2025,,False,,,cancelled
US-ORD-001219,US-CUST-00411,US,USD,56.8,56.8,Home & Kitchen,01.02.2024,06-Feb-2024,False,,4.0,completed
US-ORD-001220,US-CUST-00545,US,USD,83.8,83.8,Automotive,24.08.2025,2025-08-28 19:15:19,False,,4.0,completed
US-ORD-001221,US-CUST-00420,US,USD,3.0,3.0,,2025-06-01 00:00:00,,False,,,completed
US-ORD-001222,US-CUST-00451,US,USD,80.68,80.68,Health,04/24/2025 00:00,,False,,,completed
US-ORD-001223,US-CUST-00287,US,USD,167.11,167.11,Beauty,15-Mar-2024,,True,17-Apr-2024,,completed
US-ORD-001224,US-CUST-00246,US,USD,56.86,56.86,Books,2023-07-11 00:00:00,2023-07-19 23:35:40,False,,3.0,completed
US-ORD-001225,US-CUST-00421,US,USD,50.24,50.24,Health,21.07.2024,2024-07-25 16:56:34,False,,,completed
US-ORD-001226,US-CUST-00463,US,USD,112.83,112.83,Automotive,10/28/2025 00:00,2025-11-02 09:58:28,False,,2.0,completed
US-ORD-001227,US-CUST-00183,US,USD,51.05,51.05,,07/19/2023 00:00,07/22/2023 18:50,False,,3.0,completed
US-ORD-001228,US-CUST-00032,US,USD,94.16,94.16,Home & Kitchen,2024-02-09 00:00:00,,False,,,completed
US-ORD-001229,US-CUST-00162,US,USD,3.0,3.0,Books,23-Feb-2024,01.03.2024,False,,4.0,completed
US-ORD-001230,US-CUST-00157,US,USD,137.3,137.3,,17-Dec-2023,22-Dec-2023,False,,4.0,completed
US-ORD-001231,US-CUST-00545,US,USD,95.99,95.99,Home & Kitchen,04/14/2024 00:00,21.04.2024,False,,,completed
US-ORD-001232,US-CUST-00020,US,USD,98.5,98.5,Home & Kitchen,05/20/2025 00:00,24.05.2025,False,,,completed
US-ORD-001233,US-CUST-00115,US,USD,177.26,177.26,Health,08-Feb-2025,02/22/2025 18:40,False,,4.0,completed
US-ORD-001234,US-CUST-00556,US,USD,17.57,17.57,Electronics,2023-10-04 00:00:00,10/06/2023 10:09,False,,4.0,completed
US-ORD-001235,US-CUST-00502,US,USD,81.55,81.55,Books,06/21/2023 00:00,07.07.2023,False,,4.0,completed
US-ORD-001236,US-CUST-00329,US,USD,146.49,146.49,Fashion,27-Mar-2024,2024-04-02 09:22:45,False,,2.0,completed
US-ORD-001237,US-CUST-00031,US,USD,69.98,69.98,,2024-07-19 00:00:00,2024-07-22 09:21:41,False,,,completed
US-ORD-001238,US-CUST-00058,US,USD,57.55,57.55,Fashion,2023-06-16 00:00:00,2023-06-20 04:08:47,False,,3.0,completed
US-ORD-001239,US-CUST-00369-DUP,US,USD,18.52,18.52,Books,24-Dec-2024,11.01.2025,False,,3.0,completed
US-ORD-001240,US-CUST-00480,US,USD,3.0,3.0,Fashion,2025-12-05 00:00:00,14.12.2025,False,,4.0,completed
US-ORD-001241,US-CUST-00386,US,USD,58.07,58.07,,15.08.2025,,False,,,completed
US-ORD-001242,US-CUST-00152,US,USD,22.28,22.28,Books,01.07.2023,07/09/2023 09:23,False,,5.0,completed
US-ORD-001243,US-CUST-00040,US,USD,82.05,82.05,Books,20-Oct-2024,10/27/2024 01:07,False,,4.0,completed
US-ORD-001244,US-CUST-00538,US,USD,14.85,14.85,Beauty,03/01/2024 00:00,05-Mar-2024,False,,4.0,completed
US-ORD-001245,US-CUST-00541,US,USD,54.55,54.55,Sports,2023-05-05 00:00:00,09-May-2023,False,,,completed
US-ORD-001246,US-CUST-00541,US,USD,70.89,70.89,Home & Kitchen,2024-06-13 00:00:00,06/17/2024 20:07,False,,4.0,completed
US-ORD-001247,US-CUST-00314,US,USD,27.27,27.27,Home & Kitchen,11-May-2024,31.05.2024,False,,2.0,completed
US-ORD-001248,US-CUST-00219,US,USD,119.0,119.0,Beauty,2023-02-12 00:00:00,02/12/2023 18:55,False,,5.0,completed
US-ORD-001249,US-CUST-00399,US,USD,137.39,137.39,Fashion,05/30/2024 00:00,,False,,,completed
US-ORD-001250,US-CUST-00377,US,USD,3.0,3.0,Sports,04.02.2025,,False,,,completed
US-ORD-001251,US-CUST-00286,US,USD,72.11,72.11,Sports,18.01.2024,2024-01-20 23:29:28,False,,3.0,completed
US-ORD-001252,US-CUST-00247,US,USD,143.86,143.86,Health,12/22/2025 00:00,,False,,,completed
US-ORD-001253,US-CUST-00209,US,USD,33.39,33.39,Books,07/18/2024 00:00,25.07.2024,True,2024-08-23 00:00:00,3.0,completed
US-ORD-001254,US-CUST-00144,US,USD,65.39,65.39,Beauty,2024-12-28 00:00:00,02.01.2025,False,,3.0,completed
US-ORD-001255,US-CUST-00469-DUP,US,USD,98.02,98.02,Health,2025-07-20 00:00:00,2025-07-28 20:53:14,False,,4.0,completed
US-ORD-001256,US-CUST-00035,US,USD,72.84,72.84,Grocery,2024-02-10 00:00:00,14.02.2024,False,,3.0,completed
US-ORD-001257,US-CUST-00565,US,USD,128.13,128.13,Grocery,2025-10-31 00:00:00,03-Nov-2025,False,,,cancelled
US-ORD-001258,US-CUST-00562,US,USD,77.04,77.04,Beauty,01/14/2024 00:00,2024-01-19 02:27:26,False,,3.0,completed
US-ORD-001259,US-CUST-00055-DUP,US,USD,13.24,13.24,Electronics,2025-12-08 00:00:00,13-Dec-2025,False,,3.0,completed
US-ORD-001260,US-CUST-00059,US,USD,97.51,97.51,Electronics,2025-04-30 00:00:00,03-May-2025,False,,5.0,completed
US-ORD-001261,US-CUST-00542,US,USD,35.55,35.55,Fashion,26-May-2023,03.06.2023,False,,2.0,completed
US-ORD-001262,US-CUST-00030-DUP,US,USD,94.56,94.56,Automotive,02/24/2023 00:00,03/01/2023 22:49,False,,,completed
US-ORD-001263,US-CUST-00301,US,USD,39.2,39.2,Sports,07/13/2025 00:00,2025-07-18 20:22:15,False,,5.0,completed
US-ORD-001264,US-CUST-00047,US,USD,3.0,3.0,Electronics,2025-04-14 00:00:00,20.04.2025,False,,1.0,completed
US-ORD-001265,US-CUST-00208,US,USD,31.55,31.55,Toys,21.09.2023,,True,2023-10-12 00:00:00,,completed
US-ORD-001266,US-CUST-00179,US,USD,48.82,48.82,Electronics,07/01/2023 00:00,2023-07-03 15:39:13,False,,3.0,completed
US-ORD-001267,US-CUST-00496,US,USD,168.06,168.06,Books,28-Nov-2024,11/29/2024 08:04,False,,3.0,completed
US-ORD-001268,US-CUST-00311,US,USD,142.38,142.38,Automotive,2023-10-20 00:00:00,28.10.2023,False,,3.0,completed
US-ORD-001269,US-CUST-00127,US,USD,19.24,19.24,Beauty,2025-07-05 00:00:00,07/14/2025 04:36,False,,5.0,completed
US-ORD-001270,US-CUST-00578,US,USD,105.55,105.55,Grocery,2025-01-28 00:00:00,,False,,,completed
US-ORD-001271,US-CUST-00596,US,USD,72.79,72.79,Automotive,08/08/2024 00:00,,False,,,completed
US-ORD-001272,US-CUST-00467,US,USD,89.89,89.89,Automotive,2025-05-11 00:00:00,18.05.2025,False,,4.0,completed
US-ORD-001273,US-CUST-00578,US,USD,26.52,26.52,Home & Kitchen,2024-08-28 00:00:00,04-Sep-2024,False,,4.0,completed
US-ORD-001274,US-CUST-00228,US,USD,105.92,105.92,Sports,21.10.2025,10/28/2025 22:23,False,,2.0,completed
US-ORD-001275,US-CUST-00484,US,USD,73.39,73.39,Toys,05/30/2025 00:00,2025-06-02 22:29:24,False,,,completed
US-ORD-001276,US-CUST-00575,US,USD,4.45,4.45,Grocery,08/30/2023 00:00,2023-09-04 16:38:31,False,,5.0,completed
US-ORD-001277,US-CUST-00574,US,USD,3.0,3.0,Books,2024-03-27 00:00:00,31.03.2024,False,,4.0,completed
US-ORD-001278,US-CUST-00444,US,USD,80.54,80.54,Electronics,06.08.2024,2024-08-10 18:34:11,False,,2.0,completed
US-ORD-001279,US-CUST-00391,US,USD,85.48,85.48,Toys,29-Oct-2023,11/01/2023 11:40,False,,2.0,completed
US-ORD-001280,US-CUST-00194,US,USD,128.76,128.76,,30.05.2023,05-Jun-2023,False,,,completed
US-ORD-001281,US-CUST-00318,US,USD,77.32,77.32,Sports,04.09.2023,09-Sep-2023,False,,4.0,completed
US-ORD-001282,US-CUST-00398,US,USD,85.1,85.1,Electronics,2023-03-25 00:00:00,03/31/2023 19:23,True,30-Apr-2023,,completed
US-ORD-001283,US-CUST-00342,US,USD,61.61,61.61,Toys,2023-08-28 00:00:00,,False,,,completed
US-ORD-001284,US-CUST-00329,US,USD,89.44,89.44,Toys,2023-05-16 00:00:00,21.05.2023,False,,2.0,completed
US-ORD-001285,US-CUST-00377,US,USD,87.91,87.91,Health,12/29/2023 00:00,01-Jan-2024,False,,3.0,completed
US-ORD-001286,US-CUST-00143,US,USD,38.31,38.31,Electronics,07-Jul-2024,09.07.2024,False,,,completed
US-ORD-001287,US-CUST-00485,US,USD,170.61,170.61,Home & Kitchen,23-Apr-2025,2025-04-30 15:54:15,False,,5.0,completed
US-ORD-001288,US-CUST-00207,US,USD,19.97,19.97,Automotive,26-Nov-2023,01.12.2023,True,09.01.2024,2.0,completed
US-ORD-001289,US-CUST-00557,US,USD,43.69,43.69,Books,2023-09-29 00:00:00,10/02/2023 03:55,False,,5.0,completed
US-ORD-001290,US-CUST-00224,US,USD,57.17,57.17,Home & Kitchen,24-Feb-2024,,False,,,completed
US-ORD-001291,US-CUST-00558,US,USD,102.19,102.19,Books,17.11.2025,26.11.2025,False,,2.0,completed
US-ORD-001292,US-CUST-00096,US,USD,131.67,131.67,Home & Kitchen,11-Apr-2023,04/18/2023 07:01,False,,3.0,completed
US-ORD-001293,US-CUST-00474,US,USD,120.32,120.32,Beauty,19-Apr-2023,2023-04-24 16:08:05,False,,,completed
US-ORD-001294,US-CUST-00186,US,USD,64.76,64.76,Home & Kitchen,2023-12-15 00:00:00,2023-12-18 08:27:03,False,,3.0,completed
US-ORD-001295,US-CUST-00448,US,USD,167.24,167.24,Health,06/18/2024 00:00,23.06.2024,False,,4.0,completed
US-ORD-001296,US-CUST-00460,US,USD,39.41,39.41,Health,2024-04-19 00:00:00,02.05.2024,False,,4.0,completed
US-ORD-001297,US-CUST-00508,US,USD,14.27,14.27,Toys,05/27/2025 00:00,31-May-2025,False,,,completed
US-ORD-001298,US-CUST-00147,US,USD,76.53,76.53,Home & Kitchen,2025-11-27 00:00:00,,False,,,completed
US-ORD-001299,US-CUST-00374,US,USD,66.94,66.94,Home & Kitchen,2023-12-17 00:00:00,12/22/2023 18:59,False,,,completed
US-ORD-001300,US-CUST-00178,US,USD,106.18,106.18,Fashion,2025-07-05 00:00:00,07/11/2025 11:15,False,,3.0,completed
US-ORD-001301,US-CUST-00240,US,USD,62.21,62.21,Books,12-Oct-2023,2023-10-19 09:20:55,False,,4.0,completed
US-ORD-001302,US-CUST-00034,US,USD,13.22,13.22,Health,08/14/2024 00:00,08/19/2024 16:52,False,,2.0,completed
US-ORD-001303,US-CUST-00524,US,USD,77.11,77.11,Automotive,2025-06-06 00:00:00,14.06.2025,False,,3.0,completed
US-ORD-001304,US-CUST-00451,US,USD,37.46,37.46,Books,2024-08-03 00:00:00,09-Aug-2024,False,,2.0,completed
US-ORD-001305,US-CUST-00191,US,USD,46.53,46.53,Beauty,2024-01-02 00:00:00,08-Jan-2024,False,,,completed
US-ORD-001306,US-CUST-00472,US,USD,46.46,46.46,Sports,14-Jul-2025,,False,,,completed
US-ORD-001307,US-CUST-00132,US,USD,108.49,108.49,Toys,05.10.2025,10-Oct-2025,False,,4.0,completed
US-ORD-001308,US-CUST-00536,US,USD,59.74,59.74,Grocery,2024-02-06 00:00:00,,False,,,completed
US-ORD-001309,US-CUST-00399,US,USD,69.43,69.43,Beauty,17-Jan-2024,2024-01-22 21:58:28,False,,3.0,completed
US-ORD-001310,US-CUST-00554,US,USD,66.78,66.78,Grocery,11/10/2024 00:00,,False,,,completed
US-ORD-001311,US-CUST-00301,US,USD,73.42,73.42,Books,12/02/2024 00:00,05-Dec-2024,False,,2.0,completed
US-ORD-001312,US-CUST-00559,US,USD,86.64,86.64,Health,2023-09-30 00:00:00,05-Oct-2023,False,,,completed
US-ORD-001313,US-CUST-00494,US,USD,110.23,110.23,Sports,12/03/2023 00:00,07.12.2023,False,,4.0,completed
US-ORD-001314,US-CUST-00351,US,USD,99.79,99.79,Toys,04.12.2024,09-Dec-2024,False,,3.0,completed
US-ORD-001315,US-CUST-00572,US,USD,81.72,81.72,Fashion,30.10.2025,04.11.2025,True,04-Dec-2025,,cancelled
US-ORD-001316,US-CUST-00122,US,USD,75.32,75.32,Grocery,2024-10-18 00:00:00,18.10.2024,False,,4.0,completed
US-ORD-001317,US-CUST-00275,US,USD,174.56,174.56,Grocery,2023-08-20 00:00:00,08/24/2023 06:43,False,,3.0,completed
US-ORD-001318,US-CUST-00221,US,USD,91.8,91.8,Beauty,01/15/2025 00:00,03-Feb-2025,False,,5.0,completed
US-ORD-001319,US-CUST-00046,US,USD,18.4,18.4,Toys,2024-03-15 00:00:00,2024-03-21 11:06:22,False,,,completed
US-ORD-001320,US-CUST-00362,US,USD,101.57,101.57,Home & Kitchen,06/28/2024 00:00,2024-07-02 17:10:37,False,,4.0,completed
US-ORD-001321,US-CUST-00006,US,USD,121.33,121.33,Fashion,19.12.2025,2025-12-25 17:52:16,False,,2.0,completed
US-ORD-001322,US-CUST-00570,US,USD,111.91,111.91,Health,26-Apr-2024,30.04.2024,False,,,completed
US-ORD-001323,US-CUST-00141,US,USD,78.28,78.28,Automotive,26-Oct-2024,31-Oct-2024,False,,,completed
US-ORD-001324,US-CUST-00372,US,USD,68.24,68.24,Books,10.11.2025,17.11.2025,False,,3.0,completed
US-ORD-001325,US-CUST-00340,US,USD,24.62,24.62,Home & Kitchen,2024-08-12 00:00:00,2024-08-16 05:06:38,False,,4.0,completed
US-ORD-001326,US-CUST-00074,US,USD,130.31,130.31,,01/13/2023 00:00,19.01.2023,False,,,completed
US-ORD-001327,US-CUST-00208,US,USD,36.73,36.73,Books,26-Aug-2023,,True,20-Sep-2023,,completed
US-ORD-001328,US-CUST-00147,US,USD,86.91,86.91,Fashion,09-Jan-2024,16-Jan-2024,False,,3.0,completed
US-ORD-001329,US-CUST-00006,US,USD,99.0,99.0,Toys,03/30/2024 00:00,05-Apr-2024,False,,5.0,completed
US-ORD-001330,US-CUST-00556,US,USD,122.58,122.58,Home & Kitchen,2025-11-21 00:00:00,2025-11-27 17:51:55,False,,3.0,completed
US-ORD-001331,US-CUST-00008,US,USD,49.27,49.27,Fashion,2024-01-25 00:00:00,2024-01-30 15:57:54,False,,4.0,completed
US-ORD-001332,US-CUST-00413,US,USD,64.98,64.98,Sports,2025-04-30 00:00:00,07-May-2025,False,,5.0,completed
US-ORD-001333,US-CUST-00272,US,USD,33.77,33.77,Home & Kitchen,29-Dec-2023,01.01.2024,False,,3.0,completed
US-ORD-001334,US-CUST-00464,US,USD,88.84,88.84,Automotive,13-Nov-2023,2023-11-16 22:49:14,False,,5.0,completed
US-ORD-001335,US-CUST-00179,US,USD,94.08,94.08,Fashion,2024-05-08 00:00:00,05/13/2024 01:53,False,,2.0,completed
US-ORD-001336,US-CUST-00029,US,USD,15.79,15.79,Beauty,16.03.2024,03/21/2024 13:29,False,,,completed
US-ORD-001337,US-CUST-00437,US,USD,3.0,3.0,Automotive,14.11.2023,11/21/2023 00:36,False,,,completed
US-ORD-001338,US-CUST-00250,US,USD,67.88,67.88,Sports,06/04/2023 00:00,06/15/2023 11:40,False,,5.0,completed
US-ORD-001339,US-CUST-00402,US,USD,66.83,66.83,Sports,22.09.2024,26-Sep-2024,False,,4.0,completed
US-ORD-001340,US-CUST-00457,US,USD,151.64,151.64,Automotive,10-Feb-2023,11-Feb-2023,False,,2.0,cancelled
US-ORD-001341,US-CUST-00479,US,USD,47.01,47.01,Grocery,24-Dec-2023,,False,,,completed
US-ORD-001342,US-CUST-00248,US,USD,97.36,97.36,Grocery,03/14/2024 00:00,03/21/2024 03:20,False,,,completed
US-ORD-001343,US-CUST-00271,US,USD,21.01,21.01,Home & Kitchen,21-Jul-2023,2023-07-21 08:49:30,False,,,completed
US-ORD-001344,US-CUST-00381,US,USD,113.61,113.61,Health,11.08.2025,14-Aug-2025,False,,2.0,completed
US-ORD-001345,US-CUST-00397,US,USD,81.53,81.53,Toys,2025-12-31 00:00:00,2026-01-06 14:04:20,False,,3.0,completed
US-ORD-001346,US-CUST-00095,US,USD,54.4,54.4,Fashion,2024-10-18 00:00:00,10/22/2024 16:21,False,,3.0,completed
US-ORD-001347,US-CUST-00523,US,USD,14.34,14.34,Automotive,12/09/2023 00:00,2023-12-12 13:41:43,False,,4.0,completed
US-ORD-001348,US-CUST-00117,US,USD,89.48,89.48,Electronics,02/07/2024 00:00,2024-02-12 08:04:00,False,,3.0,completed
US-ORD-001349,US-CUST-00117,US,USD,66.83,66.83,Home & Kitchen,2023-11-06 00:00:00,06-Nov-2023,False,,4.0,completed
US-ORD-001350,US-CUST-00351,US,USD,139.3,139.3,Toys,22-Feb-2025,2025-02-24 01:14:29,False,,3.0,completed
US-ORD-001351,US-CUST-00549,US,USD,89.81,89.81,Automotive,2024-02-10 00:00:00,17.02.2024,False,,3.0,completed
US-ORD-001352,US-CUST-00404,US,USD,43.85,43.85,Sports,07/21/2025 00:00,08/05/2025 01:29,False,,4.0,completed
US-ORD-001353,US-CUST-00284-DUP,US,USD,166.89,166.89,Automotive,01/18/2023 00:00,01/23/2023 13:18,False,,3.0,completed
US-ORD-001354,US-CUST-00219,US,USD,89.49,89.49,Books,21.01.2025,2025-01-25 23:28:03,False,,3.0,completed
US-ORD-001355,US-CUST-00367,US,USD,112.05,112.05,Electronics,13.10.2025,18-Oct-2025,False,,4.0,completed
US-ORD-001356,US-CUST-00026,US,USD,31.11,31.11,Sports,03/04/2025 00:00,16.03.2025,False,,4.0,completed
US-ORD-001357,US-CUST-00588-DUP,US,USD,50.12,50.12,Toys,2023-04-21 00:00:00,28-Apr-2023,False,,3.0,completed
US-ORD-001358,US-CUST-00109,US,USD,39.81,39.81,Toys,24.06.2023,27-Jun-2023,False,,2.0,completed
US-ORD-001359,US-CUST-00415,US,USD,96.22,96.22,Electronics,21-Nov-2023,22.11.2023,True,2023-12-07 00:00:00,2.0,completed
US-ORD-001360,US-CUST-00356,US,USD,3.0,3.0,Books,13.07.2025,2025-07-17 19:52:07,False,,3.0,completed
US-ORD-001361,US-CUST-00113,US,USD,60.3,60.3,Beauty,2023-12-20 00:00:00,12/22/2023 21:57,False,,2.0,completed
US-ORD-001362,US-CUST-00092,US,USD,95.9,95.9,Health,31-Aug-2023,03-Sep-2023,False,,4.0,completed
US-ORD-001363,US-CUST-00110,US,USD,35.16,35.16,Electronics,23.11.2025,28.11.2025,False,,5.0,completed
US-ORD-001364,US-CUST-00473,US,USD,101.38,101.38,Fashion,08/07/2025 00:00,,False,,,completed
US-ORD-001365,US-CUST-00116,US,USD,86.57,86.57,Sports,04/08/2023 00:00,12.04.2023,False,,4.0,completed
US-ORD-001366,US-CUST-00508,US,USD,60.35,60.35,Home & Kitchen,2025-06-10 00:00:00,14.06.2025,False,,4.0,completed
US-ORD-001367,US-CUST-00450,US,USD,30.3,30.3,Books,12.01.2023,01/14/2023 23:14,False,,2.0,completed
US-ORD-001368,US-CUST-00141,US,USD,3.0,3.0,Toys,17-Mar-2025,,False,,,cancelled
US-ORD-001369,US-CUST-00069,US,USD,82.18,82.18,Sports,2023-04-28 00:00:00,01.05.2023,False,,4.0,completed
US-ORD-001370,US-CUST-00565,US,USD,76.56,76.56,Grocery,2025-09-21 00:00:00,2025-09-22 01:30:42,False,,4.0,completed
US-ORD-001371,US-CUST-00513,US,USD,111.49,111.49,,2024-07-06 00:00:00,2024-07-09 00:17:40,False,,4.0,completed
US-ORD-001372,US-CUST-00229,US,USD,36.46,36.46,Automotive,2024-09-01 00:00:00,06-Sep-2024,False,,2.0,completed
US-ORD-001373,US-CUST-00152,US,USD,3.0,3.0,Fashion,06/18/2025 00:00,22.06.2025,False,,,completed
US-ORD-001374,US-CUST-00215,US,USD,69.43,69.43,Grocery,11.04.2023,04/15/2023 04:54,False,,2.0,completed
US-ORD-001375,US-CUST-00169,US,USD,57.0,57.0,Automotive,22-Aug-2023,,False,,,completed
US-ORD-001376,US-CUST-00175,US,USD,72.98,72.98,Electronics,2023-10-13 00:00:00,,False,,,completed
US-ORD-001377,US-CUST-00085,US,USD,44.84,44.84,Home & Kitchen,04/23/2023 00:00,30.04.2023,False,,,completed
US-ORD-001378,US-CUST-00455,US,USD,22.07,22.07,Automotive,2025-11-16 00:00:00,21-Nov-2025,False,,5.0,completed
US-ORD-001379,US-CUST-00408,US,USD,96.64,96.64,Automotive,28.10.2025,2025-11-01 14:16:43,False,,,completed
US-ORD-001380,US-CUST-00450,US,USD,51.23,51.23,Home & Kitchen,11.10.2023,18.10.2023,False,,2.0,completed
US-ORD-001381,US-CUST-00095,US,USD,31.34,31.34,Health,01/24/2023 00:00,28.01.2023,False,,5.0,completed
US-ORD-001382,US-CUST-00523,US,USD,92.09,92.09,Automotive,17-Feb-2025,2025-02-20 01:32:01,False,,,completed
US-ORD-001383,US-CUST-00488,US,USD,61.04,61.04,Home & Kitchen,2024-07-07 00:00:00,07/10/2024 18:30,False,,3.0,completed
US-ORD-001384,US-CUST-00045,US,USD,119.05,119.05,Beauty,27-Dec-2024,2024-12-29 06:09:22,False,,5.0,completed
US-ORD-001385,US-CUST-00471,US,USD,112.27,112.27,Home & Kitchen,23-May-2024,05/30/2024 04:21,False,,3.0,completed
US-ORD-001386,US-CUST-00271,US,USD,68.25,68.25,Automotive,03-Apr-2023,05.04.2023,False,,3.0,completed
US-ORD-001387,US-CUST-00145,US,USD,97.21,97.21,Health,07/16/2025 00:00,,True,17.08.2025,,completed
US-ORD-001388,US-CUST-00587,US,USD,25.18,25.18,Automotive,12/29/2024 00:00,02-Jan-2025,False,,3.0,completed
US-ORD-001389,US-CUST-00491,US,USD,12.19,12.19,Health,03/30/2025 00:00,2025-04-05 04:23:05,False,,3.0,completed
US-ORD-001390,US-CUST-00075,US,USD,66.21,66.21,Grocery,12/15/2025 00:00,,True,2026-01-25 00:00:00,,completed
US-ORD-001391,US-CUST-00167,US,USD,39.48,39.48,Automotive,08/20/2023 00:00,08/24/2023 23:39,False,,3.0,completed
US-ORD-001392,US-CUST-00260,US,USD,58.27,58.27,Beauty,10.08.2023,2023-08-13 13:02:01,False,,4.0,completed
US-ORD-001393,US-CUST-00309,US,USD,149.41,149.41,Toys,13-Jul-2023,2023-07-18 06:42:52,False,,,completed
US-ORD-001394,US-CUST-00580,US,USD,119.83,119.83,Automotive,13-Sep-2023,2023-09-15 05:16:09,False,,4.0,completed
US-ORD-001395,US-CUST-00551,US,USD,25.62,25.62,Grocery,2023-05-10 00:00:00,2023-05-12 01:06:27,False,,3.0,completed
US-ORD-001396,US-CUST-00107,US,USD,128.64,128.64,Toys,01/06/2023 00:00,2023-01-12 21:36:02,False,,4.0,completed
US-ORD-001397,US-CUST-00254,US,USD,6.03,6.03,Toys,14-Jan-2024,18-Jan-2024,False,,4.0,completed
US-ORD-001398,US-CUST-00565-DUP,US,USD,82.9,82.9,Sports,20.06.2025,21.06.2025,False,,3.0,completed
US-ORD-001399,US-CUST-00252,US,USD,72.12,72.12,Fashion,11-Apr-2023,2023-04-27 01:44:31,False,,,completed
US-ORD-001400,US-CUST-00550,US,USD,3.0,3.0,Books,02-Apr-2023,06-Apr-2023,False,,4.0,completed
US-ORD-001401,US-CUST-00588-DUP,US,USD,113.23,113.23,Beauty,2024-10-05 00:00:00,10/11/2024 09:15,False,,4.0,completed
US-ORD-001402,US-CUST-00256,US,USD,39.0,39.0,,01/16/2023 00:00,17.01.2023,False,,,completed
US-ORD-001403,US-CUST-00446,US,USD,57.31,57.31,Toys,09.02.2025,16-Feb-2025,False,,5.0,completed
US-ORD-001404,US-CUST-00315,US,USD,106.97,106.97,Books,28.09.2024,03-Oct-2024,False,,4.0,completed
US-ORD-001405,US-CUST-00378,US,USD,49.97,49.97,Health,29.01.2024,,False,,,completed
US-ORD-001406,US-CUST-00342,US,USD,150.11,150.11,Home & Kitchen,19.02.2025,22-Feb-2025,False,,5.0,completed
US-ORD-001407,US-CUST-00185,US,USD,60.51,60.51,Electronics,20-Apr-2023,04/27/2023 15:37,False,,2.0,completed
US-ORD-001408,US-CUST-00102,US,USD,101.37,101.37,Grocery,2025-09-06 00:00:00,2025-09-24 12:38:06,False,,2.0,completed
US-ORD-001409,US-CUST-00549,US,USD,84.83,84.83,Sports,2025-10-27 00:00:00,03-Nov-2025,False,,,completed
US-ORD-001410,US-CUST-00366,US,USD,36.98,36.98,Toys,23-Nov-2025,11/25/2025 00:02,False,,3.0,completed
US-ORD-001411,US-CUST-00435,US,USD,71.07,71.07,Sports,2023-01-28 00:00:00,03-Feb-2023,False,,4.0,completed
US-ORD-001412,US-CUST-00440,US,USD,72.33,72.33,Home & Kitchen,16.08.2023,08/24/2023 17:03,False,,4.0,completed
US-ORD-001413,US-CUST-00317,US,USD,59.41,59.41,,03/01/2025 00:00,03/02/2025 18:38,False,,3.0,completed
US-ORD-001414,US-CUST-00292,US,USD,59.86,59.86,Health,21-Apr-2024,27.04.2024,True,27-May-2024,4.0,completed
US-ORD-001415,US-CUST-00458,US,USD,21.93,21.93,Beauty,26.10.2023,,False,,,completed
US-ORD-001416,US-CUST-00248,US,USD,105.22,105.22,Automotive,03.10.2025,11-Oct-2025,False,,4.0,completed
US-ORD-001417,US-CUST-00362,US,USD,109.24,109.24,Grocery,2023-12-07 00:00:00,12-Dec-2023,False,,,completed
US-ORD-001418,US-CUST-00199,US,USD,92.47,92.47,Fashion,2023-05-05 00:00:00,05/12/2023 11:58,False,,2.0,completed
US-ORD-001419,US-CUST-00235,US,USD,59.28,59.28,Books,15.04.2024,04/18/2024 10:55,False,,4.0,cancelled
US-ORD-001420,US-CUST-00435,US,USD,130.36,130.36,Health,01.08.2023,04-Aug-2023,False,,,completed
US-ORD-001421,US-CUST-00215,US,USD,3.0,3.0,Sports,25.07.2024,29.07.2024,False,,4.0,completed
US-ORD-001422,US-CUST-00150,US,USD,99.19,99.19,Automotive,31-Aug-2025,2025-09-05 20:33:10,True,06.10.2025,3.0,completed
US-ORD-001423,US-CUST-00588-DUP,US,USD,17.44,17.44,Sports,2025-11-15 00:00:00,21-Nov-2025,False,,3.0,completed
US-ORD-001424,US-CUST-00385,US,USD,173.28,173.28,Grocery,10/06/2024 00:00,2024-11-01 03:23:03,False,,3.0,completed
US-ORD-001425,US-CUST-00570,US,USD,47.49,47.49,Automotive,07/03/2023 00:00,07.07.2023,False,,3.0,completed
US-ORD-001426,US-CUST-00562,US,USD,125.26,125.26,Health,30-Nov-2023,2023-12-05 08:56:52,False,,3.0,completed
US-ORD-001427,US-CUST-00149,US,USD,160.07,160.07,Automotive,2023-11-18 00:00:00,2023-11-23 02:22:00,False,,4.0,completed
US-ORD-001428,US-CUST-00046,US,USD,47.63,47.63,Electronics,2023-08-28 00:00:00,2023-09-02 17:25:46,True,04-Oct-2023,4.0,completed
US-ORD-001429,US-CUST-00063,US,USD,3.0,3.0,Toys,09/11/2025 00:00,20.09.2025,False,,5.0,completed
US-ORD-001430,US-CUST-00282,US,USD,57.13,57.13,Books,15-Aug-2024,2024-08-17 19:05:27,False,,4.0,completed
US-ORD-001431,US-CUST-00203,US,USD,78.9,78.9,Beauty,2023-10-11 00:00:00,16.10.2023,False,,4.0,completed
US-ORD-001432,US-CUST-00448,US,USD,97.78,97.78,,2025-04-07 00:00:00,14.04.2025,False,,4.0,completed
US-ORD-001433,US-CUST-00402,US,USD,27.77,27.77,Toys,05.04.2023,12-Apr-2023,False,,5.0,completed
US-ORD-001434,US-CUST-00331,US,USD,216.84,216.84,Fashion,2023-06-27 00:00:00,06/29/2023 18:04,False,,4.0,completed
US-ORD-001435,US-CUST-00429,US,USD,3.0,3.0,Automotive,07/04/2024 00:00,2024-07-10 02:33:04,False,,3.0,completed
US-ORD-001436,US-CUST-00540,US,USD,161.56,161.56,Toys,10/16/2023 00:00,19-Oct-2023,False,,2.0,completed
US-ORD-001437,US-CUST-00284-DUP,US,USD,53.79,53.79,Automotive,01-Dec-2025,02-Dec-2025,False,,4.0,completed
US-ORD-001438,US-CUST-00089,US,USD,3.0,3.0,Fashion,07/17/2025 00:00,2025-07-22 01:21:57,False,,2.0,completed
US-ORD-001439,US-CUST-00005,US,USD,60.59,60.59,Grocery,04.01.2025,01/12/2025 06:52,False,,4.0,completed
US-ORD-001440,US-CUST-00141,US,USD,36.14,36.14,Grocery,30-May-2023,2023-06-03 22:30:08,False,,4.0,completed
US-ORD-001441,US-CUST-00141,US,USD,96.27,96.27,Fashion,14-Jan-2024,01/16/2024 06:23,False,,4.0,completed
US-ORD-001442,US-CUST-00270,US,USD,3.0,3.0,Home & Kitchen,30.11.2023,2023-12-03 17:45:55,False,,,completed
US-ORD-001443,US-CUST-00445,US,USD,53.03,53.03,Fashion,09/28/2023 00:00,04.10.2023,False,,4.0,cancelled
US-ORD-001444,US-CUST-00064,US,USD,11.75,11.75,Home & Kitchen,17-Oct-2023,2023-10-20 00:43:13,False,,4.0,completed
US-ORD-001445,US-CUST-00285,US,USD,71.44,71.44,Toys,01-Dec-2024,,False,,,completed
US-ORD-001446,US-CUST-00529,US,USD,53.36,53.36,Home & Kitchen,10/27/2025 00:00,02.11.2025,True,13-Nov-2025,,completed
US-ORD-001447,US-CUST-00382,US,USD,51.7,51.7,Grocery,2024-06-20 00:00:00,2024-07-12 19:46:17,False,,,completed
US-ORD-001448,US-CUST-00182,US,USD,172.65,172.65,Books,01-May-2023,2023-05-03 03:39:47,False,,,completed
US-ORD-001449,US-CUST-00451,US,USD,3.0,3.0,Fashion,2023-08-12 00:00:00,2023-08-18 13:36:44,False,,3.0,completed
US-ORD-001450,US-CUST-00495,US,USD,60.68,60.68,,06.10.2023,09-Oct-2023,False,,3.0,completed
US-ORD-001451,US-CUST-00581,US,USD,146.93,146.93,Health,27-Jun-2023,03.07.2023,False,,4.0,completed
US-ORD-001452,US-CUST-00090,US,USD,11.27,11.27,Toys,03/12/2024 00:00,14.03.2024,False,,1.0,completed
US-ORD-001453,US-CUST-00574,US,USD,38.58,38.58,Sports,19-Feb-2024,2024-03-03 21:55:18,False,,4.0,completed
US-ORD-001454,US-CUST-00247,US,USD,65.03,65.03,Fashion,11.01.2024,15.01.2024,False,,,completed
US-ORD-001455,US-CUST-00458,US,USD,44.0,44.0,Toys,11/07/2023 00:00,12.11.2023,False,,4.0,completed
US-ORD-001456,US-CUST-00233,US,USD,3.0,3.0,Sports,24-Mar-2024,03/29/2024 14:22,False,,4.0,completed
US-ORD-001457,US-CUST-00283,US,USD,56.32,56.32,Toys,2024-09-02 00:00:00,08.09.2024,False,,5.0,completed
US-ORD-001458,US-CUST-00078-DUP,US,USD,70.3,70.3,Automotive,2025-07-08 00:00:00,07/30/2025 18:52,False,,3.0,completed
US-ORD-001459,US-CUST-00239,US,USD,83.16,83.16,Books,2024-11-13 00:00:00,18.11.2024,False,,4.0,completed
US-ORD-001460,US-CUST-00302,US,USD,29.11,29.11,Grocery,25-Jul-2023,2023-07-30 09:54:19,False,,5.0,completed
US-ORD-001461,US-CUST-00239,US,USD,95.19,95.19,Home & Kitchen,21.04.2023,,False,,,completed
US-ORD-001462,US-CUST-00579,US,USD,64.33,64.33,Fashion,02.07.2024,2024-07-08 11:59:42,False,,,completed
US-ORD-001463,US-CUST-00187,US,USD,87.57,87.57,Electronics,02.05.2023,2023-05-05 02:21:22,False,,4.0,completed
US-ORD-001464,US-CUST-00102,US,USD,30.37,30.37,Grocery,15-Jun-2024,2024-06-18 17:37:18,False,,4.0,completed
US-ORD-001465,US-CUST-00374,US,USD,88.38,88.38,Grocery,2023-09-22 00:00:00,,False,,,completed
US-ORD-001466,US-CUST-00592,US,USD,122.43,122.43,,2023-05-15 00:00:00,05/21/2023 03:27,False,,3.0,cancelled
US-ORD-001467,US-CUST-00096,US,USD,5.81,5.81,Home & Kitchen,12/14/2024 00:00,18-Dec-2024,True,17.01.2025,3.0,completed
US-ORD-001468,US-CUST-00580,US,USD,80.09,80.09,Automotive,20.11.2024,24.11.2024,False,,,completed
US-ORD-001469,US-CUST-00591,US,USD,3.0,3.0,Toys,2025-01-10 00:00:00,,False,,,completed
US-ORD-001470,US-CUST-00269,US,USD,61.25,61.25,Automotive,2025-03-25 00:00:00,2025-03-31 06:24:56,False,,3.0,completed
US-ORD-001471,US-CUST-00583,US,USD,150.54,150.54,Grocery,09.05.2024,05/10/2024 04:14,False,,5.0,completed
US-ORD-001472,US-CUST-00335,US,USD,64.91,64.91,,2025-02-06 00:00:00,12-Feb-2025,False,,4.0,completed
US-ORD-001473,US-CUST-00292,US,USD,126.28,126.28,Electronics,2024-12-13 00:00:00,17-Dec-2024,False,,3.0,completed
US-ORD-001474,US-CUST-00097,US,USD,138.92,138.92,Home & Kitchen,2024-06-05 00:00:00,06/09/2024 18:33,False,,4.0,cancelled
US-ORD-001475,US-CUST-00553,US,USD,130.56,130.56,,07-Mar-2023,09-Mar-2023,False,,4.0,completed
US-ORD-001476,US-CUST-00006,US,USD,48.45,48.45,Electronics,12.05.2024,2024-05-16 17:39:21,False,,4.0,completed
US-ORD-001477,US-CUST-00175,US,USD,7.49,7.49,Grocery,16-Nov-2024,19-Nov-2024,False,,5.0,completed
US-ORD-001478,US-CUST-00144,US,USD,114.88,114.88,Electronics,20-Mar-2025,24-Mar-2025,False,,4.0,completed
US-ORD-001479,US-CUST-00455,US,USD,61.76,61.76,Home & Kitchen,2025-12-02 00:00:00,09-Dec-2025,False,,3.0,completed
US-ORD-001480,US-CUST-00101,US,USD,85.43,85.43,Home & Kitchen,12/06/2024 00:00,2024-12-13 07:00:34,False,,,completed
US-ORD-001481,US-CUST-00114,US,USD,40.02,40.02,Fashion,10-Dec-2025,2025-12-18 02:49:18,False,,2.0,completed
US-ORD-001482,US-CUST-00096,US,USD,148.33,148.33,Books,30-Jan-2025,18-Feb-2025,False,,3.0,completed
US-ORD-001483,US-CUST-00221,US,USD,3.0,3.0,Electronics,2023-04-02 00:00:00,04/06/2023 02:10,False,,3.0,completed
US-ORD-001484,US-CUST-00318,US,USD,47.66,47.66,Automotive,2025-02-07 00:00:00,11-Feb-2025,False,,4.0,completed
US-ORD-001485,US-CUST-00234,US,USD,84.34,84.34,Home & Kitchen,11/18/2025 00:00,11/23/2025 14:46,True,12/08/2025 00:00,3.0,completed
US-ORD-001486,US-CUST-00537,US,USD,35.37,35.37,Electronics,2023-11-15 00:00:00,23-Nov-2023,False,,3.0,completed
US-ORD-001487,US-CUST-00130,US,USD,149.53,149.53,Automotive,2025-01-07 00:00:00,2025-01-11 12:19:59,False,,4.0,completed
US-ORD-001488,US-CUST-00367,US,USD,123.17,123.17,Sports,04/14/2023 00:00,04/21/2023 13:03,False,,3.0,completed
US-ORD-001489,US-CUST-00416,US,USD,57.53,57.53,Beauty,31.07.2023,08/04/2023 21:18,False,,,completed
US-ORD-001490,US-CUST-00407,US,USD,90.21,90.21,Electronics,2023-01-06 00:00:00,01/12/2023 18:46,False,,4.0,completed
US-ORD-001491,US-CUST-00075,US,USD,102.85,102.85,Home & Kitchen,04-Apr-2024,04/12/2024 06:38,False,,4.0,completed
US-ORD-001492,US-CUST-00554,US,USD,89.02,89.02,Home & Kitchen,25.03.2023,03/26/2023 23:05,False,,1.0,completed
US-ORD-001493,US-CUST-00057,US,USD,92.48,92.48,Toys,03.03.2025,03/07/2025 19:26,False,,3.0,completed
US-ORD-001494,US-CUST-00239,US,USD,85.96,85.96,Toys,24-Jan-2025,28-Jan-2025,False,,5.0,completed
US-ORD-001495,US-CUST-00260,US,USD,78.87,78.87,Automotive,22.06.2023,25.06.2023,False,,4.0,completed
US-ORD-001496,US-CUST-00426,US,USD,65.23,65.23,Toys,22.06.2025,28.06.2025,False,,3.0,cancelled
US-ORD-001497,US-CUST-00302,US,USD,45.76,45.76,Home & Kitchen,02/10/2025 00:00,25-Feb-2025,False,,4.0,completed
US-ORD-001498,US-CUST-00525,US,USD,96.59,96.59,Home & Kitchen,2025-04-21 00:00:00,25.04.2025,False,,2.0,completed
US-ORD-001499,US-CUST-00086,US,USD,55.53,55.53,Automotive,06-Oct-2025,12-Oct-2025,False,,3.0,completed
US-ORD-001500,US-CUST-00471,US,USD,63.91,63.91,Health,02/16/2024 00:00,02/22/2024 23:20,False,,3.0,completed
US-ORD-001501,US-CUST-00246,US,USD,5.57,5.57,Books,2023-04-28 00:00:00,02.05.2023,False,,3.0,completed
US-ORD-001502,US-CUST-00478,US,USD,31.52,31.52,Health,19-Jan-2025,,False,,,completed
US-ORD-001503,US-CUST-00343,US,USD,97.12,97.12,Grocery,07/04/2024 00:00,08.07.2024,False,,,completed
US-ORD-001504,US-CUST-00514,US,USD,88.81,88.81,Toys,06-May-2024,14.05.2024,False,,3.0,completed
US-ORD-001505,US-CUST-00008,US,USD,87.53,87.53,Toys,11.05.2023,2023-05-14 23:33:27,False,,3.0,completed
US-ORD-001506,US-CUST-00589,US,USD,48.68,48.68,Health,19-Sep-2024,23-Sep-2024,False,,,completed
US-ORD-001507,US-CUST-00376,US,USD,91.18,91.18,Home & Kitchen,2025-07-03 00:00:00,2025-07-12 16:45:20,False,,3.0,completed
US-ORD-001508,US-CUST-00161,US,USD,56.25,56.25,Fashion,27-Feb-2025,03.03.2025,False,,4.0,completed
US-ORD-001509,US-CUST-00468,US,USD,86.86,86.86,Books,09/08/2024 00:00,2024-09-15 13:38:11,False,,1.0,completed
US-ORD-001510,US-CUST-00171,US,USD,3.0,3.0,Electronics,02/07/2023 00:00,2023-02-11 00:11:52,False,,4.0,completed
US-ORD-001511,US-CUST-00286,US,USD,4.55,4.55,Books,06/12/2023 00:00,12.06.2023,False,,4.0,completed
US-ORD-001512,US-CUST-00025,US,USD,85.96,85.96,Grocery,01-Nov-2025,03-Nov-2025,True,12/01/2025 00:00,3.0,completed
US-ORD-001513,US-CUST-00192,US,USD,31.36,31.36,Beauty,10/30/2023 00:00,11/04/2023 05:18,False,,3.0,completed
US-ORD-001514,US-CUST-00156,US,USD,97.23,97.23,Sports,17-Aug-2023,2023-08-17 00:00:00,False,,3.0,completed
US-ORD-001515,US-CUST-00131,US,USD,24.33,24.33,Electronics,2023-05-09 00:00:00,2023-05-13 11:41:44,True,06/22/2023 00:00,3.0,completed
US-ORD-001516,US-CUST-00587,US,USD,110.9,110.9,Grocery,2024-10-16 00:00:00,2024-10-17 06:45:06,False,,4.0,completed
US-ORD-001517,US-CUST-00124,US,USD,100.13,100.13,Toys,03/21/2024 00:00,2024-03-29 17:07:08,False,,3.0,completed
US-ORD-001518,US-CUST-00190,US,USD,89.6,89.6,Books,09-Dec-2024,10-Dec-2024,False,,1.0,completed
US-ORD-001519,US-CUST-00240,US,USD,113.01,113.01,Home & Kitchen,12/05/2024 00:00,09.12.2024,False,,5.0,completed
US-ORD-001520,US-CUST-00227,US,USD,13.2,13.2,Beauty,25.06.2025,07/01/2025 00:57,True,21-Jul-2025,5.0,completed
US-ORD-001521,US-CUST-00470,US,USD,93.89,93.89,Toys,2024-04-09 00:00:00,2024-04-14 13:16:33,False,,4.0,completed
US-ORD-001522,US-CUST-00014,US,USD,4.31,4.31,Automotive,07-Mar-2025,03/14/2025 17:04,False,,3.0,completed
US-ORD-001523,US-CUST-00187,US,USD,97.7,97.7,Fashion,2025-03-22 00:00:00,03/23/2025 20:58,False,,2.0,completed
US-ORD-001524,US-CUST-00268,US,USD,139.58,139.58,Toys,10/06/2025 00:00,10.10.2025,False,,5.0,completed
US-ORD-001525,US-CUST-00157,US,USD,71.48,71.48,Home & Kitchen,19.03.2024,2024-03-20 07:35:20,False,,4.0,completed
US-ORD-001526,US-CUST-00398,US,USD,48.45,48.45,Home & Kitchen,11/12/2023 00:00,18-Nov-2023,True,02.12.2023,4.0,completed
US-ORD-001527,US-CUST-00107,US,USD,5.56,5.56,Beauty,09/07/2025 00:00,2025-09-12 07:53:10,False,,5.0,cancelled
US-ORD-001528,US-CUST-00073,US,USD,97.18,97.18,Beauty,10/07/2024 00:00,2024-10-11 21:14:20,False,,4.0,completed
US-ORD-001529,US-CUST-00484,US,USD,84.48,84.48,Toys,24.12.2023,29.12.2023,False,,3.0,completed
US-ORD-001530,US-CUST-00178,US,USD,85.52,85.52,Sports,2024-10-04 00:00:00,,False,,,completed
US-ORD-001531,US-CUST-00093,US,USD,37.38,37.38,Sports,26-May-2025,02.06.2025,False,,3.0,completed
US-ORD-001532,US-CUST-00140,US,USD,35.05,35.05,Automotive,2024-03-09 00:00:00,15.03.2024,False,,3.0,completed
US-ORD-001533,US-CUST-00139,US,USD,109.18,109.18,Home & Kitchen,2025-06-09 00:00:00,,False,,,completed
US-ORD-001534,US-CUST-00580,US,USD,72.31,72.31,Beauty,31-May-2023,05-Jun-2023,False,,4.0,completed
US-ORD-001535,US-CUST-00189,US,USD,3.0,3.0,Grocery,12/07/2025 00:00,09-Dec-2025,False,,4.0,completed
US-ORD-001536,US-CUST-00212,US,USD,69.05,69.05,Electronics,08.03.2025,11-Mar-2025,False,,2.0,completed
US-ORD-001537,US-CUST-00123,US,USD,26.41,26.41,Toys,2023-07-07 00:00:00,07.07.2023,False,,3.0,completed
US-ORD-001538,US-CUST-00491,US,USD,48.07,48.07,Books,2023-02-18 00:00:00,21.02.2023,False,,,completed
US-ORD-001539,US-CUST-00508,US,USD,71.93,71.93,Home & Kitchen,03-Jan-2023,08-Jan-2023,False,,5.0,completed
US-ORD-001540,US-CUST-00436,US,USD,6.97,6.97,Automotive,2025-07-06 00:00:00,2025-07-13 07:39:01,False,,,completed
US-ORD-001541,US-CUST-00395,US,USD,118.79,118.79,,08.11.2024,11.11.2024,False,,4.0,completed
US-ORD-001542,US-CUST-00050,US,USD,54.41,54.41,Grocery,17.01.2024,02/07/2024 08:54,False,,5.0,completed
US-ORD-001543,US-CUST-00080,US,USD,102.25,102.25,Home & Kitchen,17.01.2023,02-Feb-2023,False,,3.0,completed
US-ORD-001544,US-CUST-00445,US,USD,8.22,8.22,Automotive,12/10/2025 00:00,14.12.2025,False,,5.0,completed
US-ORD-001545,US-CUST-00074,US,USD,6.28,6.28,Sports,07.11.2024,09.11.2024,False,,4.0,completed
US-ORD-001546,US-CUST-00592,US,USD,30.69,30.69,Automotive,21-Mar-2025,03/24/2025 09:57,False,,3.0,completed
US-ORD-001547,US-CUST-00430,US,USD,13.55,13.55,Toys,07/06/2024 00:00,07/09/2024 01:14,False,,4.0,completed
US-ORD-001548,US-CUST-00584,US,USD,16.17,16.17,Beauty,03-Sep-2025,04.09.2025,False,,,completed
US-ORD-001549,US-CUST-00197,US,USD,46.65,46.65,Fashion,21.12.2023,27-Dec-2023,False,,3.0,completed
US-ORD-001550,US-CUST-00043,US,USD,54.09,54.09,Books,25.04.2025,04/30/2025 02:07,False,,2.0,completed
US-ORD-001551,US-CUST-00055,US,USD,97.26,97.26,Sports,2025-06-05 00:00:00,,False,,,completed
US-ORD-001552,US-CUST-00349-DUP,US,USD,56.58,56.58,Fashion,29-Dec-2024,24.01.2025,False,,2.0,completed
US-ORD-001553,US-CUST-00223,US,USD,125.76,125.76,Grocery,2024-11-21 00:00:00,26-Nov-2024,False,,3.0,completed
US-ORD-001554,US-CUST-00555,US,USD,74.11,74.11,Health,08.01.2025,12.01.2025,False,,5.0,completed
US-ORD-001555,US-CUST-00254,US,USD,26.55,26.55,Sports,02/24/2024 00:00,27-Feb-2024,False,,4.0,completed
US-ORD-001556,US-CUST-00405,US,USD,48.2,48.2,Home & Kitchen,2024-08-22 00:00:00,2024-08-28 19:13:32,True,13-Sep-2024,5.0,completed
US-ORD-001557,US-CUST-00498,US,USD,56.92,56.92,Home & Kitchen,04-Oct-2024,2024-10-10 08:42:19,False,,2.0,completed
US-ORD-001558,US-CUST-00549,US,USD,108.96,108.96,Grocery,12.05.2023,17.05.2023,False,,4.0,completed
US-ORD-001559,US-CUST-00344,US,USD,45.95,45.95,Home & Kitchen,12/01/2023 00:00,02.12.2023,False,,4.0,completed
US-ORD-001560,US-CUST-00110,US,USD,3.0,3.0,Health,10/01/2023 00:00,10/05/2023 08:46,True,10/16/2023 00:00,4.0,completed
US-ORD-001561,US-CUST-00438,US,USD,83.64,83.64,,21-Jan-2023,29-Jan-2023,False,,4.0,completed
US-ORD-001562,US-CUST-00058,US,USD,45.57,45.57,Grocery,01/22/2023 00:00,16.02.2023,False,,,completed
US-ORD-001563,US-CUST-00264,US,USD,72.87,72.87,Beauty,28-Jan-2025,01/29/2025 20:03,False,,3.0,completed
US-ORD-001564,US-CUST-00595,US,USD,49.77,49.77,Beauty,2023-03-01 00:00:00,03/01/2023 22:15,True,02.04.2023,,completed
US-ORD-001565,US-CUST-00559,US,USD,77.14,77.14,Home & Kitchen,30-Nov-2023,10.12.2023,True,10-Jan-2024,2.0,completed
US-ORD-001566,US-CUST-00234-DUP,US,USD,93.19,93.19,Grocery,07/28/2023 00:00,03.08.2023,False,,4.0,completed
US-ORD-001567,US-CUST-00347,US,USD,60.42,60.42,Toys,2023-04-13 00:00:00,19-Apr-2023,False,,4.0,completed
US-ORD-001568,US-CUST-00260,US,USD,88.83,88.83,,10/10/2024 00:00,13.10.2024,False,,4.0,completed
US-ORD-001569,US-CUST-00048,US,USD,128.8,128.8,Beauty,2025-09-21 00:00:00,2025-09-24 19:21:42,False,,5.0,completed
US-ORD-001570,US-CUST-00075,US,USD,51.35,51.35,Electronics,17-Nov-2025,22-Nov-2025,False,,3.0,completed
US-ORD-001571,US-CUST-00257,US,USD,85.05,85.05,Sports,19.09.2025,09/20/2025 12:22,False,,3.0,completed
US-ORD-001572,US-CUST-00255,US,USD,25.85,25.85,Fashion,10/13/2024 00:00,10/18/2024 06:29,False,,4.0,completed
US-ORD-001573,US-CUST-00328,US,USD,104.07,104.07,,08.01.2024,01/08/2024 06:09,False,,5.0,completed
US-ORD-001574,US-CUST-00296,US,USD,88.29,88.29,Beauty,22.02.2025,2025-02-25 10:43:40,False,,4.0,completed
US-ORD-001575,US-CUST-00383,US,USD,82.93,82.93,Sports,07-Feb-2023,10.02.2023,True,2023-03-08 00:00:00,4.0,completed
US-ORD-001576,US-CUST-00186,US,USD,47.66,47.66,Fashion,16-Dec-2024,12/20/2024 04:35,False,,3.0,completed
US-ORD-001577,US-CUST-00509,US,USD,10.53,10.53,Home & Kitchen,04-Mar-2024,09.03.2024,False,,4.0,completed
US-ORD-001578,US-CUST-00085,US,USD,98.17,98.17,Home & Kitchen,12/16/2023 00:00,2023-12-22 15:21:23,False,,4.0,completed
US-ORD-001579,US-CUST-00420,US,USD,51.03,51.03,Electronics,10/02/2023 00:00,10/08/2023 16:18,False,,2.0,completed
US-ORD-001580,US-CUST-00157,US,USD,34.47,34.47,Books,12-Oct-2024,15-Oct-2024,False,,4.0,completed
US-ORD-001581,US-CUST-00564,US,USD,117.43,117.43,,30.08.2024,04.09.2024,False,,4.0,completed
US-ORD-001582,US-CUST-00085,US,USD,35.43,35.43,Fashion,02/24/2024 00:00,2024-02-29 16:43:57,True,03/28/2024 00:00,3.0,completed
US-ORD-001583,US-CUST-00381,US,USD,113.11,113.11,Home & Kitchen,07/13/2023 00:00,17.07.2023,False,,3.0,completed
US-ORD-001584,US-CUST-00268,US,USD,99.34,99.34,Health,2025-05-04 00:00:00,2025-05-10 18:03:22,False,,3.0,completed
US-ORD-001585,US-CUST-00509,US,USD,72.25,72.25,Home & Kitchen,17-Sep-2024,2024-09-19 21:11:41,False,,,completed
US-ORD-001586,US-CUST-00318,US,USD,3.0,3.0,Beauty,2025-09-10 00:00:00,15-Sep-2025,False,,,completed
US-ORD-001587,US-CUST-00076,US,USD,102.4,102.4,Beauty,09/22/2023 00:00,09/27/2023 12:34,False,,2.0,completed
US-ORD-001588,US-CUST-00497,US,USD,59.21,59.21,,2024-09-17 00:00:00,17.09.2024,False,,5.0,completed
US-ORD-001589,US-CUST-00526,US,USD,26.13,26.13,Home & Kitchen,07/03/2025 00:00,10.07.2025,False,,4.0,completed
US-ORD-001590,US-CUST-00356,US,USD,34.47,34.47,Electronics,02/10/2023 00:00,12-Feb-2023,True,03/19/2023 00:00,4.0,completed
US-ORD-001591,US-CUST-00250,US,USD,37.01,37.01,Beauty,11/20/2024 00:00,2024-11-25 04:55:09,True,2024-12-25 00:00:00,3.0,completed
US-ORD-001592,US-CUST-00578,US,USD,3.0,3.0,Books,2023-01-04 00:00:00,04-Jan-2023,False,,4.0,completed
US-ORD-001593,US-CUST-00181,US,USD,49.73,49.73,Health,03/26/2025 00:00,29-Mar-2025,False,,,completed
US-ORD-001594,US-CUST-00085,US,USD,106.31,106.31,Automotive,24.10.2025,10/31/2025 08:19,False,,,completed
US-ORD-001595,US-CUST-00194,US,USD,62.74,62.74,Home & Kitchen,04/04/2025 00:00,26.04.2025,False,,,completed
US-ORD-001596,US-CUST-00229,US,USD,97.51,97.51,Beauty,18.11.2023,11/20/2023 06:52,False,,4.0,completed
US-ORD-001597,US-CUST-00020,US,USD,99.83,99.83,Automotive,02-Aug-2025,,False,,,completed
US-ORD-001598,US-CUST-00171,US,USD,3.0,3.0,Grocery,2025-09-14 00:00:00,17-Sep-2025,False,,3.0,completed
US-ORD-001599,US-CUST-00455,US,USD,79.49,79.49,Fashion,06-Dec-2025,12/11/2025 23:04,False,,5.0,completed
US-ORD-001600,US-CUST-00182,US,USD,52.73,52.73,Fashion,2025-10-27 00:00:00,10/31/2025 00:06,False,,5.0,completed
US-ORD-001601,US-CUST-00362,US,USD,88.35,88.35,Toys,2023-11-05 00:00:00,12-Nov-2023,False,,4.0,completed
US-ORD-001602,US-CUST-00445,US,USD,22.93,22.93,Beauty,2025-07-06 00:00:00,07/08/2025 08:00,False,,2.0,completed
US-ORD-001603,US-CUST-00421,US,USD,104.79,104.79,Home & Kitchen,02-Sep-2024,09-Sep-2024,False,,5.0,completed
US-ORD-001604,US-CUST-00349-DUP,US,USD,112.94,112.94,Fashion,15-Sep-2024,22-Sep-2024,False,,3.0,completed
US-ORD-001605,US-CUST-00516,US,USD,22.96,22.96,Sports,16.10.2025,22.10.2025,False,,4.0,completed
US-ORD-001606,US-CUST-00546,US,USD,79.83,79.83,Beauty,2025-08-04 00:00:00,09.08.2025,False,,4.0,completed
US-ORD-001607,US-CUST-00403,US,USD,132.77,132.77,Automotive,2024-08-22 00:00:00,29.08.2024,True,09/25/2024 00:00,4.0,completed
US-ORD-001608,US-CUST-00409,US,USD,113.06,113.06,Fashion,17.12.2023,12/23/2023 00:40,False,,3.0,completed
US-ORD-001609,US-CUST-00569,US,USD,109.05,109.05,Electronics,05/06/2023 00:00,08.05.2023,False,,4.0,completed
US-ORD-001610,US-CUST-00108,US,USD,21.25,21.25,Books,26.03.2023,03/31/2023 13:43,False,,3.0,completed
US-ORD-001611,US-CUST-00353,US,USD,99.9,99.9,Electronics,29-Apr-2024,03.05.2024,False,,2.0,completed
US-ORD-001612,US-CUST-00366,US,USD,93.93,93.93,Fashion,05-Apr-2025,08.04.2025,False,,,completed
US-ORD-001613,US-CUST-00491,US,USD,114.65,114.65,Automotive,2024-06-18 00:00:00,23.06.2024,False,,4.0,completed
US-ORD-001614,US-CUST-00125,US,USD,31.91,31.91,Grocery,2025-12-23 00:00:00,2025-12-26 19:42:43,True,01/27/2026 00:00,,completed
US-ORD-001615,US-CUST-00432,US,USD,54.36,54.36,Sports,28-Aug-2024,2024-09-03 17:07:18,False,,5.0,completed
US-ORD-001616,US-CUST-00119,US,USD,38.77,38.77,Home & Kitchen,05.02.2025,,False,,,completed
US-ORD-001617,US-CUST-00008,US,USD,3.0,3.0,Grocery,12.06.2025,06/14/2025 14:40,False,,3.0,completed
US-ORD-001618,US-CUST-00333,US,USD,14.14,14.14,Grocery,26.08.2024,27.08.2024,False,,4.0,completed
US-ORD-001619,US-CUST-00083,US,USD,65.37,65.37,Books,06/14/2025 00:00,06/19/2025 18:12,False,,4.0,completed
US-ORD-001620,US-CUST-00093,US,USD,86.95,86.95,Beauty,2024-12-13 00:00:00,2024-12-19 07:34:21,True,04-Jan-2025,3.0,completed
US-ORD-001621,US-CUST-00558,US,USD,21.59,21.59,Beauty,08/25/2025 00:00,01-Sep-2025,False,,3.0,completed
US-ORD-001622,US-CUST-00320,US,USD,32.9,32.9,Books,2024-10-19 00:00:00,23.10.2024,False,,3.0,completed
US-ORD-001623,US-CUST-00048,US,USD,56.22,56.22,Books,25.10.2025,30-Oct-2025,False,,4.0,completed
US-ORD-001624,US-CUST-00144,US,USD,34.6,34.6,Sports,09.07.2023,13-Jul-2023,False,,4.0,completed
US-ORD-001625,US-CUST-00584,US,USD,97.34,97.34,Sports,19-Dec-2025,28-Dec-2025,False,,5.0,completed
US-ORD-001626,US-CUST-00542,US,USD,126.49,126.49,Automotive,08/15/2024 00:00,17-Aug-2024,False,,4.0,completed
US-ORD-001627,US-CUST-00547,US,USD,72.61,72.61,Beauty,05/21/2023 00:00,05/24/2023 21:33,False,,4.0,completed
US-ORD-001628,US-CUST-00188,US,USD,117.53,117.53,Books,20.05.2023,26-May-2023,False,,3.0,completed
US-ORD-001629,US-CUST-00231,US,USD,108.41,108.41,Home & Kitchen,03-Oct-2024,06-Oct-2024,False,,,completed
US-ORD-001630,US-CUST-00285,US,USD,84.75,84.75,Electronics,14-Nov-2025,2025-11-18 09:26:21,False,,3.0,completed
US-ORD-001631,US-CUST-00214,US,USD,109.48,109.48,Grocery,08-Sep-2025,10-Sep-2025,False,,5.0,completed
US-ORD-001632,US-CUST-00545,US,USD,3.0,3.0,Toys,10.06.2024,13.06.2024,True,2024-07-13 00:00:00,4.0,completed
US-ORD-001633,US-CUST-00419,US,USD,101.29,101.29,Health,04.02.2023,08.02.2023,False,,3.0,completed
US-ORD-001634,US-CUST-00468,US,USD,93.47,93.47,Sports,15.12.2023,19.12.2023,False,,5.0,completed
US-ORD-001635,US-CUST-00113,US,USD,112.77,112.77,Grocery,2025-01-29 00:00:00,04.02.2025,False,,3.0,completed
US-ORD-001636,US-CUST-00462,US,USD,71.43,71.43,Grocery,2023-05-27 00:00:00,2023-05-31 09:34:39,False,,3.0,completed
US-ORD-001637,US-CUST-00211,US,USD,91.21,91.21,Automotive,03-Nov-2024,06.11.2024,False,,4.0,completed
US-ORD-001638,US-CUST-00214,US,USD,26.84,26.84,Health,24.11.2023,2023-12-02 10:30:50,False,,3.0,completed
US-ORD-001639,US-CUST-00344,US,USD,84.87,84.87,Fashion,2023-08-22 00:00:00,28-Aug-2023,False,,,completed
US-ORD-001640,US-CUST-00379,US,USD,49.32,49.32,Automotive,16.02.2023,02/22/2023 16:55,False,,2.0,completed
US-ORD-001641,US-CUST-00516,US,USD,140.35,140.35,Toys,2025-05-20 00:00:00,25.05.2025,False,,3.0,completed
US-ORD-001642,US-CUST-00124,US,USD,61.54,61.54,Electronics,2025-08-09 00:00:00,08/15/2025 14:49,False,,3.0,completed
US-ORD-001643,US-CUST-00322,US,USD,41.28,41.28,Electronics,13.06.2023,06/17/2023 13:21,False,,2.0,completed
US-ORD-001644,US-CUST-00125,US,USD,156.92,156.92,Electronics,2025-05-23 00:00:00,26.05.2025,False,,,completed
US-ORD-001645,US-CUST-00543,US,USD,112.42,112.42,Home & Kitchen,05-May-2023,05/10/2023 10:03,False,,,completed
US-ORD-001646,US-CUST-00588-DUP,US,USD,30.7,30.7,Home & Kitchen,03-Apr-2025,,False,,,completed
US-ORD-001647,US-CUST-00440,US,USD,110.28,110.28,Books,2024-03-04 00:00:00,2024-03-08 14:57:48,False,,,completed
US-ORD-001648,US-CUST-00190,US,USD,128.69,128.69,Grocery,20.08.2024,11-Sep-2024,False,,4.0,completed
US-ORD-001649,US-CUST-00482,US,USD,54.32,54.32,Fashion,25-Aug-2023,2023-08-27 20:10:03,False,,,completed
US-ORD-001650,US-CUST-00181,US,USD,47.39,47.39,Home & Kitchen,2023-02-27 00:00:00,04-Mar-2023,False,,4.0,completed
US-ORD-001651,US-CUST-00472,US,USD,3.0,3.0,Sports,06.06.2024,10-Jun-2024,False,,4.0,completed
US-ORD-001652,US-CUST-00127,US,USD,62.51,62.51,Books,2024-02-24 00:00:00,02.03.2024,False,,,completed
US-ORD-001653,US-CUST-00521,US,USD,93.98,93.98,Home & Kitchen,2023-01-03 00:00:00,10.01.2023,False,,3.0,completed
US-ORD-001654,US-CUST-00589,US,USD,117.19,117.19,Sports,14-Jun-2024,06/22/2024 06:28,False,,,completed
US-ORD-001655,US-CUST-00284,US,USD,134.03,134.03,Toys,02-Apr-2023,2023-04-04 19:34:37,False,,3.0,completed
US-ORD-001656,US-CUST-00502,US,USD,59.47,59.47,Books,2024-10-17 00:00:00,22.10.2024,False,,4.0,completed
US-ORD-001657,US-CUST-00277,US,USD,37.25,37.25,Electronics,2024-02-07 00:00:00,2024-02-12 03:15:22,False,,2.0,completed
US-ORD-001658,US-CUST-00367,US,USD,139.89,139.89,Automotive,03/02/2024 00:00,2024-03-05 23:24:21,False,,4.0,completed
US-ORD-001659,US-CUST-00012,US,USD,61.07,61.07,Toys,2024-03-15 00:00:00,2024-03-22 07:00:33,False,,1.0,completed
US-ORD-001660,US-CUST-00136,US,USD,74.25,74.25,Beauty,15.12.2024,19-Dec-2024,False,,3.0,completed
US-ORD-001661,US-CUST-00238,US,USD,152.68,152.68,Electronics,2023-12-08 00:00:00,,False,,,completed
US-ORD-001662,US-CUST-00057,US,USD,109.73,109.73,Grocery,30-Dec-2024,,False,,,completed
US-ORD-001663,US-CUST-00077,US,USD,131.77,131.77,Fashion,2024-07-11 00:00:00,14.07.2024,False,,3.0,completed
US-ORD-001664,US-CUST-00419-DUP,US,USD,124.32,124.32,Fashion,25-Sep-2024,09/30/2024 20:24,False,,2.0,completed
US-ORD-001665,US-CUST-00305,US,USD,50.73,50.73,Sports,03/09/2025 00:00,03/14/2025 18:32,False,,,completed
US-ORD-001666,US-CUST-00052,US,USD,112.7,112.7,Sports,2023-01-29 00:00:00,02/01/2023 15:23,False,,1.0,completed
US-ORD-001667,US-CUST-00173,US,USD,98.55,98.55,Health,2025-02-22 00:00:00,02/24/2025 13:25,True,03/09/2025 00:00,2.0,completed
US-ORD-001668,US-CUST-00071,US,USD,3.0,3.0,,07.11.2023,11/13/2023 15:04,False,,4.0,completed
US-ORD-001669,US-CUST-00576,US,USD,64.85,64.85,Electronics,2023-03-05 00:00:00,12.03.2023,True,23-Mar-2023,4.0,completed
US-ORD-001670,US-CUST-00389,US,USD,147.73,147.73,Beauty,2025-08-02 00:00:00,10-Aug-2025,False,,3.0,completed
US-ORD-001671,US-CUST-00286,US,USD,3.0,3.0,Fashion,25-Aug-2025,08/29/2025 12:59,False,,3.0,completed
US-ORD-001672,US-CUST-00250,US,USD,103.2,103.2,Fashion,12-Oct-2025,2025-10-17 02:11:13,False,,4.0,completed
US-ORD-001673,US-CUST-00015,US,USD,106.65,106.65,Beauty,10/24/2023 00:00,11/02/2023 07:26,False,,3.0,completed
US-ORD-001674,US-CUST-00485,US,USD,32.65,32.65,Automotive,03/15/2024 00:00,25.03.2024,False,,3.0,completed
US-ORD-001675,US-CUST-00418,US,USD,141.69,141.69,Beauty,2023-02-16 00:00:00,20.02.2023,False,,3.0,completed
US-ORD-001676,US-CUST-00598,US,USD,53.79,53.79,,06.09.2024,09/12/2024 10:29,False,,3.0,completed
US-ORD-001677,US-CUST-00093,US,USD,46.12,46.12,Home & Kitchen,03/17/2023 00:00,2023-03-25 07:56:12,False,,3.0,completed
US-ORD-001678,US-CUST-00526,US,USD,76.6,76.6,Sports,08-Apr-2025,14-Apr-2025,False,,2.0,completed
US-ORD-001679,US-CUST-00236,US,USD,96.61,96.61,Toys,07-Aug-2025,09.08.2025,False,,4.0,completed
US-ORD-001680,US-CUST-00133,US,USD,31.68,31.68,Automotive,2023-07-01 00:00:00,,False,,,completed
US-ORD-001681,US-CUST-00202,US,USD,124.76,124.76,Electronics,31.03.2023,04/06/2023 17:20,False,,4.0,completed
US-ORD-001682,US-CUST-00229,US,USD,64.59,64.59,Health,24-Jul-2024,27-Jul-2024,False,,5.0,completed
US-ORD-001683,US-CUST-00503,US,USD,43.52,43.52,Home & Kitchen,06/03/2025 00:00,06/05/2025 22:13,False,,4.0,completed
US-ORD-001684,US-CUST-00298,US,USD,39.17,39.17,,05-Jan-2025,01/08/2025 02:23,True,2025-01-20 00:00:00,2.0,completed
US-ORD-001685,US-CUST-00023,US,USD,53.27,53.27,,2023-08-16 00:00:00,2023-08-20 20:01:46,False,,4.0,completed
US-ORD-001686,US-CUST-00591,US,USD,117.81,117.81,Beauty,08-Nov-2023,14-Nov-2023,False,,3.0,completed
US-ORD-001687,US-CUST-00560,US,USD,66.08,66.08,,02-Apr-2023,08.04.2023,False,,,completed
US-ORD-001688,US-CUST-00077-DUP,US,USD,132.27,132.27,Toys,12.06.2024,,False,,,completed
US-ORD-001689,US-CUST-00325,US,USD,53.89,53.89,Toys,2024-05-25 00:00:00,09-Jun-2024,False,,,completed
US-ORD-001690,US-CUST-00012,US,USD,9.97,9.97,Sports,2025-01-26 00:00:00,02/15/2025 07:58,False,,4.0,completed
US-ORD-001691,US-CUST-00256,US,USD,100.98,100.98,Beauty,25.10.2024,29-Oct-2024,False,,5.0,completed
US-ORD-001692,US-CUST-00142,US,USD,53.21,53.21,Toys,2024-07-13 00:00:00,2024-07-25 21:51:10,True,01.08.2024,3.0,completed
US-ORD-001693,US-CUST-00144,US,USD,47.62,47.62,Home & Kitchen,2023-11-08 00:00:00,14.11.2023,False,,,completed
US-ORD-001694,US-CUST-00197,US,USD,93.43,93.43,Fashion,22-Oct-2025,10/27/2025 17:08,False,,4.0,completed
US-ORD-001695,US-CUST-00096,US,USD,73.29,73.29,Books,03/31/2024 00:00,,False,,,completed
US-ORD-001696,US-CUST-00354,US,USD,128.29,128.29,Fashion,2024-11-10 00:00:00,2024-11-16 10:41:44,False,,,completed
US-ORD-001697,US-CUST-00270,US,USD,80.03,80.03,Fashion,25-Mar-2025,,False,,,completed
US-ORD-001698,US-CUST-00179,US,USD,98.31,98.31,Fashion,04/21/2023 00:00,04/26/2023 01:15,False,,3.0,completed
US-ORD-001699,US-CUST-00270,US,USD,71.36,71.36,Automotive,18.09.2023,18-Sep-2023,False,,4.0,cancelled
US-ORD-001700,US-CUST-00312,US,USD,53.02,53.02,Toys,05/29/2025 00:00,06.06.2025,False,,,completed
US-ORD-001701,US-CUST-00090,US,USD,75.87,75.87,Toys,19.06.2025,21.06.2025,False,,3.0,completed
US-ORD-001702,US-CUST-00265,US,USD,27.92,27.92,Grocery,01/19/2025 00:00,01/24/2025 22:43,False,,4.0,completed
US-ORD-001703,US-CUST-00129,US,USD,118.1,118.1,Fashion,13-May-2025,05/16/2025 10:02,False,,4.0,completed
US-ORD-001704,US-CUST-00396,US,USD,13.57,13.57,Toys,11.01.2024,,False,,,completed
US-ORD-001705,US-CUST-00418,US,USD,98.35,98.35,Home & Kitchen,30-Mar-2025,2025-04-04 23:47:55,False,,4.0,completed
US-ORD-001706,US-CUST-00370,US,USD,93.66,93.66,Automotive,2024-07-06 00:00:00,2024-07-14 05:00:29,False,,3.0,completed
US-ORD-001707,US-CUST-00278,US,USD,81.24,81.24,Health,08/11/2023 00:00,13.08.2023,False,,3.0,completed
US-ORD-001708,US-CUST-00443,US,USD,79.4,79.4,Toys,21.09.2024,09/28/2024 04:59,False,,3.0,completed
US-ORD-001709,US-CUST-00090,US,USD,64.38,64.38,Home & Kitchen,2024-12-30 00:00:00,01/03/2025 04:28,True,26.01.2025,3.0,completed
US-ORD-001710,US-CUST-00314,US,USD,88.27,88.27,Beauty,10/06/2025 00:00,17-Oct-2025,False,,5.0,completed
US-ORD-001711,US-CUST-00429,US,USD,45.06,45.06,Health,2024-08-11 00:00:00,08/17/2024 10:39,False,,2.0,completed
US-ORD-001712,US-CUST-00044,US,USD,105.1,105.1,Sports,04/09/2025 00:00,,False,,,completed
US-ORD-001713,US-CUST-00121,US,USD,92.29,92.29,Sports,29-Jan-2025,2025-02-01 00:16:02,False,,,completed
US-ORD-001714,US-CUST-00517,US,USD,86.23,86.23,,17-Dec-2025,19-Dec-2025,False,,3.0,completed
US-ORD-001715,US-CUST-00050,US,USD,121.32,121.32,Beauty,2023-04-30 00:00:00,05/06/2023 14:14,False,,4.0,completed
US-ORD-001716,US-CUST-00508,US,USD,31.13,31.13,Electronics,2024-07-19 00:00:00,25-Jul-2024,False,,4.0,completed
US-ORD-001717,US-CUST-00159,US,USD,3.0,3.0,Health,13.08.2025,2025-08-19 13:33:58,False,,,completed
US-ORD-001718,US-CUST-00336,US,USD,73.91,73.91,Health,15.04.2023,22.04.2023,False,,3.0,completed
US-ORD-001719,US-CUST-00483,US,USD,3.0,3.0,Fashion,09/04/2023 00:00,09/09/2023 13:23,False,,4.0,completed
US-ORD-001720,US-CUST-00114,US,USD,3.0,3.0,Health,27-Jun-2025,30-Jun-2025,False,,5.0,completed
US-ORD-001721,US-CUST-00565-DUP,US,USD,61.25,61.25,Health,26-Feb-2023,03/24/2023 11:05,False,,3.0,completed
US-ORD-001722,US-CUST-00007,US,USD,3.0,3.0,Fashion,10/01/2025 00:00,10/05/2025 15:49,True,13-Nov-2025,3.0,completed
US-ORD-001723,US-CUST-00138,US,USD,57.01,57.01,Health,01/31/2023 00:00,2023-02-04 18:29:50,True,07.03.2023,4.0,completed
US-ORD-001724,US-CUST-00466,US,USD,68.24,68.24,Home & Kitchen,17.01.2024,25-Jan-2024,False,,4.0,completed
US-ORD-001725,US-CUST-00591,US,USD,3.0,3.0,Electronics,24.08.2025,24.08.2025,False,,4.0,completed
US-ORD-001726,US-CUST-00004,US,USD,97.82,97.82,Fashion,18-Oct-2023,22-Oct-2023,False,,2.0,completed
US-ORD-001727,US-CUST-00115,US,USD,43.14,43.14,Beauty,03/21/2024 00:00,25.03.2024,False,,2.0,completed
US-ORD-001728,US-CUST-00076,US,USD,41.74,41.74,Health,2024-08-13 00:00:00,08/19/2024 07:18,True,2024-09-06 00:00:00,5.0,completed
US-ORD-001729,US-CUST-00563,US,USD,56.13,56.13,Electronics,13-Apr-2024,2024-04-19 12:18:41,False,,2.0,completed
US-ORD-001730,US-CUST-00333,US,USD,104.68,104.68,Beauty,2025-04-07 00:00:00,10.04.2025,False,,4.0,completed
US-ORD-001731,US-CUST-00434,US,USD,63.85,63.85,Grocery,2024-07-19 00:00:00,07/26/2024 15:22,False,,3.0,completed
US-ORD-001732,US-CUST-00504,US,USD,103.24,103.24,Health,20.05.2024,2024-05-24 10:35:01,False,,,completed
US-ORD-001733,US-CUST-00385,US,USD,67.88,67.88,Beauty,2023-10-02 00:00:00,06-Oct-2023,False,,3.0,completed
US-ORD-001734,US-CUST-00378,US,USD,74.37,74.37,Home & Kitchen,03.08.2025,08/07/2025 20:59,False,,4.0,completed
US-ORD-001735,US-CUST-00512,US,USD,78.8,78.8,Grocery,05-Aug-2025,11-Aug-2025,False,,4.0,completed
US-ORD-001736,US-CUST-00498,US,USD,27.72,27.72,Sports,25.02.2025,03/03/2025 17:42,False,,2.0,completed
US-ORD-001737,US-CUST-00332,US,USD,101.45,101.45,,12-Apr-2024,18-Apr-2024,False,,2.0,completed
US-ORD-001738,US-CUST-00151,US,USD,79.18,79.18,Electronics,24-Feb-2025,28.02.2025,False,,3.0,completed
US-ORD-001739,US-CUST-00386,US,USD,135.79,135.79,Sports,11/23/2025 00:00,26-Nov-2025,False,,3.0,completed
US-ORD-001740,US-CUST-00128,US,USD,78.41,78.41,Beauty,05/19/2023 00:00,25-May-2023,False,,3.0,completed
US-ORD-001741,US-CUST-00529,US,USD,127.49,127.49,Health,02-Jun-2025,08-Jun-2025,False,,2.0,completed
US-ORD-001742,US-CUST-00026,US,USD,51.17,51.17,Home & Kitchen,04/23/2024 00:00,26.04.2024,False,,4.0,completed
US-ORD-001743,US-CUST-00196,US,USD,3.0,3.0,Fashion,06.05.2025,16-May-2025,False,,4.0,completed
US-ORD-001744,US-CUST-00078,US,USD,81.7,81.7,Grocery,2023-04-29 00:00:00,06-May-2023,False,,5.0,completed
US-ORD-001745,US-CUST-00211,US,USD,114.18,114.18,Sports,12/15/2025 00:00,12/21/2025 21:32,False,,4.0,completed
US-ORD-001746,US-CUST-00501,US,USD,68.63,68.63,Home & Kitchen,27-Dec-2023,2024-01-08 01:09:42,False,,3.0,completed
US-ORD-001747,US-CUST-00556,US,USD,44.08,44.08,Fashion,04.10.2025,,False,,,completed
US-ORD-001748,US-CUST-00592,US,USD,71.59,71.59,Health,2024-07-03 00:00:00,2024-07-04 15:08:09,False,,4.0,completed
US-ORD-001749,US-CUST-00014,US,USD,73.37,73.37,,2024-01-02 00:00:00,07-Jan-2024,False,,3.0,completed
US-ORD-001750,US-CUST-00461,US,USD,213.46,213.46,Home & Kitchen,29-Jun-2024,2024-07-06 17:17:08,False,,,completed
US-ORD-001751,US-CUST-00011,US,USD,19.0,19.0,Beauty,2023-02-09 00:00:00,25-Feb-2023,False,,3.0,completed
US-ORD-001752,US-CUST-00115,US,USD,29.35,29.35,Beauty,11-Feb-2024,02/13/2024 07:40,False,,4.0,completed
US-ORD-001753,US-CUST-00407,US,USD,44.34,44.34,Grocery,24.07.2024,2024-07-30 22:27:20,False,,4.0,completed
US-ORD-001754,US-CUST-00230,US,USD,136.83,136.83,Books,11/17/2023 00:00,20.11.2023,False,,4.0,completed
US-ORD-001755,US-CUST-00356,US,USD,103.46,103.46,Grocery,2023-11-20 00:00:00,11/24/2023 01:14,False,,3.0,completed
US-ORD-001756,US-CUST-00464,US,USD,147.43,147.43,Electronics,05/29/2025 00:00,03-Jun-2025,False,,4.0,completed
US-ORD-001757,US-CUST-00463,US,USD,38.01,38.01,Books,2024-09-14 00:00:00,16.09.2024,False,,3.0,completed
US-ORD-001758,US-CUST-00022,US,USD,69.42,69.42,Sports,06/09/2025 00:00,11-Jun-2025,False,,3.0,completed
US-ORD-001759,US-CUST-00380,US,USD,3.0,3.0,Fashion,21.01.2023,01/23/2023 18:14,False,,4.0,completed
US-ORD-001760,US-CUST-00197,US,USD,102.17,102.17,,05/02/2024 00:00,2024-05-06 05:11:23,False,,3.0,completed
US-ORD-001761,US-CUST-00339,US,USD,28.77,28.77,Home & Kitchen,14.01.2023,,False,,,completed
US-ORD-001762,US-CUST-00034,US,USD,104.0,104.0,Fashion,05/02/2023 00:00,08.05.2023,False,,3.0,completed
US-ORD-001763,US-CUST-00166,US,USD,23.09,23.09,Health,29.10.2025,11/03/2025 12:51,False,,3.0,completed
US-ORD-001764,US-CUST-00236,US,USD,51.68,51.68,Home & Kitchen,2025-03-18 00:00:00,30.03.2025,False,,,completed
US-ORD-001765,US-CUST-00320,US,USD,112.22,112.22,Sports,07/05/2024 00:00,2024-07-10 07:34:57,False,,2.0,completed
US-ORD-001766,US-CUST-00284,US,USD,84.51,84.51,Home & Kitchen,08/30/2023 00:00,09/06/2023 03:00,False,,3.0,completed
US-ORD-001767,US-CUST-00350,US,USD,135.8,135.8,Toys,2023-01-31 00:00:00,07.02.2023,False,,,completed
US-ORD-001768,US-CUST-00433,US,USD,149.87,149.87,Toys,06.01.2024,2024-01-11 14:39:06,False,,4.0,completed
US-ORD-001769,US-CUST-00435,US,USD,138.64,138.64,Health,2023-11-06 00:00:00,11-Nov-2023,False,,3.0,completed
US-ORD-001770,US-CUST-00170,US,USD,54.82,54.82,,2024-04-13 00:00:00,18.04.2024,False,,2.0,completed
US-ORD-001771,US-CUST-00107,US,USD,68.55,68.55,Books,16.04.2024,23.04.2024,False,,2.0,completed
US-ORD-001772,US-CUST-00129,US,USD,144.05,144.05,Health,12.04.2023,19-Apr-2023,False,,3.0,completed
US-ORD-001773,US-CUST-00552,US,USD,99.45,99.45,Home & Kitchen,2024-05-29 00:00:00,15.06.2024,False,,5.0,completed
US-ORD-001774,US-CUST-00203,US,USD,119.22,119.22,Sports,01/16/2023 00:00,2023-01-18 04:47:47,False,,4.0,completed
US-ORD-001775,US-CUST-00169,US,USD,65.75,65.75,Automotive,15.12.2023,20.12.2023,False,,,completed
US-ORD-001776,US-CUST-00539,US,USD,42.23,42.23,Toys,08/16/2024 00:00,24.08.2024,False,,4.0,completed
US-ORD-001777,US-CUST-00520,US,USD,41.71,41.71,Books,18.12.2023,20-Dec-2023,False,,3.0,completed
US-ORD-001778,US-CUST-00382,US,USD,94.55,94.55,Automotive,2023-09-14 00:00:00,09/19/2023 11:31,False,,5.0,completed
US-ORD-001779,US-CUST-00415,US,USD,110.55,110.55,Home & Kitchen,03/13/2025 00:00,19.03.2025,True,03/31/2025 00:00,4.0,completed
US-ORD-001780,US-CUST-00173,US,USD,12.48,12.48,Grocery,09/06/2024 00:00,10.09.2024,False,,4.0,completed
US-ORD-001781,US-CUST-00403,US,USD,72.68,72.68,Fashion,07/14/2024 00:00,2024-07-20 00:08:54,False,,3.0,completed
US-ORD-001782,US-CUST-00053,US,USD,28.66,28.66,Electronics,27.06.2025,01.07.2025,False,,4.0,completed
US-ORD-001783,US-CUST-00588,US,USD,45.49,45.49,Fashion,01/15/2024 00:00,2024-01-19 12:41:09,True,2024-02-06 00:00:00,3.0,completed
US-ORD-001784,US-CUST-00005,US,USD,125.37,125.37,Health,2024-02-16 00:00:00,05-Mar-2024,False,,5.0,completed
US-ORD-001785,US-CUST-00428,US,USD,143.79,143.79,Health,2023-02-13 00:00:00,2023-02-17 20:06:35,False,,3.0,completed
US-ORD-001786,US-CUST-00277,US,USD,3.0,3.0,Home & Kitchen,11-Jun-2025,13.06.2025,True,14.07.2025,2.0,completed
US-ORD-001787,US-CUST-00117,US,USD,137.03,137.03,Home & Kitchen,2025-05-21 00:00:00,05/26/2025 05:33,False,,4.0,completed
US-ORD-001788,US-CUST-00357,US,USD,3.0,3.0,Sports,14.06.2024,16.06.2024,False,,4.0,completed
US-ORD-001789,US-CUST-00370,US,USD,87.9,87.9,Fashion,12-Aug-2024,08/16/2024 16:56,False,,4.0,completed
US-ORD-001790,US-CUST-00284,US,USD,148.61,148.61,Toys,06-Mar-2023,10.03.2023,False,,,completed
US-ORD-001791,US-CUST-00578,US,USD,78.12,78.12,Books,08/27/2025 00:00,2025-09-20 09:14:40,False,,5.0,completed
US-ORD-001792,US-CUST-00508,US,USD,3.0,3.0,Electronics,01/10/2024 00:00,01/16/2024 08:47,False,,3.0,completed
US-ORD-001793,US-CUST-00011,US,USD,100.5,100.5,Toys,12/08/2024 00:00,11-Dec-2024,False,,3.0,completed
US-ORD-001794,US-CUST-00478,US,USD,107.01,107.01,Health,08/23/2024 00:00,09/03/2024 05:25,False,,4.0,completed
US-ORD-001795,US-CUST-00232,US,USD,36.84,36.84,Sports,07.06.2025,,False,,,completed
US-ORD-001796,US-CUST-00181-DUP,US,USD,54.6,54.6,Grocery,2024-10-02 00:00:00,2024-10-03 09:48:32,False,,3.0,completed
US-ORD-001797,US-CUST-00420,US,USD,107.98,107.98,Automotive,2023-03-08 00:00:00,2023-03-10 10:50:12,False,,4.0,completed
US-ORD-001798,US-CUST-00084,US,USD,96.95,96.95,Health,22-Jul-2025,25.07.2025,False,,3.0,completed
US-ORD-001799,US-CUST-00413,US,USD,146.92,146.92,Toys,2024-12-20 00:00:00,26-Dec-2024,False,,4.0,completed
US-ORD-001800,US-CUST-00170,US,USD,64.3,64.3,Fashion,2024-08-31 00:00:00,2024-09-05 03:40:38,False,,3.0,cancelled
US-ORD-001801,US-CUST-00034,US,USD,3.0,3.0,Sports,24.11.2025,03-Dec-2025,True,16.12.2025,,completed
US-ORD-001802,US-CUST-00216,US,USD,81.99,81.99,Beauty,2024-04-11 00:00:00,04/16/2024 19:06,False,,3.0,completed
US-ORD-001803,US-CUST-00287,US,USD,41.92,41.92,Fashion,2025-08-22 00:00:00,05-Sep-2025,False,,,completed
US-ORD-001804,US-CUST-00047,US,USD,3.03,3.03,Grocery,14-Nov-2025,23.11.2025,False,,2.0,completed
US-ORD-001805,US-CUST-00515,US,USD,28.56,28.56,Automotive,25-Feb-2024,02/29/2024 02:52,False,,,completed
US-ORD-001806,US-CUST-00142,US,USD,132.96,132.96,Books,2023-02-19 00:00:00,2023-02-24 00:41:47,False,,2.0,completed
US-ORD-001807,US-CUST-00030,US,USD,131.45,131.45,Sports,01-May-2023,2023-05-07 11:05:16,False,,4.0,completed
US-ORD-001808,US-CUST-00015,US,USD,107.21,107.21,Electronics,18-Jan-2024,01/27/2024 18:55,False,,,completed
US-ORD-001809,US-CUST-00208,US,USD,173.33,173.33,Health,12/30/2023 00:00,12-Jan-2024,False,,5.0,completed
US-ORD-001810,US-CUST-00161,US,USD,92.24,92.24,Electronics,2025-07-26 00:00:00,31.07.2025,False,,2.0,completed
US-ORD-001811,US-CUST-00019,US,USD,67.33,67.33,Fashion,2024-04-25 00:00:00,28.04.2024,False,,4.0,completed
US-ORD-001812,US-CUST-00194,US,USD,123.2,123.2,,2025-05-07 00:00:00,05/07/2025 20:25,False,,3.0,completed
US-ORD-001813,US-CUST-00150,US,USD,125.48,125.48,Home & Kitchen,2025-12-22 00:00:00,26.12.2025,False,,4.0,completed
US-ORD-001814,US-CUST-00227,US,USD,90.8,90.8,Toys,2023-08-17 00:00:00,2023-08-22 16:23:58,False,,3.0,completed
US-ORD-001815,US-CUST-00594,US,USD,20.25,20.25,Automotive,12/16/2025 00:00,2025-12-18 18:09:59,False,,4.0,completed
US-ORD-001816,US-CUST-00588-DUP,US,USD,75.88,75.88,Fashion,11/12/2025 00:00,16-Nov-2025,False,,3.0,completed
US-ORD-001817,US-CUST-00067,US,USD,61.27,61.27,Electronics,03-Sep-2024,,True,2024-10-08 00:00:00,,completed
US-ORD-001818,US-CUST-00539,US,USD,59.91,59.91,Health,04.11.2023,11/06/2023 07:37,False,,4.0,completed
US-ORD-001819,US-CUST-00282,US,USD,65.78,65.78,Electronics,2023-03-03 00:00:00,08.03.2023,False,,5.0,completed
US-ORD-001820,US-CUST-00401,US,USD,74.07,74.07,Toys,01/05/2023 00:00,10-Jan-2023,False,,2.0,cancelled
US-ORD-001821,US-CUST-00179,US,USD,65.11,65.11,Health,09-Mar-2023,,False,,,completed
US-ORD-001822,US-CUST-00534,US,USD,5.01,5.01,Sports,25-Jun-2024,30-Jun-2024,False,,4.0,completed
US-ORD-001823,US-CUST-00417,US,USD,76.86,76.86,,2023-06-16 00:00:00,06/23/2023 01:47,False,,4.0,completed
US-ORD-001824,US-CUST-00060,US,USD,141.51,141.51,Beauty,11/16/2023 00:00,11/19/2023 00:18,False,,4.0,completed
US-ORD-001825,US-CUST-00315,US,USD,78.8,78.8,Electronics,2025-07-08 00:00:00,07/10/2025 20:40,False,,4.0,completed
US-ORD-001826,US-CUST-00016,US,USD,179.61,179.61,Toys,03/31/2024 00:00,04-Apr-2024,False,,4.0,completed
US-ORD-001827,US-CUST-00409,US,USD,78.8,78.8,Health,11-Jul-2024,02-Aug-2024,False,,,completed
US-ORD-001828,US-CUST-00541,US,USD,3.0,3.0,Home & Kitchen,09-Feb-2024,,False,,,completed
US-ORD-001829,US-CUST-00178,US,USD,12.36,12.36,Home & Kitchen,05/31/2023 00:00,08-Jun-2023,False,,3.0,completed
US-ORD-001830,US-CUST-00393,US,USD,59.43,59.43,Home & Kitchen,09-Jun-2024,06/15/2024 18:40,False,,2.0,completed
US-ORD-001831,US-CUST-00234-DUP,US,USD,40.49,40.49,Automotive,07/18/2025 00:00,23.07.2025,False,,,completed
US-ORD-001832,US-CUST-00507,US,USD,121.29,121.29,Beauty,22-May-2024,28-May-2024,False,,4.0,completed
US-ORD-001833,US-CUST-00097,US,USD,78.52,78.52,,01.02.2025,02/19/2025 19:12,True,18.03.2025,4.0,completed
US-ORD-001834,US-CUST-00068,US,USD,28.65,28.65,Beauty,17.12.2025,12/22/2025 02:12,False,,3.0,completed
US-ORD-001835,US-CUST-00232,US,USD,78.65,78.65,Toys,2025-08-13 00:00:00,2025-08-17 00:55:44,False,,5.0,completed
US-ORD-001836,US-CUST-00329,US,USD,73.2,73.2,Beauty,05/25/2023 00:00,,False,,,completed
US-ORD-001837,US-CUST-00163,US,USD,68.96,68.96,,08/20/2025 00:00,26-Aug-2025,False,,5.0,completed
US-ORD-001838,US-CUST-00583,US,USD,48.47,48.47,Books,24-Jan-2023,01/25/2023 20:02,True,02/13/2023 00:00,4.0,completed
US-ORD-001839,US-CUST-00558,US,USD,12.87,12.87,Automotive,2025-05-26 00:00:00,12-Jun-2025,False,,,completed
US-ORD-001840,US-CUST-00002,US,USD,63.41,63.41,Toys,27-Jan-2025,2025-01-31 20:39:27,False,,4.0,completed
US-ORD-001841,US-CUST-00297,US,USD,44.24,44.24,Fashion,2025-04-17 00:00:00,21.04.2025,False,,3.0,completed
US-ORD-001842,US-CUST-00323,US,USD,81.73,81.73,Grocery,21-Sep-2024,26.09.2024,False,,4.0,completed
US-ORD-001843,US-CUST-00231,US,USD,112.97,112.97,Grocery,17-Apr-2023,04/22/2023 18:50,False,,4.0,completed
US-ORD-001844,US-CUST-00470,US,USD,3.8,3.8,Electronics,2024-01-03 00:00:00,2024-01-08 02:24:39,False,,4.0,completed
US-ORD-001845,US-CUST-00505,US,USD,107.8,107.8,Sports,12-Jan-2024,15-Jan-2024,False,,3.0,completed
US-ORD-001846,US-CUST-00481,US,USD,49.17,49.17,Toys,30-Dec-2025,05.01.2026,False,,,completed
US-ORD-001847,US-CUST-00170,US,USD,121.52,121.52,Grocery,27.05.2023,31.05.2023,False,,,completed
US-ORD-001848,US-CUST-00354,US,USD,115.86,115.86,Toys,2024-12-21 00:00:00,2024-12-26 05:55:37,False,,3.0,completed
US-ORD-001849,US-CUST-00254,US,USD,65.49,65.49,Books,2023-07-15 00:00:00,21.07.2023,False,,4.0,completed
US-ORD-001850,US-CUST-00012,US,USD,177.41,177.41,Grocery,07.04.2023,,False,,,completed
US-ORD-001851,US-CUST-00182,US,USD,98.31,98.31,Fashion,2024-09-30 00:00:00,10/03/2024 22:35,False,,3.0,completed
US-ORD-001852,US-CUST-00526,US,USD,74.51,74.51,Beauty,19.02.2023,02/24/2023 06:35,False,,5.0,completed
US-ORD-001853,US-CUST-00401,US,USD,66.71,66.71,Sports,28.03.2025,2025-03-30 17:45:05,False,,4.0,completed
US-ORD-001854,US-CUST-00242,US,USD,3.0,3.0,Fashion,23.11.2024,27-Nov-2024,False,,4.0,completed
US-ORD-001855,US-CUST-00519,US,USD,110.76,110.76,Beauty,2023-09-28 00:00:00,04-Oct-2023,False,,3.0,completed
US-ORD-001856,US-CUST-00120,US,USD,68.22,68.22,,2025-06-03 00:00:00,06-Jun-2025,False,,2.0,completed
US-ORD-001857,US-CUST-00550,US,USD,88.95,88.95,Beauty,31.07.2024,08/02/2024 10:52,False,,3.0,completed
US-ORD-001858,US-CUST-00033,US,USD,30.22,30.22,Books,07.04.2023,04/13/2023 02:23,False,,5.0,completed
US-ORD-001859,US-CUST-00372,US,USD,16.43,16.43,,22.11.2023,23-Nov-2023,False,,,completed
US-ORD-001860,US-CUST-00065,US,USD,69.38,69.38,Health,27.04.2023,05/02/2023 00:45,False,,4.0,completed
US-ORD-001861,US-CUST-00417,US,USD,54.92,54.92,Automotive,05/31/2023 00:00,04.06.2023,False,,4.0,completed
US-ORD-001862,US-CUST-00141,US,USD,121.82,121.82,Beauty,04-Jan-2024,05-Jan-2024,False,,,completed
US-ORD-001863,US-CUST-00053,US,USD,58.4,58.4,,30-Dec-2025,04-Jan-2026,True,12-Feb-2026,3.0,completed
US-ORD-001864,US-CUST-00008,US,USD,152.9,152.9,Toys,2025-03-22 00:00:00,25.03.2025,True,2025-04-29 00:00:00,3.0,cancelled
US-ORD-001865,US-CUST-00373,US,USD,100.02,100.02,,03/19/2024 00:00,2024-04-01 19:37:05,False,,2.0,completed
US-ORD-001866,US-CUST-00375,US,USD,55.71,55.71,Books,06/21/2024 00:00,28-Jun-2024,False,,3.0,completed
US-ORD-001867,US-CUST-00504,US,USD,36.91,36.91,,18.01.2024,24-Jan-2024,True,29-Feb-2024,3.0,completed
US-ORD-001868,US-CUST-00230,US,USD,52.04,52.04,Sports,2024-06-11 00:00:00,06/16/2024 07:10,True,05.07.2024,,completed
US-ORD-001869,US-CUST-00289,US,USD,109.68,109.68,Health,03.02.2023,12-Feb-2023,False,,4.0,completed
US-ORD-001870,US-CUST-00322,US,USD,127.19,127.19,Home & Kitchen,11-Apr-2025,14.04.2025,False,,3.0,completed
US-ORD-001871,US-CUST-00303,US,USD,77.8,77.8,Toys,25-Apr-2024,04/30/2024 05:08,False,,3.0,completed
US-ORD-001872,US-CUST-00516,US,USD,67.11,67.11,Toys,12.11.2023,11/17/2023 19:10,False,,4.0,completed
US-ORD-001873,US-CUST-00092,US,USD,97.69,97.69,Beauty,05-Feb-2025,,False,,,completed
US-ORD-001874,US-CUST-00309,US,USD,52.18,52.18,Books,2023-07-12 00:00:00,15-Jul-2023,False,,2.0,completed
US-ORD-001875,US-CUST-00099,US,USD,155.31,155.31,Sports,30.10.2024,04-Nov-2024,False,,3.0,completed
US-ORD-001876,US-CUST-00537,US,USD,33.2,33.2,Automotive,15-Aug-2025,2025-08-25 20:54:41,False,,3.0,completed
US-ORD-001877,US-CUST-00330,US,USD,55.7,55.7,Toys,07-Sep-2024,12-Sep-2024,False,,4.0,completed
US-ORD-001878,US-CUST-00190,US,USD,118.11,118.11,Toys,07/31/2025 00:00,,False,,,completed
US-ORD-001879,US-CUST-00190,US,USD,97.78,97.78,Grocery,09/06/2025 00:00,09/21/2025 21:18,False,,3.0,completed
US-ORD-001880,US-CUST-00136,US,USD,88.85,88.85,Toys,01/07/2025 00:00,01/16/2025 03:16,False,,2.0,completed
US-ORD-001881,US-CUST-00471,US,USD,129.12,129.12,Sports,09-Apr-2025,04/14/2025 08:38,False,,4.0,completed
US-ORD-001882,US-CUST-00547,US,USD,70.41,70.41,Sports,18.01.2024,01/21/2024 07:33,False,,4.0,completed
US-ORD-001883,US-CUST-00193,US,USD,104.45,104.45,Home & Kitchen,04/06/2023 00:00,2023-04-12 22:39:31,False,,3.0,completed
US-ORD-001884,US-CUST-00009,US,USD,48.01,48.01,Health,25-Dec-2023,09-Jan-2024,False,,4.0,completed
US-ORD-001885,US-CUST-00453,US,USD,94.08,94.08,Fashion,19.10.2024,22.10.2024,False,,,completed
US-ORD-001886,US-CUST-00218,US,USD,50.76,50.76,Beauty,05/23/2023 00:00,2023-05-27 01:35:44,True,03-Jul-2023,,completed
US-ORD-001887,US-CUST-00518,US,USD,8.27,8.27,Home & Kitchen,2025-06-04 00:00:00,07-Jun-2025,False,,2.0,completed
US-ORD-001888,US-CUST-00571,US,USD,56.44,56.44,Sports,02.04.2025,,False,,,completed
US-ORD-001889,US-CUST-00038,US,USD,3.0,3.0,Electronics,14-Feb-2025,23.02.2025,False,,5.0,completed
US-ORD-001890,US-CUST-00375,US,USD,39.94,39.94,Electronics,09/01/2024 00:00,2024-09-06 13:04:34,False,,4.0,completed
US-ORD-001891,US-CUST-00414,US,USD,128.6,128.6,Home & Kitchen,05/10/2025 00:00,13-May-2025,False,,4.0,completed
US-ORD-001892,US-CUST-00322,US,USD,50.34,50.34,Toys,31-Dec-2024,02-Jan-2025,False,,4.0,completed
US-ORD-001893,US-CUST-00109-DUP,US,USD,133.08,133.08,Fashion,2024-03-03 00:00:00,13-Mar-2024,False,,2.0,completed
US-ORD-001894,US-CUST-00212,US,USD,106.45,106.45,,11/02/2025 00:00,06.11.2025,False,,4.0,completed
US-ORD-001895,US-CUST-00561,US,USD,8.83,8.83,Sports,2025-06-12 00:00:00,26.06.2025,False,,3.0,completed
US-ORD-001896,US-CUST-00186,US,USD,78.55,78.55,Books,02-Aug-2023,05.08.2023,False,,4.0,completed
US-ORD-001897,US-CUST-00165,US,USD,121.21,121.21,Home & Kitchen,01.12.2023,07.12.2023,False,,5.0,completed
US-ORD-001898,US-CUST-00144,US,USD,93.71,93.71,Health,08/02/2025 00:00,,False,,,completed
US-ORD-001899,US-CUST-00297,US,USD,136.35,136.35,Health,2025-12-12 00:00:00,,False,,,completed
US-ORD-001900,US-CUST-00410,US,USD,115.97,115.97,Toys,12.04.2023,04/20/2023 03:32,False,,4.0,completed
US-ORD-001901,US-CUST-00396,US,USD,7.67,7.67,,07/09/2024 00:00,12-Jul-2024,False,,5.0,completed
US-ORD-001902,US-CUST-00556,US,USD,67.39,67.39,Electronics,2024-05-09 00:00:00,14-May-2024,False,,4.0,completed
US-ORD-001903,US-CUST-00460,US,USD,106.33,106.33,Toys,16-Oct-2023,2023-10-21 13:22:56,False,,,completed
US-ORD-001904,US-CUST-00505,US,USD,65.61,65.61,Grocery,07.11.2024,11-Nov-2024,False,,4.0,completed
US-ORD-001905,US-CUST-00424,US,USD,99.91,99.91,Sports,12/19/2023 00:00,2023-12-23 11:38:58,True,19-Jan-2024,4.0,completed
US-ORD-001906,US-CUST-00309,US,USD,69.19,69.19,Books,28.04.2023,01.05.2023,False,,,completed
US-ORD-001907,US-CUST-00541,US,USD,40.85,40.85,Automotive,15-Nov-2025,2025-11-18 01:01:13,False,,3.0,completed
US-ORD-001908,US-CUST-00463,US,USD,130.52,130.52,Electronics,2025-05-22 00:00:00,25.05.2025,False,,4.0,completed
US-ORD-001909,US-CUST-00062,US,USD,45.45,45.45,,04/16/2025 00:00,20.04.2025,False,,2.0,completed
US-ORD-001910,US-CUST-00592,US,USD,65.08,65.08,Electronics,2024-11-12 00:00:00,11/16/2024 14:42,True,16.12.2024,4.0,completed
US-ORD-001911,US-CUST-00498,US,USD,85.05,85.05,Fashion,06/06/2025 00:00,08-Jun-2025,False,,,completed
US-ORD-001912,US-CUST-00043,US,USD,123.79,123.79,Home & Kitchen,20-Nov-2024,11-Dec-2024,False,,4.0,completed
US-ORD-001913,US-CUST-00228,US,USD,74.59,74.59,Grocery,12.02.2025,2025-02-15 23:08:51,False,,4.0,completed
US-ORD-001914,US-CUST-00256,US,USD,96.4,96.4,Automotive,20.11.2024,2024-11-21 12:08:56,False,,3.0,completed
US-ORD-001915,US-CUST-00017,US,USD,63.53,63.53,Beauty,01-Apr-2023,04/06/2023 12:17,False,,5.0,completed
US-ORD-001916,US-CUST-00374,US,USD,40.27,40.27,,2024-10-01 00:00:00,24-Oct-2024,False,,3.0,completed
US-ORD-001917,US-CUST-00132,US,USD,38.93,38.93,Health,17.05.2023,05/21/2023 07:20,False,,4.0,completed
US-ORD-001918,US-CUST-00225,US,USD,27.58,27.58,Toys,11/30/2025 00:00,05.12.2025,False,,2.0,completed
US-ORD-001919,US-CUST-00430,US,USD,49.74,49.74,Electronics,29-May-2025,02-Jun-2025,False,,5.0,completed
US-ORD-001920,US-CUST-00181-DUP,US,USD,62.63,62.63,Beauty,11/23/2025 00:00,11/23/2025 14:20,False,,2.0,completed
US-ORD-001921,US-CUST-00150,US,USD,76.53,76.53,Books,27-Jun-2023,2023-07-03 05:27:39,False,,4.0,completed
US-ORD-001922,US-CUST-00471,US,USD,82.54,82.54,Automotive,11/27/2024 00:00,2024-12-04 07:47:18,False,,3.0,completed
US-ORD-001923,US-CUST-00586,US,USD,115.27,115.27,Fashion,2025-08-28 00:00:00,2025-08-29 17:39:47,False,,3.0,completed
US-ORD-001924,US-CUST-00594,US,USD,3.0,3.0,Books,27.05.2025,31-May-2025,True,09.07.2025,,completed
US-ORD-001925,US-CUST-00557,US,USD,72.92,72.92,Grocery,2023-05-25 00:00:00,05/30/2023 05:28,False,,4.0,completed
US-ORD-001926,US-CUST-00309,US,USD,33.26,33.26,Grocery,06.03.2024,2024-03-10 14:52:06,False,,2.0,completed
US-ORD-001927,US-CUST-00023,US,USD,136.35,136.35,Home & Kitchen,03/10/2025 00:00,14.03.2025,False,,3.0,completed
US-ORD-001928,US-CUST-00212-DUP,US,USD,146.5,146.5,Toys,2025-09-07 00:00:00,09-Sep-2025,False,,,completed
US-ORD-001929,US-CUST-00535,US,USD,24.35,24.35,Fashion,14-Nov-2024,2024-11-16 19:22:53,False,,3.0,completed
US-ORD-001930,US-CUST-00397,US,USD,94.42,94.42,Health,2023-07-21 00:00:00,2023-07-27 11:30:15,False,,,completed
US-ORD-001931,US-CUST-00236,US,USD,190.74,190.74,Grocery,04/07/2023 00:00,04/07/2023 12:01,False,,4.0,completed
US-ORD-001932,US-CUST-00430,US,USD,49.93,49.93,Toys,13-Nov-2025,16-Nov-2025,False,,3.0,completed
US-ORD-001933,US-CUST-00456,US,USD,34.11,34.11,Automotive,2025-11-12 00:00:00,11/20/2025 08:51,False,,4.0,completed
US-ORD-001934,US-CUST-00325,US,USD,76.04,76.04,Beauty,24-Jun-2025,07/01/2025 16:50,False,,2.0,completed
US-ORD-001935,US-CUST-00045,US,USD,15.12,15.12,Books,09.03.2023,03/29/2023 15:27,False,,3.0,completed
US-ORD-001936,US-CUST-00104,US,USD,82.28,82.28,Health,11/08/2025 00:00,13.11.2025,False,,,completed
US-ORD-001937,US-CUST-00546,US,USD,81.72,81.72,Electronics,2024-10-22 00:00:00,24-Oct-2024,False,,4.0,completed
US-ORD-001938,US-CUST-00273,US,USD,85.78,85.78,Grocery,15.06.2025,06/21/2025 11:11,False,,2.0,completed
US-ORD-001939,US-CUST-00437,US,USD,89.02,89.02,Sports,20.08.2024,22.08.2024,True,09/28/2024 00:00,3.0,completed
US-ORD-001940,US-CUST-00121,US,USD,99.05,99.05,Toys,16.05.2023,05-Jun-2023,False,,3.0,completed
US-ORD-001941,US-CUST-00572,US,USD,75.28,75.28,Books,10/17/2025 00:00,10/18/2025 22:29,False,,5.0,completed
US-ORD-001942,US-CUST-00232,US,USD,65.76,65.76,Automotive,10/07/2023 00:00,14.10.2023,False,,3.0,completed
US-ORD-001943,US-CUST-00253,US,USD,51.44,51.44,Toys,05-Jul-2023,2023-07-08 11:19:08,False,,4.0,completed
US-ORD-001944,US-CUST-00125,US,USD,43.08,43.08,Grocery,19.02.2023,25-Feb-2023,False,,3.0,completed
US-ORD-001945,US-CUST-00434,US,USD,3.0,3.0,Health,2024-12-31 00:00:00,23.01.2025,False,,2.0,completed
US-ORD-001946,US-CUST-00073,US,USD,76.53,76.53,Electronics,20.11.2024,2024-11-22 14:51:37,False,,4.0,completed
US-ORD-001947,US-CUST-00181-DUP,US,USD,70.9,70.9,Beauty,22.07.2023,26.07.2023,False,,,completed
US-ORD-001948,US-CUST-00414,US,USD,104.52,104.52,Grocery,21.02.2024,02/27/2024 22:16,False,,3.0,completed
US-ORD-001949,US-CUST-00356,US,USD,40.3,40.3,Beauty,2024-05-09 00:00:00,,False,,,completed
US-ORD-001950,US-CUST-00386,US,USD,44.13,44.13,Home & Kitchen,26-Feb-2025,01-Mar-2025,False,,4.0,completed
US-ORD-001951,US-CUST-00032,US,USD,59.47,59.47,Electronics,06/09/2023 00:00,15-Jun-2023,False,,3.0,completed
US-ORD-001952,US-CUST-00213,US,USD,72.43,72.43,Home & Kitchen,20-Sep-2023,27.09.2023,False,,4.0,completed
US-ORD-001953,US-CUST-00335,US,USD,72.3,72.3,Toys,03/28/2024 00:00,2024-03-31 19:06:24,False,,3.0,completed
US-ORD-001954,US-CUST-00468,US,USD,36.72,36.72,Toys,19.07.2024,07/22/2024 22:01,False,,4.0,completed
US-ORD-001955,US-CUST-00131,US,USD,65.02,65.02,Toys,08-Jan-2025,2025-01-27 07:12:39,False,,5.0,completed
US-ORD-001956,US-CUST-00449,US,USD,89.4,89.4,Toys,31-Dec-2024,02.01.2025,False,,3.0,completed
US-ORD-001957,US-CUST-00560,US,USD,79.99,79.99,Fashion,22.06.2024,,False,,,cancelled
US-ORD-001958,US-CUST-00295,US,USD,25.13,25.13,Books,02.01.2024,01/08/2024 22:50,False,,5.0,completed
US-ORD-001959,US-CUST-00239,US,USD,46.71,46.71,Grocery,2025-03-28 00:00:00,04/01/2025 10:40,False,,3.0,completed
US-ORD-001960,US-CUST-00202,US,USD,65.84,65.84,Sports,01/09/2025 00:00,2025-01-13 22:14:37,False,,4.0,completed
US-ORD-001961,US-CUST-00008,US,USD,124.06,124.06,Sports,23.08.2023,26-Aug-2023,False,,2.0,cancelled
US-ORD-001962,US-CUST-00541,US,USD,74.04,74.04,Sports,21.10.2024,26-Oct-2024,False,,4.0,completed
US-ORD-001963,US-CUST-00094,US,USD,60.3,60.3,Fashion,2023-05-03 00:00:00,05/08/2023 05:59,False,,5.0,completed
US-ORD-001964,US-CUST-00079,US,USD,92.18,92.18,Grocery,06-Jun-2025,2025-06-10 06:04:41,False,,3.0,completed
US-ORD-001965,US-CUST-00561,US,USD,67.36,67.36,Health,2025-04-10 00:00:00,18.04.2025,False,,3.0,completed
US-ORD-001966,US-CUST-00200,US,USD,74.11,74.11,Automotive,2025-05-26 00:00:00,2025-05-30 00:50:56,False,,4.0,completed
US-ORD-001967,US-CUST-00343,US,USD,163.19,163.19,Home & Kitchen,2023-04-19 00:00:00,24-Apr-2023,False,,4.0,completed
US-ORD-001968,US-CUST-00262,US,USD,76.66,76.66,Home & Kitchen,10.10.2023,10/24/2023 05:33,True,07-Nov-2023,4.0,completed
US-ORD-001969,US-CUST-00144,US,USD,81.04,81.04,Electronics,10/18/2023 00:00,23-Oct-2023,False,,3.0,completed
US-ORD-001970,US-CUST-00180,US,USD,57.7,57.7,,2023-10-07 00:00:00,10/11/2023 04:16,False,,4.0,completed
US-ORD-001971,US-CUST-00547,US,USD,57.96,57.96,Electronics,14.10.2023,2023-10-23 03:58:03,False,,4.0,completed
US-ORD-001972,US-CUST-00219,US,USD,17.59,17.59,Beauty,07/26/2023 00:00,07/30/2023 17:49,False,,3.0,completed
US-ORD-001973,US-CUST-00409,US,USD,3.0,3.0,Books,04.06.2024,12.06.2024,False,,4.0,completed
US-ORD-001974,US-CUST-00274,US,USD,98.99,98.99,Automotive,09/02/2024 00:00,09/07/2024 07:56,False,,2.0,completed
US-ORD-001975,US-CUST-00586,US,USD,53.24,53.24,Beauty,31.12.2024,06-Jan-2025,False,,3.0,completed
US-ORD-001976,US-CUST-00413,US,USD,3.0,3.0,Beauty,24.08.2025,2025-08-28 13:05:56,False,,3.0,completed
US-ORD-001977,US-CUST-00062,US,USD,81.1,81.1,Sports,16-May-2023,05/22/2023 10:58,False,,4.0,completed
US-ORD-001978,US-CUST-00163,US,USD,86.64,86.64,Sports,04.08.2023,08/11/2023 09:23,False,,2.0,completed
US-ORD-001979,US-CUST-00417,US,USD,97.71,97.71,Toys,07/08/2024 00:00,07/14/2024 06:04,False,,2.0,completed
US-ORD-001980,US-CUST-00346,US,USD,7.37,7.37,Beauty,25-Nov-2024,28-Nov-2024,False,,3.0,completed
US-ORD-001981,US-CUST-00420,US,USD,108.9,108.9,Toys,26.07.2025,07/29/2025 18:30,False,,3.0,completed
US-ORD-001982,US-CUST-00551,US,USD,47.48,47.48,Beauty,05/28/2025 00:00,,False,,,completed
US-ORD-001983,US-CUST-00512,US,USD,75.59,75.59,Automotive,2025-08-21 00:00:00,2025-08-25 15:23:45,False,,3.0,completed
US-ORD-001984,US-CUST-00060,US,USD,133.14,133.14,Beauty,21-Nov-2025,2025-12-06 12:02:23,False,,5.0,completed
US-ORD-001985,US-CUST-00143,US,USD,84.47,84.47,Fashion,09-Jan-2023,13-Jan-2023,False,,5.0,completed
US-ORD-001986,US-CUST-00452,US,USD,27.5,27.5,Fashion,01-Mar-2024,19-Mar-2024,False,,2.0,completed
US-ORD-001987,US-CUST-00415,US,USD,117.86,117.86,Home & Kitchen,07/23/2024 00:00,07/31/2024 09:04,False,,5.0,completed
US-ORD-001988,US-CUST-00081,US,USD,130.08,130.08,Automotive,2024-01-27 00:00:00,2024-02-14 14:30:51,False,,3.0,completed
US-ORD-001989,US-CUST-00421,US,USD,3.0,3.0,Toys,04/27/2025 00:00,2025-05-06 01:43:18,False,,4.0,completed
US-ORD-001990,US-CUST-00116,US,USD,52.86,52.86,Automotive,27-Mar-2024,2024-04-20 15:44:48,False,,3.0,completed
US-ORD-001991,US-CUST-00278,US,USD,93.3,93.3,Automotive,20.05.2024,2024-05-24 15:42:49,False,,4.0,completed
US-ORD-001992,US-CUST-00576,US,USD,72.14,72.14,Grocery,08.05.2025,10.05.2025,False,,4.0,completed
US-ORD-001993,US-CUST-00289,US,USD,122.2,122.2,Fashion,2023-05-08 00:00:00,05/12/2023 22:35,True,2023-05-31 00:00:00,4.0,completed
US-ORD-001994,US-CUST-00427,US,USD,27.95,27.95,Sports,2023-04-08 00:00:00,2023-04-12 22:44:22,False,,,completed
US-ORD-001995,US-CUST-00205,US,USD,46.9,46.9,Fashion,09.03.2023,03/15/2023 11:51,False,,4.0,completed
US-ORD-001996,US-CUST-00489,US,USD,106.05,106.05,Sports,2024-11-05 00:00:00,2024-11-12 04:12:36,False,,4.0,completed
US-ORD-001997,US-CUST-00088,US,USD,87.29,87.29,Beauty,24-Jul-2023,2023-07-27 00:05:08,False,,,completed
US-ORD-001998,US-CUST-00004,US,USD,74.87,74.87,Fashion,10/04/2023 00:00,2023-10-07 22:24:41,False,,3.0,completed
US-ORD-001999,US-CUST-00306,US,USD,58.15,58.15,Health,02.12.2025,2025-12-12 00:57:48,False,,,completed
US-ORD-001699-REORDER,US-CUST-00270,US,USD,71.36,71.36,Automotive,18.09.2023,18-Sep-2023,False,,4.0,completed
US-ORD-001170-REORDER,US-CUST-00155,US,USD,77.07,77.07,Home & Kitchen,2023-01-18 00:00:00,2023-01-21 04:34:42,False,,5.0,completed
US-ORD-001196-REORDER,US-CUST-00463,US,USD,146.54,146.54,Grocery,04/09/2024 00:00,15.04.2024,False,,5.0,completed
US-ORD-001957-REORDER,US-CUST-00560,US,USD,79.99,79.99,Fashion,22.06.2024,,False,,,completed
US-ORD-001466-REORDER,US-CUST-00592,US,USD,122.43,122.43,,2023-05-15 00:00:00,05/21/2023 03:27,False,,3.0,completed
US-ORD-001820-REORDER,US-CUST-00401,US,USD,74.07,74.07,Toys,01/05/2023 00:00,10-Jan-2023,False,,2.0,completed
US-ORD-000289-REORDER,US-CUST-00138,US,USD,146.08,146.08,,05.07.2025,,False,,,completed
US-ORD-000531-REORDER,US-CUST-00296,US,USD,167.77,167.77,Health,05/17/2025 00:00,,False,,,completed
US-ORD-000381-REORDER,US-CUST-00385,US,USD,59.31,59.31,Health,01/27/2025 00:00,2025-01-31 07:14:08,False,,3.0,completed
US-ORD-000133-REORDER,US-CUST-00539,US,USD,83.25,83.25,Grocery,21-Jan-2024,2024-01-30 09:06:37,False,,3.0,completed
US-ORD-000351-REORDER,US-CUST-00128,US,USD,29.93,29.93,Home & Kitchen,08/30/2025 00:00,03.09.2025,False,,,completed
US-ORD-000971-REORDER,US-CUST-00202,US,USD,114.84,114.84,Home & Kitchen,02/06/2025 00:00,2025-02-09 19:34:00,False,,4.0,completed
US-ORD-001368-REORDER,US-CUST-00141,US,USD,3.0,3.0,Toys,17-Mar-2025,,False,,,completed
US-ORD-000695-REORDER,US-CUST-00177,US,USD,3.0,3.0,Grocery,11/21/2024 00:00,28.11.2024,False,,3.0,completed
US-ORD-000610-REORDER,US-CUST-00496,US,USD,113.13,113.13,Home & Kitchen,2023-08-12 00:00:00,23.08.2023,False,,3.0,completed
US-ORD-000534-REORDER,US-CUST-00470,US,USD,74.85,74.85,Sports,02.12.2024,06.12.2024,False,,3.0,completed
US-ORD-001864-REORDER,US-CUST-00008,US,USD,152.9,152.9,Toys,2025-03-22 00:00:00,25.03.2025,True,2025-04-29 00:00:00,3.0,completed
US-ORD-000554-REORDER,US-CUST-00006,US,USD,142.17,142.17,Grocery,16.04.2024,20.04.2024,False,,3.0,completed
