order_id,region,amount_usd,baseline,z_score
US-ORD-000001,US,143.54,customer,4.394911757964708
US-ORD-000008,US,10.89,customer,-8.353819139596279
US-ORD-000013,US,3.0,customer,-5.264293659621808
US-ORD-000024,US,45.97,customer,-3.1461595824011783
US-ORD-000029,US,141.51,customer,3.518897056721064
US-ORD-000038,US,159.88,customer,3.245370370370395
US-ORD-000045,US,173.57,customer,3.0449705297784044
US-ORD-000049,US,60.51,customer,-3.4452255418863444
US-ORD-000067,US,36.89,customer,-4.786816269284703
US-ORD-000080,US,77.89,customer,4.449097195543604
US-ORD-000087,US,45.6,customer,-31.83731019521845
US-ORD-000088,US,18.26,customer,-3.666163976136194
US-ORD-000095,US,139.86,customer,9.8374769443009
US-ORD-000105,US,111.58,customer,34.22372881355946
US-ORD-000111,US,133.75,customer,3.706068532916034
US-ORD-000138,US,15.59,customer,-3.670981131174288
US-ORD-000144,US,98.15,customer,4.295299549860937
US-ORD-000148,US,153.99,customer,3.810497713511203
US-ORD-000153,US,142.61,customer,4.745371544509264
US-ORD-000154,US,12.9,customer,-4.986422993924749
US-ORD-000169,US,213.55,customer,3.455613162628292
US-ORD-000170,US,32.0,customer,-4.315668202765017
US-ORD-000176,US,12.77,customer,-3.665658093797288
US-ORD-000177,US,12.06,customer,-6.261881944729695
US-ORD-000187,US,3.0,customer,-5.205546700141488
US-ORD-000205,US,177.18,customer,4.964992784674902
US-ORD-000214,US,142.32,customer,3.9856241358536435
US-ORD-000219,US,146.69,customer,3.2494828213464046
US-ORD-000224,US,16.95,customer,-3.2552504083310234
US-ORD-000235,US,131.07,customer,3.037265216413031
US-ORD-000238,US,132.22,customer,3.701936022487171
US-ORD-000244,US,18.7,customer,-4.8186028560401555
US-ORD-000247,US,17.38,customer,-3.0453801954746536
US-ORD-000262,US,33.45,customer,-7.524084778420141
US-ORD-000263,US,122.41,customer,5.827529021558826
US-ORD-000265,US,36.37,customer,-4.056290011485211
US-ORD-000274,US,100.19,customer,3.4070031748113077
US-ORD-000285,US,8.15,customer,-3.4845748102567833
US-ORD-000295,US,105.37,customer,5.967082860385902
US-ORD-000297,US,185.49,customer,6.364639688379134
US-ORD-000304,US,57.55,customer,-4.667630046843876
US-ORD-000309,US,188.71,customer,4.009082664029441
US-ORD-000352,US,155.9,customer,3.797882682881957
US-ORD-000357,US,134.28,customer,3.2069852482755623
US-ORD-000362,US,94.63,customer,4.109004739336496
US-ORD-000364,US,3.0,customer,-6.954865180371308
US-ORD-000365,US,53.26,customer,4.751479289940828
US-ORD-000366,US,9.1,customer,-9.876083366445414
US-ORD-000369,US,104.35,customer,4.024522021731678
US-ORD-000382,US,168.45,customer,3.08904580191732
US-ORD-000389,US,168.98,customer,4.246017699115035
US-ORD-000394,US,183.15,customer,3.114327953677466
US-ORD-000399,US,93.99,customer,3.0191582002902724
US-ORD-000411,US,178.09,customer,3.474750898402239
US-ORD-000419,US,30.47,customer,-5.416386836803216
US-ORD-000425,US,80.5,customer,-13.578255675028847
US-ORD-000427,US,11.88,customer,-3.3650450437899857
US-ORD-000430,US,87.55,customer,7.76007005254021
US-ORD-000434,US,118.37,customer,6.051840721262269
US-ORD-000435,US,13.36,customer,-3.3131817501581953
US-ORD-000443,US,91.83,customer,4.767900969898537
US-ORD-000450,US,124.11,customer,4.867265575220298
US-ORD-000457,US,3.0,customer,-9.831060239833441
US-ORD-000463,US,74.59,customer,3.173618243706549
US-ORD-000466,US,15.97,customer,-3.1072975634298783
US-ORD-000469,US,77.9,customer,25.957915831662763
US-ORD-000473,US,59.83,customer,-11.624912033778498
US-ORD-000493,US,165.6,customer,5.86501670331598
US-ORD-000497,US,128.36,customer,3.0008197166179067
US-ORD-000509,US,48.76,customer,-5.582841796896648
US-ORD-000528,US,3.0,customer,-3.774981056397512
US-ORD-000535,US,106.34,customer,3.6730075434568703
US-ORD-000546,US,3.24,customer,-9.973578099991647
US-ORD-000563,US,94.3,customer,7.325025651033403
US-ORD-000603,US,162.25,customer,5.142524604795467
US-ORD-000612,US,55.4,customer,-4.619131197893865
US-ORD-000616,US,157.72,customer,13.937434756215245
US-ORD-000626,US,147.55,customer,3.3017447200072816
US-ORD-000628,US,3.0,customer,-31.72492836676272
US-ORD-000640,US,123.42,customer,19.311475409836124
US-ORD-000641,US,72.27,customer,-4.776255707763687
US-ORD-000660,US,154.89,customer,3.12914562490626
US-ORD-000664,US,3.0,customer,-3.7464828195003204
US-ORD-000670,US,147.7,customer,4.5318916335852695
US-ORD-000672,US,94.08,customer,5.506448323302609
US-ORD-000689,US,194.0,customer,3.538021254407284
US-ORD-000697,US,3.0,customer,-3.164550389077624
US-ORD-000698,US,122.52,customer,10.87747035573076
US-ORD-000703,US,104.52,customer,4.341954830518546
US-ORD-000705,US,40.22,customer,-3.5930504297940113
US-ORD-000708,US,107.63,customer,7.584654407102064
US-ORD-000711,US,123.16,customer,9.910942387209218
US-ORD-000716,US,3.0,customer,-3.109559238429213
US-ORD-000721,US,136.23,customer,8.816667531209777
US-ORD-000732,US,61.33,customer,-3.928709055876694
US-ORD-000739,US,78.99,customer,-6.6700507614212245
US-ORD-000741,US,68.72,customer,-16.06663255921555
US-ORD-000742,US,102.05,customer,4.091236186070418
US-ORD-000745,US,54.6,customer,-3.1063226696323216
US-ORD-000762,US,79.58,customer,5.220123203285421
US-ORD-000779,US,3.0,customer,-4.3166174424405215
US-ORD-000780,US,10.92,customer,-4.347910972276478
US-ORD-000800,US,101.3,customer,3.605293979854767
US-ORD-000805,US,18.64,customer,-3.8551253458669796
US-ORD-000818,US,153.25,customer,5.624188105817411
US-ORD-000821,US,104.27,customer,4.485481573481101
US-ORD-000823,US,164.81,customer,4.493939386939842
US-ORD-000824,US,102.3,customer,4.038462174690466
US-ORD-000844,US,28.68,customer,-12.518783700105367
US-ORD-000845,US,125.07,customer,3.0436579749769797
US-ORD-000852,US,90.47,customer,-6.034550839091349
US-ORD-000862,US,144.21,customer,18.933714285715183
US-ORD-000872,US,3.0,customer,-3.0611092660245762
US-ORD-000887,US,164.66,customer,3.6772649274779283
US-ORD-000895,US,37.86,customer,-16.061433447099127
US-ORD-000900,US,82.88,customer,3.03094619920471
US-ORD-000903,US,102.31,customer,5.475141468648883
US-ORD-000904,US,96.31,customer,4.311546840958564
US-ORD-000906,US,118.91,customer,3.2156755773777057
US-ORD-000909,US,184.2,customer,7.229823784172732
US-ORD-000911,US,168.98,customer,3.3057822431060124
US-ORD-000912,US,159.19,customer,3.227771578705496
US-ORD-000920,US,192.94,customer,10.690887128331797
US-ORD-000938,US,138.47,customer,4.076393413975754
US-ORD-000947,US,75.7,customer,3.368778280542913
US-ORD-000954,US,99.85,customer,4.884629466738136
US-ORD-000967,US,122.03,customer,3.044741129081962
US-ORD-000969,US,143.96,customer,4.476038338658291
US-ORD-000980,US,3.0,customer,-11.210982521942043
US-ORD-000986,US,115.29,customer,3.5679758308156586
US-ORD-000989,US,41.4,customer,-6.3859812351074
US-ORD-000992,US,96.57,customer,4.7969739473882065
US-ORD-001003,US,69.75,customer,-3.1266711071827316
US-ORD-001010,US,117.82,customer,4.136211138447775
US-ORD-001033,US,3.0,customer,-3.0899647364339913
US-ORD-001035,US,251.68,customer,8.112417490278933
US-ORD-001036,US,152.61,customer,5.273603564998161
US-ORD-001055,US,23.35,customer,-4.11025792414111
US-ORD-001064,US,87.15,customer,7.729253112033197
US-ORD-001081,US,12.13,customer,-3.930140660505346
US-ORD-001087,US,45.38,customer,-7.693894339354938
US-ORD-001091,US,85.09,customer,-5.955128205127978
US-ORD-001094,US,43.08,customer,-10.927312775329867
US-ORD-001098,US,51.18,customer,-22.536807278742
US-ORD-001099,US,153.97,customer,5.8169014084507475
US-ORD-001101,US,151.61,customer,8.349547511312421
US-ORD-001105,US,24.73,customer,-4.781474820143896
US-ORD-001106,US,72.45,customer,10.636048526863096
US-ORD-001112,US,149.23,customer,9.921155692325149
US-ORD-001137,US,102.37,customer,4.539473684210535
US-ORD-001160,US,161.01,customer,3.5717473163869644
US-ORD-001161,US,120.33,customer,5.401138395631117
US-ORD-001206,US,3.0,customer,-13.090315560391774
US-ORD-001210,US,156.32,customer,3.5809949344551244
US-ORD-001223,US,167.11,customer,4.914813158745225
US-ORD-001233,US,177.26,customer,9.133646981466672
US-ORD-001236,US,146.49,customer,5.286724182066284
US-ORD-001243,US,82.05,customer,-6.135273972602669
US-ORD-001249,US,137.39,customer,30.031963470323824
US-ORD-001250,US,3.0,customer,-6.056011291244048
US-ORD-001251,US,72.11,customer,5.579203927137474
US-ORD-001252,US,143.86,customer,4.7061165399927845
US-ORD-001257,US,128.13,customer,3.5567674764501738
US-ORD-001259,US,13.24,customer,-3.9385129920246937
US-ORD-001269,US,19.24,customer,-6.430983251659232
US-ORD-001282,US,85.1,customer,3.218208004845995
US-ORD-001283,US,61.61,customer,-5.178010471204159
US-ORD-001291,US,102.19,customer,19.486238532110306
US-ORD-001322,US,111.91,customer,3.8959316700382103
US-ORD-001330,US,122.58,customer,3.909350834739424
US-ORD-001350,US,139.3,customer,4.1187006813569615
US-ORD-001389,US,12.19,customer,-3.359249707815186
US-ORD-001393,US,149.41,customer,3.3061575100952267
US-ORD-001405,US,49.97,customer,-3.0860986936482595
US-ORD-001414,US,59.86,customer,-7.792664778251609
US-ORD-001424,US,173.28,customer,27.503730973246274
US-ORD-001429,US,3.0,customer,-9.940203562340978
US-ORD-001434,US,216.84,customer,6.4671093587881385
US-ORD-001438,US,3.0,customer,-5.671923401858638
US-ORD-001449,US,3.0,customer,-3.186619643145795
US-ORD-001452,US,11.27,customer,-4.40687211179217
US-ORD-001464,US,30.37,customer,-6.6017130620985025
US-ORD-001467,US,5.81,customer,-3.479567983438366
US-ORD-001471,US,150.54,customer,4.210515251602344
US-ORD-001498,US,96.59,customer,4.2689551112787605
US-ORD-001501,US,5.57,customer,-3.581509602501127
US-ORD-001503,US,97.12,customer,-5.0282846715328775
US-ORD-001513,US,31.36,customer,-4.212153900256737
US-ORD-001516,US,110.9,customer,3.3182597348788856
US-ORD-001527,US,5.56,customer,-3.2262720454079927
US-ORD-001545,US,6.28,customer,-4.83484719114222
US-ORD-001550,US,54.09,customer,-4.888464702928823
US-ORD-001569,US,128.8,customer,3.727546035325067
US-ORD-001576,US,47.66,customer,-3.4800580130529544
US-ORD-001577,US,10.53,customer,-4.02829287945322
US-ORD-001580,US,34.47,customer,-3.3626703286649735
US-ORD-001587,US,102.4,customer,10.676612127045304
US-ORD-001601,US,88.35,customer,-4.447196870925391
US-ORD-001603,US,104.79,customer,3.9511074975458644
US-ORD-001610,US,21.25,customer,-9.446337308347385
US-ORD-001616,US,38.77,customer,-4.661856963613535
US-ORD-001620,US,86.95,customer,10.34324942791719
US-ORD-001626,US,126.49,customer,5.061959771617841
US-ORD-001628,US,117.53,customer,5.127946127946009
US-ORD-001644,US,156.92,customer,11.469450759460006
US-ORD-001647,US,110.28,customer,10.933962264151445
US-ORD-001651,US,3.0,customer,-4.25177702955481
US-ORD-001670,US,147.73,customer,11.894280762564923
US-ORD-001675,US,141.69,customer,3.5219223938658333
US-ORD-001708,US,79.4,customer,-9.580924855491022
US-ORD-001710,US,88.27,customer,3.0856684624551782
US-ORD-001719,US,3.0,customer,-6.8806948541461885
US-ORD-001730,US,104.68,customer,6.952569169960498
US-ORD-001750,US,213.46,region,3.2084891920594436
US-ORD-001754,US,136.83,customer,28.440129449840256
US-ORD-001755,US,103.46,customer,4.732736148425433
US-ORD-001766,US,84.51,customer,-7.79286694101526
US-ORD-001776,US,42.23,customer,-3.0211091782314785
US-ORD-001780,US,12.48,customer,-6.491103758893579
US-ORD-001788,US,3.0,customer,-10.032967032967033
US-ORD-001806,US,132.96,customer,16.02635488042421
US-ORD-001807,US,131.45,customer,3.4469541639699024
US-ORD-001809,US,173.33,customer,5.058418156039164
US-ORD-001828,US,3.0,customer,-4.278179368078927
US-ORD-001844,US,3.8,customer,-4.119742169748698
US-ORD-001847,US,121.52,customer,13.071729957805656
US-ORD-001850,US,177.41,customer,3.373392403476573
US-ORD-001854,US,3.0,customer,-16.1287793952966
US-ORD-001861,US,54.92,customer,-3.104556354916041
US-ORD-001887,US,8.27,customer,-3.5986013986014007
US-ORD-001895,US,8.83,customer,-3.798993796012848
US-ORD-001913,US,74.59,customer,-6.826711007918546
US-ORD-001916,US,40.27,customer,-3.4878731343283507
US-ORD-001923,US,115.27,customer,3.7767146398888287
US-ORD-001928,US,146.5,customer,4.1300498063088025
US-ORD-001931,US,190.74,customer,5.172526741789292
US-ORD-001954,US,36.72,customer,-4.964753085034796
US-ORD-001972,US,17.59,customer,-4.473967963419872
US-ORD-001976,US,3.0,customer,-3.0438814581545035
US-ORD-001994,US,27.95,customer,-7.663759689922503
DE-ORD-000002,DE,160.25835688757036,customer,6.487632508830903
DE-ORD-000005,DE,144.28040832535214,customer,7.9954430520728845
DE-ORD-000013,DE,154.32502511154195,customer,6.105015673981202
DE-ORD-000025,DE,145.51846574318483,customer,8.404489897808862
DE-ORD-000029,DE,137.09733934453035,customer,11.319092854853524
DE-ORD-000051,DE,152.35114111518604,customer,5.565307710303952
DE-ORD-000059,DE,3.503936088205751,customer,-4.76676836567721
DE-ORD-000063,DE,101.24039337522484,customer,3.5897045092358986
DE-ORD-000066,DE,13.57191244831694,customer,-4.216609996173831
DE-ORD-000073,DE,69.78672709009787,customer,13.91458607095935
DE-ORD-000074,DE,162.1271228012801,customer,8.548285166328066
DE-ORD-000094,DE,3.503936088205751,customer,-8.465760077707554
DE-ORD-000104,DE,3.503936088205751,customer,-5.268215154779671
DE-ORD-000107,DE,85.16900651732112,customer,4.76891334250343
DE-ORD-000114,DE,13.82886776145203,customer,-7.772602739726164
DE-ORD-000122,DE,111.33172930925738,customer,3.5479866787768697
DE-ORD-000130,DE,131.15232778154126,customer,6.566084210455701
DE-ORD-000134,DE,9.577425307762384,customer,-7.443523050299503
DE-ORD-000146,DE,147.9595412179682,customer,4.024256918346428
DE-ORD-000155,DE,113.07201756639958,customer,3.686517783291976
DE-ORD-000163,DE,3.503936088205751,customer,-4.9831932773108925
DE-ORD-000166,DE,114.20495690158612,customer,-5.242753623188403
DE-ORD-000192,DE,122.1238524609311,customer,3.4049908524257853
DE-ORD-000193,DE,37.17676189586302,customer,-8.244033872209307
DE-ORD-000197,DE,143.8365764208461,customer,6.587763656338395
DE-ORD-000201,DE,25.006423882828376,customer,-4.326322498406617
DE-ORD-000205,DE,78.7451236889439,customer,-11.194117647060043
DE-ORD-000207,DE,36.6978906304749,customer,-3.0603010537741198
DE-ORD-000209,DE,35.17951832558574,customer,-4.326813061318032
DE-ORD-000210,DE,82.28409913803172,customer,-4.8901497957331665
DE-ORD-000211,DE,7.895535985423625,customer,-7.728286297570431
DE-ORD-000220,DE,74.89079399191759,customer,8.874769797421514
DE-ORD-000225,DE,177.6378798850709,customer,9.722996063180648
DE-ORD-000232,DE,74.48200144829359,customer,4.014429950840552
DE-ORD-000233,DE,99.03291363965522,customer,3.4902087909346937
DE-ORD-000235,DE,47.88712653881193,customer,-16.429508196722985
DE-ORD-000238,DE,42.362587306407534,customer,-4.858787909665391
DE-ORD-000244,DE,3.503936088205751,customer,-5.559667359667322
DE-ORD-000256,DE,140.22752224999417,customer,3.14893732217078
DE-ORD-000266,DE,179.09785325515662,customer,3.8318580329613146
DE-ORD-000281,DE,171.15559812189025,customer,3.014079563178357
DE-ORD-000304,DE,25.450255787334438,customer,4.364522417153984
DE-ORD-000324,DE,3.503936088205751,customer,-14.2413223140498
DE-ORD-000332,DE,120.18500782545726,customer,6.34382228782307
DE-ORD-000340,DE,151.03132518862856,customer,18.239908606244988
DE-ORD-000356,DE,141.23198392861315,customer,8.203656563309487
DE-ORD-000357,DE,141.38382115910204,customer,24.46996528564264
DE-ORD-000363,DE,146.67476465229274,customer,5.381343166108043
DE-ORD-000364,DE,139.4332967366675,customer,3.873805208259565
DE-ORD-000374,DE,21.502487794622624,customer,-23.598290598290305
DE-ORD-000403,DE,96.91887219977107,customer,3.392634479353231
DE-ORD-000411,DE,139.57345418019574,customer,3.151080508524208
DE-ORD-000414,DE,124.13277581816907,customer,-4.337890624999903
DE-ORD-000417,DE,155.09589105094722,customer,9.550264007003767
DE-ORD-000418,DE,36.68621084351421,customer,-9.172274562584299
DE-ORD-000431,DE,170.7000864304235,customer,4.258385985465861
DE-ORD-000436,DE,129.26020229391014,customer,3.1051643562662634
DE-ORD-000456,DE,3.503936088205751,customer,-6.291808618274625
DE-ORD-000460,DE,188.20808708449155,customer,3.7523275385348054
DE-ORD-000476,DE,20.68490270737462,customer,-6.116603295310519
DE-ORD-000482,DE,3.503936088205751,customer,-3.6815468742254973
DE-ORD-000493,DE,118.73671424233221,customer,11.409390470820558
DE-ORD-000503,DE,112.59314630101147,customer,3.5530345983934843
DE-ORD-000504,DE,160.78394730080123,customer,5.8306742151312205
DE-ORD-000507,DE,134.03723516083068,customer,4.33433171096968
DE-ORD-000508,DE,20.25275058982924,customer,-3.296321070234118
DE-ORD-000509,DE,168.7262024340676,customer,15.173616282922435
DE-ORD-000517,DE,88.84813940993715,customer,4.210007838361166
DE-ORD-000521,DE,166.84575673339717,customer,3.1579312827719064
DE-ORD-000524,DE,25.882407904879813,customer,-3.976190476190488
DE-ORD-000557,DE,153.729355976547,customer,34.49735449734909
DE-ORD-000560,DE,3.503936088205751,customer,-8.693650793650702
DE-ORD-000561,DE,103.6581092760868,customer,13.534874777191352
DE-ORD-000567,DE,89.66572449718517,customer,4.191286589516674
DE-ORD-000602,DE,106.94012941203952,customer,3.4226107196465003
DE-ORD-000607,DE,184.76254993108924,customer,5.386789081780252
DE-ORD-000610,DE,84.0360671821346,customer,3.3241585356641066
DE-ORD-000615,DE,163.21334298862388,customer,3.2568808536324467
DE-ORD-000632,DE,206.54535261276834,customer,4.3850532952431145
DE-ORD-000633,DE,137.85652549697494,customer,13.076753413870675
DE-ORD-000647,DE,78.4998481627695,customer,3.5503643377625416
DE-ORD-000648,DE,96.8020743301642,customer,3.5756891650651013
DE-ORD-000663,DE,110.63094209161623,customer,3.688010791631371
DE-ORD-000676,DE,121.25954822584035,customer,4.6667066998475875
DE-ORD-000684,DE,3.503936088205751,customer,-4.648837209302327
DE-ORD-000698,DE,96.70863603447872,customer,4.695918630739635
DE-ORD-000703,DE,131.87647457310376,customer,3.6034292704905484
DE-ORD-000706,DE,62.11310705692728,customer,-3.3211331039001406
DE-ORD-000708,DE,122.88303861337567,customer,14.098703888334974
DE-ORD-000716,DE,3.503936088205751,customer,-13.280943025539907
DE-ORD-000720,DE,3.503936088205751,customer,-8.976619332850955
DE-ORD-000744,DE,76.25732906631784,customer,16.104803493450323
DE-ORD-000753,DE,30.21560886729426,customer,-6.287009063444108
DE-ORD-000755,DE,90.75194468452895,customer,18.12991420413381
DE-ORD-000768,DE,90.68186596276483,customer,3.259423503325878
DE-ORD-000778,DE,196.20874115256137,customer,3.0660378620729505
DE-ORD-000782,DE,88.94157770562265,customer,3.7299255528979782
DE-ORD-000804,DE,3.503936088205751,customer,-7.018998099390293
DE-ORD-000818,DE,140.95166904155667,customer,3.223634053367214
DE-ORD-000823,DE,167.0910322595716,customer,5.754221461296123
DE-ORD-000824,DE,13.058001822046764,customer,-3.7768496558730043
DE-ORD-000846,DE,35.693428951855914,customer,-9.7674244067632
DE-ORD-000848,DE,68.16323670256254,customer,-10.910256410256084
DE-ORD-000857,DE,171.75126725688523,customer,4.565825958889098
DE-ORD-000868,DE,60.29106029106028,customer,3.4447741215138095
DE-ORD-000874,DE,132.63566072554835,customer,4.20561208931685
DE-ORD-000879,DE,170.05769814758577,customer,8.917893797411994
DE-ORD-000889,DE,110.93461655259408,customer,6.651462708424885
DE-ORD-000898,DE,105.86558901165643,customer,5.0931445603576835
DE-ORD-000902,DE,52.442243453479406,customer,-6.098696461824604
DE-ORD-000903,DE,86.36034478731108,customer,4.318180449520997
DE-ORD-000907,DE,192.93840080356932,customer,3.149444886816951
DE-ORD-000915,DE,90.9621808498213,customer,3.0683760683760672
DE-ORD-000918,DE,114.92910369314863,customer,3.235179786200198
DE-ORD-000926,DE,87.62176177906514,customer,15.693409742120476
DE-ORD-000932,DE,3.503936088205751,customer,-16.080291970803014
DE-ORD-000934,DE,70.87294727744165,customer,-3.4494382022475203
DE-ORD-000937,DE,143.75481791212127,customer,3.933167409819005
DE-ORD-000938,DE,3.503936088205751,customer,-13.221957734477705
DE-ORD-000939,DE,82.1322619075428,customer,-3.10278041597328
DE-ORD-000944,DE,173.85362890980866,customer,5.701567583555148
DE-ORD-000947,DE,6.70419771543367,customer,-3.3108116043755893
DE-ORD-000953,DE,54.62636361512766,customer,-3.0487902576397428
DE-ORD-000955,DE,76.19893013151439,customer,5.042346022095864
DE-ORD-000958,DE,147.63250718306898,customer,6.700088134162699
DE-ORD-000962,DE,225.81700109789998,customer,5.5575274067462175
DE-ORD-000966,DE,52.89775514494615,customer,-5.214051819558703
DE-ORD-000971,DE,26.034245135368728,customer,-3.2055862054788133
DE-ORD-000979,DE,163.52869723656238,customer,12.783068783068764
DE-ORD-000988,DE,156.14707187740893,customer,9.729885057471238
DE-ORD-000994,DE,79.79630451540562,customer,6.199999999999938
DE-ORD-000996,DE,90.67018617580415,customer,3.324404761904783
DE-ORD-001010,DE,11.200915695297716,customer,-4.1259217124688385
DE-ORD-001029,DE,40.61061926230466,customer,-4.515208235844596
DE-ORD-001032,DE,173.9937863533369,customer,3.562855733664331
DE-ORD-001043,DE,97.1407881520241,customer,4.979865771812233
DE-ORD-001061,DE,30.822957789249923,customer,-11.109850746268545
DE-ORD-001066,DE,151.26492092784227,customer,3.4700503022187705
DE-ORD-001070,DE,128.24406082833048,customer,4.663896265523218
DE-ORD-001073,DE,83.96598846037048,customer,7.881704628949286
DE-ORD-001081,DE,32.11941414188605,customer,-4.987777284676484
DE-ORD-001090,DE,190.69588170711765,customer,3.7065266334570457
DE-ORD-001098,DE,128.75797145460066,customer,4.403518935910211
DE-ORD-001099,DE,85.29748417388866,customer,3.4852374839537856
DE-ORD-001125,DE,99.4533859702399,customer,-6.4154727793701
DE-ORD-001127,DE,180.02055642505078,customer,8.438799076211053
DE-ORD-001135,DE,99.14971150926206,customer,18.47461368653285
DE-ORD-001143,DE,10.12637529491462,customer,-4.7937981674551775
DE-ORD-001162,DE,78.72176411502254,customer,3.1117537527648413
DE-ORD-001175,DE,58.92452521666005,customer,-3.273527420446863
DE-ORD-001184,DE,3.503936088205751,customer,-3.4261733091270945
DE-ORD-001221,DE,24.305636665187222,customer,-5.219791175717942
DE-ORD-001222,DE,62.60365810927608,customer,-3.1709503885236554
DE-ORD-001224,DE,7.346585998271391,customer,-3.07449884890941
DE-ORD-001228,DE,89.54892662757831,customer,5.7411764705882335
DE-ORD-001236,DE,45.5161297857927,customer,-5.038484156340053
DE-ORD-001262,DE,52.81599663622135,customer,-3.7423313497620416
DE-ORD-001263,DE,142.06124880282184,customer,7.5831012070562815
DE-ORD-001265,DE,3.503936088205751,customer,-3.0787580633452034
DE-ORD-001283,DE,106.16926347263426,customer,-3.7463560982652977
DE-ORD-001294,DE,120.10324931673246,customer,3.9997680422849666
DE-ORD-001298,DE,117.59209512018501,customer,12.4230171073095
DE-ORD-001319,DE,35.96206405195169,customer,-6.502817963833563
DE-ORD-001321,DE,9.600784881683758,customer,-7.5359525574499795
DE-ORD-001330,DE,3.503936088205751,customer,-4.106082287859154
DE-ORD-001335,DE,41.89539582798009,customer,-6.719191148416546
DE-ORD-001353,DE,161.2861781401107,customer,6.158536329135153
DE-ORD-001357,DE,80.21677684599034,customer,18.17680372814849
DE-ORD-001369,DE,58.3872550164685,customer,3.713139418254763
DE-ORD-001370,DE,138.66243079726226,customer,9.830150753769006
DE-ORD-001377,DE,75.81349716181175,customer,3.880072487754336
DE-ORD-001384,DE,52.267046649069115,customer,-3.6498117747469054
DE-ORD-001389,DE,74.36520357868672,customer,-4.18065815983893
DE-ORD-001415,DE,13.385035856945969,customer,-3.322797882825775
DE-ORD-001416,DE,133.40652666495362,customer,5.353951274010281
DE-ORD-001429,DE,163.90245041930436,customer,3.970784449045314
DE-ORD-001435,DE,121.11939078231212,customer,3.9679191494705948
DE-ORD-001445,DE,137.6346095447219,customer,5.276899166174866
DE-ORD-001469,DE,182.50835104767688,customer,3.2134651455489576
DE-ORD-001489,DE,41.3114064799458,customer,-18.278523489932986
DE-ORD-001491,DE,97.43278282604125,customer,6.269445167642426
DE-ORD-001494,DE,103.21427737158074,customer,5.009528688600679
DE-ORD-001495,DE,9.82270083393679,customer,-3.0851710521236764
DE-ORD-001527,DE,49.253661613212174,customer,-5.32193153250106
DE-ORD-001532,DE,112.42962928356187,customer,9.902654867256798
DE-ORD-001536,DE,85.04052886075358,customer,-5.54644954959362
DE-ORD-001537,DE,76.00037375318273,customer,5.387713310580211
DE-ORD-001554,DE,81.04604172019901,customer,20.150278293135795
DE-ORD-001569,DE,20.077553785418953,customer,-3.114227779655286
DE-ORD-001570,DE,123.04655563082528,customer,4.689639434048377
DE-ORD-001577,DE,38.88201079212315,customer,-3.6770646893377767
DE-ORD-001583,DE,157.18657291691,customer,3.3034588326539156
DE-ORD-001591,DE,146.4528487000397,customer,3.873632051678849
DE-ORD-001595,DE,51.8699338924058,customer,-6.29694782127158
DE-ORD-001596,DE,35.92702469106963,customer,-7.969570219713879
DE-ORD-001606,DE,129.0499661286178,customer,5.282695583736124
DE-ORD-001612,DE,102.73540610619261,customer,5.95646761782812
DE-ORD-001615,DE,3.503936088205751,customer,-5.732341728584262
DE-ORD-001633,DE,157.96911864327595,customer,12.039354187688904
DE-ORD-001649,DE,106.9518091990002,customer,3.587710264332298
DE-ORD-001665,DE,143.34602536849727,customer,6.277209861695708
DE-ORD-001673,DE,169.8708215562148,customer,5.441948602877286
DE-ORD-001674,DE,123.73566306150575,customer,3.8984971248594222
DE-ORD-001675,DE,101.0184774229718,customer,6.962316817864575
DE-ORD-001676,DE,133.243009647504,customer,3.1766343448245107
DE-ORD-001682,DE,3.503936088205751,customer,-3.4226507877620556
DE-ORD-001716,DE,116.55259408068397,customer,5.714596949891068
DE-ORD-001717,DE,126.20009811021046,customer,4.736053288925894
DE-ORD-001726,DE,103.3193954542269,customer,8.038750000000002
DE-ORD-001735,DE,15.137003901048844,customer,-4.054576463899937
DE-ORD-001740,DE,180.18407344250042,customer,4.647567868692931
DE-ORD-001744,DE,124.28461304865797,customer,4.691523853635944
DE-ORD-001769,DE,45.44605106402859,customer,-5.325807879592813
DE-ORD-001779,DE,79.69118643275947,customer,-6.156167979002472
DE-ORD-001787,DE,83.26520124272933,customer,-3.2925383103652983
DE-ORD-001798,DE,3.503936088205751,customer,-7.464632792677137
DE-ORD-001805,DE,69.16769838118152,customer,3.0756422194028668
DE-ORD-001819,DE,37.935948048307594,customer,-3.73741096183782
DE-ORD-001820,DE,3.503936088205751,customer,-3.055111310956198
DE-ORD-001823,DE,83.98934803429185,customer,-3.7926960257784654
DE-ORD-001828,DE,156.27554953397652,customer,3.9939671312669045
DE-ORD-001830,DE,89.70076385806722,customer,-3.302264139760274
DE-ORD-001838,DE,139.56177439323505,customer,4.325207867624168
DE-ORD-001858,DE,8.52624448130066,customer,-4.037756679178622
DE-ORD-001873,DE,70.52255366862109,customer,-6.333304186254141
DE-ORD-001899,DE,139.64353290195987,customer,13.636018007052236
DE-ORD-001922,DE,96.93055198673176,customer,4.485949363895409
DE-ORD-001932,DE,148.05297951365367,customer,7.098397545955991
DE-ORD-001939,DE,105.19984115489731,customer,6.761336515512896
DE-ORD-001941,DE,129.6339554766521,customer,3.3785465841853703
DE-ORD-001948,DE,68.3617930808942,customer,-3.00642496558053
DE-ORD-001949,DE,103.00404120628839,customer,4.231452124286581
DE-ORD-001970,DE,146.84996145670303,customer,6.212347645885285
DE-ORD-001977,DE,75.73173865308696,customer,-5.193527647104672
DE-ORD-001987,DE,79.1655960195286,customer,4.139013684628177
GH-ORD-000010,GH,11.481417847097102,customer,-5.916965304513471
GH-ORD-000012,GH,46.77066743705618,customer,7.430872986138309
GH-ORD-000016,GH,7.642176938542103,customer,-3.4793403874705278
GH-ORD-000019,GH,44.65500063851205,customer,3.649888155956521
GH-ORD-000020,GH,0.27228658925921984,customer,-3.1992793357235696
GH-ORD-000043,GH,47.22357079719068,customer,10.552032157213008
GH-ORD-000056,GH,24.716361329023577,customer,-9.752078609219827
GH-ORD-000059,GH,52.57127941024177,customer,3.6052215189873555
GH-ORD-000076,GH,35.44354532387264,customer,4.37149968886139
GH-ORD-000083,GH,24.276164676387843,customer,-9.47254827716613
GH-ORD-000087,GH,47.98506562515231,customer,8.91718172798278
GH-ORD-000090,GH,44.72125704189846,customer,12.220447284345056
GH-ORD-000108,GH,0.27228658925921984,customer,-3.429156402924169
GH-ORD-000116,GH,1.0237975756146664,customer,-19.667650313536264
GH-ORD-000117,GH,43.947055506438076,customer,6.104581014564416
GH-ORD-000127,GH,73.15796080216718,customer,6.2392822461588455
GH-ORD-000129,GH,44.102258862315836,customer,4.031831649320076
GH-ORD-000151,GH,7.722955293355672,customer,-5.0067643742953765
GH-ORD-000178,GH,28.692653154172387,customer,10.052266996238961
GH-ORD-000189,GH,21.757513725740058,customer,-6.4201668788008055
GH-ORD-000202,GH,6.169106490649724,customer,-5.002988086333397
GH-ORD-000213,GH,1.2897308111245045,customer,-3.080887357544748
GH-ORD-000218,GH,14.739780698565767,customer,-15.900044832234258
GH-ORD-000220,GH,6.528524788471894,customer,-3.486193731687823
GH-ORD-000227,GH,38.09198621540065,customer,5.4586717407529655
GH-ORD-000232,GH,31.421872400513966,customer,16.77474120082824
GH-ORD-000241,GH,8.911032444490068,customer,-4.292725838742946
GH-ORD-000245,GH,0.27228658925921984,customer,-3.2754950869113304
GH-ORD-000260,GH,52.64570441130595,customer,4.675191034131447
GH-ORD-000269,GH,22.90384026652137,customer,3.019155645048992
GH-ORD-000270,GH,0.27228658925921984,customer,-3.0562143321285435
GH-ORD-000271,GH,49.74675985765946,customer,5.055332867165583
GH-ORD-000282,GH,7.364444617497699,customer,-5.115045053244755
GH-ORD-000284,GH,0.27228658925921984,customer,-3.715290212002424
GH-ORD-000286,GH,23.452951554860796,customer,-3.8274199104379045
GH-ORD-000305,GH,47.83621562302393,customer,3.412687586124657
GH-ORD-000309,GH,4.925664399699286,customer,-3.5920856851840193
GH-ORD-000312,GH,34.74649165536904,customer,3.3987161085975424
GH-ORD-000330,GH,44.372730207646654,customer,5.781050970548202
GH-ORD-000333,GH,37.174380409597084,customer,7.614895291566492
GH-ORD-000338,GH,48.57501990188062,customer,14.120599591187789
GH-ORD-000356,GH,8.459036706319763,customer,-29.50414593697824
GH-ORD-000372,GH,21.59686463807712,customer,-4.005641185110545
GH-ORD-000373,GH,35.581503862430644,customer,3.822090729782625
GH-ORD-000379,GH,62.07408137538853,customer,4.528531531234102
GH-ORD-000380,GH,17.53071823847277,customer,-3.6341798205884874
GH-ORD-000387,GH,37.029160895325504,customer,3.1987965367444975
GH-ORD-000391,GH,36.43376088681201,customer,8.473784330044001
GH-ORD-000393,GH,25.321745179143246,customer,4.67766155608508
GH-ORD-000399,GH,5.688974471589299,customer,-3.5638241525423626
GH-ORD-000405,GH,26.906453128631902,customer,5.6815080789946
GH-ORD-000425,GH,39.61588349328809,customer,3.2781665597764613
GH-ORD-000435,GH,0.27228658925921984,customer,-4.229395807701934
GH-ORD-000450,GH,18.25590818786649,customer,-3.093725824345499
GH-ORD-000451,GH,21.748437506098085,customer,-3.0117929246535615
GH-ORD-000460,GH,44.807481128497216,customer,6.8851888930094285
GH-ORD-000472,GH,20.757314321194524,customer,3.9417040358744226
GH-ORD-000483,GH,19.248846616698447,customer,-3.1973113935208923
GH-ORD-000504,GH,27.119744290218293,customer,3.7171655467316436
GH-ORD-000506,GH,56.010259032585715,customer,3.6821368721732193
GH-ORD-000508,GH,11.617561141726712,customer,-15.79973445452537
GH-ORD-000526,GH,9.26228214463446,customer,-6.666715011558443
GH-ORD-000535,GH,43.59762105022208,customer,4.31560563380282
GH-ORD-000545,GH,20.531316452109373,customer,-3.2991297308236947
GH-ORD-000546,GH,53.4298897883725,customer,6.013261163734777
GH-ORD-000552,GH,0.27228658925921984,customer,-5.506443144374673
GH-ORD-000574,GH,21.536053966475894,customer,-3.069213321766463
GH-ORD-000576,GH,23.764265888580507,customer,5.365439093484426
GH-ORD-000584,GH,2.9161893709662445,customer,-3.0560346955531337
GH-ORD-000586,GH,54.0588718095613,customer,3.997656059514148
GH-ORD-000603,GH,61.765489907561424,customer,4.78399119230496
GH-ORD-000609,GH,27.888500093893487,customer,3.018656529437729
GH-ORD-000611,GH,9.027208055907334,customer,-6.225515396236896
GH-ORD-000613,GH,17.489875250083884,customer,-3.1570734286336433
GH-ORD-000614,GH,4.096097924422864,customer,-6.485099337748361
GH-ORD-000620,GH,56.73998709180042,customer,3.519635905679131
GH-ORD-000622,GH,42.681830488346904,customer,3.0433914250266927
GH-ORD-000631,GH,6.92424796486196,customer,-3.1265128473309143
GH-ORD-000642,GH,1.768047586256534,customer,-25.70245573957857
GH-ORD-000661,GH,41.24960302884341,customer,8.358788261281173
GH-ORD-000673,GH,0.27228658925921984,customer,-3.75783335386637
GH-ORD-000675,GH,47.81897080570418,customer,4.044197405558165
GH-ORD-000681,GH,0.27228658925921984,customer,-3.0629706914755848
GH-ORD-000687,GH,43.36526982738754,customer,3.1710692438936743
GH-ORD-000689,GH,35.60600965546398,customer,3.7276719551949653
GH-ORD-000691,GH,5.937662889779387,customer,-3.1449777337951508
GH-ORD-000694,GH,56.88157611821522,customer,4.134040753050887
GH-ORD-000701,GH,32.09623551991263,customer,3.117570821663658
GH-ORD-000702,GH,31.238532763746093,customer,10.56048889997508
GH-ORD-000705,GH,23.593632959311396,customer,3.930316742081432
GH-ORD-000713,GH,0.27228658925921984,customer,-3.457997370368073
GH-ORD-000716,GH,64.32679909052648,customer,19.25182595399177
GH-ORD-000717,GH,50.746959262204996,customer,4.844569045439987
GH-ORD-000730,GH,44.38725215907382,customer,3.1065757961525002
GH-ORD-000746,GH,44.958146374553976,customer,4.579335968270901
GH-ORD-000752,GH,3.5705848071525694,customer,-14.014100394810685
GH-ORD-000755,GH,38.45775786697221,customer,6.796993260756877
GH-ORD-000758,GH,2.1084058228305587,customer,-4.210739363899192
GH-ORD-000766,GH,12.22566785773897,customer,-15.790519877675013
GH-ORD-000770,GH,20.75549907726613,customer,-4.565995525727053
GH-ORD-000785,GH,0.27228658925921984,customer,-3.892349411452515
GH-ORD-000786,GH,1.6509643528750695,customer,-8.081605002605544
GH-ORD-000789,GH,59.2940352990519,customer,3.5206819822973534
GH-ORD-000798,GH,0.27228658925921984,customer,-3.944833330442223
GH-ORD-000806,GH,12.82288311018086,customer,-5.823785723439776
GH-ORD-000813,GH,2.4778079622589004,customer,-4.285193405199734
GH-ORD-000820,GH,14.2042837396893,customer,-3.0415211467402554
GH-ORD-000832,GH,42.36507042284201,customer,16.472700729926732
GH-ORD-000838,GH,9.083480617687572,customer,-21.3182926829286
GH-ORD-000842,GH,9.334891901770252,customer,-5.134158926728575
GH-ORD-000869,GH,12.547873655029047,customer,-3.7973222936668547
GH-ORD-000872,GH,41.73790364558161,customer,3.87570858055713
GH-ORD-000873,GH,55.994829459194364,customer,6.393874867770441
GH-ORD-000899,GH,7.662144621754446,customer,-4.308601371164227
GH-ORD-000918,GH,47.71368665785729,customer,3.058319137684207
GH-ORD-000921,GH,45.88119791214273,customer,6.7120796444055415
GH-ORD-000923,GH,37.97853346987598,customer,3.459827095495721
GH-ORD-000938,GH,36.1914258223713,customer,3.754529239240932
GH-ORD-000966,GH,36.252236493972525,customer,3.2855643962577497
GH-ORD-000980,GH,51.29153244072344,customer,6.167241379310041
GH-ORD-000991,GH,0.27228658925921984,customer,-3.9823045511037494
GH-ORD-000992,GH,17.970914891108507,customer,-3.4024002823861297
GH-ORD-000999,GH,6.761783633270626,customer,-17.745464540957105
GH-ORD-001003,GH,44.61960338190835,customer,5.401361763124935
GH-ORD-001005,GH,26.754880260610935,customer,4.4686675461741405
GH-ORD-001006,GH,4.434640917068493,customer,-3.158757995663801
GH-ORD-001017,GH,73.12891689931287,customer,3.256124931792009
GH-ORD-001020,GH,51.98223275547765,customer,8.719774451282008
GH-ORD-001045,GH,0.27228658925921984,customer,-5.558562588533523
GH-ORD-001047,GH,46.98123573274999,customer,3.624216576510687
GH-ORD-001058,GH,10.823391923053988,customer,-5.089596764433677
GH-ORD-001071,GH,35.386365140128206,customer,4.502741242839723
GH-ORD-001102,GH,48.535992157420125,customer,5.527751991499446
GH-ORD-001105,GH,12.087709319180965,customer,-3.574984686724713
GH-ORD-001151,GH,51.02015347342841,customer,3.6522541821694428
GH-ORD-001154,GH,22.131453974989387,customer,4.5223843680435305
GH-ORD-001166,GH,28.571939432934133,customer,-9.422613531047878
GH-ORD-001167,GH,6.971444307000225,customer,-3.0342400000000076
GH-ORD-001171,GH,36.32756911700091,customer,3.5969232861459544
GH-ORD-001172,GH,53.69219253602556,customer,4.864556160272798
GH-ORD-001190,GH,54.49997608416124,customer,9.308526302349163
GH-ORD-001192,GH,1.4213359959331275,customer,-4.542668484891986
GH-ORD-001196,GH,41.742441755402595,customer,4.540759987008754
GH-ORD-001205,GH,0.27228658925921984,customer,-3.8218958926030253
GH-ORD-001210,GH,12.94087396552652,customer,13.704714520085966
GH-ORD-001212,GH,15.479492599386647,customer,-3.2293640061173785
GH-ORD-001231,GH,3.505236025730356,customer,-3.066503501805054
GH-ORD-001263,GH,0.27228658925921984,customer,-3.9160829801472192
GH-ORD-001265,GH,47.751806780353576,customer,6.2020421327760795
GH-ORD-001268,GH,15.75450205453846,customer,-3.369327972429647
GH-ORD-001272,GH,43.51230458558753,customer,18.209744956224093
GH-ORD-001274,GH,56.08468403364989,customer,5.998094401476364
GH-ORD-001281,GH,52.871702280391105,customer,3.8116372214824845
GH-ORD-001289,GH,4.423749453498124,customer,-14.628874068262038
GH-ORD-001292,GH,45.15873082864161,customer,5.282273908468205
GH-ORD-001309,GH,3.556970477689608,customer,-6.139480459320771
GH-ORD-001331,GH,39.365379831169605,customer,5.312115999016938
GH-ORD-001344,GH,0.7242823274295247,customer,-15.00877742946775
GH-ORD-001345,GH,31.75587728333861,customer,7.6172615016069605
GH-ORD-001357,GH,44.30828904818864,customer,3.81576482455509
GH-ORD-001363,GH,41.86587834253344,customer,4.3623049121353255
GH-ORD-001373,GH,53.611414181211984,customer,4.558414003139828
GH-ORD-001385,GH,64.59454756996472,customer,10.831562882233444
GH-ORD-001391,GH,1.3950149589714027,customer,-3.180665677852698
GH-ORD-001406,GH,32.67802119896317,customer,5.0947752126367005
GH-ORD-001410,GH,43.16196250740733,customer,3.3952408508644596
GH-ORD-001415,GH,40.516244481771906,customer,3.429892375322116
GH-ORD-001419,GH,53.18210899214662,customer,3.776550159676582
GH-ORD-001429,GH,0.27228658925921984,customer,-7.5705895808730155
GH-ORD-001430,GH,0.27228658925921984,customer,-15.762964836833202
GH-ORD-001441,GH,55.89226817724005,customer,4.419457735247205
GH-ORD-001451,GH,11.177364489090973,customer,-3.0338377590866963
GH-ORD-001462,GH,57.4098121013781,customer,4.283736658564926
GH-ORD-001465,GH,19.730793879687262,customer,-3.652114060963694
GH-ORD-001468,GH,0.27228658925921984,customer,-16.224549150751738
GH-ORD-001477,GH,49.654182417311326,customer,5.74224895881537
GH-ORD-001478,GH,28.49751443186995,customer,8.464594127806418
GH-ORD-001479,GH,44.085014044996086,customer,3.652080652080748
GH-ORD-001487,GH,64.19700914964625,customer,5.188054187192111
GH-ORD-001496,GH,29.876192195485796,customer,3.06166702687126
GH-ORD-001505,GH,33.59471938280254,customer,3.1433246811872255
GH-ORD-001506,GH,18.84313959870221,customer,-11.557324840765112
GH-ORD-001513,GH,46.57371347082535,customer,8.846026859416773
GH-ORD-001514,GH,0.27228658925921984,customer,-15.846674876847171
GH-ORD-001517,GH,18.657077096041743,customer,-4.398411607768425
GH-ORD-001518,GH,3.604166819827873,customer,-3.0201238756703273
GH-ORD-001521,GH,8.671420245941954,customer,-11.258424355100951
GH-ORD-001531,GH,17.154962745295045,customer,-3.4060286907572332
GH-ORD-001538,GH,35.107725197119606,customer,3.175828299461289
GH-ORD-001541,GH,16.19923681699518,customer,-3.9794708994709462
GH-ORD-001543,GH,49.398233023407656,customer,3.710530836626019
GH-ORD-001549,GH,19.112703322068835,customer,-3.739988186650879
GH-ORD-001550,GH,43.079368908665366,customer,5.852742462767889
GH-ORD-001553,GH,45.65610766502178,customer,5.489082365948031
GH-ORD-001560,GH,47.76814397570912,customer,3.3147052768079996
GH-ORD-001572,GH,12.64861969305496,customer,-4.78270663663146
GH-ORD-001576,GH,21.36632865917098,customer,-3.706770938440189
GH-ORD-001577,GH,67.15041102114459,customer,8.736959057136984
GH-ORD-001603,GH,0.27228658925921984,customer,-10.763469963124079
GH-ORD-001618,GH,46.319579320850075,customer,12.716727026455956
GH-ORD-001630,GH,54.61524407361431,customer,6.119261349063803
GH-ORD-001633,GH,26.041489396751786,customer,-4.170290625679629
GH-ORD-001640,GH,27.10612996075533,customer,6.496676163342825
GH-ORD-001642,GH,47.592972936619034,customer,8.95012083411902
GH-ORD-001643,GH,12.47707914182165,customer,-6.378960194963558
GH-ORD-001658,GH,15.8788462636335,customer,-3.306474762044624
GH-ORD-001668,GH,5.16164611039061,customer,-3.3071594108945837
GH-ORD-001674,GH,19.001973442436753,customer,-5.2935714192432535
GH-ORD-001677,GH,25.18287901862104,customer,5.079521541698966
GH-ORD-001684,GH,21.255598779538897,customer,-4.135083794043996
GH-ORD-001704,GH,90.45814306173381,customer,10.254216144758487
GH-ORD-001711,GH,0.27228658925921984,customer,-8.484724799010555
GH-ORD-001715,GH,7.6331007189001285,customer,-3.47304822566553
GH-ORD-001727,GH,45.24041680541937,customer,5.0836722029408925
GH-ORD-001734,GH,18.225956663047977,customer,-5.962543214537328
GH-ORD-001735,GH,23.229676551668238,customer,-10.17784380173243
GH-ORD-001744,GH,42.542964327824706,customer,17.05088666152646
GH-ORD-001764,GH,37.100863030497095,customer,6.335099529405998
GH-ORD-001769,GH,37.38131821743409,customer,17.958316891566355
GH-ORD-001773,GH,15.651033150619954,customer,-7.040494348091139
GH-ORD-001774,GH,41.70885974272729,customer,4.831875524815005
GH-ORD-001780,GH,2.9406951639995738,customer,-12.12563314321184
GH-ORD-001786,GH,33.90149560670126,customer,8.310310211739633
GH-ORD-001787,GH,6.2680372847472405,customer,-3.3546450476668213
GH-ORD-001796,GH,61.38338106063431,customer,39.83794932233694
GH-ORD-001807,GH,46.25332291746367,customer,3.302531890620016
GH-ORD-001824,GH,10.304232159533075,customer,-8.736965436438286
GH-ORD-001840,GH,34.00042640079878,customer,3.0054528426553837
GH-ORD-001841,GH,51.84427421691965,customer,3.545660085776425
GH-ORD-001844,GH,3.7784302369537737,customer,-3.7115253776023898
GH-ORD-001845,GH,41.802344805039624,customer,7.929148668840414
GH-ORD-001846,GH,54.58710779272418,customer,5.387149692412847
GH-ORD-001860,GH,47.495857386449906,customer,11.689618074237663
GH-ORD-001868,GH,27.89213058175028,customer,3.5880966411314663
GH-ORD-001876,GH,38.902492629428934,customer,12.941722702529717
GH-ORD-001881,GH,35.550644715647934,customer,3.777117384843785
GH-ORD-001895,GH,25.72745219713948,customer,-3.782393470339304
GH-ORD-001900,GH,29.349771456251304,customer,4.1818181818181825
GH-ORD-001906,GH,22.77132745974855,customer,-3.8988312636961373
GH-ORD-001908,GH,6.415072042947219,customer,-3.878447376961675
GH-ORD-001917,GH,6.653776619531135,customer,-12.53579446245944
GH-ORD-001925,GH,36.48004960698607,customer,3.063597496464666
GH-ORD-001928,GH,48.7874034415028,customer,8.423019431988072
GH-ORD-001943,GH,38.95967281317337,customer,5.303614824598233
GH-ORD-001952,GH,4.46005433206602,customer,-9.646999799317626
GH-ORD-001957,GH,4.456423844209231,customer,-4.128653640917871
GH-ORD-001960,GH,46.86778298722531,customer,3.293323521781726
GH-ORD-001973,GH,0.27228658925921984,customer,-4.765400372767247
GH-ORD-001982,GH,57.819149607231125,customer,3.5268569766740856
GH-ORD-001998,GH,33.487619991027245,customer,4.5322308569897425
9b961b894e797f63622137ff7eb1c1af,BR,242.85510386193982,region,4.967350667035164
0d8e03520c1b877edaf5ef24f7abb5cb,BR,179.61116416735035,region,3.4840839879304415
442693e8e705ad1f9c91f762f0d297bc,BR,241.9074407797604,region,4.945125026450432
708d3d7c0c996a92a48a8cf501f6fd8b,BR,238.58868598584235,region,4.867289925953699
dd4d3cf66aa23e931c9af921516324e4,BR,254.91363308110027,region,5.250160603863333
7cb72e0bbd081c1483fb0b200266b7d3,BR,269.04541704331444,region,5.581594799276875
5d4c85dc3fb9109333a5a7ef8fe717a4,BR,370.74126979890593,region,7.9666781847196315
35990049382e07dba1a9ef3550cad655,BR,253.0028348664201,region,5.205346455092485
18131b2990b1052f6a818f25ee7c332b,BR,216.21996923382795,region,4.342674091253682
e6acd035a11603d3f61a37185f681a5c,BR,197.78115326342288,region,3.9102266273050432
ab4354630db26a599455989a1091e50f,BR,373.32897021514276,region,8.027367791051
0550cddd79cea841641e17c802d9c403,BR,197.43109812490357,region,3.9020167478237453
17784b9fbb37fb0bdc230d8ed6f6b355,BR,259.7331767561841,region,5.3631938616942545
eb2d13a05138994cbcc09986aabdb9b3,BR,68.63788323785144,customer,9.359672416524017
06375e8bcbe64fb1da3b499fa42a7991,BR,383.16919421948734,region,8.258151585530829
106ff3ba3e84e22713bf2a10c582fd94,BR,160.00420839768742,region,3.0242400200773583
6b022a73dc1fa183cdc18cb9c255d60c,BR,200.04200661662233,region,3.9632506555571894
622313cbbf2c6fb616025bc038e3bba6,BR,189.4262460899228,region,3.714278122558021
6703cbd67193e32ea4174d97832a16bd,BR,428.03814015124703,region,9.310467629542618
e42b66326781591510efdca88022604d,BR,161.9575547507511,region,3.070052054752009
83167649ca3fb63d1a7daada42232e14,BR,496.4400746216988,region,10.914705295258525
62d3014a7e5b4f51c5f2bb713775aada,BR,238.5442038411686,region,4.866246681599721
2e7a373242af9032c112f07cf0235ee8,BR,396.1076963006715,region,8.561599617187676
af6abe9c52e60044f9a708a55cb9b189,BR,216.23157327156892,region,4.34294624195472
8ee8c0426394f8fb52861464aa0b4b40,BR,219.05135444262524,region,4.409078862306841
9dc716765847e0436278efdb22248d1a,BR,178.55906474550218,region,3.4594089910363715
2377613b828f1d12f44e8ee282dcd85d,BR,186.58519084967475,region,3.6476465592539986
2cc9089445046817a7539d90805e6e5a,BR,1176.1736613872163,region,26.856567626834384
eb83ac4a729f0654750730aaa35bdf59,BR,183.2180858985026,region,3.568677497502941
10247742e08ee32225ec4da5725ead48,BR,351.5133792621147,region,7.51572447310044
9f35328dc92b28c67517b812818dc6a8,BR,240.51689025713387,region,4.9125123007761005
30d7ab7638f1f3420e09474f704fe784,BR,94.27313661394953,customer,4.74090662207104
f3b6286e074ced4149f83f3b7fd95b3e,BR,231.86608012123904,region,4.709623953152622
948b0fc24560214f3ef7ed2830a5ff54,BR,175.58069505865262,region,3.389556977770072
098f664519835e5af0a1f20f4d778fdf,BR,176.71015473210727,region,3.4160463126710585
caa54c0c98a40fedc7ee2dfbae713846,BR,162.61511688940618,region,3.0854739278108028
410ca45d84f47d06fba1e4476a10b392,BR,175.56909102091163,region,3.3892848270690337
257a0d5445d4ae131816384009fbb954,BR,222.56544387184965,region,4.491495166271039
a8f67659d37c5f30f8481103b652975f,BR,196.50664311820609,region,3.8803354086410877
19f05b5a76e0e3f1df1ebaeef9bd2f8d,BR,377.50835780818295,region,8.125387401874685
f27cec916c1b73075e04a096c6c31562,BR,209.78359630016863,region,4.191721169078198
30336ab6f4ebb61a88d9e3188b36739c,BR,251.05335652593678,region,5.15962513731818
14861b02076ed7da9471988265a0104b,BR,438.4740380929615,region,9.555221826675705
e1e5a84a3748808d3ff0dcb4b58ac5dd,BR,254.71636443950376,region,5.245534041945696
e1da670d323874bc4ab65a65fd87eb05,BR,159.0062611519638,region,3.000835059788131
138231385802e09f83a82cf35bc5f4aa,BR,204.85961628541602,region,4.076238554937938
0b382db57a557ff7703eaba5e991e7fb,BR,286.13816463576666,region,5.982472781905158
2ab17daedbb4312627c61c38d20dac10,BR,174.1185863032901,region,3.3552659894393426
b5e8d13478ad66ec57d480c9e00abb39,BR,237.6371548910826,region,4.84497356846862
cc4687e4e102c1c8c606a5a0a8e475db,BR,269.1730614584651,region,5.584588456988286
b5796047f40aa1f6a7b80f8a8e35fcbf,BR,201.77874426518784,region,4.003982543812473
cfed507ac357129f750f05a0d7d71b15,BR,404.46453748046173,region,8.757593480384871
cf3c027d09d7b808bb4bd79207ae6df0,BR,252.48645518694687,region,5.193235748896315
3745e06e7f01e1652cfd4b9d31651820,BR,528.8849641454574,region,11.675638655359462
4fc7ee0d4813a5443edc4f7348eaad58,BR,159.19966178098,region,3.0053709048054227
568f58b0889ba49158a99fb0e26dd95e,BR,285.9331599690095,region,5.977664786186829
c2d1ffacb651ff60aad31b4ffdc9ac80,BR,234.79996766341483,region,4.778432722064943
771fbabfc064df2faba7d317dda924b4,BR,174.58661582550934,region,3.3662427343811903
53be479f3b3486d26abed234b365a359,BR,375.7000619268814,region,8.082977250963003
175a79065991e40569812e90232dc38d,BR,170.34727403747408,region,3.2668170116021447
e7ab20977cf6ea5cc4a63b3ecf897dd3,BR,292.39467498444094,region,6.12920736821456
7fb803b61e1301dc6887ef9d54cfcf26,BR,239.29073026917115,region,4.8837550433664685
e7aa8ec1453b9d7fa35da99ee0f22e65,BR,200.92391348493626,region,3.9839341088360425
059fd94aa8716f14743caff2f433be05,BR,264.74031904141367,region,5.480626889191949
64e109aaf7444f521fb45a857dc33128,BR,189.42044407105232,region,3.7141420472075017
159071a1852cacb075d31e4ae77aa7a3,BR,252.0977199226243,region,5.184118700411558
2cc606fca85523eee5d51c8d9defe0a5,BR,269.087965181698,region,5.582592685180678
edee5e7cf341c4b22a2cf863e94670b2,BR,208.8165931550876,region,4.169041943991736
649af2abdcd7f8f609dc36ee5d249a2f,BR,66.73288704204182,customer,27.0096482444083
0af28d87520565eb3b57c9b2abe1a2cc,BR,604.6670666191675,region,13.452964166935239
05e19ab996b114339f316bf41b359d52,BR,164.90884834953837,region,3.139269049715888
d97ceab969b84967a5c136683ab0625e,BR,217.53509351113814,region,4.373517837371269
66b9c991ee308f9342f6a7f63bb68251,BR,649.485728387383,region,14.504100891242533
e55094da7605b6e7fd370e4a4be7194d,BR,223.80127389126324,region,4.520479215931537
8809391e10af2cf3abaef5ac8af9fc4e,BR,198.28206089257486,region,3.9219744658998303
5e4264d346083d24d1dc20b9f656a728,BR,203.52708595149434,region,4.044986582768795
aeda3634e9cb15b0f339f34392a15b45,BR,166.72681426229073,region,3.181905992878435
b19f37ba4b4c83791c9bead49f965926,BR,367.9543667347824,region,7.901316658020451
ae471dc7860dcb671837ae421a18733e,BR,202.40536230320035,region,4.0186786816685
d983124667a44e540ef9ab35c37c486e,BR,314.9722644157928,region,6.658721915533251
5d9eaab2f0968ee661d96ba4afdf807d,BR,202.9797621713785,region,4.032150141369858
83a022cc4e851507e14012a90fedcd0e,BR,256.34092972323987,region,5.28363514009095
fb441bffe443e71cb16477c4743591e8,BR,507.88358984058766,region,11.183091244931704
d573cf2d2bd145e4bc855132a6c815af,BR,186.11716132745553,region,3.6366698143121514
bfb25d3267628ed460c643f20b5c19d7,BR,170.57935479229354,region,3.2722600256228955
be382a9e1ed25128148b97d6bfdb21af,BR,394.3825626898469,region,8.521139879633429
acb08a83f62cfd54a98e76c21cd268fd,BR,7.939095821115249,customer,-4.635423551223648
2192c6f4e9ece5c4e0091fd7f4dc4456,BR,116.72114762386053,customer,11.477445288074998
54211b079335a9762f2137bb38792459,BR,181.62446471540906,region,3.531302134560453
98c809bf2e8392fc389fdf8e2bfbb856,BR,200.92391348493626,region,3.9839341088360425
5a071192a28951b76774e5a760c8c9b7,BR,194.45079443176382,region,3.832119376107272
1782119bc21f8f920e4557c56091a68a,BR,173.33337974948432,region,3.336850458669137
afe00f151e2a9c5924b2edb95736c11c,BR,197.98809193647023,region,3.9150799814735464
ca3625898fbd48669d50701aba51cd5f,BR,223.81867994787473,region,4.520887441983094
4763f7cb81583ad94cbe72d436026939,BR,163.02899423550087,region,3.0951806361478083
3b33fee9a422ba92fb56025e07fe3db6,BR,353.9463591751386,region,7.572785403417976
5124343628b2cd43d0980ccc67353226,BR,167.21418384741156,region,3.1933363223220113
7846a3c8592b65e93f51e381db3742c9,BR,334.5908242231967,region,7.118838034087372
3a096d99346df2d6c043165967ff011d,BR,161.79703222866763,region,3.0662873033876568
efe2bd0e4d25b933231492f36a6e1847,BR,269.7493953329334,region,5.598105275139817
a46e7e8e02915adecb392ad065121a51,BR,367.1923682564585,region,7.883445428652318
29cd5bdaa8ca1890a2688d40839043c1,BR,172.68742164857017,region,3.32170073631138
15dbd4fa73037a8e8a6c619e4cffd46c,BR,177.8086703049193,region,3.441809912369278
8a3b1e83e4d61d19b4a8981b81368711,BR,219.30857727921676,region,4.415111536179839
9b536ddb073db4391797658cad90522f,BR,197.81403137035565,region,3.9109977209579836
897d215bbe78c235bc0008784a15ac78,BR,332.63360985755276,region,7.072935282512376
f52ed0bde654bdeeaca2b4d0ad7e6c33,BR,178.6151509279169,region,3.4607243860913863
cf57d12f25beeb760bd30983c67f21cd,BR,435.6658609596462,region,9.489361357024622
1be274b004c97a574419e7d7caeebdbf,BR,171.61791617011056,region,3.2966175133657547
586992f50ed97898737b07970376d19c,BR,583.298231119167,region,12.951798650974625
427911f3c5b426df742d7d17cb9424bb,BR,340.2419906030503,region,7.251375425492651
0647d9d193d898f2ff46c9e91a3c8c4b,BR,162.0387830149379,region,3.071957109659272
b12c22449b10c20ca59c61ae92eb3e72,BR,177.38705693366398,region,3.431921770231581
d9956b0805e324db3f2a546ef216c10b,BR,604.6670666191675,region,13.452964166935239
d8fa73e826d6e93ef59e9ebb19e2c08a,BR,215.71325958580547,region,4.330790177308376
428a2f660dc84138d969ccd69a0ab6d5,BR,237.0414809537127,region,4.8310031658153605
d54bea5ba90238aa83323565749538a1,BR,438.03308465880457,region,9.544880100036279
c7a07ddd52bbe18b61da49a8d89853d3,BR,265.365003073136,region,5.495277668597803
25de47610b1fe93d066d999828c0fe57,BR,197.30538771604301,region,3.8990684485625047
2ca68e6f3682ab0ee4ae0c4f069772d7,BR,200.04200661662233,region,3.9632506555571894
c505a1999c5ad6aacc8339242d824073,BR,182.91444691094713,region,3.561556220825792
f91129f9c042c85dbc000f46b36492a5,BR,178.67317111662175,region,3.462085139596574
29dba01f92da927e611d340bc135f679,BR,171.0048361761292,region,3.2822388846609387
43f32db0dedd975e294e98ce23b24661,BR,374.7407948069611,region,8.060479459677234
97c404dfeae6c85bdf1e01bee13dddf6,BR,201.54279549778806,region,3.998448812891376
f3f65564546eca69a8247a280e51a77b,BR,165.71726297882614,region,3.15822888188817
aef19c7ffbe816963b54aa3bd8777f1b,BR,205.72991911598893,region,4.096649857515753
c3b2c9ce918dcc0fdf5053927cd0ff8e,BR,296.60307267183356,region,6.227907355790839
a13562e9c4b0eb8e6ae0946073b213f8,BR,317.7649694987868,region,6.7242195175829504
ad20e4772c02fa44040fe219a2a172b6,BR,335.29867052539606,region,7.135439226850663
d6dde74bdeb424af6b660214881b4845,BR,32.955467184361474,customer,5.751109593717958
338d127554d67a15cb4e257742847056,BR,220.58888944330403,region,4.445138830194312
a6aa2d9d0561ad1c39f33d69e3f1277e,BR,195.96318735067055,region,3.867589684142497
73ef343c9dbf2f6d45362c9bc150f4b7,BR,422.22258323672975,region,9.174074769872641
0a9c633395c19d5fa38b9e5313db37a6,BR,198.32847704353875,region,3.9230630687039807
fbae1b9dac9991f79b54655e26cbe64e,BR,167.0497933127478,region,3.1894808540573134
aa30ff809084eca858cb3f57857c1ba9,BR,298.16574975428455,region,6.264556983530561
e1bc1083cd7acd30d0576335373b907d,BR,64.78921072042895,customer,5.067456700091154
d85c2deca369a3930811855341fb3d11,BR,71.28747185537347,customer,3.853466104940633
58edf3f5f282ab91e0f6a6f2b85af02a,BR,165.5818825385148,region,3.1550537903760656
eee762de005b77487718377a445e292a,BR,201.91605871178936,region,4.007202993774751
5038506ec2dd435985c9a1b5a092c82a,BR,170.75728337098843,region,3.276433003038804
11dd4e8d5273dee8fbe9260bd8e0e5fe,BR,229.0927151011466,region,4.644579935604651
1c49e3fd28c9c369b12fd84446e475ab,BR,325.4777865839531,region,6.905109016872564
b143aeb37a4d82ae652c5c4ba8461411,BR,275.4895260021344,region,5.73272915525305
35bb1b3031083af8db2b6b4f25ada550,BR,183.53332892379902,region,3.5760709248811273
5d7f7d203683b4e7dda40d75e1c4634d,BR,174.64657002050436,region,3.3676488463365506
fc2fce216ba47a84e54367275351c67a,BR,194.6461290670702,region,3.8367005795747375
eb1873ec4d6a2af1c0626a7d08bd9c09,BR,160.1511928757397,region,3.0276872622904993
152c657cdbdb6b803884cb4f691d17e9,BR,159.83014783157282,region,3.020157759561795
94a817174af541deb9c64333c5190b51,BR,236.73397395357694,region,4.823791172237867
e332eda82fe7ca4e86daf4f71ca785df,BR,316.8579205487008,region,6.7029464044518505
e1bc33c09440b7c1e0189f4653fb6bd0,BR,290.9925204240734,region,6.096322491839191
b28360b44929ee4de27af7329c403c58,BR,259.5494461586187,region,5.358884808927827
03caa2c082116e1d31e67e9ae3700499,BR,2642.641666927758,region,61.249793904253195
43d1fe9178de269c073056a519bac11f,BR,195.48935580958084,region,3.8564768638501308
6f5a4883cdf5054788a32b5c8b36a8ed,BR,160.1511928757397,region,3.0276872622904993
612d5630822f4796875619b3a6a7b481,BR,24.060972255906165,customer,-4.563551944283236
fa752aebeda0a3f9a2626bc507550c3f,BR,438.4933781558632,region,9.555675411177436
6a0b591f69623b1974c40cda6c026a0f,BR,196.45635895466188,region,3.879156088936592
4044c5fad995d07177b0c09ff2b0b7f6,BR,217.64533186967742,region,4.376103269031126
51f35f39bf5cf70713cb1354b2616e07,BR,167.26059999837543,region,3.1944249251261607
4ff8e28200e5a7a50b448cfaaf1f8ed3,BR,442.56059338407397,region,9.65106423189109
066da535b01be4b26ca70864a62d92e1,BR,224.5729424010379,region,4.538577237550532
0e62b7f0d74e42edd997cf3dfaac54c2,BR,203.96610537936112,region,4.0552829509580475
3689c2503baba1c0879d94cdbe6d6d60,BR,241.9074407797604,region,4.945125026450432
558b5f3eea27fa1b4cbc05013c45948e,BR,471.6093678623081,region,10.332348153488379
d76d4d90a253651a393ba10c27ebd2e8,BR,334.75134674528016,region,7.122602785451725
d4a07b48835f3637cdf8baeab13c8a9a,BR,316.33380484406695,region,6.690654264454991
b49319a7567885327afa4739369e479d,BR,170.45944640230348,region,3.2694478017121744
fc0b3be9d66d6db8d306c15407ece0d7,BR,262.9223531286613,region,5.437989946029402
8ae8b33f63d9924a2db9ec6c1e98fd35,BR,408.3789662117498,region,8.849398983534869
c40251d941c82933d4c4645793793577,BR,217.74976820934612,region,4.378552625340463
e7bf5b3305b73ad31a0306f433c8dd84,BR,169.96434079202203,region,3.257836038467907
afc58387b17fa794fd73b0773a9f6ea7,BR,528.7785937994986,region,11.673143940599955
4832ff0402c0e07fcf802721babe2b05,BR,232.3805257944221,region,4.7216893008986185
ac68ca3267acd54af9b04f0b8f63b7e1,BR,288.26943956752524,region,6.032457793995717
7d65e9176091ea193a460d908ee39737,BR,236.54057332456074,region,4.819255327220574
ac3143c0b6db91dd3ca4ab4d8a8243eb,BR,184.44811389904567,region,3.5975254718129195
264e91053cd726b067922356be6fd618,BR,256.74707104417394,region,5.293160414627264
d3f66901a6743e15f9311547cc623b91,BR,733.4892916005721,region,16.4742451745034
1efe916e0147732877ae7c2ae6a245ba,BR,165.7230649976966,region,3.1583649572386885
fa9bb0fcd9ac91743999d13c2860dac5,BR,263.48321495280834,region,5.45114389657955
465bd6cdd5535737b0839fe6b722c9fb,BR,243.49912795656383,region,4.982455030942748
470ae997eff151effb3503add146880b,BR,177.5030973110737,region,3.4346432772419564
25a93076658202368073fb3697a3f4ef,BR,176.77784495226294,region,3.4176338584271106
ccac1a9dee556f517bdb745dd29bcb68,BR,240.52462628229455,region,4.912693734576793
94aba2a37911fff127097b56d60fd1b5,BR,53.8021209860183,customer,3.133457374830854
dec3b3e24194ce1773deab948916e593,BR,353.4821976654997,region,7.561899375376475
3b4ad687e7e5190db827e1ae5a8989dd,BR,167.2934781053082,region,3.195196018779101
56137cd32ae890d2f8f4c0b770da009f,BR,206.7878205567076,region,4.1214609297603415
a0e747c954a595b0e3458c87ab1a4958,BR,218.51370069396015,region,4.396469213158768
39d1ca6f8d9875325e5f1491ee9af7e5,BR,185.65686783039695,region,3.6258745031709956
773f048245dc975a5f7c67c2415c88a0,BR,404.7604404428566,region,8.76453332326133
426a9742b533fc6fed17d1fd6d143d7e,BR,872.878926951422,region,19.743364753816408
2740f9d58dd09ee632344af519b499ac,BR,275.9459514866126,region,5.743433749493859
fa06c9f04ef55a2a43f2246a0777b7c8,BR,25.016371363246222,customer,-3.2594580882540827
ba59ccae9b527b6fef4bd4418c91f70b,BR,216.68026273088654,region,4.353469402394838
e1b7f8eb9bb3d4ba1c2e244574a71647,BR,217.21404846697126,region,4.365988334642564
362aa88dd1265e7b4ea491b5836fb5f6,BR,546.7435782288138,region,12.094478584256224
8b486b19bcb4db26c3e24a6e6d4e2e39,BR,207.15334774554822,region,4.1300336768430235
c505b8336db9c66f9459056a2ec767b5,BR,175.0623813728892,region,3.3774009131237293
892b6462174cfb942fb8d9c8e0287c11,BR,176.01391246764894,region,3.399717270608807
d182d98f09b4277c0d58801e991f7757,BR,508.0808584821841,region,11.18771780684934
6b2b0edb95053b55efeb09177b6510c3,BR,202.40536230320035,region,4.0186786816685
85f8ad45e067abd694b627859fa57453,BR,379.25863350077964,region,8.166436799281179
dbbbc904081f8e928028432e2e3d7686,BR,270.90399708816017,region,5.625184269893052
c3cb4f1d84665efbb1bf71c31950b9cf,BR,391.0599398833485,region,8.443214062236349
685e7e3eaffdd604a628eb6e0dbee88e,BR,186.2099936293833,region,3.6388470199204512
e51859ab3a4df4a9dd8d6f60a060148b,BR,167.12328555177393,region,3.1912044751638837
99e2a62484480920071ceb4d04da5e17,BR,9.250352085845124,customer,-7.567010309278153
61a4e749e6975384980e883fc5653d8b,BR,307.7487509220375,region,6.489308104137388
1df5ad6aeceb5bb17ae3e7a095592d23,BR,265.388211148618,region,5.495821969999879
fb8c84f49d464b75f05a3de37923fc87,BR,353.6156440995209,region,7.565029108438408
0f0add4f85838c9195ce0ce66cceff8a,BR,275.70420070034237,region,5.737763943222244
b2f6d9c004d4df667af498c97106b8f1,BR,34.597438524709055,customer,-3.224110671936758
5c65f6e8b3825aeb9c088dc89edec2e5,BR,55.88117774794251,customer,-3.738437771555489
9d92d6b679a62c069b6c7d7ecc1a4b90,BR,163.58018602819703,region,3.1081077944470903
c08dd05931abd8cb08aad3d31e39bfed,BR,275.3096634171493,region,5.728510819386968
826456a3605c466dec176f032fa660a9,BR,261.36354405879075,region,5.401431035190028
c12f5561ebbafe496b47371c0271e839,BR,48.94583119142138,customer,3.815465769036634
b4869c2e4b11586a953130fa13632aa9,BR,241.9074407797604,region,4.945125026450432
e56a1cb152fd9b915de07e0f4f5b462b,BR,260.0000696242265,region,5.3694533278181185
b8f4e6b287baa7c5914f2ddbceee6a8b,BR,238.1322605013641,region,4.856585331712889
f962d2edc594dccae522feb6446d2104,BR,217.3552309261531,region,4.369299501505187
457ade8093de88b42998c569334a7864,BR,505.93604550639446,region,11.137415285607572
6e0d2539e48e84296bae6290de41058c,BR,189.99871195181075,region,3.727704223809205
ef8f0e3dd1d5294a7bbffc78a02a21b9,BR,197.14099718137925,region,3.8952129802978064
e8fa22c3673b1dd17ea315021b1f0f61,BR,583.7991387483188,region,12.963546489569408
4638df545f7ab35cb2e4ed4bcb490e17,BR,174.51505759277333,region,3.364564471724792
8a3faec8dc9fc14969c3ec8dc757abdd,BR,241.04293996805796,region,4.924849799223136
db3b94ddef8837c5c780836f80da86c7,BR,196.78900803656975,region,3.886957742366335
d7883101fd4d6a5b0dd411c2ec79d5ed,BR,179.33653527414734,region,3.4776430880058866
84f40c055bf1ed329fcf2f4ec4e9e9df,BR,216.88333339135355,region,4.358232039662995
a76390702d2f24f9e0d5ad3c5e9ec562,BR,180.62071545081494,region,3.5077610989207066
9a2b443dc8e6673e4fc330b3ea033569,BR,88.42276758620932,customer,11.407492706893946
76c943bbe1ddef57ebe9e810f1c108e6,BR,27.592467741742087,customer,3.4901430517670624
958261a4492225848848d654759efa34,BR,202.40536230320035,region,4.0186786816685
84f45a8c260ce6606a2e9d70cccd5959,BR,188.65070956756782,region,3.696089384038679
029c545413b10a6bd7540401f6eef0a3,BR,318.0976185806947,region,6.732021171012694
f7a7709b479c021664777ee929ab3ee4,BR,199.36317040877543,region,3.9473298395464935
c3fbba8f64cc6b2e99abc0e00d5ade2b,BR,270.8247028302635,region,5.623324573435962
3a51339b8956feafcab1fe4779ee5a82,BR,162.3404879962032,region,3.0790330278862483
b647b0e8ecce1771ba6f6a0cc30d3f99,BR,268.52323534497066,region,5.569348017730185
8a387edc250631b1a0ec1458c4925a31,BR,236.73010594099657,region,4.823700455337519
ab13cb6c13063f2603a94c9ddca34f66,BR,333.4304204490995,region,7.091622963983619
9695692d040abab63df40b68c2905278,BR,244.4912731834169,region,5.005723915881456
1446ae966d68c3abad1ca3a3ce58033e,BR,271.58089928971685,region,5.641059727453574
f4b7ccd15f831ff995d4f307b0dc0f0b,BR,236.92544057630295,region,4.828281658804985
b5292e949af082478a408f61a52eac5b,BR,212.34228662205302,region,4.251730398656973
c458e938207913709f5c0cedb195defd,BR,294.7889747716616,region,6.185361129528638
3b6bf8d07e34c52b0f65c58afb3df15b,BR,258.05059128374313,region,5.323732010043813
4f1743c0fc4465b3df1209280e727fa6,BR,189.59643864345705,region,3.7182696661732373
9f5abaa01d419a15e448f089b1cf4b94,BR,477.18317399055513,region,10.46307120688674
f92947b16fe446ea59a6d3de2cd7b819,BR,365.84243186592545,region,7.85178523043162
1869017c844a8734ceb468c7da13a88e,BR,241.05841201837927,region,4.925212666824519
d4571886185581e35543a4c104bd0cd4,BR,220.14406799656678,region,4.434706386654541
0a187dd7f4efe70e8c3b6e3779b3b133,BR,257.9094088245613,region,5.320420843181189
93a0e7a8ac210479d99b1726f697651c,BR,175.17455373771858,region,3.380031703233758
36db19001f33a6f23042adbc4a0e30a5,BR,239.981170514759,region,4.899948010078202
98464a5096e400810b94bb93f38924c9,BR,465.07436060785045,region,10.179081950354075
f0a2783007ba2c431132d38c7642d5c9,BR,456.50671274243257,region,9.97814401608803
db42486c4007faaa99084c4d950d6163,BR,429.41128461726214,region,9.342672129165393
199af31afc78c699f0dbf71fb178d4d4,BR,921.4263528470701,region,20.8819525700571
f008d12c8af46ec384fe7917b2991f7f,BR,201.40741505747675,region,3.9952737213792724
4cb8dd7ed38c78241066cdaa289811ba,BR,276.48360523527765,region,5.756043398641931
4bb3eed0b423bcae4c063a401e17308e,BR,161.59589557449078,region,3.061570024569673
d2778bedb92f5e0d8d10a0a7c3ffd2f2,BR,188.74354186949557,region,3.6982665896469786
4f7ce3efe568a5e57290a9fa3e45b1f5,BR,334.13246473242833,region,7.1080880813963905
24161cb9857591fc2fe821db0c4dd3b0,BR,160.90932334148326,region,3.045467774758286
155581701d726e5261052c3e6fa83dfe,BR,226.02924913752992,region,4.572732150530743
e8198fb86447455d67c1ddd0b3a068b2,BR,236.21759427410365,region,4.811680466041696
6bf83087dc6176ce753398bf1a976f0b,BR,190.8284006502903,region,3.747162998933389
3a387120748132611868e2e4707cdbaa,BR,358.51641603879153,region,7.679967421176591
01cadf993df82ff0e318addbd022f0fe,BR,165.20668531822335,region,3.1462542510425187
2f43f05d6e829ed487f16b1f1cf304cb,BR,51.607023846684356,customer,3.1599552572706866
c75dfb74f7e634744d13799759233b78,BR,352.3508039857549,region,7.535364682025316
89ed66ec9a5952690d30aeb514f46dc7,BR,165.81396329333424,region,3.160496804396816
7cfa85c7c53799aa2c849044711e9256,BR,178.47783648131536,region,3.4575039361291084
2c24e24f7dcf67f2f7d742eaab96d10e,BR,194.50881462046868,region,3.8334801296124597
5e53ec687d157b73f86dba72cbb74056,BR,162.84139562535515,region,3.0907808664810346
53c71d3953507c6239ff73917ed358c9,BR,615.8533590014648,region,13.715317442735419
cd09c24e7f20280427dd7bf69a9d21db,BR,259.6654865360284,region,5.361606315938202
b27819c290321f10bc14dcf5deeab059,BR,178.66930310404143,region,3.4619944226962285
43e377b8eb0c36efdec49438986066b3,BR,236.21759427410365,region,4.811680466041696
dbb7c264b7caf9353bda0d1eafc4322c,BR,163.388719405471,region,3.103617307879971
39a6ecead949b006d60a132d146ea284,BR,512.0784494839492,region,11.281473723356772
dc3d2c21652c9d91fa3b1f74a3a68ae3,BR,380.40163121826544,region,8.193243643333377
359352820ef7acbc4def738b048f2d6c,BR,232.83308326632005,region,4.732303178239082
1ea7acde8dacf11a098d0b85b13cdc0e,BR,286.13816463576666,region,5.982472781905158
8ca57f2b32c00588cab243b2115441f5,BR,286.37411340316646,region,5.988006512826255
85144828ac9ae2c1f2bf87f032a33745,BR,171.15568866676185,region,3.2857768437744266
3644344c9ad371ecfc67c6cbeb93531c,BR,238.43396548262933,region,4.863661249939864
bc382cd676f08eb90614a59793568c19,BR,166.72488025600057,region,3.1818606344282623
090967205f5215e5d3053cefdbce5aac,BR,172.82667010146184,region,3.324966544723831
fa98b1c89208380c565ec7c07a8f3e7a,BR,70.9702948237869,customer,5.450317021575644
70f3d00cfbc9cc2a465887a6edeb1149,BR,259.82214104553157,region,5.365280350402209
5d508403951477c6ca3f8fb41f351658,BR,202.79409756752293,region,4.027795730153257
5246f33ed41cfa5f5b8f64e7bc8cf0c2,BR,13.383323527921444,customer,-3.0665610142630735
8f6f263a5e96515d5534199b74cb7748,BR,310.03668036329924,region,6.542967150691955
8af5834451865606adcc31b165d6ae54,BR,162.41204622893918,customer,39.87151685925715
46e8348ff73e64f24843a7d2fad9fcfd,BR,162.50681253715712,region,3.0829338546011194
e1ca31317b9d333b3991d72a5717d4fc,BR,162.338553989913,region,3.0789876694360747
bd751ddcab3b8972d79a87e9cb5df8f4,BR,161.68679387012838,region,3.0637018717277997
83eec8a1bf27d833e0d2f468cf456ab1,BR,447.68764405929363,region,9.771309483299508
983de0fdf98ff06d6cf1c379f7540f7f,BR,167.3650363380442,region,3.1968742814354996
8de50bbc56062ea401a2c61c36f46585,BR,409.19511686619813,region,8.86854024950784
078f6a01964ee122ef20881df839af31,BR,467.8748017160051,region,10.244760986204465
2ce3c61f3add382691fcad6a04f52680,BR,290.38137443638226,region,6.081989221584549
5cb890a68b91b6158d69257e4e2bc359,BR,168.5370441498824,region,3.22436150224029
be3b8d058b8100d8a2539ce0b2c6ec0b,BR,236.54057332456074,region,4.819255327220574
85c467a504e5796387bb68fe2adcc256,BR,426.2627223768783,region,9.268828572283876
694e3d121f16bcbb9b4595b6c6ab3baf,BR,528.3821225100153,region,11.663845458314503
2c49b1336713953c90ab5e1f16ce5012,BR,167.5545689544801,region,3.201319409552446
389a9ea0a3b847e32aafa6fc297e2a9d,BR,160.26143123427894,region,3.0302726939503564
0fc95c806aba2b8aef43db06838ec606,BR,423.04840392262895,region,9.19344282809648
c8213e60d923c834447d410caab1898d,BR,192.1531949590513,region,3.7782335373018405
2e571b4487c7119502acdb48043efcee,BR,208.56904034994687,region,4.163236062369603
d787107ccedb2db436f0d2fd57e17182,BR,169.3996109552947,region,3.2445913710174135
7c749191ee3a17f34cbfcf6ddd2009ac,BR,238.77628459598807,region,4.871689695620472
0ced306b608e9bc80ef960368a3414a4,BR,4.20066166223199,customer,-4.57640750670242
d49132be94be94057aadb0fdd665943b,BR,295.4213948285446,region,6.200193342735184
9045fa841de3514ce900f5fc869d9b1f,BR,211.89939918160593,region,4.241343313567374
4f2a29346d25613d2e553a8d6381b006,BR,190.9251009647984,region,3.749430921442035
7a35387c416ab539ef45773ebacc4993,BR,340.7022841001088,region,7.262170736633805
d2dec7f70a6ba38a5391914f927ec6c9,BR,213.09461506892606,region,4.26937483577424
b330ac45859df51adcd01c1c5257b231,BR,196.07922772808027,region,3.8703111911528723
d6e4c66836507e15b054fd436417a9d0,BR,201.1385881831442,region,3.9889688968052357
acf01c9262ddb5d9adae8daa34e31568,BR,467.25591970315327,region,10.23024628214913
ad850e69fce9a512ada84086651a2e7d,BR,240.31381959666686,region,4.9077496635079445
fb1ddf834a88bd14684fbc3242c4a46c,BR,354.1146177223827,region,7.576731588583021
c6343db6c1801f9c3301166f02931116,BR,195.77945675310514,region,3.863280631376069
7068f14af6c3c575490f74b6aaf2f05c,BR,211.4874558418014,region,4.231681963680542
985dbac2172bbf6b32bcca35da50d7a0,BR,198.3729591882125,region,3.924106313057958
c4ca4450ac2974ba5eeb4832b7ec724a,BR,65.65177752584124,customer,9.948087431694017
6413a8cd79f9720426fd12968b388228,BR,171.98731137153152,region,3.305280977348783
7e3da8f7ef82afccb42bb25622099fb2,BR,168.07094863395335,region,3.213430115748616
6a6c30136e870dc8e8338fbb826ee41e,BR,289.8031065556238,region,6.068427044982846
df2d47392b52182c652465e3ec8f5ed4,BR,160.1511928757397,region,3.0276872622904993
0438652a8cef245640be57b30610a4fb,BR,188.07824370567985,region,3.682663282787494
c1eab66ff6c440a9f5d92f83b8f10550,BR,265.699586161334,region,5.503124680477718
905a97a2114f9c1e549b9f76fb5a8429,BR,175.69093341719184,region,3.392142409429928
41b7766bb1df487d17fb9725b78ff509,BR,769.6474732014419,region,17.32226675893635
4baefe0b13c215e6417751ad5121469d,BR,198.3826292196633,region,3.924333105308823
dbd4885aa71d304f95eb40c67bfbec35,BR,184.94321950932715,region,3.6091372350571875
e940dfc11f35a222dc7dd0e6700aecc0,BR,43.9541609565131,customer,11.052030844271643
3b580f556a4a7d02c2ce65505bb164fb,BR,216.77116102652417,region,4.355601249552966
6287b2bf8c9689868aadfd52c50f1160,BR,202.40536230320035,region,4.0186786816685
2cc53a4aa9a5a0f2c0ff6559260fb1d4,BR,262.4059734491881,region,5.4258792398332325
29d13613de8487345b1758b80b71a6ca,BR,171.58503806317782,region,3.2958464197128152
cca79f1e5c4dcf95bfadc53c7a97b4ff,BR,222.37784526170392,region,4.487095396604265
126b56e36148dafa96b5705c766ab2c0,BR,248.37475781406232,region,5.096803683828683
9dc6746a8f29fafaa637f2239a9f3d28,BR,169.41121499303566,region,3.2448635217184507
6c5cccf873a409e565ece5d56bf5a49a,BR,166.26845477152233,region,3.171156040187453
81279a15416799e6580df60f66760a7b,BR,203.48453781311082,region,4.043988696864991
1457abef78cd241e85fd946503cb4e16,BR,265.699586161334,region,5.503124680477718
83d63d8a7bc56e6c8508003e1c7505f0,BR,191.24808001525545,region,3.757005782620913
6d5774791f826a27e8e5521a9b816ba2,BR,184.41330178582274,region,3.596709019709807
8ea7aebc18842332aad5f41ca74b334c,BR,506.9591348338902,region,11.161409905749046
9f4f60c24b20845efd8d6b863b571d20,BR,351.6468256961359,region,7.518854206162372
e677ab34eb52c66dd39e65b9aa84fe4c,BR,178.3192479655221,region,3.4537845432149292
db747e7d69671f32e8e4ea7fdc1266ed,BR,192.54966624853452,region,3.7875320195872897
546f8ad06a534934fdf15a5b1b10b9f6,BR,226.99625228261095,region,4.5954113756172035
e41e5861711a10524b80a63d022ae776,BR,228.31137655992114,region,4.626255121734791
c28f3a01d4cfee461234c86a41f52e37,BR,497.88671132674,region,10.94863341598787
89295af77ed4ae2952f65f4f432f53c5,BR,185.95277079279174,region,3.6328143460474527
488bbe7460a648792b11ac9b3755e44f,BR,62.599915599965506,customer,13.442373407890464
68101694e5c5dc7330c91e1bbc36214f,BR,807.4979103062036,region,18.20997698727061
cb47bdb6944b3df9373054e6ab62cf46,BR,180.17589400407766,region,3.4973286553809344
1ab81205bd97428adba5715c92dae13a,BR,169.57753953398958,region,3.2487643484333217
7122be37b1b21797619ed0a6cf64f043,BR,264.5933345633614,region,5.477179646978808
833915009f90346b046a4f6cc9df0497,BR,265.5758097587637,region,5.500221739666652
38e31ec9d0ed250702ede5bb610d963b,BR,8.788124582496392,customer,-3.9704040883207243
6d20d4bb2f512f9cc072f9b1ca5c614b,BR,177.1356361159429,region,3.426025171709101
419de35b9f49a3e9822b8f09116cdea2,BR,187.3820014412215,region,3.666334240725242
90ec7e058a164b8dccce02591de2f99a,BR,194.72929133754715,region,3.8386509929321724
d002a94b221c08e6dd8ed72e7662d31d,BR,162.69441114730284,region,3.087333624267893
f40d3749a6d621bb95be74a8ce79e06f,BR,260.6963118886848,region,5.38578236988037
4d2e19ae56a1a07f7e506913229d76fa,BR,189.33341378799503,region,3.7121009169497206
62073ec6b54b8e6322037fc0f3591ad3,BR,254.540369867099,region,5.241406422979959
83e6338b5cf25dcf222551cb8da8d0d6,BR,520.7930818274194,region,11.485858899835959
eea28d6b80e09bfb00dc1f0640d2de47,BR,485.9248824220876,region,10.668091401668347
526ad2823ac462d2de62d9747db765e6,BR,168.48869399262836,region,3.2232275409859668
cdca52aa619c8e59bd64701d54571cc0,BR,261.36354405879075,region,5.401431035190028
c0abd38f3c86c3d4996c94bcf99df796,BR,238.43396548262933,region,4.863661249939864
43070b94b6d741a764e8e1ba4a2ea91d,BR,253.53855460879504,region,5.217910745790386
ad7d812f43f6308a7105fecab91fe3c1,BR,166.56822574649743,region,3.1781865999642553
095f058cc1daeb1e7ba1c133473090a3,BR,291.27101732985676,region,6.102854108664093
f2e689a11a0a962aa271e7715b516ee2,BR,342.0096723522584,region,7.292833048950702
f3f15e9fc76a0d1ee15de585f49911d8,BR,184.66859061612413,region,3.6026963351326327
1dfc0bd3006c0dce1dd6e418bcb00413,BR,167.23739192289352,region,3.1938806237240867
2a6a114fe2292f31891a707ff4731e25,BR,176.7894489900039,region,3.417906009128148
3e721650e845549cd3268a5749f843fb,BR,228.65949769215035,region,4.634419642765917
39af19b1c6ebb39c4e7100d28e4330b6,BR,188.40509076871723,region,3.6903288608667175
cd44196e80474114b859765d62f12ddf,BR,172.11302178039207,region,3.308229276610023
dda34d917fca93319316d959e22b9289,BR,221.67580097837512,region,4.470630279191495
77eebc56e710b7d5e02097984981cd76,BR,257.393029145088,region,5.3083101369850185
30f610db02d0880c9687dd1edd8b8710,BR,372.4451293405387,region,8.006638979321975
0f47f9183ff34c4a76633181b380acbc,BR,200.81560913268714,region,3.9813940356263577
491973b24e759d56ee5fb0e7477a823b,BR,160.178268963802,region,3.028322280592921
03a312126d4985217afef2625df60af4,BR,379.67251084687433,region,8.176143507618185
d58096e42e1aaf58b8521e8f8b4c20dc,BR,165.5760805196443,region,3.1549177150255465
46bda15a7762d32270b8141ad9c27c2c,BR,347.68211280130373,region,7.425869383307883
0ec73995908cf00519d1da725119d114,BR,162.99805013485826,region,3.094454900945041
a45d988c5f5764f548ae6fa14a8ee773,BR,236.66434972713108,region,4.822158268031641
1aaf27bab389531a50d1a6b86c24e6b7,BR,187.3916714726723,region,3.6665610329761065
df85c824523500d4066a0dbdb5d95bed,BR,696.719964012011,region,15.611890319815808
d3eea305452cf0bcad06beb48735dbd9,BR,275.90146934193893,region,5.742390505139883
4cfdd4464ee3dbf59c17a69045429af4,BR,239.39323260254972,region,4.886159041225633
ed35f59756edecbfcefb866146f00905,BR,260.0890339135739,region,5.371539816526072
b4c80521e552d11e209d1388067ce814,BR,267.80958702390086,region,5.552610749616377
b0b0d3285e59abf2f6c9d7e1bf761323,BR,588.7347228008125,region,13.079301254410709
bdbe8da70dcc6e6a23a1893aa359d547,BR,211.33660335116875,region,4.228144004567054
f5a52747a52ed566b63d20a717778698,BR,183.72479554652506,region,3.5805614114482465
ce11340d59020c4c840f12096c81b609,BR,220.63530559426792,region,4.446227432998462
d30a31ae450b7eccbb5fc54276bdccf7,BR,182.01319997973164,region,3.5404191830452105
be5b64307f608c4be032a92527e44f66,BR,193.92474472083975,region,3.8197818776602372
c819d9ce6576bb453e886c2e95aa5697,BR,399.43998913862066,region,8.63975222683562
b782d486ebb05fdf0ba6ec05652f704f,BR,355.3078996034127,region,7.604717752339713
13b4f8c4b570d25d95bfd3c915ed9c38,BR,166.13500833750112,region,3.168026307125521
0b055b1ac16d0401f76e361ff96926eb,BR,410.9337885210539,region,8.909317496213298
4cf7b60ee5bf3891424ddb434b261cd5,BR,335.2290462989502,region,7.133806322644437
9a3966c23190dbdbaabed08e8429c006,BR,781.8684589489759,region,17.608886805579044
476fc9fd42dd474f1b044aa18508596a,BR,177.38705693366398,region,3.431921770231581
9f25f43e006aa4d61b6f1188696e93a8,BR,199.67454542149156,region,3.9546325500243347
afd5ca74e46f54e04d9104595814ccb1,BR,319.80728014119796,region,6.772118040965557
4442d1fdf454197e9e141f0d83a9031e,BR,256.0218186853631,region,5.276150995812416
f9a4ea353ce8eeffe8a1d48960268f66,BR,213.0327268676409,region,4.2679233653687065
f78e5e459e3829bbc1bf472f4eb8eb35,BR,233.20054446145076,region,4.740921283771936
43bdbd9dc0931d72befdf4765af6c442,BR,658.8134407248347,region,14.722864696426537
f55a684badae11bd4d494dd474d82130,BR,258.84933588158003,region,5.342465049965229
535f37a9d7b2631d608fded2c2991738,BR,218.42860441719304,region,4.39447344135116
5d84d2af140f3d69293995b16e8f8eeb,BR,172.80733003856022,region,3.3245129602221017
33b50846ef5349564b8be2af1d6000aa,BR,165.22795938741513,region,3.1467531939944204
ae8b5df90eaf220f63f5ed4865cd222c,BR,295.08681174034655,region,6.192346330855268
9d3a10d6a5aab8ca343a21580c404b69,BR,208.37177170835034,region,4.1586095004519645
70a3acb4b096f675be6a2e03e2fb67bd,BR,166.78676845728575,region,3.183312104833796
440210629ba4e9e0358429778cefe8b0,BR,273.78953447308197,region,5.692859077551052
d17c532b7b6e2aa56945b55f0757fee4,BR,196.29970444515877,region,3.875482054472586
8dbc85d1447242f3b127dda390d56e19,BR,905.459196915492,region,20.507473205429452
54e9fc9a26833002ae6521780af9dcc6,BR,46.66176976273998,customer,7.281458850486918
cbaa06517efa6c48a336a917c53e2561,BR,398.5039300941823,region,8.617798736951928
d5b8e12d70cbd872a14afea28d0a989c,BR,179.6614483308946,region,3.4852633076349377
5971d3979142ba818940da403e01d08f,BR,178.1722634874698,region,3.4503373010017877
96f09035ece72cb1bbff425efa9a372a,BR,204.7687179897784,region,4.07410670777981
a43d72884af5f964762b9070af86b567,BR,161.93628068155928,region,3.0695531118001065
8a5631237c1d8626971f2867b25c076e,BR,176.5341601597025,region,3.411918693705322
79ae0e4182dcaddaa21ac3038aa4e5d9,BR,201.62208975568473,region,4.000308509348467
b121103b92afc327fb33d0e75b368a72,BR,226.75256749005052,region,4.589696210895416
6aa40159104472e7b1ba3ea38cc2c817,BR,159.9017060643088,region,3.0218360222181926
abbfe78fd05873101e792fa04bbad963,BR,45.116498736900496,customer,7.286354766326095
da8be3bb62e9bf01e2e1a3bfd74ebd1a,BR,532.0915465745461,region,11.750842965746168
c45965834bc929b4242b82f924d52c49,BR,295.52196315563305,region,6.202551982144176
f6aeaaa897aaaf586ac05fb8d821ed9e,BR,169.20621032627847,region,3.2400555260001207
cb00b252d2c836eeeb1d73ec439a0849,BR,278.91271713572127,region,5.813013612059122
716d94482440b2b6bbd8346eb9fb3e14,BR,167.28767608643773,region,3.1950599434285825
90afb8151d6aca71ae7b52a029ebc165,BR,284.59095960363703,region,5.946186021766821
f5136e38d1a14a4dbd87dff67da82701,BR,1300.940275178151,region,29.78273196438993
693c6ae1a1ab759aae8dd08ff9eff189,BR,245.75417929089275,region,5.035342983844374
be8b6bb87fabe5bece6e7a3ecc1f1f8d,BR,276.82012232976587,region,5.763935768972019
a653bb2e2418fd13d746e3639879aa83,BR,198.87386681736444,region,3.9358541516527445
d0b605ea4abf3ed6e8f7472a634afef1,BR,208.98098368975135,region,4.172897412256435
0e530f6be154c9d7e7b12f34153b0fc9,BR,164.1835959907276,region,3.1222596309010426
a91e629d7c60ee83c467d41250528cc5,BR,319.9736046821519,region,6.7760188676804285
b6a2d13e218643aa2ad2fb10a8cf567a,BR,160.34459350475595,region,3.032223107307793
89be631fd4bcaeb41bbc2f969b37aecf,BR,285.2813998492249,region,5.962378988478554
24014414a15d7274cad8a2917fe1f040,BR,260.83362633528634,region,5.389002819842648
0b93ff37e8344c6013bad16484c7fbe4,BR,236.19632020491184,region,4.811181523089793
311155a0f4009bd8e4936e0ce45324ae,BR,160.85517116535868,region,3.0441977381534433
8193580d95dea97d43937711060b2846,BR,269.1730614584651,region,5.584588456988286
13c4f7497ce2f3ae34e441c7514215f3,BR,201.81549038470095,region,4.004844354365759
41af94fc8bd7a1531543b0268314696f,BR,217.55056556145948,region,4.373880704972653
0191ee5deb2474bc1f4189fa709289b2,BR,172.3470365415017,region,3.3137176490809472
5bd06bab48e0423fc35d1c236d48a6bb,BR,390.10454077600843,region,8.420806987850925
f399b1b1cbfba9dbe26183ac60e6eae8,BR,18.89717546117347,customer,-10.074301295160206
dabc3532f4548867a4095bb24ad1f66e,BR,300.7824602648738,region,6.3259269666145235
bca23b0c0c24178fcf6fb1838fadbe86,BR,212.47379904978402,region,4.254814773268731
7b9783133bb4a92b0c131b1b4f7657ea,BR,253.8712036907029,region,5.225712399220128
c894fad29c885c81201d9bdd80cd68c5,BR,48.99804936125574,customer,9.00723684210524
bf92c69b7cc70f7fc2c37de43e366173,BR,32.24181886329168,customer,4.401531791637746
79d3522a0854c853a4979ff2691abd91,BR,589.5373354112297,region,13.09812501123247
bbb0e248cd5ad3480165a7ed356a9d1b,BR,176.60571839243852,region,3.4135969563617206
9c781d427857ca8dee49b22614eb9e39,BR,201.62208975568473,region,4.000308509348467
04c1e5f3771cb0ccfdb672669807401b,BR,181.34016579075524,region,3.5246344423850338
eea28ef28b84c9907e7417c41813bd34,BR,177.93824872636017,region,3.4448489285308637
c6ad9ae898bc6bc0f0ac50109d8e45cc,BR,204.50182512173606,region,4.067847241655948
86c8fd057d184ed3d5059a43d58ff5db,BR,171.31427718255512,region,3.289496236688606
43da1954a3ab906e70d25dff8fd0a3a0,BR,285.2195116479397,region,5.960927518073021
94781b7e571ded2ff6f80434f6fe2a43,BR,319.80728014119796,region,6.772118040965557
bd34c0a8e58e5e3a0116f8be431a86ff,BR,176.71015473210727,region,3.4160463126710585
dc2abb29525694900ea93ffd5d12460d,BR,161.8125042789889,region,3.06665017098904
e20301223addaf02a0ffb7025259e21d,BR,256.3177216477579,region,5.2830908386888735
3645d00093a926152b82312c5db8984f,BR,312.8912736475785,region,6.609916223147189
4fe6e6eee2e643359d66860e9954cb84,BR,423.6247377970973,region,9.206959646248011
87e628a37d874ec67e4573f102c4c4ac,BR,164.49883901602405,region,3.1296530582792292
74a9f427a3c1a76a0af9ddf92aced07c,BR,391.36164486461377,region,8.450289980463324
2537dc25ebd836a44792c49ab1914c7d,BR,178.2264156635943,region,3.451607337606629
dadbb2544ed83c09ede8683c93c5f080,BR,187.73979260490148,region,3.6747255540072326
4c3dc9dfddad01aea0666beb48895f7b,BR,217.6859460017708,region,4.377055796484757
525ef5459736975ad3586bef388ea0f6,BR,261.4660463921693,region,5.403835033049192
2d15f5afd65b730a72135678ea3487d2,BR,178.1297153490862,region,3.4493394150979833
2cdcc5a4a3365e4e73abd4d0774f8636,BR,168.7884649676035,region,3.23025810076277
80742a986710e5cda30966b8d3f1ab96,BR,49.274612260748924,customer,6.559994112952577
5b7f5b227fe180d431061fa7fa791d28,BR,168.05160857105173,region,3.2129765312468868
6ccfdcda6bd1ef7cee86cd6f6c4b8bee,BR,416.4592444920468,region,9.038906588357335
327ad7800f253f3efd342b0997a16b3f,BR,258.0022411264891,region,5.32259804878949
c2411b9c7822d227e3e48018405a0594,BR,217.57570764323157,region,4.374470364824901
db66dca329373cf37340222e240340b6,BR,389.7003334613646,region,8.411327071764786
4d9f7ee0798052190a19d19bb0f31a40,BR,206.18054258159668,region,4.107218376406044
f398a143c0fe171d965db2096cf064cf,BR,637.7192341180371,region,14.228140080390476
73cbd9a357e885c9034b3df9d50482bb,BR,276.0310477633798,region,5.745429521301468
465c108e33e2b7e6953f020140a457ba,BR,259.4372737937893,region,5.356254018817797
b2fb15f025928415eebbfd3132b0dfbc,BR,217.68788000806094,region,4.3771011549349295
b4f1974b44fb68fa2e99d51756750d78,BR,178.54165868889072,region,3.459000764984815
f42bfe430d08b71e6057873397dcc741,BR,169.85990445235325,region,3.2553866821585684
ab34dab91f92a58e3dace8a2d099b0af,BR,215.73453365499728,region,4.331289120260279
cd8232ac6e4909a74d5b0203bf13e70e,BR,208.24606129948978,region,4.155661201190725
6ef7236f77012f10ce40fccc912d7f4f,BR,161.3193326749976,region,3.055083766194945
adfb144a67fa41dcd8a2b7685e40605b,BR,42.091712899087035,customer,7.347103397702271
9fa4fbddf06979761ad62c2cb6fcd315,BR,247.7694138452416,region,5.082606488924558
6ddfbf514959b49b6410c01ad93054bb,BR,262.9088150846302,region,5.437672436878192
3c3578cbe37cf7af07897091fa676eb4,BR,388.66177208354753,region,8.386969584021926
d7a77baab69330a11a384b31591498b3,BR,166.06345010476514,region,3.1663480444691228
66d4f650ce4c149081143ab7444a2e3d,BR,191.76639370101887,region,3.769161847267256
76ef0609633755e00097957236215e2d,BR,207.4395806764922,region,4.136746727468616
1baafdbda29613148a2517059b996b95,BR,170.48652249036576,region,3.2700828200145953
320fb5aed4e43d6dfbf53c4f2c5f70f1,BR,185.3532288428415,region,3.6187532264938467
fd571ab12e8d263eaf309774eedfcfeb,BR,183.47917674767444,region,3.5748008882762847
dc18a044b56ed174037ca164cdf2e921,BR,237.45342429351717,region,4.840664515702192
f3468d6a2c7586711e9952242898aad4,BR,194.5300886896605,region,3.8339790725643623
32c7cc7d74701f67ffcb3b3a888de86c,BR,274.03902128451284,region,5.698710317623358
649fa665ec97c1e0c786685fc3db9ba0,BR,162.0387830149379,region,3.071957109659272
f80549a97eb203e1566e026ab66f045b,BR,341.7582515345374,region,7.286936450428224
952c12cde7094bced1f5b1567d0db972,BR,277.94571399064023,region,5.790334386972662
1422a4b4a2aa8b66fd49ff5557200b42,BR,178.72538928645614,region,3.4633098177512434
0229b2e398fde4545d32b5bb232973ad,BR,196.81028210576153,region,3.8874566853182366
6b8c62c594c79c27167d9337676cd93a,BR,223.8921721869008,region,4.522611063089663
2b7e043a45afd5cae23ce498b699c9b7,BR,176.2750033168208,region,3.405840661382151
7d7eb2e2176ecc1a4e649624c46799fb,BR,343.86825239710413,region,7.33642251956688
b370e2d776f17cc50260493b2ae2d4fb,BR,212.29587047108916,region,4.2506417958528235
e05c5dd39353fdd625c7896938767124,BR,159.8050057498007,region,3.019568099709547
5c9b1834dba6a117e9c46ae856be04c9,BR,186.3124959627619,region,3.641251017779616
9a0b2a68507680a6e151319e4b6e68f7,BR,172.48628499439332,region,3.3169834574933965
61f46021dc3392729c54f0a596a63383,BR,205.60227470083825,region,4.09365619980434
764bcaebe1a019d6c12165f67656db9b,BR,80.34829132478272,customer,7.540864217511034
24496db5f9de478a647819c7eb075504,BR,190.18824456824666,region,3.732149351926152
63e700a4baf3602c94a8d6648e896d41,BR,319.80728014119796,region,6.772118040965557
a2aa0f43175b887d8c74e0c15811e9c5,BR,94.07973598493332,customer,5.845512399924682
a51be16dddb6847e5aaf13ac3c7cbf51,BR,161.75448409028408,region,3.0652894174838528
ab8f85575996e2f61235b8943be55eb9,BR,171.94282922685778,region,3.3042377329948054
7be3a5089c1dc43a6943bfb89a249b8c,BR,187.79781279360634,region,3.67608630751242
cc314d5b6f097bc753f74683b141fd3b,BR,197.92040171631456,region,3.913492435717494
2ef78d4b9e33e5bb08a6ccff0771df05,BR,160.78748094520304,region,3.0426101923973916
6a411c43a42ddb752d87534a423d043a,BR,374.6150843981005,region,8.057531160415994
28a9bfa90eb24efe91bfc50b7cc1b4d1,BR,200.04200661662233,region,3.9632506555571894
0245631f7bd55dbee7c6b441629bba94,BR,181.74243909910894,region,3.534069000021001
10fe810a22f64e933bcaa6fe6fccda13,BR,285.1537554340742,region,5.959385330767141
d9b83939c87f115af94149c7cfb516c4,BR,204.20398815305106,region,4.060862040329317
558731462aceb9588378c7c19194d2db,BR,210.7989496025037,region,4.215534355418982
2db6682455f3a6b47b5202e00c855789,BR,178.1103752861846,region,3.4488858305962538
e062a8654d4b657cdf2b673c0b2bac8d,BR,178.13164935537637,region,3.449384773548156
f8765f3bdecd553e63bbc4de833ff8b6,BR,253.53855460879504,region,5.217910745790386
bfb8512783ccd2271d2e96d3b856bf2b,BR,325.5725528921711,region,6.9073315809310385
a77e1550db865202c56b19ddc6dc4d53,BR,268.5715855022247,region,5.570481978984508
d5f143e9c159a5f1c33f7477c89db770,BR,275.89953533564875,region,5.7423451466897095
c44fcdcfefce1eafc0ca64ca3d6af678,BR,177.57658955009987,region,3.4363668983485276
3d570969ca912ed5d24b3d9fee30b739,BR,323.37745575283714,region,6.855849739984771
85eaa27aacbad988234b742f85ca7cd3,BR,412.65698812558816,region,8.949731875317369
c9fec30469cd7bb3784574c3200b828f,BR,206.64857210381592,region,4.118195121347891
d675ff7bfc118fec4fd8b0d728c27cec,BR,237.10723716757818,region,4.8325453531212395
c42ccab83afd0e50ca0d6089596b1b8b,BR,304.61566073197497,region,6.4158274148572545
1e30314e6dd7717655ff9f2f186df393,BR,204.48055105254426,region,4.0673482987040455
f80896ddec0878ff2475719a8784d53c,BR,345.9975933225725,region,7.386362173207266
e23eaa3bc8275c392145e736dbdea275,BR,391.93411072650173,region,8.46371608171451
c99bf9bf2c26094ff4786e6bf919d14c,BR,189.26185555525902,region,3.710422654293322
88b24cb0678cf5b316584a332f724969,BR,226.02924913752992,region,4.572732150530743
08cbb1d4cd574b126569b208fd4b26ea,BR,284.59095960363703,region,5.946186021766821
7612c382d0e90dec41ead203963e8726,BR,159.96166025930384,region,3.023242134173554
b2c82d183b4cba4fc52074fe9384150a,BR,5.488709851479921,customer,-5.613197229310983
fcbb6af360b31b05460c2c8e524588c0,BR,230.99384328437594,region,4.689167292124634
ac64f79a33bfa575fc5a17e7926df3d5,BR,216.53134424654402,region,4.349976801731522
4dc5ab28582ada8b30536d03787d2d12,BR,168.39199367812026,region,3.220959618477321
79a0ca36f845e0bf7e0e21441e0da0ba,BR,177.7467821036341,region,3.440358441963744
20b1d8c9683a66f9810b31604fc5f540,BR,194.584240865785,region,3.8352491091692036
2b72a32a2c3e93fa260ca7655073886f,BR,242.8009516858153,region,4.966080630430323
f891a5652a32da88979c1328c7cb73db,BR,168.8929013072722,region,3.2327074570721073
aca60cec1bc8f1050c9e956312201026,BR,162.54936067554067,region,3.0839317405049234
722ab68fe6307a0bb69b61297f6d16d9,BR,176.51482009680092,region,3.411465109203594
fb2dccfadca8cd6ebddc5d10ae48d1f7,BR,219.40140958114455,region,4.417288741788139
ef8c51f3610d990552701e064e71291f,BR,392.36152611662754,region,8.473740299202726
d252e32f481bed5bbbbc4c0c76261939,BR,172.08787969861996,region,3.307639616757775
0818699476819463109688475b808343,BR,504.2128459018601,region,11.097000906503498
4e8462f123da7fae9cd5d28500ba601d,BR,169.01474370355243,region,3.2355650394330016
677e38d339f46ff8cd648fa4ed787ab2,BR,330.7498877309349,region,7.02875615204395
3f64a17e87d0fed4d084e352409882ba,BR,253.8712036907029,region,5.225712399220128
8df1ba8711787d5cfe3b90f535d04dc4,BR,286.13816463576666,region,5.982472781905158
19dec7b3d6fb0a5d9407f7274da21398,BR,287.8072120641765,region,6.021617124404388
6d0940a8f5fba47562bb14cd97dfd6da,BR,474.82175231026724,region,10.407688539225601
95f5825a4d547b92c4f1824df000084c,BR,201.08637001330985,region,3.987744218650567
5d1c0dcecd1bdd50fb9edd53d2680184,BR,171.88287503186277,region,3.302831621039445
df1a358e7d663001a78f5c0d0ef374cd,BR,200.0478086354928,region,3.9633867309077075
db423937d76a5fd5863a04a19d564449,BR,168.80393701792477,region,3.230620968364153
327eb42fa668b532239f44713415a37a,BR,201.20434439700972,region,3.990511084111115
5c85debdfc8ce1c52ffca18216568be9,BR,167.8949540615486,region,3.2093024967828794
de0d8b8e774b3211e7e001d3e5985470,BR,547.0182071220169,region,12.10091948418078
ff2d25d8b1b734099dee10e90e23a2ab,BR,186.93717999448424,region,3.65590179718547
564056ed2b1aba6010b16c2dc89735b6,BR,176.59991637356802,region,3.4134608810112015
34d0587652282a8e4f05da5083e1f276,BR,175.6677253417099,region,3.3915981080278534
5cb6969f0b3cd394de49463c4f4e4017,BR,186.15197344067843,region,3.6374862664152636
2f7ee291b72997159cb01045ac80be1c,BR,249.3901111163974,region,5.120616870169467
3f1294f87d79b57f5d55ba7b80c3d94f,BR,198.3362130686994,region,3.9232445025046725
acf3b6db7983342f3be14093471c84f5,BR,198.5798978612598,region,3.92895966722646
b64c467f4c3c4270ca94367a26503be2,BR,201.6549678626175,region,4.001079603001407
5c6684343f4ff2229622ce4745a49788,BR,162.37530010942606,region,3.0798494799893597
3e9bdc72197be8d2881273a27efc207d,BR,178.16839547488945,region,3.4502465841014414
95549a3370d5fe86da9749cae8d5aa45,BR,392.99007816093024,region,8.488481795508926
be189e2867578f53e85ff49f5a1b3e74,BR,183.73253157168568,region,3.580742845248938
8e6bfb81e283fa7e4f11123a3fb894f1,BR,257.85138863585644,region,5.319060089676002
d9a932befd90783805fe255151f656a5,BR,216.80403913345688,region,4.356372343205904
2839b4c58dc6f1ff77f8a662d6c392c6,BR,217.08253603924024,region,4.362903960030805
849eace12a4c38cc5d4647af9f942eff,BR,42.68545283016679,customer,5.003113446195765
9778dcf3aedc74a5185d423586877952,BR,184.55061623242426,region,3.5999294696720843
299372a2c0a08ae166a4dd2a2467dfec,BR,174.988889133863,region,3.375677292017157
c40e13850994649006f28cc890cc4c64,BR,180.4698629601823,region,3.5042231398072183
7654e85433112b2a5cf2b51f1124d0c5,BR,237.14398328709126,region,4.833407163674525
9562a9640c9bea4e43a21cac378d8781,BR,339.8841994393703,region,7.242984112210661
7f13a20e25350f4a55fb2a7c9a2e8d88,BR,31.60746480011852,customer,3.512037580739878
758d844e553488d2af66539369ed624a,BR,197.47558026957728,region,3.903059992177722
63305270eb3457a63856e2d1dae91550,BR,201.11731411395246,region,3.988469953853335
2c559a6f1ac48c4f100f4775a1362ea1,BR,209.49156135035417,region,4.184872043102087
69840aae60642aee7093192b37961c08,BR,381.3860404199579,region,8.216331094471395
198cbd4bd806061597b3f8fbdf126ad6,BR,339.630844615359,region,7.237042155238007
054418a6880b7e815bf64730ef040574,BR,174.45316939148813,region,3.3631130013192583
ab2e18197d676ace96bcaab0aeb2a820,BR,226.71582137053744,region,4.5888344003421295
80d42608ec46066a22bc8261471c7a21,BR,178.04268506602892,region,3.4472982848402016
3fd1a0108718230e45ed596af3c04ab7,BR,202.52140268061012,region,4.021400188678876
369eee143e91ca7a46cdddc5f679e1f3,BR,160.36199956136738,region,3.0326313333593484
621b885e17980cd76471b8414029617a,BR,222.51515970830545,region,4.490315846566543
330c4c1c971ff97dc8128ca0f61f21c6,BR,174.13019034103107,region,3.3555381401403803
5dbf3bee4c547774bf74d477748dda22,BR,241.2266705656234,region,4.929158851989564
f271576bed568e896f99eb710cd3a6f8,BR,159.5091027874059,region,3.0126282568330898
249cdd4e1dc4aa2c19a568ce182a7254,BR,246.15258458666614,region,5.044686824579996
2455cbeb73fd04b170ca2504662f95ce,BR,274.95574026604965,region,5.720210223005323
7844eebb3536df34f62c7b819ac8c4d2,BR,184.85038720739936,region,3.606960029448887
77fb4b8cc3c049b130b87530c7071abd,BR,161.1007899642093,region,3.049958261325405
d81dff089ae648dacea746f77643f86e,BR,176.11061278215703,region,3.4019851931174525
3e40fd20e1f24da8d88521364c41136d,BR,283.99915367884745,region,5.932306336013907
e60856926b11f52676a5408033e204de,BR,167.90849210557974,region,3.2096200059340902
e81600d4371046078150ab84d31175d3,BR,190.75490841126413,region,3.745439377826818
877a74a0ee5c1f719f39f4f11d2fc19a,BR,533.7625280092461,region,11.790032666695573
5849d6026e6ef0340a5e699086dbfbc7,BR,162.14321935460663,region,3.0744064659686097
38ac0cc1879cabf9cb23a2e8f217acfe,BR,169.3996109552947,region,3.2445913710174135
a88a97b1f64733fb73f753a519db23b9,BR,167.0497933127478,region,3.1894808540573134
1e0b82a0da7f09ea9ba1b82dfaf4fa23,BR,169.6084836346322,region,3.249490083636089
54787cae1cb90fdafe197fe2bc300cd0,BR,273.8166105611442,region,5.693494095853472
fb8e4428d340ab5bfa482ef6fc97efbc,BR,176.56510426034512,region,3.4126444289080897
b0c22582dcda3aaa9ecd7839d4b2ef99,BR,318.3026232474519,region,6.736829166731024
74814089384762f3833de42b05c9c2c7,BR,278.04048029885814,region,5.792556951031134
4e0db43ba51c0e0ede8c48b094526132,BR,185.2004423459187,region,3.615169908930186
bb64f1e18d5d902401536be66f719e3e,BR,197.26670759023978,region,3.898161279559046
90a9fea4de623b810e0b0c5226e21884,BR,186.04366908842937,region,3.63494619320558
0eeae75286b79b40f203057933fbb70b,BR,345.0654022907145,region,7.364499400223919
37732eb932f8b2b2b3d7cef77833eec1,BR,22.622071576025597,customer,5.843468026677104
68b3b77e74b7ad7bb9d25331580ddcdf,BR,197.50845837651005,region,3.903831085830662
8171523911786efd1d91c66d69051fcd,BR,603.9360122414862,region,13.435818672769873
33f3b890664d602ed67bad1fbc454474,BR,162.43332029813095,region,3.081210233494548
188f31b5ce7e58114dc03f7d6289f9a4,BR,316.31446478116527,region,6.69020067995326
5e2f728756528c53b5990e00b132f187,BR,216.23157327156892,region,4.34294624195472
e2c195168dcfb7f5465c1b342ac094ee,BR,310.4350856590726,region,6.552310991427577
824d9780d0313771024a0c70fe9dd9a7,BR,185.95277079279174,region,3.6328143460474527
75df014e897510b97edbb6261ef40f82,BR,33.45250680093312,customer,5.420973918393917
07be9bc8241fb542df3e10f395d5b412,BR,186.91783993158262,region,3.655448212683741
3bd820484fb08cbd09f9d3f378fae1a4,BR,168.27982131329085,region,3.2183288283672913
cccb57e7a01fe8d245ce2027974b455e,BR,189.42044407105232,region,3.7141420472075017
3c52e7be8ba845bcc76da9b51990e6cc,BR,222.16897258236645,region,4.48219668398559
1dda4cf38de17d1b18e9132ed692d064,BR,245.02699292579183,region,5.0182882065793555
5ee63c8c9ae2e5c38791b35932cf4c69,BR,163.1643746758122,region,3.0983557276599125
e8e6d889f4d8a89fdcae9bdd473117d7,BR,479.74573232501984,region,10.523171153365862
ccc2fdf91b8602da839b8cc89ec47dbe,BR,168.1289688226582,region,3.2147908692538034
24c2ea18beb03e17972ed33b519950c1,BR,370.3873466478063,region,7.958377588337987
b50e3b667299367d4fde7a9395627941,BR,178.79501351290196,region,3.464942721957468
17a4db677e57484f24eb68217b8de4c1,BR,188.5752833222515,region,3.694320404481935
e6c7749520fc49e6ede435a6996d5f0e,BR,238.68538630035044,region,4.869557848462344
465c2e1bee4561cb39e0db8c5993aafc,BR,170.08424918201206,region,3.2606482623786275
c4f4e4d627be7a7e0ca6af0fe3dd08af,BR,257.85138863585644,region,5.319060089676002
4c7278311a8fd4a51374e5577ef92e27,BR,8.273678909313286,customer,-3.7986539540100863
5cd63812f35304841de07758daef7b4c,BR,159.39499641628635,region,3.0099521082728873
b23878b3e8eb4d25a158f57d96331b18,BR,33.18174592031044,customer,5.710344827586212
0e6386e1cb625fe4fdbd3d101d2cb687,BR,258.86867594448165,region,5.342918634466958
c4d7d5a8e5e6c168142085d231c65b79,BR,219.68184049321806,region,4.423865717063213
d42ba61a59ac7b2af476d42dbe16f68e,BR,187.4071435229936,region,3.66692390057749
11658ef3bdfaf6a5d20927c19404c1d7,BR,423.04840392262895,region,9.19344282809648
ab036b681f93c56caee93990cecf22ce,BR,374.5203180898826,region,8.055308596357522
fb973be52c6622812266932dc2152017,BR,171.81711881799725,region,3.3012894337335656
a5a9ab54271581abdd06955ba59d7684,BR,217.89288467481816,region,4.38190915065326
fcab87cc4b99e2bf27ba067107607f7b,BR,163.9186371289754,region,3.116045523227352
f06059b8f4dc49c4f76378b7715a63b0,BR,59.4242772715194,customer,19.697433796297187
d19ac15d2d6a66a837bc8bff474218b2,BR,175.60583714042474,region,3.39014663762232
e85c92ee6a3ba1ef47e41c23286314d9,BR,722.5872981429285,region,16.218559590878638
fdddc15fc7b9c37476820d6eb722f33b,BR,218.4595485178356,region,4.395199176553925
97f48024fcc76f1898e397ad6966e3a0,BR,261.8818577445541,region,5.41358709983637
31602bd34088eca0a7371827ab479b92,BR,227.02139436438304,region,4.596001035469452
914ccbb5110ed49b96c301b5fbf8d629,BR,207.08178951281224,region,4.128355414186625
ec9fb5672156edeac876e628a92456c0,BR,350.8848272178121,region,7.500982976794241
f0c00b0c02ed4f14f20fad7c26002b9c,BR,335.8015121608382,region,7.1472324238956215
033cec9a46b0dd28fc10c800f9f3d878,BR,237.27162770224197,region,4.836400821385938
354b150e66abb1ccda029116d0550484,BR,254.8826889804577,region,5.2494348686605665
d9374184c685550085112ae190d8f9c0,BR,393.930005217949,region,8.510526002292965
4b56b0f11819efbf57af78ef26982ca5,BR,224.49364814314123,region,4.536717541093442
19f9ab36cda8d833cc1ea61fa046030d,BR,181.94744376586613,region,3.538876995739331
820349ed7a25bbfa196bb4f9a28442f2,BR,286.13816463576666,region,5.982472781905158
fa794cef99ed64f42ebb766a8af51c64,BR,193.94021677116103,region,3.8201447452616204
61a2a23b9b85cf80af8eec1db5136db2,BR,282.87743003055346,region,5.905998434913612
63089c5f142cc1148a1d7799a8359e8a,BR,416.06083919627343,region,9.029562747621712
c22cb502f983d9e8e08a8b6cf5e78727,BR,166.66492606100553,region,3.1804545224729015
d315aaded4fc920d8a98afbc7e9fb8e3,BR,277.8857597956452,region,5.788928275017301
880995aee9550ecd4518103daaf74fa0,BR,475.27044176958486,region,10.41821169966572
eed6cf91f1993f8b026ebb204f3e4092,BR,191.57105906571252,region,3.764580643799791
0affd51e37e6621004e4fe4fd7c64f4b,BR,261.7252032350511,region,5.409913065372366
d74fca7ee2ce7587c45eefb0fea95ed8,BR,212.54729128881021,region,4.256538394375303
bf205457ee84ab84c423d67b88239982,BR,528.6857614975706,region,11.67096673499165
5825f62edda362144cd0c349124fa927,BR,165.99769389089963,region,3.1648058571632434
e861307609af3dd1a985ad0972fb9c16,BR,196.2262122061326,region,3.8737584333660147
2296fa4ebace1edacb9f91509766eb18,BR,46.2885065487387,customer,-12.460954930834385
f0dd7f3ebe1b0ce1db4e4da55000d43a,BR,171.3510233020682,region,3.2903580472418916
a2a53e824841856d25e9fe22467e4209,BR,159.9732642970448,region,3.023514284874591
b59dd1cfaae00761d5a3b6749e874c80,BR,166.06345010476514,region,3.1663480444691228
e80816e94dec73e777b4951533d8f50c,BR,168.0844866779845,region,3.2137476248998267
f73de6a34a3027ae82efac7a6bb5318d,BR,240.73349896163205,region,4.917592447195469
8da267ea6fadbb945e33ffb911885e23,BR,379.67251084687433,region,8.176143507618185
36815333081d25c7dcb347185e93d073,BR,234.13466949959908,region,4.762829415205458
025d78a44b8f48c66fd09239910302b1,BR,162.87040571970758,region,3.0914612432336286
e0aadee588e476e3a004e56c8fc3c645,BR,213.0327268676409,region,4.2679233653687065
a5bc722e653d42e3c7e1404d4779f19d,BR,184.04197257811163,region,3.588000197276606
6bc9f3b6522892d5b2b27203ca6caa67,BR,178.17419749375995,region,3.4503826594519604
3e073b27114fe955e184db124d34a566,BR,202.67612318382308,region,4.02502886469271
57cc72d3e635bf57199d76328279b875,BR,45.737314756042515,customer,5.486693634234645
e113999f205a77283a5a2d99171d77c5,BR,181.12355708625708,region,3.5195542959656665
a1e313e06320d5c725c2ba02d0cf5be2,BR,449.13814877691516,region,9.805328320929199
17ca01c238bad17cd6c09179888b6d7f,BR,193.03316782107504,region,3.79887163213052
a94ef235b449b3aecceeb9b582658216,BR,210.9381980553954,region,4.218800163831433
5b7687ff6fc51511eec02492c8169ff6,BR,165.9319376770341,region,3.163263669857364
0822bcde10bb5d023755a71bc8f7797f,BR,253.6371889295933,region,5.220224026749204
4dac5a355ca2b9da23d60ed243be5673,BR,198.11960436420128,region,3.9181643560853057
a0d4f93076122f91ae6403813fa2744a,BR,272.91342962363854,region,5.672311699622718
9f721c43752081baa0310ad5660e6033,BR,180.89921235659827,region,3.514292715745607
634a0c518ed370679d33e5e25ab3725b,BR,168.72851077260844,region,3.228851988807409
556aa092c68a19aa8aef519574539444,BR,251.5310560796068,region,5.170828674510892
48a6a2ea9e635b0f27e8211023213a25,BR,316.3086627622948,region,6.690064604602741
b92aa81f74ab98a2f1a9cc5659f6edcf,BR,417.46879577551147,region,9.0625836993476
959ceecf84ceaad064c8c99f1970fb53,BR,293.5241346578956,region,6.155696703115548
24536ae68dcaea969641d76fc4cc5e4a,BR,399.5212174028075,region,8.641657281742884
b6db3da1ed3c1f5a82c7e5456e212d74,BR,229.2919177490333,region,4.649251855972462
1c95864be748aeb7e70002b2d365646f,BR,224.6290285834526,region,4.5398926326055475
7cb46c0eb2855e57112f72215ac78d47,BR,190.34489907774977,region,3.7358233863901584
74aacfe89f7715e9d6655dd55c86da46,BR,254.3198931500205,region,5.236235559660246
ee263786b14ba18ebbaf5ea65f7e7669,BR,162.92649190212228,region,3.0927766382886435
561cdd2accb4b96049e2f85972d8bffe,BR,168.27982131329085,region,3.2183288283672913
44ecd2ebe54e3c23da26345bfcf1c919,BR,451.3912661049539,region,9.85817091538065
5e4ff61ebeaffec83fa558b5644145dd,BR,198.01710203082266,region,3.91576035822614
f489949dbe23cf9313deb342913ece0c,BR,277.812267556619,region,5.787204653910729
fd3114978747f92401511144ba65a631,BR,205.3450518642467,region,4.087623525931342
6636442daffc5438b5f2ff1f068d449b,BR,220.63530559426792,region,4.446227432998462
2aa8454e751e7fc82eba1192b4e49aad,BR,226.8802119052012,region,4.592689868606828
e3687275f870db015a3a0dac327be380,BR,177.5030973110737,region,3.4346432772419564
cc427984e779c3d1dd7e082f39a98fc6,BR,269.94086195565944,region,5.602595761706937
60dc36170c9cc8c0215fafa26627670f,BR,306.29051017925536,region,6.4551078327070055
b1a6e1094db81b9b6f4b80a40fec524f,BR,354.4143886973578,region,7.583762148359823
5ae3075070db2a1aff1e28c35a8e5628,BR,181.5606425078337,region,3.529805305704747
2bcf1f79964f8b4f4f62f19441601b1a,BR,242.07956733958486,region,4.949161928515823
281bcc5174ebdbddcfcdc68322ee9527,BR,190.43773137967756,region,3.7380005919984587
12c860cdab62139623897892199fea4f,BR,171.0048361761292,region,3.2822388846609387
a731c3a7a6915d1e0a711b745f73bc49,BR,237.50177445077125,region,4.841798476956516
a1a601783c958327168e1009b0758984,BR,228.42741693733083,region,4.628976628745165
6a8cd9e90574ad4ac8c5850d2365648e,BR,159.32924020242083,region,3.008409920967008
736b93bbe948337faa55abda812ce249,BR,219.24282106535128,region,4.41356934887396
4412d97cb2093633afa85f11db46316c,BR,618.0581261722496,region,13.76702607593255
0af4a846cbf75b456c934b786d683618,BR,239.981170514759,region,4.899948010078202
650fcf3e2908208ae23c6c93706c50d3,BR,191.55365300910108,region,3.7641724177482354
e9eaf8cbf7546d64273758c441ff8706,BR,170.40916223875928,region,3.2682684820076786
432c429c86371b479f48d4aed000409d,BR,55.43635630120524,customer,14.201420538416818
e81fbdf6c9bbdc3b6a9cd243b617e576,BR,452.263502941817,region,9.87862757640864
f7e0a0ee22f80001cc0e9e7f0b906890,BR,185.1134120628614,region,3.6131287786724045
ceb7c08202398e1199531a274b1e9922,BR,170.2911878550594,region,3.2655016165471307
5a50ee4e7bf3b3bf306a1c3f19a1a885,BR,241.9074407797604,region,4.945125026450432
a9c8ac0c26c178f0ad33618f96225a01,BR,377.1699067074046,region,8.117449673094423
afcda0566edd7333aa8184a5985a47ba,BR,174.79742251113697,region,3.371186805450038
f40432ad717d2f328101784226c8af17,BR,301.06095717065716,region,6.332458583439425
33ec97b423d769023dbd71f138aca94a,BR,267.2564612249145,region,5.539638232866921
c03e2d7edc52d3ef8683b7f2e34a55cf,BR,296.78873727568913,region,6.232261767007439
6b8a03d40f75b75ec65ed5ba13d80f95,BR,286.70096046620387,region,5.9956720909054795
e6b8a58ccfa6a2daf8c04bcf0bf2fd5a,BR,188.95434855512326,region,3.7032106607158277
087692f9f84c65ed1560e4a3b97d5c21,BR,328.2878977235586,region,6.971014844973821
b94927b61d86b53506f3e6bc8644eb77,BR,449.65452845638833,region,9.817439027125367
593f849c29daaeee17ee32baa44795d6,BR,235.62772235560425,region,4.797846138738955
2289ae813066fbb0d0e65239212ee5d3,BR,392.88757582755164,region,8.486077797649761
a99f93323678f28e79a48b368cbbabd1,BR,416.37608222156985,region,9.036956174999899
f6a40045364c9ef1f9405ef1d094c389,BR,286.0298602835176,region,5.979932708695475
561dd928c7f7e63277e02e6662bcce48,BR,167.91816213703055,region,3.2098467981849548
8b50d4c9560cac1625c6fd9f536fc780,BR,334.75134674528016,region,7.122602785451725
403b97836b0c04a622354cf531062e5f,BR,266.2062958093565,region,5.5150085944230245
c7197036433dac8ba4041a18b0b435aa,BR,161.81830629785944,region,3.0667862463395594
b7633aa5145342cd219d1488b70ef2a6,BR,65.09865172685488,customer,3.7200185841507327
4f119798c24c4840ae9e70d952b75446,BR,299.90248740285006,region,6.3052888717858435
285b9fa3d538bc3e3391de43dd51e3c9,BR,162.85493366938627,region,3.091098375632245
46df573bb73f96f2ac4ed61858107f75,BR,320.81489741837237,region,6.795749793505649
a3ffb9a7866735bd0de42993b62e89e3,BR,178.13164935537637,region,3.449384773548156
aa99487411b30032936831e56c42da2f,BR,191.67742941167143,region,3.7670753585593015
725cf8e9c24e679a8a5a32cb92c9ce1e,BR,399.8403284406843,region,8.649141426021416
ba4088023bb3056caca3d40810844bf6,BR,269.2852338232945,region,5.587219247098316
5d3d6b8740f0b956853ba943e42e2c22,BR,198.52187767255495,region,3.9275989137212726
85514951847547917a4f611d605a9085,BR,246.13517853005467,region,5.0442785985284395
dd5067269f1aaad1d4d0aa55e84eb22b,BR,171.65853030220399,region,3.2975700408193864
f67dfbaeb6d5c6188f0aa52aa1634a7e,BR,419.4086040845439,region,9.10807822487104
1b0bc119ea5ac37e73e2275afc7904ee,BR,298.4655207292597,region,6.271587543307365
7928aaa2a94ef219ecd0f7d9224cfc7b,BR,344.7462912528377,region,7.357015255945386
b06148c7becf3bd438661b35330e4eaa,BR,202.81923964929507,region,4.028385390005506
c00716d35eb52dd20ebf014740db8d26,BR,163.4196635061136,region,3.1043430430827383
1b41fbc113f284d979a4b5c94e2a918f,BR,319.1458499899625,region,6.7566054510064175
8279b5df6e66fb0dfddfc8a4cd10471b,BR,177.48955926704258,region,3.434325768090746
9b482241f75217c3e6d9bf15e19b9352,BR,184.46938796823744,region,3.5980244147648213
85a0f4063a60774bca35eb38ffccd86c,BR,164.56846324246985,region,3.1312859624854537
8a0b2bc5c7a1c524635f4de8bae9dffe,BR,195.00585423704032,region,3.8451372513069004
d72653b199232133a82a28e6e340133c,BR,303.67960168753655,region,6.39387392497356
34cb1fc28cf67c101ee4d59b0c18da33,BR,168.7459168292199,region,3.2292602148589653
7a0ecc0527498cda50b7221629978975,BR,178.59581086501527,region,3.4602708015896573
cff46468993417e62aaa9555e5b06195,BR,397.6007491566766,region,8.596616340721173
b92eedda04f5afe987c7e439cd6d971b,BR,170.1267973203956,region,3.2616461482824315
b1bbf1459cd5cbb3c23aad7656250ced,BR,168.08255267169432,region,3.213702266449653
293cc84f84b10fcc962fb304ff3fdc8a,BR,231.9782524860684,region,4.712254743262651
13b7ea30bd484930c5868af93213d7ec,BR,178.96907407901654,region,3.469024982473031
ec9dc57817baa3a581380d5940fda322,BR,224.0623647404351,region,4.526602606704881
214e5fdd8fd6a78e1f37c7803bdc1939,BR,363.28180753775086,region,7.791730642402671
8554cb37f7158cb0b082a841d24a4589,BR,251.2815692681759,region,5.164977434438585
02058d1c3b825765a4ec45968b8a1c97,BR,353.21530479745735,region,7.555639909252612
bafd325431534dcd8f9bbd75c67db66f,BR,179.97282334361066,region,3.492566018112778
186efcd656d8ac4332156f594df02572,BR,162.34048799620317,region,3.079033027886248
ec26c1491fdcbe838088423209459e36,BR,354.0972116657713,region,7.576323362531465
21a3f15754b759c91fff4535aaeb3486,BR,372.1086122460505,region,7.998746608991887
f60ce04ff8060152c83c7c97e246d6a8,BR,278.51624584623806,region,5.803715129773674
94539d5722ad55c3ae8c7369974b67ab,BR,195.89743113680504,region,3.8660474968366176
fc447b97d47426eaf8ec60d936f96ca9,BR,225.59022970966313,region,4.562435782341489
659c573bcaa6bdd994c304a2de2b621c,BR,164.20293605362923,region,3.1227132154027717
a1a11a4a2c9a4745ef09bc18e053b51a,BR,276.7388940655791,region,5.762030714064758
8b9ba2ff8ffd0a83f05139ed2a1a458a,BR,346.8118099707308,region,7.405458080730067
110808d8c648f8737e1ba2fbdd5821c6,BR,52.36902232500821,customer,3.194028528395497
08cc8c614786867bb0a845cd117d349b,BR,256.9501417046409,region,5.2979230518954195
8a199f2aee407c4c7741874bb2394650,BR,203.96610537936112,region,4.0552829509580475
9322ed60e16ee4ff1efe8145cb66060f,BR,241.9074407797604,region,4.945125026450432
659c757231085ed35dafa16a50fa16e8,BR,158.98885509535233,region,3.000426833736574
a7e2b533f4bf5f5ded309f01bb300730,BR,218.87729387651063,region,4.404996601791277
854b499ad9cdbb8d8945d8b0c0459455,BR,294.5472239853913,region,6.179691323257023
ac284fb15053d666dfb6128354f0e662,BR,190.46287346144968,region,3.7385902518507073
1ca816da4b6e814732f7cdc2365bf540,BR,351.23681636262154,region,7.509238214725712
714b93bc4ed81c32fbf579f30619f3eb,BR,228.8625683526173,region,4.639182280034072
e4992b3b826ff19edba39e9a4d9dae26,BR,290.13768964382183,region,6.0762740568627605
e2cb8763d4216d9a23fd322ac9fec713,BR,320.48611634904483,region,6.788038856976253
826c215c77d0299238e4a2d52a8f5a99,BR,282.07675142642637,region,5.887220036542023
34aed6e4313d7573b0d3b459f3a805ea,BR,288.0644349007681,region,6.0276497982773884
45acb6840b062e10dd63454b19ce5212,BR,163.8838250157525,region,3.11522907112424
65c5c8d2e87139529c41cf8307ba1f65,BR,349.41304843099874,region,7.466465196212647
5850e8784a0cbe5e3e5c0d7ccd5ccef7,BR,177.9614568018421,region,3.4453932299329386
697b4c68b81ce7731108f096fbc56aed,BR,416.4592444920468,region,9.038906588357335
970bbf79974ba1ef73cc21ee6fe52cc6,BR,391.5028273237956,region,8.453601147325948
f19aee0ec494fa468b59ae57ea6af345,BR,170.74761333953765,region,3.27620621078794
45292053a3683625e6bdfdb876eee3ef,BR,181.58965260218613,region,3.5304856824573405
b2f633218c7a89e314ade77e1486c7b9,BR,392.06755716052294,region,8.466845814776441
6e49598a67a4161d3fe1299418fe5d43,BR,161.11819602082076,customer,3.1670598102427028
22deced3dedb44ec0bb55c504cc4f062,BR,196.07149170291962,region,3.8701297573521805
2d472b4b2d08108565852ca0782507f2,BR,327.0307936349532,region,6.94153185236142
a08f93229ff75ba67fbdc36e6ad7c5c7,BR,50.42534600339535,customer,5.560275545350233
7fb9a8071a075a78c82420971e66dd77,BR,261.87605572568367,region,5.413451024485852
0be31296e8456f2017743c363de5a1da,BR,261.3828841216923,region,5.4018846196917565
f3d113574c163b8642fb44302c8fe0c9,BR,210.9381980553954,region,4.218800163831433
b760d6b613bc2bca107e3c852501e649,BR,183.1310556154453,region,3.566636367245159
6434ca73491ebf0b471702a2506eb871,BR,200.81947714526746,region,3.9814847525267036
db18c3a700202016c801626db03e7131,BR,241.8320145344441,region,4.943356046893689
6badfcc75dd97eb3cce25aa4bc7dd773,BR,193.33874081492064,region,3.8060382672578417
607911c4ac62f9038b4ec434673e486e,BR,370.57107724537167,region,7.962686641104414
27446e58f8fae19b8a6bcd15ca43f0ac,BR,167.9761823257354,region,3.2112075516901424
b15c7e972c74684414fb2e659fce916a,BR,709.0879342375974,region,15.901957608671646
309a6726656b1ace9925bb760fc46b81,BR,176.71015473210727,region,3.4160463126710585
222fd80282b4b53ba4affcabaaea6b31,BR,138.0087548596743,customer,22.98222222222203
40a53ec6d0f15a6e4366a5e07c5f6ce2,BR,162.15675739863775,region,3.0747239751198197
778c123689474f1e0abaae724ebe2136,BR,171.9022150947644,region,3.303285205541174
0ffcdff33eb40b6ce4b6cef424e1c63f,BR,361.9763532918915,region,7.761113688535949
0b97599dd090a41840a4edb5e521bc4d,BR,179.4351695949456,region,3.479956368964705
90674f59a21207f91a7387785c66f340,BR,430.44984599507916,region,9.367029616908253
efd36975d7d35f5e51dc4e13aabc0f2d,BR,214.2801609247954,region,4.297179565730241
e75011be2ec3dec23d2ed6757d35c792,BR,92.92126621712625,customer,3.29091507209825
8f0937285bd1bba4cfc8332ee467b490,BR,324.9614069044798,region,6.8929983106763935
2d090553a9ceba4ebc21832844dc9ce5,BR,275.0253644924955,region,5.721843127211549
9632facd8bd95315d63a23bf616d85b0,BR,190.64660405901506,region,3.7428993046171346
a9957adf297a6be5e8625b3e93329c6d,BR,278.15458666997773,region,5.795233099591337
1d54db601b417ccdfd3b7071955e6cc7,BR,620.7618669658962,region,13.830437189274296
122f75d9c2b30dfb21ca6950ec587b90,BR,510.31463574732135,region,11.240106816799067
dbc2de3f4c0498619c085f68a7e38fc5,BR,197.9339397603457,region,3.9138099448687047
9492de11af7e69fb0d66b0a3cb33f2b8,BR,271.61377739664965,region,5.641830821106515
e71f1d602c3b94eb593d48a61a2163fd,BR,260.0194096871281,region,5.369906912319847
48e19adb0a07d92965b4077264915175,BR,216.23157327156892,region,4.34294624195472
491fc1fb624207b2123368e6b0ea4df1,BR,193.99630295357574,region,3.8214601403166353
01a0013ddc7cd129e350e8671b56a263,BR,350.15183883384066,region,7.483792124178703
afced00eb2f0134a2c5173999ca5086d,BR,314.9722644157928,region,6.658721915533251
94fca82966c05ba707f4e7dc0c50aa3c,BR,648.1531980534614,region,14.472848919073392
0017afd5076e074a48f1f1a4c7bac9c5,BR,165.0461627961399,region,3.142489499678166
ce30373e8d97c7fc959631b6224af95f,BR,273.9345849448441,region,5.696260961314021
e5f5689b67b74eb43cb33677b9595f5d,BR,224.97328170310143,region,4.547966436736327
c40c104dd1bde11aba73864c16a42f21,BR,238.43396548262933,region,4.863661249939864
05d61bb749461f4805dbda51f767fa47,BR,235.9487673997711,region,4.805375641467659
99d738d6bfcf410fa6924ed854246917,BR,185.75937016377554,region,3.628278501030161
bfb1d0f7664c36a532d74c4cf0da37af,BR,239.981170514759,region,4.899948010078202
dc825a422ff7a8e462852fc476ba5686,BR,317.29307196398724,region,6.713152055740758
0c7019c628b3991e648a3769eff36f6d,BR,209.78359630016863,region,4.191721169078198
6e85f186f455d947bd6f50b1bd9b7c0b,BR,256.34092972323987,region,5.28363514009095
4e91282187f8ed281081528372cee70a,BR,160.47223791990663,region,3.0352167650192055
ec65d7b245ccca0fccce3759b3642d3e,BR,208.18610710449477,region,4.154255089235364
cfd5d5311ae38742b4ecdbcf4c3662a7,BR,162.31727992072123,region,3.078488726484173
2c3cc72ee484cfd2c93077c0dcb18c06,BR,197.4194940871626,region,3.9017445971227076
db8dae6558474743510d1f434b6bae14,BR,361.24336490792,region,7.74392283592041
e71957268efa9cb98b393a6851836014,BR,166.72681426229073,region,3.181905992878435
5a3483866ae86e48df2c0da23f2684f2,BR,219.91778926061778,region,4.429399447984308
2443aecfadead9c6df5d80d063925e25,BR,222.56544387184965,region,4.491495166271039
830b06516f47e7336e2cb585284dfeda,BR,257.261516717357,region,5.30522576237326
5c226b11bc0f3438cfdacd76b39e4fee,BR,177.99433490877487,region,3.4461643235858785
da36f0ed6b7669628846afd6d75a9a7c,BR,226.9672421882585,region,4.594730998864609
028558cddca332b40b4ac4cb77407edf,BR,538.4582952817595,region,11.900162983715425
f057c0b69a9b64e8579f7873e9d04cd3,BR,241.35624898706422,region,4.93219786815115
a9aaaf24646d60bb635aee235c06db11,BR,198.24531477306178,region,3.921112655346545
4c393aa9849047431a6c20ff36adbfb7,BR,168.8271450934067,region,3.231165269766228
342426d7317aac507750dd7c1c9e1014,BR,174.5208596116438,region,3.3647005470753104
10aa3224bbb698312ca210f229f91b5e,BR,275.31353142972966,region,5.728601536287314
e94908d1c33f4561463c8d27e8b9c914,BR,288.8341694042526,region,6.0457024614462105
1e15a13757311a68ea317beef704637f,BR,168.52544011214144,region,3.2240893515392526
306853b36db7e021935becc988e4fef8,BR,375.58402154947174,region,8.080255743952629
4c7061e57405537a32f8c9dd0a194d68,BR,204.63720556204737,region,4.0710223331680515
3adcce2e211993b4e696031bf97409dc,BR,240.61359057164202,region,4.914780223284748
38f48d4adfebeacd5c07311b4502498f,BR,276.8781425184708,region,5.765296522477208
63d6b7bc7b40bda892a917e735970c67,BR,184.46938796823744,region,3.5980244147648213
3d218f39d04ff6b133d343aed4364de9,BR,168.39392768441041,region,3.2210049769274938
a53b8f424d034f0f84f2c4d46352721c,BR,214.53931776767712,region,4.3032575980534125
90aea7c4e52538a18cb9bbfd16f09185,BR,189.51521037927026,region,3.716364611265975
fe12e676fd493885d417a34bc3917411,BR,207.4047685632693,region,4.135930275365504
ee793c80c58a6de488444dbb4e63374f,BR,202.55234678125268,region,4.022125923881642
d8383347058bc8ff0edb2af23159641d,BR,210.7989496025037,region,4.215534355418982
4420cbe16c262f724b648cd1294c88b6,BR,78.72179203475642,customer,5.05104611677074
d1804dbdc6ea61e2dc9bf965e7ffffa2,BR,197.0965150367055,region,3.894169735943829
8e70656d83092cc6ec2edf7f81646c03,BR,177.93631472007002,region,3.444803570080691
47ce198e173de34ed4c92187e82717ac,BR,224.90172347036545,region,4.54628817407993
6a4bb813a7219502638206778564481d,BR,365.73412751367636,region,7.849245157221936
1995226c73acf6318abfc4b4c9c74066,BR,285.4728664719509,region,5.966869475045673
d2733958b49450e568a7cda310ac055b,BR,196.29970444515877,region,3.875482054472586
5268a1e490656ed41fa8b107305fc319,BR,45.008194384651425,customer,10.462872096827029
ed273ac994e955e0c775eccb0a6512c0,BR,222.37784526170392,region,4.487095396604265
836f9b5adb4fe06d8980fb71fa06b691,BR,236.424532947151,region,4.816533820210199
4718e26e21843ffdf11aec010a344436,BR,61.73154677568274,customer,5.623220012828738
44c536f6ba15a4faf44a3b9aa9ee803b,BR,178.1103752861846,region,3.4488858305962538
a59f95cd4c82c338e8ec01fd9af753f1,BR,260.92839264350425,region,5.39122538390112
88ce73cc24548143016810f81a9e53d4,BR,391.93411072650173,region,8.46371608171451
f81cffddbb8c9cf0ccdd3a5a4161aa64,BR,159.94232019640222,region,3.0227885496718248
c52c7fbe316b5b9d549e8a25206b8a1f,BR,313.2568008364191,region,6.618488970229871
3b995b138dcbefaf9fffef19025a1e34,BR,167.98585235718622,region,3.2114343439410074
040b98b117606d34ba51c4d274a15e2d,BR,176.71015473210727,region,3.4160463126710585
a8100cbab69c8afb050a57b02ab6f73d,BR,185.16563023269578,region,3.614353456827073
c75e9a685439f75e990bcf13443f02c5,BR,192.92486346882595,region,3.796331558920836
105b31400017ca4a848d48ec5df78257,BR,196.2262122061326,region,3.8737584333660147
e13c7d85f07a4e00c383115a154dcc39,BR,427.02472085520213,region,9.286699801652007
084ac56b13107e32ab92934f70638bc9,BR,246.0017320960335,region,5.041148865466508
a8c02875c8391d968525088da5fce5a6,BR,314.59513318921125,region,6.649877017749533
e3ef3902f4da2bf727f00602d912d034,BR,267.14622286637524,region,5.5370528012070634
8fe62374fc90eef8870d0beed6ded1ae,BR,314.8697620824142,region,6.6563179176740865
95b518c08a9d26012920ffdd7d6dfc1f,BR,200.52357418287266,region,3.9745449096502465
980496fd521b7f8fe2d75593d11ee1fb,BR,237.49210441932044,region,4.841571684705651
7937987ff13bd22aa39304d525e1eafe,BR,178.13164935537637,region,3.449384773548156
bd9437912c7f33aee54e576b86b3a276,BR,166.06345010476514,region,3.1663480444691228
789ef8e547844763c96f5e815b5478e3,BR,302.2020208818528,region,6.359220069041449
ac018e51985244ead60060db0a84f1ad,BR,169.11337802435068,region,3.2378783203918204
64f2e9aa85911b6a48e3d11ef05b73c7,BR,230.4194434161978,customer,91.95764421139012
f842c66d3b3f79089d321c772eddb50a,BR,202.3782862151381,region,4.018043663366079
f50652beec1e59efe0d56e8f9ad46625,BR,216.5642223534768,region,4.350747895384462
a5f76c8d3b285a86d564ee16eec3f013,BR,185.4402591258988,region,3.6207943567516283
fcdc3e0003ba241c9a56bcdc32590c38,BR,215.99175649158886,region,4.337321794133278
0ac17fe2ba4ec29a3914030b7009119d,BR,176.00811044877844,region,3.3995811952582877
1c3cc69b45823b560a77c0d36740714b,BR,226.75256749005052,region,4.589696210895416
c46f950813dd2dd9bab4188dceb83175,BR,181.77725121233186,region,3.534885452124114
71dab1155600756af6de79de92e712e3,BR,384.5829528175958,region,8.291308612607235
673233aa1d4df67c18c636593b6c38c0,BR,171.53862191221393,region,3.294757816908665
b9db5aac3e7aaf40f7b79396800eef52,BR,173.27342555448928,region,3.3354443467137758
c2832e2c3cb08be3037288b19cc7a6fc,BR,177.8241423552406,region,3.4421727799706616
b62001b38d12c99ffbafa1c609797348,BR,433.5345860278876,region,9.439376344934063
8ef736291230daaf8c549e5120c51cae,BR,179.4506416452669,region,3.4803192365660887
8e39302e6b4d08eec0f5a5ac3274f338,BR,307.29812745642977,region,6.478739585247098
8d7394529f217471379930f10b4237a2,BR,218.05920921577206,region,4.3858099773681305
e44e0cbca34accde72251d80c7d08cfe,BR,255.15731787366067,region,5.2558757685851205
135226fc55b64c0e3cc388a3c12f039a,BR,180.1584879474662,region,3.496920429329378
8a4f504a9826004fb1b0957a12aad33a,BR,266.5060667843316,region,5.522039154199827
893c5d0f1a2fd75917c6b37fcd220601,BR,233.04775796452802,region,4.737337966208276
52e6988a13f9dd7d567b0816dba52a03,BR,588.2724952974637,region,13.068460584819379
91a3c41404860e70eb6fbca545645af0,BR,190.0838082285779,region,3.7296999956168144
3b61aab5de69abc1731138bd104a777f,BR,198.18922859064708,region,3.91979726029153
794c69999774820e22c161f6dc4fef91,BR,540.4580577857872,region,11.94706362119423
8e3c10b463cb2ffb94546b5e9f05cd05,BR,166.50246953263192,region,3.176644412658376
2cd4d457a1de3adcdb9d8237cb975c6d,BR,310.4350856590726,region,6.552310991427577
5fa37b0775f5467f987580b059bce54a,BR,237.474698362709,region,4.841163458654096
c3fd670b03599718895218d479f660b6,BR,178.1297153490862,region,3.4493394150979833
e9bf6a3daf9c2966192eaa98b5afb617,BR,219.91778926061778,region,4.429399447984308
cb8da41d3686c19bfd7e97b94097e686,BR,317.5851069138017,region,6.720001181716869
5fbf5069e1db9d79733184b67a576c4d,BR,217.16183029713685,region,4.364763656487894
05259e30e40e08eddb05428cb38ff248,BR,243.43917376156875,region,4.981048918987386
7f8df73aeab603648dec28a5f6cfadc3,BR,348.747750267183,region,7.4508618893531615
4e04fa1df0f5960cae555fc19b184dd9,BR,392.07335917939344,region,8.466981890126961
1fe148272b3216d1704900d718e701bd,BR,462.18495521034833,region,10.111316425795728
6260b8b7e35f7b2163df6a9eb133a072,BR,402.7297338381864,region,8.716906950579762
8f0057f230f19e9f7ad1a5566ef6a980,BR,162.23024963766395,region,3.0764475962263917
55adc5cef9556477770f0b858669f8fc,BR,167.39791444497695,region,3.1976453750884386
4de4b5399589ac552a438c88653fa27b,BR,204.21559219079208,region,4.061134191030356
2ae5260ce606b477a55abe5a13cd5cad,BR,199.5294949497294,region,3.9512306662613654
fa5068e804fdde545390fadb461df438,BR,161.9517527318806,region,3.0699159794014905
e44e7464ba4c5118eda918839e5dc20d,BR,348.90440477668614,region,7.454535923817169
3a213fcdfe7d98be74ea0dc05a8b31ae,BR,286.66614835298094,region,5.994855638802367
278795fa6c02df5eb7e3549cf3722fdc,BR,175.19195979433007,region,3.3804399292853153
2130b83c315c16dd6afd6c742c6ae4a2,BR,167.23158990402302,region,3.1937445483735676
80dfedb6d17bf23539beeef3c768f4d7,BR,811.2692225720195,region,18.298425965107807
947ee6ab639791b5711558a7e55cf98e,BR,429.9528063785075,region,9.35537249521381
036091098bdc85e780fc3594006276b7,BR,268.62960569092957,region,5.571842732489696
a96843a8dacaebe8ab691a745032daf5,BR,215.9685484161069,region,4.336777492731202
a9d5a5f1ce00ef0a80bd1f6e66b291a2,BR,285.61404893113274,region,5.970180641908296
3ef5c8159bd4605715d1fd6e20cf8137,BR,243.2902552772263,region,4.977556318324072
dd8f044a145ebf7152fc8a718cbd3412,BR,321.01603407254925,region,6.800467072323634
bd158f500dead88056547802d8fba362,BR,256.6136246101527,region,5.290030681565332
d0a9dafd211ac9467af0318383ef4da1,BR,47.06210906480353,customer,11.515779759671913
e134db9b2f9178ed55725a25b33e48c4,BR,318.0202583290882,region,6.730206833005777
d455a8cb295653b55abda06d434ab492,BR,177.15884419142486,region,3.426569473111176
9d817e85739426de1efcd842ee59cbd1,BR,169.81348830138936,region,3.254298079354418
292d7ad29c8a2d97eb84d18ab3d38997,BR,196.4795670301438,region,3.879700390338667
bf970de78f9812577f8bc51197b05942,BR,277.1508374053836,region,5.77169206395159
4d177a59bedcc26843b61e6b4078e4fc,BR,218.54851280718307,region,4.39728566526188
12546aaf14dc46dbdf45d8bf5dea4c60,BR,20.479192606526034,customer,4.571724137931026
3613892d0bff9156e733d4f86a1cd12b,BR,159.90364007059898,region,3.021881380668366
0f238eebf8511e286a8c3fb6330ece54,BR,163.58018602819703,region,3.1081077944470903
8ee5cab30019132affead27f19959ff2,BR,496.0049232064123,region,10.904499643969617
cfb601982b3ff65c1821561ec49625bd,BR,399.3490908429831,region,8.637620379677495
5c19d00272c18f09c4f60adb930a7a38,BR,191.07595345543103,region,3.7529688805555232
28cdccd6158be1d2d9a246963df39be3,BR,227.35791145887129,region,4.603893405799541
d1ea13fc1406243e6f6134582bf1bbc5,BR,277.12762932990165,region,5.771147762549515
b08e6e87102def921faf1a611d09031e,BR,160.14345685057907,region,3.0275058284898084
dc43adc8cf44306503fd3db002d5db5f,BR,185.62012171088386,region,3.62501269261771
ff098b9342213641be5da8163f0fcf2c,BR,265.699586161334,region,5.503124680477718
d1ac92a1cdff4219a26a167dbdb3cb7f,BR,236.89062846308005,region,4.827465206701873
4198c92e06d92792e49f119f659e723e,BR,250.31069811051455,region,5.142207492451778
2866ad7dcb3cfdab34405a82b8a77215,BR,236.08801585266278,region,4.80864144988011
525c4dbcaecd35a5fac2e4053589df08,BR,166.68426612390715,region,3.1809081069746306
05ac54e2c004e051fa139f2efc01fadb,BR,161.08144990130768,region,3.049504676823676
58e6f7e9b845a911922aac26ef668902,BR,200.70923878672824,region,3.9788993208668475
cfeadbadadd7a16f2f95fc7a556f16fe,BR,176.31368344262404,region,3.4067478303856094
8a6b8c7658bafc61e02ea8982ffa1d4e,BR,100.89904216404474,customer,8.606833660394756
5d9d34ab320a65d476024f1146155415,BR,163.96892129251964,region,3.1172248429318485
0e4672661531addf3fa0f55961e55242,BR,252.19828824971273,region,5.18647733982055
0648c919c26e4ed9eae8879a4c17796e,BR,198.03257408114396,region,3.9161232258275236
28e418b320f6b759b6aea79734f165e5,BR,342.45836181157597,region,7.303356209390819
75eb720aba307ea0205d0e869196784f,BR,276.09486997095513,region,5.746926350157175
71c71007c0e6e119fd24da2a057a4cdc,BR,230.62638208924514,region,4.6805491865917785
b91a17f9c1968b21a333460f687fe2a9,BR,206.33139507222938,region,4.1107563355195325
87aa53fa9466f416f97e7d380fbff012,BR,191.17265376993913,region,3.755236803064169
80d49171762a51f500bf6b774aa24617,BR,539.1758116154098,region,11.916990968729582
97c111c4f22dfa1089a9c0b5338dcc79,BR,8.511561683003219,customer,-4.790118243243248
c45c354aed442407610326035c6c44d6,BR,172.7067617114718,region,3.32215432081311
eaecb482f1e5f5058d49cf2984fc774c,BR,211.56675009969806,region,4.233541660137632
a85f6d573e494907ed413a50ba08771b,BR,172.2851483402165,region,3.3122661786754133
69b1741699a9270162ff84bea75ceb04,BR,320.5750806383923,region,6.790125345684207
c52e91d0960446c0624a5a984188ffba,BR,393.7366045889328,region,8.505990157275674
cc852cf36cf64a124456f5f10b2142ae,BR,168.67822660906424,region,3.227672669102913
9bf540995c670b022602a2f2e05249be,BR,166.06345010476514,region,3.1663480444691228
52c61c311129f8dc9cc4f8f1c84b0b2d,BR,216.8872014039339,region,4.358322756563341
f816e2d1a8c3f47837c88fc08ba39dce,BR,258.6133871141803,region,5.336931319044133
9f49bd16053df810384e793386312674,BR,287.89424234723384,region,6.0236582546621715
264a7e199467906c0727394df82d1a6a,BR,268.49809326319854,region,5.568758357877937
aac634f35cf463dc4251abaa15e604e7,BR,13.743048697891586,customer,-4.049668874172194
4ac4a782aaf1ef694ffe108de8c7da1c,BR,212.15662201819748,region,4.247375987440373
67f05f6d7d84bf6e1abf7d7d8e8a41e3,BR,171.9621692897594,region,3.3046913174965344
0d4381c5179436609adcf581b55639e5,BR,163.58018602819703,region,3.1081077944470903
de951feb6c754b2c61f0ed3c66569f4a,BR,416.7435434167007,region,9.045574280532755
5be887c26e086c8cc169b70cbc9afadb,BR,324.08336804874625,region,6.872405574297887
cc5e04828d40b15276efba4b0cd1f566,BR,176.03325253055056,region,3.400170855110536
26d25b216d95d45c3c74ab339d25b534,BR,177.9614568018421,region,3.4453932299329386
062bddc5be851fec2b59598cc33498cd,BR,299.6568686039995,region,6.299528348613883
1b46c5cd349b4c1e7bda383bb8d64731,BR,242.49731269825983,region,4.9589593537531735
641682198a3f69b843b8d88fd145b8de,BR,165.01328468920715,region,3.1417184060252263
92ade7cf39eb31a8f81a75277c14f9d6,BR,162.1316153168657,region,3.074134315267573
859baae7fe80b6ffdc2904cc16e16431,BR,232.79246913422665,region,4.731350650785451
d54005052afdbf06d7a1d39cc9e45f92,BR,318.8480130212776,region,6.749620249679788
ca212ae794bbfd785ba7d86a1b7e9f2c,BR,223.00833131229678,region,4.501882251360638
894f6e0db677f7c543348befc4ecc7da,BR,168.76138887954122,region,3.2296230824603493
ea5b7fbed8f0f55de316e8f9d315e3ca,BR,213.0327268676409,region,4.2679233653687065
77e1d11cc4954b7a395f9ecba7edd397,BR,181.74243909910894,region,3.534069000021001
867ce8a588cb1805fa25762927b0ef96,BR,196.33645056467185,region,3.8763438650258712
7f9cfd88530c3c6d0ce6084b27ef46ff,BR,259.40052767427625,region,5.3553922082645125
9f1dcbf0e12d0df2ee7611bb738a9106,BR,319.2193422289887,region,6.758329072112989
47399920ee7546351440204086acb793,BR,163.7561806006018,region,3.1122354134128267
6b17faa4e2b485586a3bbe992eb96d0a,BR,162.3811021282966,region,3.0799855553398796
0e622d371212819a199d533eafd7e4c3,BR,176.30788142375357,region,3.4066117550350907
911655697632aa4dc54e0cd37cc360a0,BR,172.65841155421776,region,3.321020359558787
a5d11ae16578088b0fcd76de30368bdb,BR,501.02560353567293,region,11.02225018061852
364bfe8be0f9a89a9a817d0e8ecd859c,BR,38.1076599413532,customer,4.91983282455043
da81fbc27b55e0f3d2813cf2078dc780,BR,339.4857941435969,region,7.233640271475038
d077e337c81f9e6f14dd798fe60d90d0,BR,169.3686668546521,region,3.2438656358146467
a863fef6caa86aa29cabfbf7e0b6f911,BR,449.3180113619002,region,9.809546656795279
5f416901ed4850dea2341b0c8cf6fde7,BR,173.7723991773511,region,3.34714682685839
082d9e610509b115a17045c97c207811,BR,183.2896441312386,region,3.570355760159339
a98f79318168a3b20eca9c4530909f49,BR,162.5783707698931,region,3.084612117257517
f0da489592c62097d0034f139386cb32,BR,582.044995043142,region,12.922406375262572
2626e09d49a63af0b7c21ef2635a3e4e,BR,287.25988828406065,region,6.008780683005452
543191db0a8f28cd664d601260fb1dee,BR,331.5292922658702,region,7.047035607463638
37b6a6302848e0ce3dfefef7716a70b7,BR,186.3782521766274,region,3.6427932050854954
437f5369f126238624d421f44b3eb1db,BR,374.95353549887886,region,8.065468889196255
b800afd0307bcea5536222116e3d7a4b,BR,166.73068227487104,region,3.181996709778781
239960d8af96f541e9a7153b57c0f4de,BR,10.80722714942558,customer,-5.9186991869918035
98468461ec50580f3a212ef742cccbb3,BR,194.52428667078996,region,3.8338429972138424
a1df9e94edfa8f6ac4cbd9b377899672,BR,290.0758014425366,region,6.074822586457226
57e7266082ceac10484f5aa2da2dd90e,BR,179.02902827401158,region,3.470431094428392
000576fe39319847cbb9d288c5617fa6,BR,170.33760400602327,region,3.26659021935128
2f09f8c80542f3260ec457517de0a463,BR,279.0461635697424,region,5.816143345121054
b436eb981676e54c0bc9bcade0e079c4,BR,242.33679017617644,region,4.955194602388822
0d91fd5b8475f8f0576a6e8f90c6497d,BR,393.7714167021557,region,8.506806609378787
6ffd704e6933899e26c59d4756c43b7e,BR,168.50223203665948,region,3.223545050137177
bc488184689ceaa10ede9045693eb6bc,BR,334.57922018545577,region,7.118565883386336
abb71d0110c4be1a1a0c52f929cab4a3,BR,548.9135332863757,region,12.145370765350243
4d5bae0860712936c87891ce32cf0d76,BR,158.97144903874087,region,3.0000186076850177
37bfe6c888db02bffd84e1b36447bfcc,BR,199.80605784922255,region,3.9577169246360926
b2ec82a4b2d9bf24fc1f5ba0e4883bdc,BR,223.84382202964682,region,4.521477101835341
d9e3d1b54f7b0b5d95fe2e5fd70b5b42,BR,205.30637173844346,region,4.086716356927883
1a878941e5a0c2afd1b0a14fb61f89b8,BR,327.4872191194315,region,6.95223644660223
7229fca9b269915fc63b44434d20828a,BR,405.83187992760634,region,8.789661904657128
e138f0eeabd6890e100c82b9f2925272,BR,176.71015473210727,region,3.4160463126710585
3c84ef58a24b36acb52aef0fe4200d4f,BR,170.88492778613914,region,3.279426660750217
53cbc02ffe278ca84b6f4920d9d3ecd5,BR,440.1991717037861,region,9.595681564229952
d3293a23682de796b404af990fe62f6c,BR,173.9193836554034,region,3.3505940690715317
d3fc45461660252856d603ed31eb4e77,BR,568.2439261565455,region,12.5987284748286
29fc23bcd9e04ac6a5919350404eb36c,BR,241.15124432030706,region,4.92738987243282
17affe817f6b2a24ec4a9b5bb67a1671,BR,314.8252799377405,region,6.65527467332011
6ab3d725c7575fd524f046d5057a44da,BR,236.49028916101653,region,4.818076007516079
30da20eacd71a5e8cac16c775ef72984,BR,264.887303519466,region,5.484074131405092
b93b56bfb9867dddd26df4ee3efa2eb6,BR,177.5030973110737,region,3.4346432772419564
cc28b66895e0f6bfd7050ab5bc7b39bd,BR,307.4238378652903,region,6.481687884508338
05728fca024954ba1ce915ad5c94991f,BR,198.080924238398,region,3.9172571870818467
3a7763a8b66b496ef5253606f9a09110,BR,269.087965181698,region,5.582592685180678
99bc429ddaa03f67e02a463a20c2379f,BR,236.74170997873753,region,4.823972606038557
7079818788ceda52a3142be6aa82dee2,BR,167.90849210557974,region,3.2096200059340902
45c797b966bf19a7e315f1b7767517e8,BR,392.1487854247098,region,8.468750869683706
50ef70ab0e17f1d235cada82f7189bbb,BR,275.2497092221543,region,5.727104707431608
775eb0ae1891c8dd8f12c2f8c6850006,BR,256.60202057241173,region,5.289758530864294
ed5c9b0b7aad77a4b3c8135892ac52c1,BR,224.6290285834526,region,4.5398926326055475
e43508515d5e7a615643e552dc54a970,BR,179.39842347543254,region,3.47909455841142
338515ff7c1216299678e18a593799a5,BR,286.13816463576666,region,5.982472781905158
446461e627059dcc66c0d83df1d3fadf,BR,215.7287316361268,region,4.33115304490976
55f33d1440ed529bf23f7b92248c149e,BR,187.2234129254282,region,3.662614847811062
e9d40a10468b79b4c35c82f1bf078545,BR,199.17170378604945,region,3.9428393529793753
421bc5d68665463cbb939db50847894d,BR,372.7565043532548,region,8.013941689799816
b534c927d5cb15838b514c99f1c8d94d,BR,314.45781874260973,region,6.6466565677872556
7da4f8ec54a78572fcce6797f62cf1cd,BR,214.71337833379172,region,4.307339858568976
3c4a05391c2fcd152731f52de8fc4347,BR,572.4755319194201,region,12.697972763806954
23b757203bd90a6deafcd069bdcb1fde,BR,201.2372225039425,region,3.9912821777640555
124f1c960dc017afef91dc9c65b771b1,BR,176.69661668807612,region,3.4157288035198476
28509a1c959e460948d32485cac51f9d,BR,159.18225572436853,region,3.0049626787538664
e96945cd2dc4e28e0089daf1c02476db,BR,172.59845735922275,region,3.3196142476034267
c50ed2bf9927ae7e870560f6fb8894ed,BR,163.42546552498408,region,3.104479118433257
461206d002bda8c6925c7b3f27ed29c1,BR,159.7798636680286,region,3.018978439857299
6d1bb6a3257e28040854d87c7984acf9,BR,233.30691480740973,region,4.7434159985314475
58ab53aab8ecabe6b411fa69f97b8be9,BR,201.24302452281296,region,3.9914182531145737
0f32b97a3ceaa816f0ffa6af3ca4e0d6,BR,230.54128581247798,region,4.67855341478417
fdf7396bbd1e126f45ba0fc3896360a7,BR,201.80582035325014,region,4.004617562114895
99258947dd1b1fda580de965e83f657e,BR,207.07018547507127,region,4.128083263485588
63411626466603435cf74a3d51f8fc8a,BR,231.4580047940148,region,4.700053320166135
cb418bb4b6115438d20b0141ed5bc9e0,BR,629.7395241648284,region,14.040991114976999
ba30f1c00f0081224a0f5410ee56f335,BR,294.1062705512344,region,6.1693495966175975
0b6230647ed16f4b3e70282dc4b5b87f,BR,265.3224549347525,region,5.494279782694
1f6ddbae00fc6acbc0457caa5fd89ad1,BR,217.68207798919045,region,4.37696507958441
8c8d824536e2e08f134637875b9154ba,BR,164.87210223002532,region,3.138407239162603
a51878c7b567d6bb29abf33bbbd80c24,BR,179.404225494303,region,3.4792306337619388
3dd5626c63f493f8b8f8788c2be24baa,BR,581.1804942314395,region,12.902131148035275
31e50461be6957a749166e97af082d0a,BR,610.3375730619227,region,13.585955142842248
c49be9a11fd13933307cc6a19b03a895,BR,179.60729615477,region,3.483993271030095
bd3458e3df5a23eb95e6d526dc86bf2c,BR,166.40190120554348,region,3.174285773249384
2cc93fd6f68e6cfcb968814de8a14296,BR,391.36164486461377,region,8.450289980463324
6c1d2589bb92157989da84b6f7ac8ef6,BR,167.28767608643773,region,3.1950599434285825
bc0e0c28cbe995798d3afb7c7c75d269,BR,275.3154654360198,region,5.728646894737486
4256024f988c6c35dce119ea6c84e1d4,BR,340.1994424646667,region,7.250377539588846
d003f1dd8a01261b3625598a4554f4a5,BR,77.6116724242034,customer,4.7319242668986385
474a5a5d176b5d84afe62cdfa7d69dd9,BR,200.1754530506435,region,3.966380388619121
1a5303d4c0d2c69405f74c3c005a5ea4,BR,199.5294949497294,region,3.9512306662613654
c9dff4871bed0bc5d4b917767a22d67d,BR,336.59252073351445,region,7.165784030016347
7a35319beabf36472c45cc9ba67f0745,BR,210.0485551619208,region,4.197935276751887
26a14aeb2410adbbf74a72c4ef0c8ae3,BR,200.1154988556485,region,3.9649742766637606
bf8cabc20b754099042ee715b4d92e48,BR,236.0725438023415,region,4.808278582278727
2da5750fca320dddda4ce9b8c7e08f42,BR,321.4357134375144,region,6.810309856011156
0d85f60a7eb6eff92a2c8363050cc7b2,BR,177.60173163187196,region,3.436956558200775
30cb9807736cf9827533cf34b10969d8,BR,328.50257242176656,region,6.976049632943014
cec0dfdf4408bef61c7d93b02a41f92c,BR,174.6485040267945,region,3.3676942047867238
d2029f1813972cb83dd49c3c27fcd304,BR,236.36457875215598,region,4.815127708254838
6ae192daf1b6e9b99225e7300b79df48,BR,258.86867594448165,region,5.342918634466958
419158f0fcd3a19edca60d45d531849e,BR,23.9062517526932,customer,-4.3702551337896915
26b5660725133bc74bfe584874b637cc,BR,172.54430518309817,region,3.318344210998584
242580697feaa388d1043faa3755cdfd,BR,206.82456667622068,region,4.122322740313627
304e8cf62306a897106fd54ccfcc88bc,BR,178.54165868889072,region,3.459000764984815
28e69219369607a9fc2403113041677c,BR,163.87222097801154,region,3.1149569204232024
c7112d33d777ec13eb958ee0dbff02b3,BR,269.0744271376668,region,5.582275176029467
76a34d13a444dc9e514d59482291ba07,BR,295.99966270930304,region,6.213755519336887
6b24cf0591948a0a949ee51131cb78ad,BR,236.24273635587573,region,4.812270125893943
e16532416e7fa0b226f67cb0a05696c2,BR,209.35811491633297,region,4.181742310040154
68c5cb2a721e1c90873c96888b8317da,BR,237.02987691597173,region,4.830731015114323
5cb7883ae621115f6c404bca4c9e97fa,BR,196.06955769662946,region,3.8700843989020073
8907bb31267526a99da12076a84a87b6,BR,309.53964074672757,region,6.531310028997514
c91e35b238a6f290a0ab89a40287fc40,BR,25.62364933835711,customer,4.609243697479002
e0bacd42e5f8077488c0a9f4dcfe66da,BR,222.19411466413854,region,4.482786343837838
5f9e4b231676bfe9ead7e5ed49d06dfc,BR,402.87091629736824,region,8.720218117442386
1ac7f4db91b508245c27b68092a2d401,BR,10.550004312834027,customer,-6.144779175197408
a53e05ecd2ed1f46a2b8e1f5828be7c6,BR,740.1055271192165,region,16.629416432544968
be449a37a242b89d7c027246275dc0f9,BR,324.39280905517217,region,6.879662926325555
bad9804e1f16ed9115e1373a6d5fb3fd,BR,25.617847319486625,customer,3.946474086661003
5202706af09cfff62208ae5a56926b6d,BR,187.3104432084855,region,3.664655978068844
08b986f813ffdc9e5872992aaabf796f,BR,376.13714734845803,region,8.093228260702082
059162a0bf2726c87dd0359eef84c878,BR,196.20107012436048,region,3.873168773513766
989b7ba45085e6ea528e597dafb40f99,BR,261.187549486386,region,5.397303416224292
d5c2fcd9dc7a3c6630e4acfe3f3ed898,BR,159.14550960485545,region,3.0041008682005805
13177245f820dca10cd9968a2a395b1d,BR,200.50616812626123,region,3.9741366835986907
ded9b5ad95de67a5c760e7941c8309c1,BR,164.39053466377496,region,3.1271129850695454
cb578e3b649e02ffe6afd3eb778d6370,BR,379.8330333689578,region,8.179908258982538
439afa2b3126bff920c9e34798c5d148,BR,238.77628459598807,region,4.871689695620472
76026df544b7b05894c94864566f46cf,BR,158.98692108906215,region,3.000381475286401
c0c1edfe2e51faac7f501bac1827c056,BR,222.37784526170392,region,4.487095396604265
ea36139bc595b9fe7aa21e2c78037185,BR,217.5679716180709,region,4.374288931024209
9508c52fce9468c56973500f75dbad5b,BR,363.17543719179196,region,7.78923592764316
4b7e81be5da17ae60c44ba5992fac95d,BR,237.02987691597173,region,4.830731015114323
1b2b354adeb38c1c308c915faf7d3288,BR,219.91778926061778,region,4.429399447984308
518556dca9ef8c42a63ae02ced2a479b,BR,187.8113508376375,region,3.676403816663631
309f6784abccce4e6e99672dca8ff4cd,BR,329.235560805738,region,6.993240485558552
2352f0c7b4fe903c071e032c9d6d6593,BR,274.4084164859338,region,5.707373781606386
4df2b9c2c7b6eedea39ceb96eb54ad34,BR,355.67342679225334,region,7.613290499422396
d0bce34c31d4494a153aa82c468152c4,BR,518.5631725748625,region,11.433560606786578
b4b1ec9a9f24d8db544120456a3a2f12,BR,445.7265616810692,region,9.725316014824163
308389e2d91267e2713b8e3ae5a52f0e,BR,171.53862191221393,region,3.294757816908665
242800e82e3e3f0aca252d6e03e4564c,BR,518.5631725748625,region,11.433560606786578
b351c57f3466ec0b11aa1696b052068d,BR,194.52428667078996,region,3.8338429972138424
eadaca4f30575b6c3a4c4efebce9d252,BR,181.922301684094,region,3.538287335887083
750465ac3478d2b4483153fcd61b9c13,BR,327.3479706665398,region,6.94897063818978
1fd38186652acff41fc3e9e65013618a,BR,246.66122824097877,region,5.056616096975475
a5f564e5fffa9a534cd9ffe566e48154,BR,405.39479450602965,region,8.779410894918048
63154c299d1199262f60527437e156a5,BR,182.33424502389852,region,3.5479486857739153
7eb6bfea5daf19a607f08fd25ea7672a,BR,407.40809505408845,region,8.826629041548061
77b85146fc12a34dd81ef54524f247b2,BR,249.2934108018893,region,5.118348947660821
97b8a149d521ea9fbbbce767a458846e,BR,391.93411072650173,region,8.46371608171451
7607b319daef63a1c1a41b1cd6f4a54c,BR,291.56305227967124,region,6.109703234640204
818080c38c17ec4bdcb39798ccb51b4e,BR,225.70627008707285,region,4.565157289351864
fdca429f65581d898afc2df41740f716,BR,314.0710174845773,region,6.63758487775267
6810c2b3b3587a83d4af69dcb68295f9,BR,384.81890158499556,region,8.296842343528331
d6f2337b7df53866592eb81ac57cdf74,BR,163.15663865065156,region,3.0981742938592207
6baba4edd521964e1f16b03eff660868,BR,323.49543013653704,region,6.85861660544532
397cda88cf14fa47dd00f8ce20346f25,BR,180.35382258277258,region,3.5015016327968436
323d47b2350119b2f1da2f6fe63e1e73,BR,169.00507367210162,region,3.235338247182137
0362e923f805ae4dce58fd78c86c96c4,BR,60.663975303513276,customer,3.9128158015617798
77d5d33e7905054cee0bdb3dbebe4f1c,BR,40.834608810481704,customer,3.06870739205988
58c5215132c75e7d8226faaf2fab73a2,BR,273.6038698692264,region,5.688504666334452
8809eb241de20bada1a2eedfa3c47504,BR,174.28491084424402,region,3.3591668161542136
63b0abee9c82e79c3b6e860d070f2c62,BR,238.43396548262933,region,4.863661249939864
e8f8bd78ba485b6b2cd2d751dac28eb5,BR,227.35791145887129,region,4.603893405799541
0b3457e0c4ca3f53aed80917d932b787,BR,160.4374258066837,region,3.034400312916093
0ba4f7e89d304a02edca85087abfd14c,BR,168.2662832692597,customer,5.699263983454826
45f42317b5fa7a5f4822b837d7e8304b,BR,171.1112065220881,region,3.2847335994204494
ae9ea529ce46a68f8c58803436fb48a3,BR,179.14700265771145,region,3.47319795988894
d6290a5294ee8d7eb9b6aafd583e59e3,BR,216.23157327156892,region,4.34294624195472
b56c143bc1ca0cee7345b354671f1e2d,BR,211.65184637646516,region,4.23553743194524
925ee6cfbb7a083de5384773197aa9f6,BR,220.16534206575858,region,4.435205329606443
076e07cd8d9c8b47dfc2fbb22c58e895,BR,165.7346690354376,region,3.1586371079397266
c9ae6fa5a920d90f86fd464ac7f5cde9,BR,173.34111577464495,region,3.337031892469828
2c46f84b185f4aadc82a72d14d089c4d,BR,184.47325598081778,region,3.5981151316651676
bbc45552d5a935c8786792578b3828b2,BR,269.0957012068586,region,5.582774118981369
27db1a079a22bec1453d0f24f630005f,BR,469.90164030809495,region,10.292296641985688
5e8d4d545cb084dca5b0c71798b3a5ee,BR,213.69415701887633,region,4.283435955327846
672dbfbd96238e4d07021fcdd9152b6c,BR,176.18990704005367,region,3.4038448895745423
df56136b8031ecd28e200bb18e6ddb2e,BR,39.59297677219766,customer,10.548697394789547
90b3ce1268706ec7923743d5867f26a1,BR,241.9480549118538,region,4.946077553904063
c205abf27ff07fddd3fa9a67037138e5,BR,447.8829786945999,region,9.77589068676697
e6ba7ef3fa398a176291132b06cd519e,BR,391.24947249978436,region,8.447659190353296
1d1cd1be4eb8ccedea997348b859065d,BR,275.99043363128635,region,5.744476993847837
2d57b1f21a3ec32c23b4d6e95870e4a7,BR,392.99781418609086,region,8.488663229309617
c6af04c6a72b5d587a620ad29c41dcad,BR,331.4925461463571,region,7.0461737969103515
977f5221b08a45da8fe709f381bff244,BR,202.79409756752293,region,4.027795730153257
3c5aee0b13a653e1b45178d5239dcbc3,BR,221.936891827547,region,4.47675366996484
a123264c1f8bef4f19be2d4245017920,BR,347.7362649774282,region,7.427139419912724
14a827496bbb61022f55a1c4ca62ac60,BR,181.3111556964028,region,3.5239540656324397
de2bff9e29299dc921f2e276c8408400,BR,236.21759427410365,region,4.811680466041696
973acb049a8228a556877e26fb30c06a,BR,250.11729748149835,region,5.137671647434487
f20cc6ac66becd9a2a6ed1cdff31c383,BR,158.98305307648184,region,3.0002907583860554
e4b6df3eb118302bd304c9d02ca19afd,BR,160.1976090267036,region,3.0287758650946497
0782e07a7692b86e29c3fcec805b3bfc,BR,195.89549713051488,region,3.866002138386445
d19772e154f0929b89a1dab65648767b,BR,317.8810098761966,region,6.726941024593327
b73bbac6285251dbf2dd01842e0ce0de,BR,317.6682691842787,region,6.721951595074305
5cc85e983f530b29858b3da0bfbc7228,BR,207.4395806764922,region,4.136746727468616
e130d3f737127ae52681b9338aea9b64,BR,477.1522298899125,region,10.462345471683973
3d4c0bee5a287df3c005b08aebb13911,BR,322.7353656645033,region,6.840790734527361
2c810e97c1d3956172e1830863e6a133,BR,256.6136246101527,region,5.290030681565332
0651c427722f910d3a2238dca1975fcc,BR,270.7666826415587,region,5.621963819930776
822430c455b49b1714466db2a15f4322,BR,191.69870348086323,region,3.767574301511204
b52379e61429a9d5e19e7b0946eefbb4,BR,194.8240576457651,region,3.840873556990646
1f640ae3c57af032c880e2814a991e34,BR,170.47298444633464,region,3.2697653108633853
fbc8e8d5591dc594ede3b88033625bd0,BR,391.1198940783435,region,8.44462017419171
1b2a8a35effe3c031684be53784ac90c,BR,179.4409716138161,region,3.480092444315224
8c4c737b202bd8dcdaa2336b54e99dc7,BR,254.29475106824842,region,5.235645899807998
36af11f74568a0546f14fc0e5a0c2851,BR,201.62208975568473,region,4.000308509348467
98576d430a6b6a1f2354a144cacc5940,BR,159.92491413979076,region,3.022380323620268
d13968a3d7333c0ea002f500594b9925,BR,190.4454674048382,region,3.7381820257991505
6afedf08c0521723900128e180319db0,BR,176.50708407164024,region,3.4112836754029012
ec47f6d453c95a0bfc244df7bf0262b8,BR,159.94038619011206,region,3.022743191221652
9583044d94d7eef1547cdcefb0c8f611,BR,279.39041668939126,region,5.824217149251833
552dee1afe356f3a07f118a9d0741b53,BR,178.44882638696296,region,3.4568235593765153
011a43bc9bb525517251ebb3ebc99b69,BR,177.9672588207126,region,3.4455293052834577
a994ff8265aed38e21cb63b2d8402b09,BR,191.80313982053198,region,3.770023657820542
b57da109cbc63cc9efb076ccfec17266,BR,206.75300844348467,region,4.120644477657229
5afaa7b618c8776fad63ca23a14a8035,BR,249.2431266383451,region,5.117169627956326
a8a52afd408a3023bafcd9ed3c0d2e15,BR,258.86867594448165,region,5.342918634466958
8a6b47967a3590fb66d3b0a503b7e155,BR,169.04762181048517,region,3.236336133085941
f8064d75afcef1bab867ff6ca9b829b7,BR,199.65907337117022,region,3.95426968242295
63cd4c6c97737eb374e4b09ed5c1379a,BR,168.76912490470184,region,3.2298045162610403
ab14fdcfbe524636d65ee38360e22ce8,BR,437.62694333787067,region,9.535354825499969
d128b5634e1faad98f4ef5ac2f7e2e97,BR,180.34028453874146,region,3.501184123645633
1b15974a0141d54e36626dca3fdc731a,BR,425.94554534529175,region,9.261389786455517
5a3b1c29a49756e75f1ef513383c0c12,BR,165.1525331420988,region,3.1449842144376765
2a1f2a555014d3eb75492fd0a08942a1,BR,246.49103568744448,region,5.052624553360257
0945dadba69dad599e42c31e78450de4,BR,243.83177703847167,region,4.99025668437249
d4ab53c2b21a94c8b21d3008b2506ba2,BR,197.5548745274739,region,3.9049196886348114
62d9b911d7c56cf455f660eecb8ddd3a,BR,193.92861273342007,region,3.819872594560583
869bb454aa7fd93af2e620c1d34d5e49,BR,259.4566138566909,region,5.356707603319526
fd61138ce1d3b90993c364c076651c9a,BR,200.27602137773192,region,3.9687390280281125
fce62b229aadb876d9be47556c0694ed,BR,296.8660975272956,region,6.234076105014356
1233c2a7be696e62a9196419365b5be8,BR,191.7605916821484,region,3.7690257719167373
ff85c3e4329457e83cb474799a257ccc,BR,177.25167649335265,region,3.4287466787194765
86efb185d971175118f61d7dfe86ec8b,BR,163.3539072922481,region,3.102800855776859
bf2df7aa2130e882e1e4f43b2dfe1875,BR,296.91251367825953,region,6.235164707818507
b9ae09da0b039cc190c9d1cb607a4392,BR,286.13816463576666,region,5.982472781905158
47560f374d347c495abc671b0b17409c,BR,176.48774400873862,region,3.410830090901172
3c5edc9665595ab8ab9bdd6c5c4a961a,BR,254.77825264078888,region,5.246985512351228
6b3138748728fe92cf423b0abf199c8b,BR,167.86207595461585,region,3.2085314031299403
b2127a179063646c6e1e80f4617156fd,BR,227.02139436438304,region,4.596001035469452
ba3fbd2edbc0524c198765b79c67875d,BR,195.13156464590088,region,3.8480855505681406
ea110ced6459b4dc6c73e0b2367077e9,BR,370.46470689941276,region,7.960191926344904
a0f5fea75f554a37cc21f2db68319ce0,BR,39.71481916847787,customer,4.594658862264489
4160b6447ad70e6d73f7221dd970bbe9,BR,594.9254769356213,region,13.224493653414234
3ad9ae84ca65db282ae34e9c9aeeaf7c,BR,415.5019113784166,region,9.016454155521737
7a8adf1b52b8d3c0735699f5708bf513,BR,209.60373371518358,region,4.1875028332121165
cc8f9408b4fc4e225c3a571d7b38f24d,BR,213.05013292425232,region,4.268331591420263
7faf8b9448b66f4a3ac98a312b3e7609,BR,196.90311440768932,region,3.889633890926537
47d7bd38284cac71afd4fb618c810b6b,BR,208.82432918024824,region,4.169223377792428
ad2cb7174d08a12cbc905429e2027c96,BR,164.74252380858442,region,3.1353682230010165
a4a57f1ffa25b90dea9f150fee89db84,BR,209.63854582840648,region,4.188319285315229
360787554f41824600bdcba9687cd4f0,BR,344.91841781266214,region,7.361052158010777
861e8aba5f5eb922e650b5b186beb7a4,BR,174.94827500176964,region,3.3747247645635268
fd6822aef9479a47f192820b4a22dd96,BR,166.72101224342023,region,3.1817699175279164
beae8ee9872c468af6923d5d4e0ad6d8,BR,187.15378869898237,region,3.660981943604837
6179ca3aca88a0e2e379fbf3742a04ac,BR,97.58222137641681,customer,10.884414689034255
0689012a897b2ac50b37994d77898bc8,BR,212.2204442257728,region,4.248872816296079
d7a2c0c1ff66b314f3bf166fb4157fd4,BR,615.8939731335583,region,13.716269970189053
9e7752c172e3994115a2cd609a18de29,BR,258.84933588158003,region,5.342465049965229
cc0c2816e800ee2d10ad0d51f37ab289,BR,214.78880457910805,region,4.30910883812572
1e48c52ecdb582b211ad22ae74ad2247,BR,100.03647535863246,customer,5.783297112697909
23aee6ac2f5a0a3056aa62c615974c0c,BR,293.6885251925593,region,6.159552171380245
cdae097ae448ea48b9b45e2b3569e9b6,BR,178.6963791921037,region,3.4626294409986493
81b2c7683a251dc0ea48059bef94597c,BR,200.85815727107072,region,3.9823919215301626
59b115dfb1007eca4cb7cd1a4cf2c790,BR,261.3828841216923,region,5.4018846196917565
ddaa89a57ddbb5a6a13354725dda9140,BR,261.2900518197646,region,5.399707414083458
b5b103fe531168050d785d5b8de74174,BR,428.96066115165434,region,9.332103610275102
77338308426749365f169773fa614a56,BR,224.2770394386431,region,4.531637394674076
ae5176160fcc23563149dd28b4137b6d,BR,277.64207500308476,region,5.783213110295512
3f6670995954b34c0398e06391f7494d,BR,407.2185624376525,region,8.822183913431113
4b80b55b32a3549ec05578e46a0f4021,BR,249.75563830523805,region,5.12918961725215
4600963d4b12ee01d7393b723a34516f,BR,362.0962616818815,region,7.76392591244667
ee8eb8b78945c68960a7c42e6211365b,BR,176.89968734854315,region,3.420491440788005
cd51709c98c738351915f79c4318675e,BR,260.9051845680223,region,5.390681082499046
4725eb9672221e03c250c9a5ff5736e7,BR,207.15141373925803,region,4.12998831839285
cb6eba3723e0145a57f6d9cc2c5dce4b,BR,249.75563830523805,region,5.12918961725215
3feb799ce0a45e25a33828bff05ae553,BR,190.2365947255007,region,3.733283313180475
203a9f020a3ddd0f46400de701b212df,BR,283.01667848344516,region,5.909264243326064
f3d1583d73bad757e13d4e25b24efb32,BR,194.12781538130676,region,3.824544514928394
201f31fb8c21cbe559ac45d1de5f4392,BR,314.6299453024342,region,6.650693469852646
033a79557b0d234035b38da3be948574,BR,11.478327332111816,customer,-3.358873316010207
491f6ec025e763b2fea3db1bf2b9b43e,BR,198.93575501864962,region,3.9373056220582776
059511087f2394ebd55a674537a7c2cc,BR,161.47792119079088,region,3.0588031591091243
24ae0d766df69840feedaece7acfc653,BR,262.1990347761407,region,5.421025885664729
983878e0dee08c5570f8ec3162ac5927,BR,175.8611259707261,region,3.3961339530451453
72e2c4bbd8ad5d2eec29b795d95afbe2,BR,194.70995127464553,region,3.8381974084304433
b6940503a9b26d72b8b41ae29a88e0d1,BR,393.4368336139577,region,8.498959597498871
f3de0893c636179ae92136f971523452,BR,356.07183208802667,region,7.622634340158017
86c4eab1571921a6a6e248ed312f5a5a,BR,776.8729207014874,region,17.49172592878239
a34caabc66a97d7d5228c0c98789ea62,BR,166.50827155150242,region,3.176780488008895
a23f4025d60af6199b5eb5631b070e7f,BR,366.3800856145905,region,7.864394879579692
0812eb902a67711a1cb742b3cdaa65ae,BR,1340.1329126482854,region,30.7019209571442
80ac215e5fbfa62e737e8d47e2287b2c,BR,394.4038367590387,region,8.521638822585333
fea759da1fbb4566e226c7bb2c257a5e,BR,197.26670759023978,region,3.898161279559046
541d81a8afee2348b192cc10df37367c,BR,180.46599494760198,region,3.504132422906873
3165f39a78f513c0877dc0d1ad69683a,BR,255.86323016956982,region,5.272431602898237
912a3bbff3a8f1111bad251a57063042,BR,166.06345010476514,region,3.1663480444691228
7b435354ca15646a010388cc18dd2c20,BR,172.08594569232977,region,3.3075942583076015
ff2ac13b0f36dffb6af9699f59b18377,BR,171.22918090578798,region,3.2875004648809973
ed9bc2af2e1ae9d510b862314efd8e72,BR,167.21418384741156,region,3.1933363223220113
38dcb5499d8854b4b2c6dbaaf983f21e,BR,297.264502823069,region,6.243419945749978
03b70c61372aebf257ccfacc6ca0aa58,BR,169.57753953398958,region,3.2487643484333217
cf6908e8b524d8fac0d70a5cc8bd749b,BR,222.43199743782847,region,4.488365433209108
f29044e048ba222cad4d3d69dc591186,BR,183.11945157770433,region,3.566364216544122
3c8aa4e17d7d0b7a6b3c5f8ea6d36038,BR,189.4262460899228,region,3.714278122558021
9b4ea4ff8f51f91557fd6448e909cf81,BR,391.93411072650173,region,8.46371608171451
bc3fdb57bf20b2ce17d66ab9750415ba,BR,160.00034038510708,region,3.0241493031770124
3d08a84829e314578aefc90c376dc3d7,BR,316.92947878143684,region,6.7046246671082494
4a285271de93865d4865f3cb399ec41c,BR,168.08642068427466,region,3.2137929833499994
637829c452a59980120d8015af137b78,BR,320.19408139923036,region,6.781189731000141
ed08d32792c528ba9942fd6b9e95cadb,BR,220.50572717282708,region,4.443188416836877
eadf1db71815b513cf62a49e9c6416fe,BR,240.04692672862453,region,4.901490197384081
88b67ddbb7527017f796c80b3bb38051,BR,392.342186053726,region,8.473286714700997
4b7472650d90b16f5169d774d1e32292,BR,208.86881132492198,region,4.170266622146405
972de859f5e4986651981a283159a3b0,BR,220.33553461929282,region,4.43919687322166
fe8019fe8dd1f1af8ba5c0ffdb113a74,BR,416.4592444920468,region,9.038906588357335
f34e0df97c804d04e00ec61cd77cf9da,BR,209.78359630016863,region,4.191721169078198
36749cbf5c327d95990050cbaa0f41fd,BR,180.1275438468236,region,3.4961946941266113
f07401e4337f90835db57d8bacabd310,BR,175.7702276750885,region,3.3940021058870182
2edcf6adbf3719366560d6863cb28799,BR,186.31442996905204,region,3.641296376229789
1adbc05f8bb9f7f40e1566992a9b5e8d,BR,294.3074072054112,region,6.17406687543558
0ed6d545d159bc1c0786d83a66c1cd03,BR,162.70408117875363,region,3.0875604165187567
b3fd6f1d726da32abced71e3fc845e35,BR,159.14937761743576,region,3.004191585100926
2be6e5724bc6705448e72ac1b13141c4,BR,386.089543717632,region,8.32664284529194
68b77ee56caee09a1bfcb38270c05173,BR,303.39143475030244,region,6.387115515897796
d3e20e12dd625bc8aa36a78636912b0f,BR,481.03378051426785,region,10.553379881181028
a3e9e5209110a0dcfe5b20b01e6a69e7,BR,177.57272153751953,region,3.4362761814481813
9f5054bd9a3c71702aa0917a7da29193,BR,361.02095418455144,region,7.738706614150526
a997ce452b12e113ccd903fd9323d382,BR,236.51736524907878,region,4.818711025818499
f2e66c1285248a57d6f934463632274f,BR,208.0661987145047,region,4.1514428653246425
cf33134e239432c52a6d5390e7f8a235,BR,172.24066619554276,region,3.3112229343214357
782656b57c879a8c0d6a326048331e91,BR,264.52371033691554,region,5.475546742772583
8e350d5e83f49b662f870b48cf3f5b29,BR,194.62292099158824,region,3.836156278172662
70a272d1c01754b91a8709ae7efe27be,BR,194.56103279030307,region,3.8347048077671286
4929d4d047361715eb1ad08b7affce93,BR,242.2942420377928,region,4.954196716485016
12f2f3174deba94de2aa43ad4adf6d3e,BR,265.3940131674884,region,5.495958045350396
998c57ab2d55eb30d6de8d103034384b,BR,214.98607322070455,region,4.313735400043358
d2f270487125ddc41fd134c4003ad1d7,BR,859.762496291543,region,19.435743744743654
5a3a0bfe72c4d627e4f13d9aa81d78ad,BR,175.03337127853675,region,3.376720536371135
63902aae1ab37f12ba6aa2b6d21a0634,BR,264.4231420098271,region,5.47318810336359
d16f8ec8edbb1c3652f142cc60042a86,BR,246.22994483827262,region,5.046501162586913
7bccf6f8e394c22407daecb91ff10198,BR,236.08994985895293,region,4.8086868083302825
f7a8fae2d2d1ed95f1413db630a42dbe,BR,240.3080175777964,region,4.907613588157425
e4c09ee4522daa0f32bd2e6b2f5ed048,BR,176.8203930906465,region,3.4186317443309147
af581263488e6e37a5eecc8323943693,BR,207.950158337095,region,4.148721358314267
03b31f549c27d03bed25fc42ddb46138,BR,395.59518463377856,region,8.549579627891852
37fef9185066b091254533c2192edd72,BR,192.46843798434773,region,3.785626964680027
d37c9e8893d10d17fbf866c85f0dde90,BR,46.098973932302826,customer,4.53423269217903
3b43ab87914ebf7fd563557362108ebd,BR,474.2415504232186,region,10.394081004173724
147973f607023fb30b72b31fc2744d13,BR,237.9214538157364,region,4.85164126064404
8a6b619c3aff55f02ec3cabe6d746ce8,BR,203.81331888243838,region,4.051699633394388
c1e8ab8d063eba72d530b57e5b05f919,BR,199.28774416345914,region,3.94556085998975
8ed8d60cc2df2b29e93a93ec47189c07,BR,220.5211992231484,region,4.443551284438261
77625c9343b4dd4a9536f65e9ea50135,BR,192.38914372645107,region,3.783767268222937
886b114d034f4ac1d39d964c1b2a8182,BR,392.0540191164918,region,8.466528305625232
eb2d3e8cabad07d748b4677b4296a84c,BR,253.39930615590336,region,5.214644937377935
4c69bbdad86856084206eaf2d9349122,BR,372.4528653656993,region,8.006820413122666
fb2e0a2eb0a7cd9fc655c3fdda628acc,BR,352.3411339543041,region,7.535137889774451
406de5462666366ba69ee8d333eafc31,BR,199.42505861006066,region,3.948781309952028
836e4cb15d850d5cb77cda4c3c387665,BR,249.5486996321907,region,5.124336263083647
3386674e0363653ac5f71597d88d80fe,BR,359.9669207564131,region,7.713986258806283
e23156a0a06f554615d0ea438a5914d0,BR,169.09597196773925,region,3.2374700943402646
588d8a3645cd2c4d3b9773d212a185e5,BR,236.54057332456074,region,4.819255327220574
564cf6104644e5122d47adf8bf6276c5,BR,159.00626115196377,region,3.00083505978813
20c950b58c4d3cf3df11b319f493242c,BR,302.49212182537707,region,6.366023836567387
f0b673967b0be0bfcc14490d3d1842a8,BR,167.44239658965068,region,3.1986886194424162
0dc7533a0c0ca1829f5a42eabed32f0a,BR,449.69901060106207,region,9.818482271479343
28e6901de8c43147d25ccab786c3f640,BR,200.09229078016654,region,3.964429975261685
2e9d8685e015feaba98d02e5544583f6,BR,239.981170514759,region,4.899948010078202
e72e22dce48aaee824371b8e02641f15,BR,284.59095960363703,region,5.946186021766821
166029aa4dc1bed21f0d50ebdb4ef286,BR,168.32623746425472,region,3.2194174311714407
a73de8635a0cb0aee3da3736197f76b2,BR,316.33380484406695,region,6.690654264454991
2794756d0dcdb379ce5fd0639e300a31,BR,295.1796440422743,region,6.194523536463567
93ba9cd515263a4aadac3d3822b5d83c,BR,361.62049613450165,region,7.752767733704131
8a184ffc612729b93cc508a95430238e,BR,212.04638365965826,region,4.244790555780517
180935cf02d9456075076eeaa57cdb70,BR,164.725117751973,region,3.1349599969494606
18e9c9a8bc880b4b3aeafede031f7587,BR,200.70923878672824,region,3.9788993208668475
47892e2502f689c00844f192c73a4d0d,BR,277.93604395918936,region,5.790107594721795
abecbd6356fb44255baff524fd60438e,BR,197.77148323197207,region,3.9099998350541787
b66836a7408ecc382cdd4be702060220,BR,209.8977026712882,region,4.1943973176384
fe1b32a1829b1ddd26415d31fbf85b78,BR,234.91407403453442,region,4.781108870625147
80423624a58421eb6e6d9fd07cafb406,BR,243.34247344706066,region,4.97878099647874
061304e42542425c8ff0be14d03126e4,BR,392.5297846638717,region,8.477686484367771
fad45938bae3bd8a63fbae03cc8ae040,BR,164.84889415454336,region,3.1378629377605276
00d2559e61b9a0744a0552c35c5ecccb,BR,168.7459168292199,region,3.2292602148589653
6ed990b44c245abc401519dfc68b4af7,BR,194.6267890041686,region,3.836246995073008
0f121110b75ef7c38c79d67833c49830,BR,185.0573258804467,region,3.61181338361739
bb8b0de6aab45a9395bd46092865b6ef,BR,237.72611918043006,region,4.847060057176575
d57bfb04ec74aabf320e6e62442a28cb,BR,171.63338822043184,region,3.2969803809671374
9a1b546ea57a6babf71e20355d458c1c,BR,160.88804927229145,region,3.0449688318063832
ea7835f19dc6af291955d6e270d443f4,BR,399.6314557613468,region,8.644242713402742
25eac842862525f18a083c6edf1929a3,BR,344.9687019762063,region,7.362231477715272
d573a47c29466bb2e4e46aef0ff04f23,BR,190.35650311549074,region,3.7360955370911957
73c8ab38f07dc94389065f7eba4f297a,BR,196.11210583501304,region,3.871082284805812
5a670c4229b1cbe58d67f3afde248f75,BR,275.4024957190771,region,5.730688024995268
3c140d933d3475ec823f9b748ca5c49f,BR,267.2467911934637,region,5.539411440616057
d6a8bacde476ece5a181362e3eb2aa44,BR,162.27086376975734,region,3.0774001236800226
f91234b89ca8c758b3d2be234acb0355,BR,230.43298146022892,region,4.676013341574486
30135390209cdfedeb251c27001c63e1,BR,218.5253047317011,region,4.396741363859805
f5281f570b351e2fc6569df06bbc21cd,BR,197.26283957765946,region,3.8980705626587007
c6a5f1a0e18d1cad856f95794462ecbc,BR,320.79362334918056,region,6.795250850553746
75e0a6d2e57dd8ad70355c1b44acdde4,BR,188.65070956756782,region,3.696089384038679
f7b13a5afd48ca5bcf589a25d5377b00,BR,465.07436060785045,region,10.179081950354075
1dc7e32417078aefd90f48772816008a,BR,169.4653671691602,region,3.246133558323293
c7b0be5584c50efa8a9d95d3eecbece3,BR,353.163086627623,region,7.554415231097943
3c71011c33cf4ba95d18787bdc0e94d3,BR,588.3943376937439,region,13.071318167180271
3b4ccaa47ae0c0d6966133bcdb0c8ad4,BR,209.38712501068542,region,4.182422686792749
977649a07fb7be354cc39d9a79ee83e1,BR,166.56435773391712,region,3.17809588306391
890950459d93d42060f57d04ab680600,BR,324.84149851448984,region,6.890186086765675
eb4bfa31c0d54df31280baa9f95e4e78,BR,196.25328829419487,customer,4.701378028268762
7f39ba4c9052be115350065d07583cac,BR,177.15884419142486,region,3.426569473111176
e3428550b3108fe268fe36e8247a49cb,BR,215.45410274292377,region,4.324712144985205
6cb134bb285a64b0425d1fdaa00d4214,BR,392.8140835885255,region,8.484354176543189
2904c252504167d25044631cfa95a558,BR,238.77628459598807,region,4.871689695620472
1a102760523f4d9dfac2d4fab47dbeea,BR,286.4321335918713,region,5.989367266331443
abb3b065b8888558edf20e815f816662,BR,343.33640066730953,region,7.323948945769326
ce6d150fb29ada17d2082f4847107665,BR,271.4687269248875,region,5.638428937343546
d10768b753caf92effee124437f14321,BR,236.64500966422946,region,4.821704683529911
9dc8d1a6f16f1b89874c29c9d8d30447,BR,177.15884419142486,region,3.426569473111176
630fef4cb38a0f9fce00a6b096243942,BR,168.09609071572544,region,3.2140197756008635
6335afd8e6b7eb0ebc8bb71ea0008f6f,BR,187.9776753785914,region,3.680304643378502
a6d06e627f72acfc190254c5b4757637,BR,176.71015473210724,region,3.4160463126710576
ba75b8044f56f7a37a05faab18d7ed45,BR,255.8090779934453,region,5.2711615662933955
87fc097f0342e12e5eeb4e772b40a96a,BR,181.2144553818947,region,3.521686143123794
ad0db85b651140eb463660b4ddf767e1,BR,379.67251084687433,region,8.176143507618185
f5aa338a071dcf7d23d8e6b116bfcab5,BR,162.25925973201637,region,3.0771279729789853
698c554458e6b44e6f2f1450583c2547,BR,159.97906631591528,region,3.0236503602251097
abcbd7d5a339a1f5f553ba84b4d9cc69,BR,255.86323016956982,region,5.272431602898237
88870e81393712b6285956d4a69f3ca4,BR,178.54165868889072,region,3.459000764984815
83f7e1cbad6386d501c636d6cfb23e55,BR,159.94038619011206,region,3.022743191221652
b6f50dae2488438e81d1828b3d45e161,BR,221.92722179609618,region,4.476526877713975
f5eb2c9c8751b09f7637a10a9c40aef2,BR,247.3787445746289,region,5.07344408198963
ac58bda50dfac642d4f72dbf95a1c179,BR,9.099499595212484,customer,-3.972284166932135
fc2b731f9c539d7f27f5e598f9c14e59,BR,162.35789405281463,region,3.079441253937804
a739bf4717343c5f9c84196b61a9c53f,BR,307.5553502930213,region,6.4847722591200965
637617b3ffe9e2f7a2411243829226d0,BR,241.1609143517578,region,4.927616664683683
fdcb3d84b078ed61f1432f41e60e6aa8,BR,236.54057332456074,region,4.819255327220574
202e894238874491c6d7ab51da37d94c,BR,204.46314499593282,region,4.06694007265249
f3dfda8fe064d227cee42eb21b73cc69,BR,235.0629925188769,region,4.784601471288462
b8f556e0eb31034a9346b2d045c90186,BR,221.09946710390682,region,4.457113461039964
0393dfaf21e966fdadf698bd0856ecc3,BR,226.75256749005052,region,4.589696210895416
236ac812debfa147da2a0e46eb8498f3,BR,273.00819593185645,region,5.67453426368119
b5b411510c27795418ac5808a30054e0,BR,36.09242538700433,customer,-3.6762714806457195
767d5724eeed732496d987fd72755cd2,BR,176.31368344262404,region,3.4067478303856094
49ef8c27301b117dac497090ecd4876d,BR,298.73047959101183,region,6.277801650981052
5b265b1557d0d44a32df50b4fbf98c7b,BR,251.61615235637393,region,5.172824446318501
51e827dc634ca855acba1d305c4649af,BR,244.8123182275838,region,5.0132534186101605
a412fcc423174e5405df95cc482dba6a,BR,350.5057619849403,region,7.492092720560348
60b570df9018c6b6441017314a2dd081,BR,261.3693460776612,region,5.4015671105405465
8ddd6fc19a466ec0847fec42d69824c6,BR,416.4592444920468,region,9.038906588357335
4bd891688089fefa2a88b0c0da2ce5d2,BR,179.32493123640637,region,3.477370937304849
8bcb04c1ca645d109ed37389fda5dbb0,BR,258.86867594448165,region,5.342918634466958
f04bfdbef5359607d39e66fccc9cc0de,BR,193.11052807268152,region,3.800685970137437
17a99f37c9e5cdf9e15df2b7d7e4df3a,BR,339.45871805553463,region,7.233005253172617
012f2c4ca09b101a73e18957c3294cd6,BR,367.7745041497973,region,7.897098322154368
0d589922bd8469967d1a5e192caa5925,BR,176.70048470065646,region,3.415819520420194
db68ee136b9cb2c16d74fa11a7395e5d,BR,7.229315512625773,customer,-4.020988971896117
87939211002bca774df103ab153b62d2,BR,164.28416431781602,region,3.124618270310034
2f3eedb1154600a40d3529dd83441775,BR,262.78310467576966,region,5.434724137616953
192e8093aeeb86d202c1035db3a5bd48,BR,303.79177405236595,region,6.39650471508359
94853d2e9f30e859446eaadc4d6bcbe2,BR,165.8971255638112,region,3.1624472177542513
833aeeba583417aa644a7c311e6b5bd8,BR,461.1637998891428,region,10.087367164104426
a96610ab360d42a2e5335a3998b4718a,BR,957.3988698440844,region,21.725619743273448
4065c0062f606b943e2fef1d5454ce80,BR,159.3775903596749,region,3.009543882221332
bd8140fa5a6e24ece48b36114f0fda66,BR,385.33528126446885,region,8.3089530497245
a5705c0ba22fcdfeeeaf4b2ae485b791,BR,256.85150738384266,region,5.2956097709366015
fa28c489b6e2a232b8d4512a06ac44f0,BR,248.47726014744092,region,5.099207681687848
d369d156735fab51bb2ef5c47e8d3e72,BR,217.68788000806094,region,4.3771011549349295
6445a8b97a5e66d5c72eec0cb6650141,BR,165.86037944429813,region,3.1615854072009664
086f8f18f98299e22931d762c63db2b8,BR,415.85390052322606,region,9.02470939345321
289a45b09606de7a3d7003baa2b650d0,BR,265.0091459157462,region,5.486931713765986
41dc608dc9ebdb998dc9b63c57eca204,BR,57.911884352612674,customer,3.977843331811822
7b84c60b417905af7d0237310bd48f0b,BR,220.0048195436751,region,4.43144057824209
05c32785b5245ab31eb5bc6b0d41f698,BR,409.0520004007262,region,8.865183724195044
b4c4b76c642808cbe472a32b86cddc95,BR,930.1487212157009,region,21.086519180336975
1a82675c731e609f7adc4c93898a6321,BR,167.55070094189975,region,3.2012286926520996
846b560326bf3574c22964443fe7c5f1,BR,295.52196315563305,region,6.202551982144176
8cd6746056efc30726855e09ce26a776,BR,178.6306229782382,region,3.46108725369277
4ae799c0965abd10cced20e74295101d,BR,180.16622397262688,region,3.4971018631300703
03705afa0a4aabe1a734ddb11c1df3f0,BR,198.02290404969315,region,3.915896433576659
9125faac1b379b7b9ab4665189739e31,BR,163.52216583949217,region,3.1067470409419027
d8c3814df9c4a328159b280e60a59486,BR,334.3529414495068,region,7.113258944716103
bfc2b97037cfb3d63579f4a3f877a912,BR,273.78953447308197,region,5.692859077551052
4574345c7d99730212061b6152f81928,BR,191.04114134220814,region,3.752152428452411
24dee6ff7fd74dab4ac9bcf1f77ee3e9,BR,398.4439758991872,region,8.616392624996564
3e2c094c3afb8ee522f4e4a0c93983b1,BR,187.1479866801119,region,3.660845868254319
e44944b056633f6f1e86a77eed6a13dd,BR,250.1192314877885,region,5.137717005884659
eb6856a5040be42730df3dd8004a39f7,BR,175.73734956815574,region,3.3932310122340783
e3e9a2046c37eea9713341a3994bcf52,BR,160.2807712971806,region,3.0307262784520863
a884ca2f4a01c613d72df08dc851755a,BR,164.70190967649106,region,3.134415695547386
edbfaeb8ad1b74d2dd3fa417465617fe,BR,169.8985845781565,region,3.256293851162027
c8b09d2fb2d0f23332a7e6a4e5e43d66,BR,176.3813736627797,region,3.4083353761416615
a483ffe0ce133740ab12ebcba8a3ccf9,BR,237.88277368993317,region,4.8507340916405814
70a2df2328c71d41c84c2ff23597df7b,BR,272.52469435931596,region,5.66319465113796
c811a0a169f6226a82aa3cc2c6229897,BR,239.80517594235425,region,4.895820391112466
82fae4d3818a5f80851df0cc8c94aa7e,BR,281.0691341492519,region,5.8635882840019296
06d5cbe68295558fd6c48998db3ea397,BR,29.516804000453334,customer,3.0580310880829016
e21a007c09bc0fffafa1ab3ca7a65a26,BR,315.1134468749746,region,6.662033082395875
0ccc4d2c7102c48188f50be5107fe442,BR,336.1631713370985,region,7.155714454077959
60ef2f57ad0bdb9491f0d62b4147d7f6,BR,235.51941800335513,region,4.795306065529271
207258d556f9b9784b54de837ae49286,BR,277.7175012484011,region,5.784982089852257
63f5cc3a2a31c01c270d24d397a54274,BR,186.13069937148666,region,3.6369873234633614
2cf35c553f356f26bf01262d9a4880fe,BR,160.1511928757397,region,3.0276872622904993
c6772701a7cff60ffa313b5854c7d503,BR,285.93896198788,region,5.977800861537348
3710f61b45bb40db596e352722b6937e,BR,310.069558470232,region,6.543738244344895
c67741bd4d11de0a38dd4b3947612f70,BR,255.4822309304079,region,5.263495988214172
d61c57ca1a55ced6197d4f0c6da594e8,BR,190.04126009019433,region,3.7287021097130095
22d58ab98a59a304fd61d116c625ec4a,BR,203.79397881953673,region,4.051246048892658
10a0ce1277f3743242205061fccbb7c1,BR,9.513376941307165,customer,-6.341965678627153
0f924038b00d1f102e4d09bea4fa666a,BR,533.7760660532772,region,11.79035017584678
65d1a82f9ce69290556d70fc555cba43,BR,176.03325253055056,region,3.400170855110536
e5283432176f988a5d35d8f6b0711030,BR,98.20110338926865,customer,7.296931828779239
2d3bc1f6ed458a137c51adc3cab7a488,BR,220.3161945563912,region,4.438743288719931
c8536491e6701f9b5382da168ee54048,BR,452.0546302624795,region,9.873728863789964
826b47e4cd7bba4e4c6fa5485f898b74,BR,70.43264107512182,customer,9.803683869012092
2e54a200a6bb88a705239b059efa8fd7,BR,192.8919853618932,region,3.7955604652678967
6907ea7150759a085c8ed75a55aeb90d,BR,415.96800689434565,region,9.027385542013413
5e71f5832e566171d43c90da65f506c4,BR,189.38949997040973,region,3.7134163120047354
455bf541177a461fcbfa125d0f9bcf86,BR,238.1767426460378,region,4.857628576066865
f2ff827e4cdc7ef1dd8a16f9c38e8f82,BR,194.52428667078996,region,3.8338429972138424
dd6d0f11a9c3d2abdc91e95b9598b332,BR,327.24353432687104,region,6.946521281880441
17e8356af05cf890ac4604347b3c17a6,BR,286.13816463576666,region,5.982472781905158
d62c659d70b5d48e0533f60fc47d6791,BR,225.2382405648536,region,4.554180544410017
b6a54d4f9fd929e75e299ce1a0963094,BR,222.37784526170392,region,4.487095396604265
10ccb4dc0cc0d605b71afdcf4584128e,BR,101.33806159191154,customer,24.654428904429203
563f239c78985c49134eb52e6b06af35,BR,167.3553663065934,region,3.1966474891846346
3a4b013e014723cc38c9faa8ffdc6387,BR,682.0195822004891,region,15.267120740051427
9aec4e1ae90b23c7bf2d2b3bfafbd943,BR,432.1846496373545,region,9.407716146713362
00c9474e0334f7a4ffc8c3a8bd21a51e,BR,208.04879265789324,region,4.151034639273086
adc1270afd7fb1ef466f8ee66cab3773,BR,265.03815601009865,region,5.48761209051858
1407ed7d738d943469994266e9706b46,BR,243.83177703847167,region,4.99025668437249
d691a7cd6c98cdda10a6861436c2f000,BR,243.8105029692799,region,4.989757741420588
cf1703dbac3ae0d4e32706265f36d200,BR,168.56412023794468,region,3.224996520542711
0ecc87706e05dcabbbfe5aa29767e9d0,BR,210.31158001738288,region,4.204104025975406
5ab13e692a7cbeb7e036c8d11e0d7e33,BR,172.3857166673049,region,3.314624818084405
1759a74e11bef0a81720d730ffafdfaf,BR,273.9906711272588,region,5.697576356369035
59823eb85efc0c6ee2cbc0567486757f,BR,161.74868207141358,region,3.0651533421333337
afc0f1669d9ecf0661e3f32efbd2aa5e,BR,248.37475781406232,region,5.096803683828683
c87de2d1aece481642a24bae4b964b07,BR,377.0383942796736,region,8.114365298482666
5d90c606cb92f1bd781a311d5ab61a75,BR,161.05630781953556,region,3.0489150169714274
1c9fd2a0749771fdb8c1cad52a3c27a6,BR,325.5203347223367,region,6.9061069027763695
0905da36ee109b78ec1a3c9e089148a0,BR,408.9707721365393,region,8.86327866928778
78ce53a063eb2907f9727aac2c678339,BR,504.0039732225226,region,11.092102193884823
b239ca7cd485940b31882363b52e6674,BR,805.2254529152632,region,18.156680808317425
a8f5ea0830ac9ffd1d2864434bcddb70,BR,401.39913751055485,region,8.68570033686079
d01d40156285b68a07581c2f2321ca55,BR,177.8086703049193,region,3.441809912369278
6d8660f8e645acd678cc75068d4fbcf0,BR,174.2655707813424,region,3.3587132316524846
bc22d1005019c231fda1873c3fc71fc8,BR,194.94396603575512,region,3.8436857809013665
e0e2dd62e7153d8f3f03e62b4b476392,BR,212.19336813771056,region,4.248237797993659
f29b1fdd44f820a916d3f1946a88c333,BR,24.453575532809065,customer,-3.608085808580828
9de73f3e6157169ad6c32b9f313c7dcb,BR,780.2632337281415,region,17.57123929193552
2395fd4999715780712fd089ccc57d50,BR,163.32876521047598,region,3.102211195924611
bc41a96f4cf87290c5447020f6ac56ba,BR,223.4860308659668,region,4.51308578855335
bc5b3f1a80f8e686a64138fa75c68d3d,BR,225.50319942660585,region,4.560394652083708
791b4a44bd8319b5598f703141db400f,BR,183.4114865275188,region,3.5732133425202335
d809ddde66fee6223df16b11231491f9,BR,163.71750047479856,region,3.111328244409368
5a902cc5a20f8cd076f116d16d5aef9d,BR,319.80728014119796,region,6.772118040965557
cd6cdd3e527f46113dcab23d5f27c0fe,BR,291.39285972613703,region,6.105711691024988
736e1922ae60d0d6a89247b851902527,BR,1406.9663680174156,region,32.269372919769864
be0cfa52def8dbec8774d5caf15b61a8,BR,172.49595502584413,region,3.317210249744261
a806770e48c22cc0c2607982f3e87e30,BR,261.3828841216923,region,5.4018846196917565
6df06dce06727e9d068f266a9b2cdaa7,BR,166.45218536908772,region,3.17546509295388
3eede5914d6b7f238a92e405cb5ef35f,BR,318.0608724611816,region,6.731159360459408
976843b1cee7809a5c79f63a3c9b3222,BR,170.82884160372444,region,3.2781112656952023
591eeea2a5c1e61b86b952cda475385a,BR,170.668319081641,region,3.27434651433085
1badd176eb41888c1a20a7614fba59e1,BR,269.1924015213668,region,5.585042041490017
17c378811f6ab30e2c7d554f2d4fbd44,BR,251.5310560796068,region,5.170828674510892
cf4659487be50c0c317cff3564c4a840,BR,550.217053525945,region,12.175942360766793
c22f4ba5610aa110fb73444de7600a2e,BR,316.33380484406695,region,6.690654264454991
e897d96adf4da16805cd6faf2913ce48,BR,165.3362637396642,region,3.149293267204104
e56d88cbec1f6fa11c71a07941433b0c,BR,252.63150565870902,region,5.196637632659285
11a6156f787eb963fb211db50db44d99,BR,356.6017498115311,region,7.635062555505398
9d878626f2f4299a286c12663698d2d8,BR,197.33633181668563,region,3.899794183765272
70d8acc0832b3dd2048b71a6fe492257,BR,306.5322609655256,region,6.4607776389786205
abb4105be6a56ad64b74e4e74d5fe4f4,BR,160.11831476880695,region,3.0269161686375603
466839bc7437c08a787345cd313ba3dd,BR,331.0303186430084,region,7.035333127319024
d839ea07a528e914f89702508023da37,BR,60.089575435335156,customer,12.866702790571658
6f4822a6ea32489ed368e0ed3276a3b1,BR,249.6395979278283,region,5.126468110241774
058e0a8627dc25b49eae4ce6ca658cb8,BR,222.91743301665915,region,4.49975040420251
05d885b852158b0280c4abe2cd5108b4,BR,201.2604305794244,region,3.9918264791661295
31419a94f3447056848ea2a664a7ef72,BR,224.1493950234924,region,4.528643736962662
a498326cbf752acac00b7d65561dcd98,BR,266.65885328125444,region,5.525622471763488
dc03cba6a1d6cf5c28d1fde5dab9a0bd,BR,393.4697117208904,region,8.499730691151811
6098632af482e77f99ea9888da679c98,BR,209.38712501068542,region,4.182422686792749
57e15c1ad29a85e248eeefad05d29453,BR,188.1227258503536,region,3.6837065271414717
db52d0bad6e4192503aaeea87004ed6a,BR,181.79272326265317,region,3.535248319725498
91b166cd6dd1eeedaae97f48691bf706,BR,168.7459168292199,region,3.2292602148589653
c40cbf2797c3b0187b41ea072dcac55f,BR,194.06205916744125,region,3.8230023276225147
706296e2ab240216ffef853d1095d04f,BR,239.39323260254972,region,4.886159041225633
076d1555fb53a89b0ef4d529e527a0f6,BR,524.7655307474122,region,11.579025156491138
41e12d2c0b4b336d20ccb6d37cffdb17,BR,279.0364935382916,region,5.815916552870189
02014f2495eef0e869616829d481d743,BR,259.6654865360284,region,5.361606315938202
76f27a60facc0c9b7ee8344eeb60c7a1,BR,185.23912247172194,region,3.6160770779336446
80db40134db34fa301d8a9c17b307a00,BR,416.8460457500792,region,9.047978278391918
c41fcb90e5c4e310d014634135fb1279,BR,91.74925840528805,customer,-25.8077994428937
1db1615a718127dbe9a9fd7546b893a9,BR,374.47583594520887,region,8.054265352003544
b0742e6cd15cd84cf91b637b0b601d77,BR,301.0667591895276,region,6.332594658789943
dba3d308cfb77b3fcc46a50e560080bb,BR,367.126612042593,region,7.881903241346439
419aa3b89330662c6c903d25b3be8619,BR,408.18556558273355,region,8.844863138517574
addf0ea6869d5d39c736e7229ac38ecf,BR,170.3627460877954,region,3.2671798792035283
af49eb64bd96a66df6582e592168e004,BR,178.13164935537637,region,3.449384773548156
193d998b23a996345ca322516b2d5af3,BR,382.58125630727807,region,8.24436261667826
5448a97fc343f6f23807effd01938241,BR,169.5156513327044,region,3.2473128780277887
185e7ea81e4cf0fc1d2f4e8e38e8e7e3,BR,175.20743184465135,region,3.380802796886698
a6a5d5673d42186a8b8b94ad29b59897,BR,241.24020860965447,region,4.9294763611407735
2e2cbb3249517eed43f1192508daa71a,BR,203.55222803326646,region,4.045576242621043
3fde74c28a3d5d618c00f26d51baafa0,BR,524.7655307474122,region,11.579025156491138
76798592e95b1f75ed2b348e55ba742d,BR,161.12206403340107,region,3.050457204277307
4213713318b5b2f35bb219d5883c7de3,BR,172.72996978695375,region,3.3226986222151846
53d6fdda7e6cd60c16d5051f00ac2af3,BR,236.92544057630295,region,4.828281658804985
2ff4dba9b7e65ee15034ed2b0004048d,BR,196.02894356453606,region,3.8691318714483764
5d052bba15113c0ee4700d9916844605,BR,172.7377058121144,region,3.3228800560158764
5fdb25268d3028c4872e585c474d0f9f,BR,168.67822660906424,region,3.227672669102913
abf0f8d4869d920b5c42d4766c4e0712,BR,183.6571053263694,region,3.5789738656921943
d4148052141383039b68bbb6bd525f3b,BR,240.8011891817877,region,4.91917999295152
73863aca434e1d117e45109bea6f1937,BR,356.19560849059707,region,7.625537280969084
9174fca54bbd6e4bef29bd8cebea449a,BR,164.12170778944244,region,3.120808160495509
f1860618b7674572f1f08801ab36833f,BR,258.84933588158003,region,5.342465049965229
6fd59e3ae7e24c50131f6bc97c4c7776,BR,563.4688646261353,region,12.486738461351655
fd8a4ea811ee69bff03043467e89ae9f,BR,269.04541704331444,region,5.581594799276875
84a4e538df041790d785fef8def30d62,BR,169.16172818160473,region,3.239012281646143
fefacc66af859508bf1a7934eab1e97f,BR,1338.7597681822701,region,30.66971645752142
b96f5299909903eedc435d396f90f726,BR,255.92705237714517,region,5.273928431753943
7f2c22c54cbae55091a09a9653fd2b8a,BR,202.7399453913984,region,4.0265256935484155
7a8cc403293bdadea04f2c93aeb91a4c,BR,439.0155598542069,region,9.567922192724124
e8e35dc6e0c36ff56ab31bb1f55a3d8a,BR,190.91543093334758,region,3.7492041291911704
477506ed85684990371c7d22a1f5a75d,BR,168.05160857105173,region,3.2129765312468868
7ea04d381a2ba7d7f14be55b878830a5,BR,398.4439758991872,region,8.616392624996564
305c64156d718f215d3d7cdc8be8b39c,BR,218.01859508367866,region,4.3848574499145
aa29fcf45dcd013f2668ede0eaf806ac,BR,166.06345010476514,region,3.1663480444691228
fcf50b257e3e35c31244d4d78b760c44,BR,162.90328382664032,region,3.092232336886568
d3782eb2976abf986175941c51364aab,BR,202.8076356115541,region,4.028113239304469
83d9d9a85946d3089b6b360120a54dcf,BR,278.35572332415455,region,5.79995037840932
e44bc38d6b4a533a8bdf31db140f2d01,BR,194.27479985935906,region,3.8279917571415356
b5ae10bf67afb6e14718789096f22787,BR,207.9288842679032,region,4.148222415362365
da85428cfb68160e03c36d5555452e04,BR,323.38132376541745,region,6.855940456885117
93cc36bf4196b96bdce3e51703f13f5f,BR,176.6618045748532,region,3.414912351416735
612d140e314dab491efb33ec8219c2ee,BR,43.34881698769237,customer,3.7658012063991593
76754c0e642c8f99a8c3fcb8a14ac700,BR,284.59095960363703,region,5.946186021766821
20316f53ea8065f870f90eb423b39b1a,BR,80.88594507344777,customer,4.3596951738209535
404ae63d165e7de5dd0bade9787b50c0,BR,275.70420070034237,region,5.737763943222244
912343626f370ead5ef2e85a9d757e22,BR,627.167295798913,region,13.980664376247015
372f8e1a08cbd807194b89b3c31a448a,BR,450.31402460133364,region,9.832906258634335
f92b34d1e66d16dfe85adfbf914dee86,BR,359.55110940402824,region,7.704234192019104
b30daa3083a4f16474a6976ca25d520f,BR,405.0660134367021,region,8.77169995838865
b0ea87e8402211c896c8d6b4b2001c7c,BR,49.88189023585981,customer,11.870238463920723
bdbcb0e21f0d85538d17911900b26610,BR,216.5893644352489,region,4.35133755523671
20643f3f5e6c738074425d5ea256551a,BR,242.02928317604062,region,4.947982608811326
ec0731e8ffcfd31006b6653b5c0fe392,BR,217.68207798919045,region,4.37696507958441
858d458b39082890e96fbb1fed8c2a52,BR,258.84933588158003,region,5.342465049965229
987f3d9ad096993454ef3c2c4d9f7a68,BR,393.2763110918742,region,8.495194846134519
ceed0f54453282dec0cc7c591237d5b6,BR,271.1186717863681,region,5.630219057862246
80176445f6976a30f014195eb46053c1,BR,162.7272892542356,region,3.0881047179208325
2a2bc83b78d61f7b6c3a3e00c9b94956,BR,333.73986145552544,region,7.098880316011288
9a14984b8e92e2c06592b0de08ae9fb3,BR,184.66859061612413,region,3.6026963351326327
878b914d30233eb8a3e4ff4465a4ef49,BR,198.72108032044164,region,3.9322708340890835
2ea42a9244db919209a5b414c749a085,BR,57.74169179907841,customer,5.0085897973172075
4986ad26a712831bf15208292d72e96d,BR,245.5220985360733,region,5.0298999698236235
ed71a9aee36ef0c221b57bde3a044f6c,BR,208.66380665816482,region,4.165458626428077
6852a9d0c08f5a070ce88d62b4a59321,BR,247.7694138452416,region,5.082606488924558
80d272bb80e9d81f0868fae8f7848081,BR,180.2107061173006,region,3.498145107484047
34d8085664591b6233e939572becebb9,BR,256.7818831573968,region,5.293976866730375
78cb9a560d2efd85da4adc637aab727f,BR,254.49588772242527,region,5.240363178625982
61016e853ed7b77d222e5a2c38d4a7bb,BR,384.859515717089,region,8.297794870981962
0b339dee90210409b715a9f2b6af29a7,BR,225.58829570337298,region,4.562390423891316
882af1e2ad3e4b132d4b23c429843dc8,BR,200.32243752869581,customer,7.396643577358698
5cae141c3dd545d1d08687790cf11e33,BR,391.93411072650173,region,8.46371608171451
a87ac74e82a6dc5d976c350530f2655b,BR,176.1841050211832,region,3.4037088142240237
9a817712555d1bbd18414531f1211275,BR,260.83169232899616,region,5.388957461392474
fe579bd413f722e51bc98182441e135c,BR,383.07055989868905,region,8.25583830457201
0d73da8896404cedc9b3a6e25e6d94b6,BR,166.06345010476514,region,3.1663480444691228
633ab17bf4665666fdef150a01469e84,BR,422.30961351978704,region,9.176115900130423
2ec398158cb686267b1f4b102129098e,BR,545.14608903314,region,12.057012504413391
47a5dd9a5772c85c82fbfc11a43a1f6c,BR,254.31215712485985,region,5.236054125859554
edcae211fcaaccf2cfd426f297ebd700,BR,264.4753601796615,region,5.47441278151826
bd2fef198085db0b586b9c71aa2d35da,BR,584.8589741953277,region,12.988402920264173
3e8a5d7a9c694f157149b42fcba7a059,BR,168.82907909969688,region,3.2312106282164015
e11fec6c25945565c1ef4f14fc3c03b7,BR,385.9677013213518,region,8.323785262931045
77474f59024d12a846fb80577dd24ee4,BR,195.58799013037913,region,3.8587901448089506
cc68db472e6aa971b19ecb519fbc486e,BR,243.2902552772263,region,4.977556318324072
70623d7ff2e126f3688dba1042ec9531,BR,284.59095960363703,region,5.946186021766821
fc174f22ce400b79551344335ef7d9d9,BR,171.03191226419148,region,3.2828739029633596
9e52d9230d988c8181ad2875607939b5,BR,205.2986357132828,region,4.086534923127191
92ce98dde4657a2abb32411bacc29e60,BR,204.59465742366385,region,4.070024447264249
192162688f179d526243e303ed01abe6,BR,208.01398054467032,region,4.1502181871699735
eefc2dca61d7ccab611eb2ef18eea94b,BR,163.75231258802148,region,3.1121446965124813
a0d35026fbeae4c918e39e0ac44e637c,BR,161.71386995819066,region,3.064336890030221
166848a10d57ced4d9e4b34c593b5627,BR,345.7461725048515,region,7.380465574684787
583ad689dbd7bd2d996f11aa82865ae5,BR,173.3585218312564,region,3.3374401185213842
4a21e3eb07861993fbaae74314b0d224,BR,284.7766242074926,region,5.950540432983422
a951336e450bb85ef1cd906edbcbb270,BR,220.49992515395655,region,4.443052341486358
541431,UK,105306.12801779126,customer,4.3897857732911705
C541433,UK,-105306.12801779126,customer,-4.388862614428078
533162,UK,1159.7050256158375,customer,-3.1335438602080403
571034,UK,3925.055768168144,customer,4.570319344058719
563854,UK,851.250775979098,customer,3.714817618084452
522773,UK,1718.3826890148648,customer,12.04637206764872
538826,UK,2170.4493515884546,customer,3.57992308666995
506579,UK,1894.4668426689595,customer,3.5861409825214645
C497951,UK,-2058.3399845827453,customer,-3.544893909542749
563100,UK,1731.016651999809,customer,6.9007588635499015
530272,UK,1187.401510345251,customer,5.04680066858099
C530933,UK,-30.97094597821119,customer,-3.4334815755931563
504714,UK,1535.504028269515,customer,5.530347354720573
C572187,UK,-24.558459365982444,customer,-6.43669187606731
543180,UK,853.1745219627666,customer,3.5275843016439525
540365,UK,653.8689806192826,customer,3.4158509736227587
556917,UK,31074.541745970037,customer,3.0303328879470466
C504319,UK,-5.798525128079188,customer,-4.360348323039954
C507055,UK,-903.546650840104,customer,-3.621233426692619
C525463,UK,-82.6801465321409,customer,-9.95994866584684
C499888,UK,-46.11532925390037,customer,-7.8598609179415435
536861,UK,828.1658241750746,customer,3.1482795706801934
545227,UK,3376.2697064581926,customer,3.808842422438312
538003,UK,3496.8517419451673,customer,4.655434327838586
494511,UK,1467.0541445811086,customer,3.3101102197187102
557472,UK,3904.8769007224287,customer,6.8918451050501846
497360,UK,2572.648698060566,customer,8.91346721863947
C521818,UK,-124.2248736262612,customer,-3.7481102872363374
557621,UK,2551.6239281255753,customer,7.583227905051279
528884,UK,122.79229682991222,customer,-3.6003940805102257
C564134,UK,-37.042342877023515,customer,-5.7978694446154515
503985,UK,2576.3324669654617,customer,6.907854522296861
538174,UK,2704.7186350954025,customer,3.877753566874455
569640,UK,2927.068197477302,customer,4.303144701753828
581179,UK,3054.1309375191854,customer,4.553461233904303
537201,UK,4451.357195969682,customer,5.494879747694951
578472,UK,2388.255598987646,customer,3.1068740607047713
C526803,UK,-40.58967589655431,customer,-3.6597052800291747
504146,UK,4051.6000518456367,customer,4.931510638606964
565854,UK,1413.2301878039966,customer,3.3654051918565524
530799,UK,5448.75809235345,customer,5.883667398530169
572134,UK,1496.2241368724804,customer,4.748447535345902
565519,UK,1490.3573938017178,customer,4.392864845421419
546365,UK,1347.1952192865776,customer,3.0697170296227605
507130,UK,699.1384073839101,customer,3.4708403850078238
499777,UK,772.8137854818573,customer,4.836426393650986
495310,UK,2466.733520250496,customer,22.117650749827558
489526,UK,1268.7445852007997,customer,4.39335754323226
C573079,UK,-11354.358103268323,customer,-6.0332307998850325
C542348,UK,-2341.0351390622764,customer,-4.558658374395086
C569422,UK,-27.287177073313824,customer,-3.3477291724714435
560590,UK,1763.1745901807094,customer,3.2869170442650337
537065,UK,4166.533641678436,customer,4.666384632373575
536370,UK,2335.4003369966363,customer,5.295371244724953
C521041,UK,-1440.4218597575534,customer,-3.173943457477726
552978,UK,12744.83078539318,customer,40.40469723707699
532795,UK,274.4407834148538,customer,-3.0521810028536507
573362,UK,2969.458827060696,customer,4.683591161034435
562528,UK,1291.7067447079933,customer,4.557591854773791
571065,UK,2567.5323523593174,customer,3.5138685284875324
C558897,UK,-531.6633580964466,customer,-3.1836944021033404
494214,UK,2155.3049683127656,customer,7.24923334045156
C543050,UK,-94.82294032976552,customer,-4.113012695458466
514387,UK,3023.9513196761013,customer,5.014098102143851
566233,UK,1371.9174017149987,customer,3.824440668219857
567293,UK,1043.1751359242508,customer,4.398121586041572
503810,UK,3019.5990149329077,customer,3.1313990808596612
494357,UK,1887.4676817496536,customer,3.151671363837931
544108,UK,1062.9719828909401,customer,-3.5052380677777126
C579192,UK,-670.0639202122943,customer,-4.120289688627263
C548914,UK,-1550.320965420325,customer,-6.543803340752539
C576908,UK,-13.507152651290344,customer,-3.4728913562372736
530433,UK,845.2203098458958,customer,3.724988146040779
526222,UK,932.934940548063,customer,3.2375211972085216
573153,UK,12137.008916085115,customer,4.7460789099423755
534364,UK,2560.233032492207,customer,3.2538061306788744
537463,UK,2820.18432488113,customer,3.8324083799602455
538093,UK,2016.6588216032585,customer,4.518303385664576
538008,UK,2317.22707706581,customer,3.48343509979318
565930,UK,1442.3728929182955,customer,6.185023566000919
514682,UK,790.4413018712181,customer,4.465493962878421
527123,UK,1328.4489286372107,customer,3.311905725100752
C495767,UK,-69.25485541207048,customer,-4.381370341436524
495360,UK,760.6709916842326,customer,4.232575152664094
501545,UK,3980.8716888716076,customer,3.1253134759941594
505335,UK,5262.604970359304,customer,4.789264838037343
516131,UK,3961.702446977604,customer,3.1034986737960226
554106,UK,980.9194414314859,customer,3.6171629521338526
C559681,UK,-68.21794268328456,customer,-3.5789444591202324
516485,UK,1124.9002312588264,customer,3.014947558041986
537212,UK,1291.7476754736033,customer,3.785602541144225
563502,UK,791.4372838343941,customer,4.026147099649736
508637,UK,300.1589478064521,customer,-3.681142913506835
575880,UK,1070.2849463465882,customer,4.0738146997173
494891,UK,1542.0256635900373,customer,3.716123439552767
C571750,UK,-8279.011385574633,customer,-3.0039373927437336
531350,UK,1522.6926986335945,customer,3.5820659631187852
537225,UK,1354.7537673358847,customer,3.1188684292758646
566281,UK,2765.146088724256,customer,7.270566173840842
568703,UK,1792.1126414669577,customer,4.338475442142313
569123,UK,1545.2046197190784,customer,3.6446067751413227
576623,UK,1775.0308686190642,customer,4.289970242278005
C566925,UK,-2496.558404791628,customer,-7.612553840039364
C573268,UK,-1237.4734802747819,customer,-3.8281833964939245
C576831,UK,-1775.0308686190642,customer,-5.370685466329117
561926,UK,2546.4802952472564,customer,3.6156149162810385
537899,UK,10353.846468698197,customer,18.259522710220686
509460,UK,1630.981860849041,customer,7.323959335680363
537818,UK,3136.0879738588847,customer,3.487556598514813
521888,UK,2585.4600276964848,customer,3.263986342628533
C543109,UK,-47.47968810756605,customer,-3.1534321165773576
545072,UK,749.3877439644175,customer,3.6649803755380237
513763,UK,1678.6116284305103,customer,4.079062324293937
537915,UK,693.176159193391,customer,3.630357879814826
494630,UK,333.1764320651618,customer,-4.785571142284543
566580,UK,942.6355319976258,customer,4.007642073086004
501442,UK,706.6696682561445,customer,3.938321391012827
503265,UK,645.1916583099687,customer,3.3761575520943805
536415,UK,1066.355592848031,customer,3.121750097873891
536859,UK,802.9251853822593,customer,4.48760135441127
C569636,UK,-199.12817469250763,customer,-3.2134455329999443
507521,UK,1360.1293412193274,customer,3.9955330259599986
511488,UK,1316.6608681415387,customer,3.7707841434143967
561595,UK,1224.9213788210577,customer,3.144985308393069
C554523,UK,-23.19410051231675,customer,-3.9081373102397445
C538971,UK,-27.505474489900337,customer,-4.526829960083775
535993,UK,1616.697023651161,customer,7.72649293275492
538086,UK,1032.9015137561485,customer,5.067629134257558
C506899,UK,-18.009536868387123,customer,-3.6074332474018638
C577750,UK,-18.214190696436976,customer,-3.9250767929484094
C552709,UK,-37.26064029361003,customer,-8.350932400932438
547706,UK,3109.1009557333773,customer,3.119113602436143
554272,UK,3879.6908362837594,customer,4.5459787223803625
C496234,UK,-9.004768434193561,customer,-6.107874481941977
567882,UK,2110.4721363813105,customer,6.477866066589998
C542693,UK,-532.0999529296196,customer,-3.702528490346628
580053,UK,840.8816486912388,customer,3.438299274481911
C547838,UK,-32.47174071724345,customer,-4.284434963527164
491104,UK,2118.7128638574522,customer,3.257086242944406
502263,UK,14944.504703627148,region,6.717666023143362
579843,UK,1839.9470628764782,customer,3.28241122187985
509982,UK,994.2765146088726,customer,5.342540106159279
562439,UK,25706.540054165052,customer,8.277750515470057
530657,UK,640.6346997387251,customer,3.1088228037390175
530753,UK,3268.6354364925064,customer,3.789140682238359
567905,UK,998.0830758105999,customer,4.337214049026278
500998,UK,2195.2670391366346,customer,3.1337810454463173
536851,UK,3733.977310712264,customer,3.8856009591610094
534822,UK,822.1762888074818,customer,3.920743204010365
503828,UK,868.5508462435789,customer,5.717934636343142
C504415,UK,-314.3482798845753,customer,-3.799130989194269
C560550,UK,-300.36360163450195,customer,-3.678371305898535
552879,UK,1007.7154493174796,customer,3.0914996014279885
504257,UK,957.738984507705,customer,3.4277424168842714
C581462,UK,-32.41716636309682,customer,-4.7772663152424215
491965,UK,678.9731835267314,customer,3.0485488822950555
544177,UK,2528.8664224464305,customer,3.5147043090648658
C518669,UK,-411.5724917967923,customer,-3.5053017528524406
536946,UK,2297.4165865105847,customer,4.270842957056059
525017,UK,2612.4743329990665,customer,8.360729973515674
571433,UK,2160.1075114776686,customer,4.026491653881023
524038,UK,1033.2426034695648,customer,3.315339111700707
C571029,UK,-48.09364959171562,customer,-4.6740445260479575
500198,UK,984.3303385656493,customer,3.0852964846931368
C506828,UK,-46.04711131121708,customer,-4.295107041050443
516494,UK,1300.4932157256003,customer,3.272543811606767
529847,UK,1068.620428545116,customer,3.0176757794444344
C533321,UK,-6.753576325645172,customer,-3.175536971431805
C576565,UK,-54.437918261261075,customer,-3.293456155042472
574328,UK,9920.717107013481,customer,4.112949551592505
509531,UK,1670.138959949246,customer,3.269472559073238
559047,UK,1743.7870508701199,customer,3.5500643841387745
C527339,UK,-1132.5815716049635,customer,-5.552155153628972
534640,UK,3611.0485779969868,customer,3.666957638640833
537393,UK,6589.962411913583,customer,8.00635907013884
565116,UK,3134.641753473998,customer,3.0575011015915825
580673,UK,5055.604445081146,customer,5.628356023714382
538005,UK,2272.476106665575,customer,3.0645716254080693
575137,UK,2501.811186378242,customer,3.66675217473278
531799,UK,4255.4352645832905,customer,3.864209718012247
533820,UK,4062.692289325938,customer,3.612797050880789
C556293,UK,-280.70319055317935,customer,-3.0236090697787024
535308,UK,1228.605147725955,customer,3.7953300502135914
554071,UK,2675.575929981104,customer,5.3036383258413125
536741,UK,551.5284230058191,customer,3.39850478769713
566789,UK,1238.619541711861,customer,3.504564917076312
506700,UK,1885.5166485889129,customer,3.9907165491570744
524185,UK,4281.412657157086,customer,4.820350567094621
536835,UK,804.9717236627579,customer,5.485531027093472
C560430,UK,-834.7966082038898,customer,-3.718104288687407
497509,UK,376.29017184099763,customer,3.096529157414983
537224,UK,3863.7824120500177,customer,7.953133371619055
562129,UK,1348.450429431949,customer,5.431735951489569
567092,UK,1466.440183096959,customer,3.4663995020166785
573179,UK,2492.5199025847774,customer,9.754024725270138
524932,UK,881.8124143012095,customer,3.8521697076089065
551014,UK,2636.2687514069953,customer,3.442564772777003
565664,UK,1058.6606089133566,customer,5.256384282283677
577506,UK,677.5542503189187,customer,4.352101553179191
529080,UK,1200.1446220384892,customer,3.401781923538056
499968,UK,2247.9585780652033,customer,6.622248824718834
C562811,UK,-541.5958905511328,customer,-3.7993714569191313
C570450,UK,-6.958230153695025,customer,-8.06549502922891
C548463,UK,-519.5478514758952,customer,-3.7108068884004206
532819,UK,708.0067399327369,customer,3.199249671852877
528735,UK,793.142732401476,customer,3.0894603533882457
C519463,UK,-10.437345230542537,customer,-3.3431699271753
515956,UK,909.4816118535499,customer,3.5799038094466957
502240,UK,581.5852485520743,customer,3.469703774942252
526510,UK,989.1874560846994,customer,3.9873576091763296
517251,UK,734.7891042301944,customer,3.4313811257791884
554013,UK,1111.8842477948551,customer,4.6148874947371095
569493,UK,1309.3751918629641,customer,3.57181893503286
537889,UK,1829.5506484115454,customer,3.4501998457084055
575656,UK,2532.236388814987,customer,5.6697632508215605
566255,UK,2432.979282210808,customer,4.6876994731162505
538116,UK,1869.1716295219976,customer,3.6516045719299566
525113,UK,3228.2367708354664,customer,9.818517254359941
C499203,UK,-9.209422262243416,customer,-4.051645250136082
545719,UK,2259.5829154984344,customer,9.961505279158638
C572109,UK,-93.32214559073329,customer,-3.5536590026113
574678,UK,2080.333449303836,customer,3.805358712619645
527971,UK,2892.563562068095,customer,4.541899942486876
C567349,UK,-7.845063408577724,customer,-7.67773379304468
575701,UK,1328.5035029913565,customer,4.4849357001870285
498049,UK,1888.2999406503895,customer,3.742884909697138
497935,UK,2027.5204824372906,customer,3.127044860777617
536394,UK,2796.0624603483207,customer,4.948571839940683
493980,UK,821.071158136013,customer,4.151639453975424
C490991,UK,-16.235870358621725,customer,-3.4849325291526285
491622,UK,659.5583570390684,customer,4.193158236516397
536624,UK,1666.2641808048354,customer,3.7397081445978113
555368,UK,1965.9046722468952,customer,10.201939488170995
503956,UK,711.5677165408047,customer,3.0129616496021363
C576241,UK,-33.98617904481237,customer,-3.6649369561030163
530308,UK,579.4568487403558,customer,3.5895602465416374
537802,UK,1890.8376481182074,customer,6.746497756248603
C556269,UK,-39.429970870938476,customer,-3.041352047932037
515758,UK,2634.3040746577167,customer,7.1312329749434005
531971,UK,1529.6372851987535,customer,3.3624183724244436
536562,UK,842.2187203678311,customer,4.316761286246548
581430,UK,125.84846066212337,customer,-4.848287895437332
547413,UK,804.1531083505583,customer,3.3222884341190935
501541,UK,1671.612467511206,customer,5.539238894672268
519718,UK,528.4980455559421,customer,3.7356246502759065
537604,UK,3770.869574115384,customer,5.975261566860585
538903,UK,683.557429275048,customer,4.715001065416577
498104,UK,1265.1290342385855,customer,6.01998254479369
568650,UK,2470.1853481502712,customer,3.2399814957126694
577310,UK,1049.1919584689165,customer,3.4532774020141823
556503,UK,1503.3324465000785,customer,3.2504562776045036
489560,UK,1172.1206911841953,customer,3.7368067900237874
537840,UK,833.4868237043709,customer,3.27612965736368
531477,UK,989.8969226886055,customer,3.4524478919108654
C526670,UK,-91.88956879438432,customer,-5.590701914311752
C504706,UK,-48.29830341976547,customer,-3.191786245460725
568510,UK,2310.814590453581,customer,3.313881471217294
525020,UK,1389.4084822189936,customer,4.400805423298198
571566,UK,541.6095341396694,customer,4.232496124031006
496626,UK,1426.368963564797,customer,4.248196612806846
C532540,UK,-24.149151709882737,customer,-4.010334521623278
516610,UK,2385.676960754218,customer,3.3757978945110243
489830,UK,869.1511641391918,customer,3.5942922134755717
C536080,UK,-23.94449788183288,customer,-3.8536712015785657
553550,UK,1159.7050256158375,customer,3.117327775835974
C508384,UK,-755.7456562224997,customer,-5.286666622926047
C579891,UK,-36.48295574702058,customer,-4.141421904121888
525883,UK,1054.6630374721165,customer,3.0233507291284965
528629,UK,2554.680091957786,customer,4.9061034123788625
541843,UK,1426.3007456221137,customer,3.4147591410624933
526897,UK,1246.341812823609,customer,3.6185301265802927
518847,UK,1624.5011562941284,customer,3.932680732025343
544283,UK,1543.7174685685827,customer,3.606199333836548
C540417,UK,-2073.9755370457538,customer,-7.870543197610027
524174,UK,16209.729242985488,region,7.306331383899504
491812,UK,18902.100430455204,customer,10.931937264195296
C528449,UK,-444.8628478262353,customer,-4.7567090395480225
525571,UK,1773.4618559373491,customer,4.300052958163008
493873,UK,803.7028699288486,customer,5.637699264856485
545398,UK,1996.6982515741297,customer,3.02760622337727
543193,UK,1292.934667676292,customer,8.429915539956209
C514154,UK,-20.260728976935518,customer,-3.1686759447276422
C536215,UK,-32.376235597486854,customer,-3.347719020167434
533953,UK,1433.613709077762,customer,3.1800801954318754
537509,UK,1453.8607944661608,customer,3.278161864937242
C553880,UK,-418.47614759634075,customer,-5.512368576279333
524837,UK,4361.145788565308,customer,4.176098297519586
537179,UK,2200.110513067147,customer,3.692089856451993
575703,UK,2367.5719187660743,customer,4.116386554994754
491048,UK,708.6752757710333,customer,3.6747823772210992
C531823,UK,-26.604997646480978,customer,-3.3429701529375317
489675,UK,6738.868537202655,customer,3.6237793428249323
536576,UK,6981.205956790755,customer,3.8079668302441294
576374,UK,8542.114346915529,customer,5.121919401525008
558062,UK,824.0181732599309,customer,3.342182382209289
C506722,UK,-828.8889343675173,customer,-4.568643659434546
521571,UK,557.3815224880448,customer,3.2538097568220543
C573092,UK,-638.9565383487165,customer,-6.850949720670402
C499978,UK,-15.007947390322604,customer,-4.689504635637718
508501,UK,5022.204940343408,customer,5.273465918075335
516153,UK,3846.34590590017,customer,3.6157220601255884
520063,UK,3841.065837136483,customer,3.6087946365853383
538353,UK,5133.61848433375,customer,5.445229196355574
C508421,UK,-839.8993103165994,customer,-4.972857316111007
C503601,UK,-27.01430530258068,customer,-3.2440984746570853
C571220,UK,-817.9331327725819,customer,-6.08235947015456
569861,UK,507.11854231900077,customer,3.162930745649726
C491591,UK,-15.349037103739027,customer,-4.809730306447212
C532561,UK,-32.33530483187688,customer,-3.0105968203773257
C535360,UK,-61.25971252958954,customer,-3.6432865918126627
549735,UK,899.5217922217902,customer,3.2882312994967244
526936,UK,1397.5400609868407,customer,3.081161910785904
537042,UK,649.7349732926749,customer,3.4469568750192154
C549430,UK,-23.80806199646631,customer,-3.364750109778241
C526511,UK,-34.79115076847513,customer,-3.6666779263458062
571272,UK,1748.4668017381932,customer,4.63099897161111
516194,UK,6402.8269515447955,customer,4.5449044275357435
573023,UK,669.2862356657048,customer,3.0914046174243914
508105,UK,716.6158442993677,customer,3.56401450401191
558862,UK,2129.8869628689745,customer,6.669661146108645
497946,UK,23157.399259153142,customer,4.1609830770122604
559836,UK,704.1728915539366,customer,3.3934709439267063
512606,UK,842.1777896022213,customer,3.1293012465340406
C514145,UK,-54.30148237589451,customer,-5.181794761254087
568701,UK,926.4405924046142,customer,3.6792421580959087
501482,UK,575.8822285437516,customer,-4.598775088407892
530296,UK,984.0847539719902,customer,7.555128205128208
525239,UK,737.7906937082594,customer,4.962695351843733
536617,UK,2988.2733356527438,customer,4.505661138065135
509037,UK,1364.3588536656912,customer,4.977267893363223
516112,UK,2688.1553186119017,customer,5.126723098221519
C513954,UK,-153.14928132397384,customer,-3.147709717746901
493707,UK,802.6659572000628,customer,3.306314141021631
573130,UK,1643.1792290008113,customer,3.038719387914232
532297,UK,1683.277735710047,customer,3.3220866730484584
494482,UK,1543.9357659851696,customer,4.498348748673302
C559345,UK,-590.0579170333382,customer,-5.956721987474043
568782,UK,1389.2174719794803,customer,3.5107916750455526
568593,UK,1721.5616451439057,customer,3.44473062504822
550158,UK,1223.3796533164152,customer,4.6502306796278905
579672,UK,2588.243319757963,customer,19.33805900007152
509415,UK,479.02639352202414,customer,3.047391477499005
535016,UK,596.7023446506901,customer,3.24843099999561
535801,UK,1591.3472361500521,customer,6.786714510764914
C566956,UK,-30.902728035527904,customer,-4.732943810975062
526859,UK,713.1367292225202,customer,3.9650781450071944
537859,UK,1829.7416586510587,customer,3.854386811476174
536804,UK,4677.704329792822,customer,3.9839580746016914
559017,UK,621.0152194230126,customer,3.363179362795497
529603,UK,924.7897181916788,customer,3.606266722164022
506581,UK,3127.7653848515233,customer,3.052163011140955
C518284,UK,-1827.6951203705598,customer,-3.219907529391721
492380,UK,374.2709207375725,customer,-3.410867865519958
523592,UK,1401.2511170688117,customer,4.186410536004883
530648,UK,4941.243885966887,customer,4.150231068862915
C505391,UK,-31.925997175777173,customer,-3.2247182997286368
C549786,UK,-179.29039696020848,customer,-3.4705954603550655
536945,UK,844.647279127356,customer,4.2875583390027225
493994,UK,7531.260872234616,region,3.268539232895445
C511671,UK,-73.67537809794733,customer,-3.273978165254704
575512,UK,1701.9148776511195,customer,3.051503481798352
579412,UK,455.5867084160477,customer,-9.431353403851446
523768,UK,3511.368520148169,customer,5.355959371563224
C561810,UK,-810.4291590774205,customer,-6.83478817885825
C542426,UK,-1693.756011706199,customer,-3.3110372084548803
C510211,UK,-736.7537809794733,customer,-3.742358046273214
551548,UK,609.3499512241711,customer,6.2855896212694145
493819,UK,60102.19047813957,customer,15.771109712326666
515187,UK,24552.83820750533,customer,4.279560837443816
541220,UK,22886.737749762942,customer,3.9380387054843875
561901,UK,18370.08233905682,customer,3.041618025827788
493981,UK,4985.885707658829,customer,5.489512514692358
570598,UK,2750.9704002346703,customer,3.4652011895119297
532004,UK,947.137916214723,customer,6.490229541466487
528162,UK,658.4122956019892,customer,3.0267549731928236
533080,UK,1158.436171881928,customer,3.422160768304035
577050,UK,1007.8109544372361,customer,3.125094797898421
526486,UK,796.3080449419807,customer,3.9270086047196218
C538059,UK,-649.9805578863352,customer,-5.750143875281528
495072,UK,1137.220391707427,customer,3.170910142494133
514119,UK,568.3918984371269,customer,3.7573355974536407
C494949,UK,-29.879458895278635,customer,-4.586247159040541
510498,UK,1778.8237862322549,customer,4.044697933634504
571735,UK,1071.1172052473241,customer,3.1472258159746054
519817,UK,3493.3044089256373,customer,14.237308912412539
566271,UK,1676.565090150012,customer,9.151042201458067
571033,UK,1718.3554018377922,customer,10.292361433779721
512002,UK,1365.2183997435006,customer,10.691993266103154
494395,UK,1300.9161669702373,customer,3.16158233934203
511610,UK,735.1165503550742,customer,3.1005166744950685
518505,UK,16209.729242985488,customer,3.7363116829014174
C524235,UK,-16209.729242985492,customer,-4.170299333922569
537593,UK,1558.0978108862193,customer,4.492934243307674
499011,UK,961.0543765221128,customer,3.347813477876869
568149,UK,1702.07860071356,customer,4.16520977032116
507235,UK,8680.010096255513,customer,4.690803523870199
565150,UK,7627.680112423172,customer,3.871328858546098
571653,UK,7307.069425400276,customer,3.637010612434073
489723,UK,2799.8280907844382,customer,4.584533921296728
566788,UK,2323.421266261452,customer,11.082222275721708
536408,UK,2136.8861237882784,customer,5.624357190598608
516891,UK,1071.4719385492774,customer,4.537673807570188
572843,UK,1270.190805585685,customer,3.6328164578946036
C550534,UK,-23.19410051231675,customer,-3.0443745089773055
541215,UK,2111.4544747559507,customer,3.2466481810966963
560122,UK,162.41327794036388,customer,-3.162716822756884
554935,UK,791.2872043604908,customer,3.311076163001141
572741,UK,1087.6668781422889,customer,5.1020033960155455
537332,UK,880.8300759265703,customer,4.724387397234558
566477,UK,659.5174262734585,customer,3.2780493070541117
565726,UK,1548.1243476659226,customer,3.8476029567844447
505061,UK,805.4492492615407,customer,3.14010613089477
532351,UK,818.6835301420978,customer,4.373342724423724
569692,UK,999.147275716459,customer,4.130112773590996
C496687,UK,-20.465382804985367,customer,-3.225653917208918
491810,UK,845.452250851019,customer,3.053121700733968
549127,UK,1078.7985455934622,customer,5.494007243481296
559865,UK,1482.8261329294835,customer,3.2402149993573297
535803,UK,1481.5572791955742,customer,6.544713262239516
C574499,UK,-11.869922026891512,customer,-3.3947552177998586
536058,UK,1231.1292116052364,customer,7.5983453830302885
494639,UK,1330.2498823240483,customer,4.2842516927445855
530139,UK,2551.501135828748,customer,3.378916834332505
574304,UK,694.254002687787,customer,4.128951255932087
522047,UK,2019.155598305467,customer,4.863853018204958
538014,UK,1791.9489184045192,customer,3.4975157263842958
530299,UK,1031.2097087776026,customer,4.785889804783753
566290,UK,1117.3143960324462,customer,3.6430555622994962
C513477,UK,-49.9355340441643,customer,-3.2054460818600643
505973,UK,1206.3933855882774,customer,4.194167850796205
526407,UK,1069.5209053885353,customer,3.0191954475650142
C573024,UK,-13.575370593973627,customer,-7.102101116217999
C503440,UK,-513.2308699834231,customer,-4.902663377712477
C516459,UK,-393.0035677984024,customer,-3.073241232700253
543161,UK,648.5752682670595,customer,3.117617596727744
577472,UK,1435.087216639721,customer,4.392739030659806
C573949,UK,-64.67060966375377,customer,-3.6759172902565904
527891,UK,809.6651181193678,customer,3.684381701940306
489792,UK,1260.3810654278293,customer,4.193633594990349
490286,UK,1039.7778823786232,customer,3.277895180480475
492342,UK,1667.2055884138651,customer,6.03711006245561
492738,UK,1378.7528395718643,customer,4.706147092102278
569651,UK,1016.9521587567966,customer,4.04183345233501
528070,UK,2105.478582976895,customer,3.199885668449854
C529612,UK,-2105.478582976895,customer,-4.867970066250227
575959,UK,1524.09798825287,customer,4.100582897588889
576779,UK,1663.4945323318943,customer,3.1495563162247717
C559983,UK,-356.5069684628451,customer,-3.2254594218640187
524864,UK,2205.40422541937,customer,3.154345427970352
527759,UK,1638.7314191378625,customer,3.4260227530684744
536846,UK,1127.2332848985945,customer,7.201476171283389
530288,UK,1090.6957547974268,customer,4.0237597464387616
536000,UK,595.6381447448309,customer,3.0097102028546936
C565848,UK,-306.2576318823377,customer,-3.2076498533279625
C572343,UK,-4023.87627993915,customer,-3.9049143863717584
512567,UK,1223.5570199673919,customer,3.4543078388743695
C574339,UK,-27.014305302580688,customer,-3.984081388390191
512458,UK,2292.586756168608,customer,11.310353618572973
495591,UK,25337.344548363108,customer,3.627120562725112
518673,UK,22488.726984971592,customer,3.1033768728431976
563076,UK,26128.37252454139,customer,3.7755048220705834
572035,UK,27666.35968592459,customer,4.0681170582486175
542526,UK,809.2967412288783,customer,3.031145377225496
C570290,UK,-763.3860658030276,customer,-4.106323765170164
538077,UK,1872.3096548854282,customer,3.907431665272519
489814,UK,1124.47728001419,customer,4.533581236776159
523200,UK,4408.611833084339,customer,10.68072524510728
536938,UK,4586.647019899175,customer,3.428830046392323
559465,UK,4925.062589962412,customer,3.789068997661743
525750,UK,1168.764368404178,customer,5.401920731894394
536378,UK,1214.2248054083188,customer,3.9050609779872834
C566467,UK,-538.7170933698982,customer,-3.342030188929734
565410,UK,1139.3487915191454,customer,3.4784098595768964
C490700,UK,-92.09422262243416,customer,-3.3701102447847657
571850,UK,679.5052834796609,customer,3.513884672939048
518748,UK,465.75118187585707,customer,-3.3203501746220203
538168,UK,869.6423333265114,customer,3.476168165474076
537350,UK,1143.4964424342893,customer,3.619568244662573
550890,UK,718.3349364549864,customer,3.4424539885156675
538167,UK,815.7501586067165,customer,3.1494602527017466
576538,UK,979.7188056402596,customer,3.9564397203809483
C511965,UK,-241.21864532809423,customer,-3.278108087263776
536520,UK,855.4257140713149,customer,3.6017758046614876
537484,UK,4993.607978770577,customer,4.225355640199804
522145,UK,923.3980721609399,customer,3.0673074817824344
527713,UK,929.8105587731689,customer,3.1025856579580817
530708,UK,3260.299203896609,customer,8.593392759900242
537627,UK,1947.976996909727,customer,4.3736222718505235
509751,UK,1295.540593086794,customer,3.539666442023357
537242,UK,1124.8320133161428,customer,3.0976088278096565
563741,UK,407.39755370457544,customer,-3.992836441187708
511038,UK,1800.3124381774894,customer,3.251713431474981
567183,UK,5245.741494927992,customer,4.754546048797643
499284,UK,1277.4219075101134,customer,3.0791951635314327
C571695,UK,-450.5658678345578,customer,-3.3506448816050174
C580701,UK,-20.260728976935518,customer,-3.9042401143401624
537692,UK,1831.5426123378973,customer,4.867598339961641
537067,UK,74.90330106624646,customer,-3.401266116155378
531468,UK,722.7008847867165,customer,3.2472360884224654
531791,UK,1249.8209279004561,customer,3.1316607438961586
555158,UK,1880.741392601083,customer,3.3821240106642985
529358,UK,1002.4626677308667,customer,3.4112413930878573
527375,UK,958.5848869969777,customer,3.4595061722600806
516378,UK,4199.7830669422665,customer,4.211409854488583
571123,UK,1368.8203071171781,customer,5.903270654478469
567385,UK,7694.329042424737,customer,5.122366010057617
504577,UK,726.466515222834,customer,3.277983693150156
531251,UK,1118.4331702924505,customer,3.920799397744934
520214,UK,5407.99104980592,customer,6.0639557159310336
537464,UK,1686.5385533703077,customer,3.880762731734688
509581,UK,1027.062057862459,customer,3.505503285117814
495073,UK,4898.14378977959,customer,4.044657498421504
524147,UK,5168.027614623199,customer,4.315351699781562
524155,UK,5168.027614623198,customer,4.315351699781561
525037,UK,6307.894862506733,customer,5.48016044878924
529203,UK,4206.482068913766,customer,3.3582890422651714
536975,UK,4654.237357509772,customer,3.801466310814442
561645,UK,5928.275655062795,customer,5.08802658907238
562374,UK,5928.2756550627955,customer,5.08802658907238
571937,UK,3896.799896308726,customer,3.054007235652807
C524154,UK,-5168.027614623197,customer,-5.799758876306937
C562375,UK,-5928.2756550627955,customer,-6.608383816006733
C504849,UK,-901.6501920335087,customer,-3.0083113044356846
522298,UK,1612.5220855589448,customer,5.043171998449796
511798,UK,69.58230153695025,customer,-4.045426604766362
C523427,UK,-1207.4575854941368,customer,-5.196152422706632
498362,UK,2607.2351950009893,customer,3.4297990391645286
568781,UK,3418.864989869636,customer,5.550472782579275
C512898,UK,-412.15916610386864,customer,-3.132753696634194
C513587,UK,-1078.1845841093125,customer,-3.4345407691108436
526512,UK,369.4683775726692,customer,3.088657751362062
537606,UK,1723.594539835868,customer,6.134462690303312
537608,UK,1212.6967234922136,customer,3.6974529475735474
C512272,UK,-370.98281590023805,customer,-4.0982417692600075
537793,UK,7495.105362612473,customer,5.307281515059347
512397,UK,1805.2104864621494,customer,3.347444266133821
562378,UK,1286.6859041265036,customer,4.080135640078079
532582,UK,7365.13653821228,customer,3.3769375228569434
536783,UK,11123.563159582236,customer,5.900669237645609
536785,UK,7452.018910013712,customer,3.4298261118023645
538191,UK,7333.810858932116,customer,3.357914953551533
558315,UK,1981.5265811213665,customer,3.793225425578991
546038,UK,803.1571263873823,customer,3.2008037267653364
C555636,UK,-588.0113787528395,customer,-8.102075250251042
557319,UK,1201.7954962514245,customer,3.0708491215195033
517764,UK,2121.032273908684,customer,3.0643996326857907
502245,UK,1388.1396284850844,customer,4.114633430159473
569336,UK,1179.0652777493535,customer,4.600544855549924
562219,UK,1666.6462012838624,customer,6.961009065571661
554039,UK,1051.2384967494152,customer,3.266139816255386
507006,UK,876.6960685999634,customer,3.3352379277343838
515174,UK,704.5685556214997,customer,3.3438921591212476
C558080,UK,-33.97253545627571,customer,-3.8727351164797086
560783,UK,923.3980721609397,customer,3.4121191571757645
C549921,UK,-28.924407697712653,customer,-3.1111147937760837
569401,UK,1295.1858597848409,customer,3.6504962366550444
575367,UK,693.4763181411972,customer,3.025472937786775
546438,UK,5240.338633867481,customer,6.655420227297447
572091,UK,887.7473753146555,customer,3.452867908870865
523652,UK,1213.5153388044125,customer,3.304905832207256
C544831,UK,-18.418844524486833,customer,-3.9678856071261057
C568370,UK,-76.60874963332856,customer,-3.4705302035226926
539250,UK,1480.9569612999612,customer,3.99857061273585
C530832,UK,-229.7034566031558,customer,-4.790832401666829
572066,UK,4218.570288357245,customer,5.081037804388101
C491027,UK,-324.1716636309683,customer,-3.1123716409158737
563623,UK,1752.0004911691876,customer,4.70323154899802
574962,UK,1939.668051490903,customer,4.651207582865542
C540852,UK,-572.2121032273909,customer,-3.2701171726138445
562392,UK,649.8441220009687,customer,4.301461262751585
511840,UK,556.6584122956019,customer,3.0626805994963044
C531807,UK,-1101.0648820852862,customer,-3.9221590444911816
C548748,UK,-410.4673611253232,customer,-6.390727577660753
C562613,UK,-13.302498823240489,customer,-3.297797405573942
547510,UK,1707.4678181855395,customer,4.503275983514787
513305,UK,1668.48808573631,customer,4.97524594493569
498161,UK,4307.3627625538065,customer,3.740196634729327
549746,UK,3882.992584709631,customer,3.116996251876535
528769,UK,2237.425727714904,customer,6.405666265398931
504508,UK,2108.452885277887,customer,4.318590691892515
556302,UK,1413.1483262727763,customer,7.246930722201636
504375,UK,747.1229082673326,customer,3.53526490990429
C508458,UK,-758.4470867527577,customer,-3.154676328552996
518227,UK,836.8704336614613,customer,5.341804127034689
515766,UK,170.02640034381844,customer,-3.1145587016762493
526089,UK,5140.385704247926,customer,14.285495279820362
547075,UK,1346.2810988546212,customer,5.940716343370864
573266,UK,2060.6730382225137,customer,4.230224284427632
580116,UK,1739.1345871791198,customer,3.05912818592176
C560733,UK,-1350.7152651290344,customer,-5.411687333686197
536809,UK,2737.449603994843,customer,3.7054800126534717
537346,UK,1837.4366425857334,customer,4.784887892194813
C504417,UK,-61.94189195642238,customer,-3.816068344580269
506963,UK,1299.4290158197412,customer,3.670008530011049
499398,UK,463.82743589218836,customer,3.001889950759914
498114,UK,4119.476904815502,customer,4.7024686052816955
499789,UK,3471.201795496252,customer,3.791502784352352
546528,UK,3303.0445667819554,customer,3.560802338836494
552574,UK,3771.4835355995356,customer,4.208918477764115
555855,UK,3434.691552572158,customer,3.7412359903776156
575919,UK,5513.61971225672,customer,6.819381391682166
527045,UK,893.3821773802947,customer,3.8934623358943132
567374,UK,2756.7143510086025,customer,9.535139359208111
568333,UK,421.1639345380622,customer,3.0341839241868955
C489689,UK,-29.879458895278635,customer,-4.140867637149956
524112,UK,1770.896861292457,customer,3.8033441268952957
C549897,UK,-10.846652886642245,customer,-3.4012804695054806
C569985,UK,-1043.9391768823039,customer,-3.1060087457997
514509,UK,4692.057384933386,customer,3.5889723044320307
C536164,UK,-4018.5552804098534,customer,-3.1371568605971496
528876,UK,1845.9229546555339,customer,5.230256055134469
561208,UK,2738.8139628485087,customer,3.3305801711770626
536985,UK,912.2103295608811,customer,3.968003864281887
539225,UK,2034.886655888232,customer,3.0119013783641426
512593,UK,1023.760309436588,customer,4.141630646100144
534526,UK,1512.910245652812,customer,6.29682568297049
C539302,UK,-27.01430530258068,customer,-4.64741512490646
569134,UK,830.9627598250892,customer,3.1050544143743544
C525470,UK,-9611.621608715524,customer,-5.228007528394462
537196,UK,1122.649039150278,customer,3.994176471228101
513960,UK,1141.627270804767,customer,9.505917159763309
C567681,UK,-157.48794247863074,customer,-3.6048683838097952
524694,UK,749.5514670268575,customer,3.377120660881426
499010,UK,963.7148762867611,customer,4.395469049674564
537038,UK,1461.9105117027882,customer,3.2638171299655907
532421,UK,1313.8366453144508,customer,5.279347249902229
532449,UK,1823.2609540961473,customer,3.106805495422619
C520749,UK,-2549.386379605564,customer,-3.0934299310559097
567853,UK,2232.8005512009768,customer,3.839326877573939
532964,UK,1497.7795059656598,customer,4.300429488744577
492418,UK,4661.63218249664,customer,6.60700313691194
C562647,UK,-4305.848324226238,customer,-3.6513426403708933
C538341,UK,-1550.3482525973989,customer,-5.422142061975974
533280,UK,5354.317172502712,customer,4.460098249131146
536528,UK,856.6263498625412,customer,3.9308130262624466
566294,UK,613.4976021393145,customer,3.1785491005276016
500454,UK,1493.972944763932,customer,3.138380492635297
542399,UK,1285.3624760384473,customer,3.6096887906719477
C535401,UK,-286.10605161369546,customer,-3.3954770100803056
538156,UK,1692.7600297430236,customer,4.2117765422172475
533750,UK,1441.2677622468264,customer,7.779170740623635
536796,UK,1025.0428067590337,customer,5.553768117957517
525068,UK,908.1581837654938,customer,6.452306321089268
530830,UK,528.6481250298455,customer,3.352228191364049
515012,UK,2401.8036824045457,customer,3.5546037097807797
562946,UK,3410.897134164228,customer,6.310108973154025
C515014,UK,-2167.297682636487,customer,-3.8389744031178665
493882,UK,928.0641794404766,customer,4.458041800534082
527399,UK,865.2763849947813,customer,3.341806261609174
538146,UK,1097.8177080135615,customer,3.3279126961751464
536623,UK,2096.692111959287,customer,4.361470428981179
528086,UK,707.9930963442005,customer,3.0991320210210507
C569994,UK,-651.7815115731739,customer,-8.581987073990508
500014,UK,1977.9656045133,customer,3.3288285352475615
551414,UK,2097.2924298549,customer,3.673726916850636
513540,UK,1604.758883681586,customer,3.4453939470513455
572735,UK,1077.1476713805264,customer,3.2794153093264593
492216,UK,1281.419478951354,customer,3.106134625510077
536813,UK,517.9106208514962,customer,3.046648908802226
537461,UK,1391.646030739005,customer,5.811605184819836
C515467,UK,-20.260728976935518,customer,-3.552349646944244
C530831,UK,-11.597050256158376,customer,-3.250464203422565
549568,UK,2014.0938269583676,customer,8.875274690316374
574532,UK,3233.585057541834,customer,5.434125545646268
537828,UK,1306.755622863926,customer,3.2709480202332957
C577737,UK,-654.6193779887986,customer,-4.386930971589961
569407,UK,1924.1007169705777,customer,4.1170807472006645
574704,UK,981.806274686368,customer,3.2346601922536014
563909,UK,1169.2555375914976,customer,7.230085894462894
493757,UK,867.5275771033298,customer,3.867844049073755
539044,UK,2096.8149042561176,customer,3.517871014611541
511796,UK,423.83807789124705,customer,-4.3071695689792975
524726,UK,2120.4455996016072,customer,8.181222222222242
549587,UK,649.2710912824291,customer,4.969788392023669
507259,UK,1037.799562040808,customer,3.707042524791235
C528911,UK,-2.660499764648098,customer,-3.196398081512873
C550456,UK,-31378.070660145037,customer,-6.761554784744102
525524,UK,1169.0372401749103,customer,3.068355789215358
C565864,UK,-11.52883231347509,customer,-3.571331918777141
498716,UK,1937.867097804064,customer,8.619760198789747
564353,UK,2134.812298330707,customer,3.7281177290916006
546789,UK,13732.271862145182,customer,6.2103223084211185
559866,UK,832.2725443246085,customer,4.586690744593265
543394,UK,2039.9893580009416,customer,9.679124332194801
564335,UK,620.2102476993498,customer,3.6749552408119435
550775,UK,1436.0695550143596,customer,3.1514571070993416
572652,UK,1449.5357769000402,customer,3.199622157443873
537154,UK,2787.2487021536404,customer,3.2016420162663413
521482,UK,803.771087871532,customer,3.5815307979892808
533301,UK,1885.6121537086678,customer,4.79157979948987
510678,UK,1844.9406162808946,customer,6.588085589331447
518067,UK,1717.5367865255919,customer,3.312499999999999
490957,UK,5179.611021290821,customer,11.196148979872543
C541589,UK,-73.67537809794733,customer,-3.542314035932667
530715,UK,23224.443853222274,customer,6.99692834258381
569815,UK,14998.342303992797,customer,3.1109969455742585
532302,UK,513.3400186917163,customer,3.115264797507787
544943,UK,1267.7895340032337,customer,3.292531187734625
C505490,UK,-8017.436506149848,region,-3.965733630778792
491181,UK,807.9733131408224,customer,3.1620364175768656
538053,UK,4287.688707883947,customer,7.053945915447081
537623,UK,1047.636589375738,customer,3.17031653060185
570113,UK,2999.038127008166,customer,4.988334388041184
537377,UK,738.1727141872856,customer,5.220781507810533
537208,UK,812.9395793681658,customer,4.1307276945876845
537254,UK,1044.2529794186464,customer,4.421808863508568
C522915,UK,-383.26204558322934,customer,-4.0002078791746865
C490996,UK,-421.3413011890387,customer,-5.152405618089446
536162,UK,4018.555280409855,customer,7.112358718426944
536635,UK,1561.8634413223367,customer,3.2585892025765193
C579791,UK,-113.51465662498552,customer,-3.1734638894331244
C491023,UK,-955.5969411074501,customer,-4.038542053893929
520754,UK,1821.1189106958916,customer,4.22135037447746
550310,UK,1227.3499375805825,customer,3.310956082442203
580772,UK,57.289428265422366,customer,-3.6161137440758275
572913,UK,1178.6559700932523,customer,3.2139159754180966
537855,UK,718.3349364549862,customer,3.4216485979788156
581105,UK,11385.847505610927,region,5.061945510213641
509765,UK,1365.3139048632574,customer,5.173694111557658
C522607,UK,-44.27344480145168,customer,-3.3138360852920674
569220,UK,1025.6431246546472,customer,3.5340090088964713
C539329,UK,-2034.2590508155456,customer,-3.558753024005684
537773,UK,1043.106917981568,customer,6.456033887558626
493666,UK,799.3096344200452,customer,3.040845146302736
528141,UK,2422.2690652095316,customer,3.00371594432628
578150,UK,22.511921085483905,customer,-3.946575409916775
551697,UK,11109.633055686307,customer,3.521429646371841
570097,UK,10410.822094427276,customer,3.2564768489874902
570557,UK,10656.406688087101,customer,3.348996984323337
C551685,UK,-11109.633055686307,customer,-4.3138957275104035
C551699,UK,-9455.00685590324,customer,-3.6559203752176193
C570556,UK,-16122.137404580153,customer,-6.610610604204752
574700,UK,1628.1439944334168,customer,3.6386069474645253
547200,UK,257.49544645232584,customer,-3.7463015190135027
C505484,UK,-45.29671394170095,customer,-3.848859285185871
560887,UK,2817.1281610489195,customer,12.190016103059603
519214,UK,715.5380008049718,customer,3.0996103547662437
C518255,UK,-338.22455982372486,customer,-3.0792699533771137
525355,UK,1167.9730402690504,customer,3.790885075149218
538035,UK,1015.3285717209343,customer,3.14498153164854
496611,UK,2688.823854450198,customer,3.5036989659113007
C509863,UK,-13.575370593973627,customer,-3.7379858744505383
522610,UK,418.38064247658417,customer,3.278217462978692
566581,UK,2182.3602043809565,customer,3.399417351412939
536382,UK,1174.9858447768931,customer,4.027105245622089
572703,UK,878.0331402765554,customer,3.08276879158031
526900,UK,2299.2311837859606,customer,4.13996414062014
571039,UK,790.2639352202416,customer,3.559218694398284
505396,UK,4341.3489415986205,customer,5.571146281515878
550823,UK,3015.3012845438607,customer,8.271747294441818
512607,UK,1237.0232418530722,customer,4.5564294379541685
506831,UK,1164.2756277756177,customer,3.847984729504383
509942,UK,1904.617672540232,customer,4.297109696157255
566817,UK,1094.133939108665,customer,6.712025754934545
533877,UK,1214.006507991732,customer,3.3515969498179397
C508926,UK,-322.3297791785196,customer,-3.162968298064769
537053,UK,752.5803436819951,customer,4.292351050400926
551192,UK,565.008288480036,customer,3.4383230027290734
511886,UK,2771.6677240447784,customer,3.613356987248779
525878,UK,2766.5104475779217,customer,3.60240552668909
C578144,UK,-57.23485391127575,customer,-3.7375615291636195
C495040,UK,-6.821794268328456,customer,-4.051824671857797
531436,UK,701.8261943256315,customer,3.3236685289600993
508496,UK,925.9357796287582,customer,3.878699456618857
556574,UK,1823.0563002680967,customer,5.227278917085059
536477,UK,6752.866859041264,customer,4.0757338927647195
537256,UK,6177.271145856783,customer,3.48058919077282
524723,UK,1330.9320617508822,customer,4.426926782973155
536404,UK,1286.044655465281,customer,3.1071823862609866
574170,UK,749.7015465007607,customer,3.6618575857346127
520496,UK,921.5698312970277,customer,4.316333571477636
534164,UK,1056.5322091016394,customer,3.4108814748712213
550134,UK,1111.7205247324155,customer,5.26620819219549
538078,UK,1021.22260196877,customer,3.387938622987353
C547856,UK,-27.014305302580688,customer,-3.0797172858552777
565056,UK,772.7455675391741,customer,3.523838041001138
C540555,UK,-17.600229212287417,customer,-3.841004775795329
568697,UK,2813.389817789875,customer,4.81093554173845
527428,UK,1825.0073334288384,customer,3.393143870674039
563404,UK,4378.432215241256,customer,6.183218882967823
524868,UK,671.8785174876696,customer,3.7180002682631397
547519,UK,436.5948331730212,customer,-3.0000000000000036
C507201,UK,-17.395575384237564,customer,-5.01073434258259
C515620,UK,-1623.5051743309527,customer,-4.059926289426508
525761,UK,1268.0351185968932,customer,5.099590855044036
C519206,UK,-129.61409109824066,customer,-3.263133997232667
501485,UK,1330.249882324049,customer,5.353893698989751
568690,UK,639.9115895462827,customer,3.704470131889854
574294,UK,7813.683154943414,customer,6.2446101356481725
517093,UK,846.2299353976085,customer,3.7462865393457916
577842,UK,1074.5008152044152,customer,3.278901338708209
C556436,UK,-3.4791150768475125,customer,-3.322428035376123
C549549,UK,-341.0897134164228,customer,-3.8081238184644293
566203,UK,460.81220282558706,customer,3.0275836913056335
577785,UK,957.7389845077055,customer,4.059843272393347
C575157,UK,-34.79115076847513,customer,-3.391178032330824
506388,UK,1146.9755575111362,customer,3.0830643067399204
533423,UK,1071.5538000804972,customer,6.428615384615382
548404,UK,1596.2316408461759,customer,3.755814153142702
531271,UK,1067.3652183997438,customer,3.604794784166123
533547,UK,1376.4470731091697,customer,3.7321770569444177
537214,UK,4552.046879370212,customer,6.619262929335638
548807,UK,3135.2966457237585,customer,3.9323117488771797
562143,UK,3210.3363826753716,customer,4.060175794320609
C540347,UK,-69.58230153695025,customer,-3.097987950437646
536542,UK,2148.592322752731,customer,3.5412485202433324
C520393,UK,-924.3531233585059,customer,-3.4615341184880952
C528410,UK,-27.150741187947254,customer,-4.70569923371648
C516013,UK,-170.5448567082114,customer,-4.071202632214581
493722,UK,2238.33984814686,customer,7.523066342203815
522273,UK,684.1986779362705,customer,3.292795027167209
546014,UK,11.597050256158376,customer,-3.2963629996498094
572186,UK,1930.5541343484165,customer,7.363349084592962
525966,UK,1354.3581032683219,customer,6.9948741888283035
512708,UK,961.3136047043095,customer,4.8592459389476
500655,UK,2307.3491189652705,customer,4.36541002426974
C552552,UK,-722.7008847867168,customer,-3.1159432708773935
496059,UK,27.287177073313824,customer,-4.572823078043799
531382,UK,1779.5059656590886,customer,3.421456140312718
537762,UK,1553.731862554489,customer,3.497611611814291
572224,UK,1714.5761278131376,customer,4.148490733371989
C518598,UK,-99.05245277612917,customer,-3.131744510407229
516768,UK,827.1425550348255,customer,4.1615175034717975
580660,UK,1252.6997250816912,customer,3.433479701103746
574297,UK,720.4906234437781,customer,4.392589201377312
C511673,UK,-144.89491025929644,customer,-3.563691627521415
C539438,UK,-402.48586183137894,customer,-3.96502043862124
C550814,UK,-11.597050256158376,customer,-3.0653653407803567
575086,UK,1645.8260851769226,customer,3.398927341640199
498696,UK,1357.8235747566325,customer,4.920091622208081
489598,UK,1122.0077904890545,customer,7.200958529502174
C513429,UK,-17.395575384237564,customer,-3.183574421310607
546983,UK,1085.6885578044737,customer,3.943830877742979
507047,UK,321.49752027778356,customer,-5.878873269595598
520406,UK,5248.66122287484,customer,4.166087691012959
503814,UK,2319.628348648262,customer,3.3524753308773536
508594,UK,2447.114039934784,customer,3.656683887640189
C578259,UK,-623.784867895954,customer,-5.821108107779891
C507603,UK,-197.08163641200903,customer,-3.3156425440658728
C502270,UK,-1561.8225105567267,customer,-4.301593369836314
530329,UK,1448.034982161008,customer,3.12133575205178
546927,UK,1603.7219709528001,customer,4.338761384081909
528752,UK,842.3415126646612,customer,3.40859630032644
527870,UK,19897.50936291264,customer,4.126369168956993
535104,UK,20561.188083689773,customer,4.333776374021989
569570,UK,18773.605113616984,customer,3.7892067088566486
564727,UK,1140.5357837218342,customer,3.5576289595373667
C568138,UK,-162.8225855964636,customer,-3.9903451605117066
547941,UK,1729.3248470212636,customer,4.1653409304359075
559660,UK,1474.394395213829,customer,4.136629536752908
523332,UK,8967.153060597995,customer,6.3415778924056125
530391,UK,6633.731043939179,customer,3.9004400416087575
537382,UK,1024.5516375717145,customer,4.1823648442920165
497913,UK,2162.7543676537803,customer,4.706967602422416
542231,UK,1550.7029858993503,customer,6.172054003177624
576688,UK,2722.6599540211073,customer,5.77432237211383
537153,UK,1702.0376699479505,customer,7.990329983657024
537334,UK,1175.3405780788462,customer,5.466416773298688
C535800,UK,-275.6687063831529,customer,-3.2689129242998307
537376,UK,1311.640027560049,customer,3.698290945995954
530087,UK,3153.046954409949,customer,5.416629410673642
490099,UK,1672.6766674170638,customer,3.3411746972482024
C572410,UK,-634.2904310691798,customer,-6.442387226354266
C562559,UK,-63.10159698203822,customer,-3.0965776553399964
C513771,UK,-10233.127997325857,customer,-3.890934458418057
C555860,UK,-23.125882569633465,customer,-3.8555984555984493
542373,UK,2545.920908117254,customer,5.874774337948815
537634,UK,632.7896363301475,customer,3.5879693515921995
528405,UK,1104.8441561099403,customer,8.113469038112502
492358,UK,2388.214668222036,customer,3.062828160454561
493696,UK,2803.470928923726,customer,4.001803176642025
C538105,UK,-45.29671394170094,customer,-3.220112630732101
537955,UK,1014.264371815075,customer,3.0694633333834265
573993,UK,906.2207941932886,customer,5.286422551023573
C548460,UK,-1025.861422071233,customer,-4.7343488398050235
504140,UK,1168.2049812741748,customer,3.553342296993351
C493092,UK,-32.471740717243456,customer,-4.09451017112762
523946,UK,1350.210452353178,customer,5.013464862166001
570597,UK,1006.4875263491804,customer,3.0167622105628147
C569989,UK,-1563.323305295759,customer,-6.2337004817442505
C564276,UK,-129.8869628689738,customer,-3.3237846506865094
557057,UK,2497.759040582854,customer,3.220250314043399
525012,UK,1025.9296400139167,customer,5.430110765169316
C514003,UK,-23.125882569633465,customer,-5.811748770040978
530925,UK,533.791757908165,customer,3.087025321270028
553067,UK,1515.1341505842865,customer,3.9376778547097695
569331,UK,1306.141661379776,customer,3.6413450780480745
557290,UK,9.482294032976554,customer,-3.056766535302484
569423,UK,667.7445101610625,customer,3.8955589586523742
549546,UK,962.6370327923651,customer,4.107992835549873
C534798,UK,-44.068790973401825,customer,-4.783540072862558
537614,UK,880.8300759265708,customer,3.570672575024973
572307,UK,1645.1575493386265,customer,6.488831436439931
522720,UK,1158.0541514029023,customer,3.857539491558873
501548,UK,2000.57303071854,customer,6.367643019452145
550513,UK,517.8560464973497,customer,3.3332832483883315
571274,UK,1105.1033842921365,customer,3.966208222803402
523213,UK,917.6541213870072,customer,3.7997964414016483
499692,UK,899.5763665759368,customer,6.043651845617811
499883,UK,693.544536083881,customer,3.6030753993629956
543470,UK,1437.7477164043698,customer,9.914420705596607
497795,UK,1276.807946025964,customer,5.449077830593809
533299,UK,543.4787057691914,customer,3.131786076761111
526733,UK,784.0151716704529,customer,3.6224953283680605
C512758,UK,-6304.511252549645,region,-3.168768561740334
532725,UK,962.7052507350484,customer,3.6764665442263706
562031,UK,4401.599028576492,customer,5.00850133650519
575582,UK,2442.202348061587,customer,9.560947082827443
528276,UK,2059.90899726446,customer,4.8320909943575385
C521201,UK,-358.5535067433436,customer,-4.843160262051434
C506493,UK,-13.575370593973627,customer,-4.615841104517383
C499774,UK,-184.18844524486832,customer,-3.1795156746913915
569000,UK,1426.4098943304068,customer,5.136074944426816
C504637,UK,-7972.9038331662,customer,-16.743909984831337
500502,UK,1157.9313591060723,customer,7.533009922870892
518864,UK,18.99187524302642,customer,-3.6283758149697976
C509473,UK,-409.4850227506839,customer,-3.5464713907613814
537135,UK,1971.116523067898,customer,4.2762924780913885
550914,UK,2321.456589512174,customer,5.982754588042408
542667,UK,619.0096119081243,customer,3.1530124360879324
492008,UK,83.49876184434031,customer,-3.6466735133786976
566434,UK,962.8826173860248,customer,4.012303570564131
524307,UK,1690.1813915095952,customer,3.0240733277876193
577016,UK,1064.472777629972,customer,3.485970537078946
550941,UK,546.6167311326225,customer,3.682137001293614
504857,UK,1280.6281508162276,customer,3.968672652109685
496058,UK,1155.3527208726439,customer,3.8826061384959414
C520205,UK,-2251.5195546732707,customer,-3.4045708270275
536847,UK,588.2569633464996,customer,3.4167341581051756
496900,UK,2358.403427269441,customer,6.4213094600548395
544824,UK,3601.061471188154,customer,3.9618697772001856
496502,UK,1396.5577226122016,customer,3.056299136395996
554982,UK,1576.6530912960727,customer,4.718578739143423
C502297,UK,-24.149151709882734,customer,-4.046206632590689
C569969,UK,-5.662089242712619,customer,-3.180167086521761
578682,UK,1314.1231606737208,customer,3.753197635454837
C561212,UK,-17.395575384237564,customer,-4.089382017824238
C555599,UK,-266.0499764648098,customer,-5.289098088709737
537400,UK,1153.7291338367822,customer,3.943928147644898
572661,UK,1037.922354337638,customer,3.529024020035206
513627,UK,750.2336464536901,customer,3.450416288846753
524098,UK,2989.22838685031,customer,6.269554441112369
537421,UK,798.2590781027222,customer,4.468723580555505
538945,UK,2402.990674607235,customer,3.001261720097968
571505,UK,1302.8262693653683,customer,7.977170686133565
537374,UK,1041.387825825949,customer,6.809316576898898
564225,UK,616.9084992734789,customer,3.2691566917688997
533447,UK,790.714173641951,customer,4.75540538701255
578942,UK,758.5698790495877,customer,3.481074228116371
532107,UK,988.5871381890867,customer,6.122100604699178
505089,UK,1468.7323059711166,customer,3.0508609369170543
C498408,UK,-103.55483699322598,customer,-4.006423180470954
C518544,UK,-512.0711649578074,customer,-3.247683337045796
536016,UK,1707.67247201359,customer,6.959216155667596
566259,UK,2766.837893702802,customer,7.9701510256230135
540866,UK,784.7519254514322,customer,3.7306942769500715
543040,UK,1400.8145222356395,customer,3.70960786531653
537852,UK,7289.1417500631005,customer,5.601671147280885
575516,UK,5312.526860814931,customer,3.0888687624054105
537781,UK,1401.4694144853984,customer,4.090254986061236
572651,UK,1002.599103616233,customer,4.657490117567798
530395,UK,1002.4217369652564,customer,6.679179443798242
C509475,UK,-489.0817182735404,customer,-3.3014002069858464
C542138,UK,-768.3386884418342,customer,-4.537049489295292
533577,UK,1963.10773659688,customer,8.02120301403403
511634,UK,11107.436437931907,customer,7.658999739846242
537235,UK,7006.364734052352,customer,3.126072677239355
524909,UK,7267.5030186439635,customer,3.5256673731737447
531204,UK,7259.971757771729,customer,3.520773893825026
574295,UK,10133.52980100826,customer,5.665563279664369
C512770,UK,-34260.537966696,region,-16.17574403451876
537688,UK,1915.832702317364,customer,3.9240047550753174
540647,UK,1703.156444207955,customer,3.075299166262024
515597,UK,369.31829809876604,customer,3.7140208344308396
526938,UK,2433.57960010642,customer,3.867042283534312
570836,UK,612.8017791239454,customer,3.16488366197973
525022,UK,894.8147541766436,customer,3.448687303080988
557217,UK,2711.240270415924,customer,3.814294494167334
566929,UK,5580.609731971704,customer,6.723506885857091
525694,UK,721.7458335891506,customer,3.5197824866840532
C560372,UK,-5849.865951742628,customer,-24.750305390086442
524181,UK,45252.78158661291,customer,5.338651952202056
567423,UK,43247.665240911665,customer,4.959324249957009
545218,UK,632.257536377218,customer,3.2319690707905617
499752,UK,998.3286604042596,customer,3.4209094202199064
C572546,UK,-8.52724283541057,customer,-3.127875999834877
C533994,UK,-65.01169937717019,customer,-3.87399792182926
523655,UK,3095.2390697801334,customer,6.009755524243246
C501915,UK,-44.27344480145168,customer,-3.252814336939765
491422,UK,1180.0203289469202,customer,3.344158166763134
537420,UK,914.9390472682126,customer,3.4737326894983047
501897,UK,1035.1936366303066,customer,4.606202930207333
C536391,UK,-386.058981233244,customer,-3.0819329710380607
C505722,UK,-465.3828049853672,customer,-3.452289022840392
560106,UK,1053.8717093369899,customer,4.4823730721447355
531785,UK,681.4290294633295,customer,3.8000370372627774
520707,UK,2678.9595399381947,customer,4.1388142663426155
537646,UK,1109.4966198009402,customer,4.0964657601229355
548234,UK,429.7730389046927,customer,-3.43727062781802
552563,UK,2789.2543096685295,customer,8.353681030033206
525097,UK,1748.8624658057563,customer,4.008554607117055
C505451,UK,-6.876368622475084,customer,-3.319138407800903
522987,UK,2280.0892290690285,customer,5.682083688184324
569417,UK,810.1426437181508,customer,3.3439404446598004
540288,UK,1071.908533382451,customer,5.679079160827594
C507618,UK,-11.938139969574799,customer,-4.667467664989003
569900,UK,1249.0568869424044,customer,3.7423326302921454
573913,UK,777.4389619957842,customer,3.5695532697499095
537866,UK,1844.8860419267473,customer,7.239401737722613
568526,UK,838.5895258170805,customer,4.306942758220383
500574,UK,945.8554188922773,customer,3.1039395075983593
503591,UK,2054.5743541466277,customer,6.470801280815146
572082,UK,2729.1679457530927,customer,3.057629093435991
529597,UK,3177.0187394688564,customer,5.424954062106424
496237,UK,3610.639270340886,customer,4.1405821591965655
566790,UK,2241.9144683434647,customer,6.086013381047499
C491593,UK,-275.05474489900337,customer,-3.1447065097794957
566345,UK,1755.1248729440822,customer,3.7680188585576624
560829,UK,386.2772786498306,customer,-4.429961802103526
575410,UK,564.29882187613,customer,3.1110365988727424
522792,UK,4755.213556269569,customer,5.060823387169329
558540,UK,3632.1552094631925,customer,3.258810259014644
511778,UK,3000.7572191637855,customer,3.3403864699795216
C502250,UK,-71.21953216134908,customer,-3.38721335992024
537775,UK,2483.5151341505853,customer,3.358537272525267
569555,UK,2651.1266193234164,customer,4.068888270599746
C558110,UK,-493.77511273015034,customer,-7.147773044435448
C516575,UK,-9.755165803709692,customer,-3.0418175345320115
C555197,UK,-7.231101924428165,customer,-3.020945193021112
580875,UK,996.5004195403476,customer,3.6544393156185375
503922,UK,551.9923050160654,customer,3.4670289366897316
578072,UK,911.1734168320951,customer,5.016899665718497
536563,UK,470.8129532229567,customer,3.1611981086120187
536973,UK,2009.1002735539498,customer,6.684782965769462
571242,UK,2504.417111788742,customer,3.2242978341242736
544450,UK,1734.8505003786092,customer,10.42246668591028
537422,UK,593.6325372299423,customer,3.709086336648264
569897,UK,1424.5134355238117,customer,6.923706733980024
538198,UK,1254.9372736017028,customer,4.518904360375318
573305,UK,681.9474858277224,customer,4.708894352406252
536798,UK,1956.927190989775,customer,3.5542493311204377
509743,UK,1370.7713402779207,customer,3.2975073268059654
536557,UK,1466.3583215657393,customer,3.61288845983568
580956,UK,1328.89916705892,customer,3.160397351177704
536790,UK,1451.7051074773688,customer,3.0946874855023343
C510226,UK,-561.7747579968484,customer,-3.3185972013627496
549027,UK,7400.282422282709,customer,3.988353776904593
521361,UK,1692.8964656283897,customer,3.1499177816813
539012,UK,1781.3069193459266,customer,3.4791710098266457
559133,UK,960.5222765691835,customer,3.014554093044078
570652,UK,1408.9733881805591,customer,4.808520742845612
518865,UK,894.7465362339602,customer,3.648313870558153
554057,UK,789.3498147882857,customer,3.5577182542275225
C568096,UK,-766.2239322186522,customer,-4.474206598247963
537440,UK,584.8187790352617,customer,4.155315074578444
534505,UK,1210.7320467429342,customer,4.144186317108914
C520180,UK,-261.3020076540532,customer,-3.029127220155055
531763,UK,1368.2882071642482,customer,4.568064100729717
504831,UK,778.2302901309102,customer,3.8539210503283727
569247,UK,2148.210302273704,customer,7.719353615499699
529617,UK,779.7310848699425,customer,3.463754645765899
C505359,UK,-13.507152651290344,customer,-3.1228211344407732
C535357,UK,-30.56163832211148,customer,-3.352593340454569
570720,UK,871.0749101228606,customer,3.103547115729128
538515,UK,1901.3159241143605,customer,5.236211414592011
502269,UK,13643.588536656913,customer,4.985258201986783
496115,UK,12259.582915498435,customer,4.6140427650683336
558526,UK,18221.55823424677,customer,7.915194225222162
561633,UK,14058.2854102286,customer,5.497667309813151
C496116,UK,-12259.582915498435,customer,-5.578317584017834
493759,UK,1029.8317063354002,customer,3.2754314790125254
573932,UK,687.6368622475084,customer,3.1014300719886516
536464,UK,756.8098561283591,customer,5.49287655533255
531922,UK,1042.2610154922952,customer,4.889268067360395
551016,UK,1044.8942280798697,customer,3.3173281931852125
530846,UK,1742.954791969384,customer,6.7181250722459875
C515250,UK,-6.876368622475084,customer,-3.0815123410403227
502880,UK,783.4012101863035,customer,3.8929299987114123
511465,UK,13916.46030739005,customer,15.390988839708237
505966,UK,728.5676278574791,customer,3.0985789321575012
559539,UK,460.5802618204641,customer,3.781481481481483
506976,UK,827.9065959928781,customer,3.1716682592548637
509472,UK,14840.376835915384,region,6.669218916005842
C505493,UK,-20.260728976935518,customer,-3.3833236826867417
537796,UK,1105.567266302383,customer,5.997199061008466
537896,UK,706.6014503134616,customer,4.107835550381178
550272,UK,2200.478889957637,customer,5.213029761726645
C536071,UK,-840.7861435714822,customer,-3.376297212657174
517817,UK,7827.763338313243,customer,7.40855382222976
537887,UK,4054.1104721363818,customer,5.543938502787755
522981,UK,1639.0315780856681,customer,3.055507776144613
515944,UK,31193.82764054602,customer,3.6413389205271645
517731,UK,29994.065038986555,customer,3.458838240633602
526934,UK,35482.989855991924,customer,4.312978856483431
537659,UK,43347.017852635596,customer,5.644091384552824
572209,UK,30296.952704500338,customer,3.504710697858398
489810,UK,672.9700045706023,customer,3.2643016815366623
537126,UK,1298.4876082107116,customer,7.182634232221412
542393,UK,759.2111277108103,customer,4.748657171866245
522457,UK,931.556938105861,customer,4.154426550927578
559023,UK,1005.587049505761,customer,4.800098812624809
492406,UK,815.2044150652505,customer,4.104008013467835
566561,UK,1472.7844517665042,customer,3.1596115681713473
C579496,UK,-8.049717236627579,customer,-3.1834969513383338
536836,UK,718.4713723403529,customer,3.182266832081577
498035,UK,1477.6142821084807,customer,3.0645536461673575
544792,UK,1813.7240857090228,customer,4.225804992187475
546216,UK,1164.452994426594,customer,4.977646289359329
524691,UK,1682.8547844654106,customer,3.5526999469216283
523656,UK,933.4261097353827,customer,3.913324073890387
C567953,UK,-324.1716636309682,customer,-3.8595446576634207
554421,UK,223.78213917824664,customer,-3.460403043860666
C564491,UK,-19.646767492785955,customer,-6.015175421940366
571913,UK,1716.8682506872958,customer,9.334065381436618
C511526,UK,-408.4208228448246,customer,-3.1880516154496235
573420,UK,1895.1626656843287,customer,3.501315546256299
515192,UK,2585.978484060878,customer,4.451470828774158
C519683,UK,-402.48586183137894,customer,-4.8633540372670785
536586,UK,939.2246348634618,customer,3.054458256351865
535565,UK,1627.4891021836565,customer,4.684073098157791
555108,UK,915.5120779867518,customer,3.824599074498739
536833,UK,1195.451227581879,customer,3.8517614731064618
580311,UK,1220.077904890545,customer,3.4767041296434056
510173,UK,1370.32110185621,customer,3.6122691269769414
508472,UK,1075.9743227663741,customer,4.20344567289101
519887,UK,1408.4140010505564,customer,3.090511778785952
C576868,UK,-2.837866415624638,customer,-5.073233262937768
C513486,UK,-147.35075619589466,customer,-4.081801743448568
